pitcher,game_date,IP,ER,R,H,BB,SO,Pit,rest_days,opp_ops,is_home,avg_ip_last3,avg_er_last3,opp_team,Team,season_era,season_whip,hand
Aaron Brooks,2024/5/15 00:00,7,3,3,7,1,5,84,5,0.741,0,7,3,HOU,,5.06,1.54,R
Aaron Brooks,2024/5/21 00:00,6,3,3,6,1,3,85,6,0.704,1,6.5,3,COL,,5.06,1.54,R
Aaron Brooks,2024/5/26 00:00,4.1,1,5,9,3,1,90,5,0.741,1,5.7,2.33,HOU,,5.06,1.54,R
Aaron Brooks,2024/6/1 00:00,4.1,7,7,7,1,1,79,6,0.724,0,4.73,3.67,ATL,,5.06,1.54,R
Aaron Brooks,2024/6/24 00:00,5,1,1,4,2,2,65,23,0.671,0,4.4,3,LAA,,5.06,1.54,R
Aaron Civale,2024/3/29 00:00,6,1,1,4,1,6,86,5,0.703,1,6,1,TOR,,4.36,1.3,R
Aaron Civale,2024/4/3 00:00,6,1,1,4,2,8,87,5,0.686,1,6,1,TEX,,4.36,1.3,R
Aaron Civale,2024/4/9 00:00,5,2,3,4,1,4,78,6,0.671,0,5.67,1.33,LAA,,4.36,1.3,R
Aaron Civale,2024/4/16 00:00,6,3,3,5,0,8,101,7,0.671,1,5.67,2,LAA,,4.36,1.3,R
Aaron Civale,2024/4/21 00:00,4.2,5,5,8,5,5,104,5,0.761,0,5.07,3.33,NYY,,4.36,1.3,R
Aaron Civale,2024/4/27 00:00,4.1,6,6,8,0,3,73,6,0.618,0,4.77,4.67,CWS,,4.36,1.3,R
Aaron Civale,2024/5/3 00:00,4.2,7,7,6,1,5,77,6,0.734,1,4.17,6,NYM,,4.36,1.3,R
Aaron Civale,2024/5/8 00:00,4.2,2,2,5,2,4,82,5,0.618,1,4.17,5,CWS,,4.36,1.3,R
Aaron Civale,2024/5/14 00:00,5,3,3,5,0,6,76,6,0.741,0,4.47,4,BOS,,4.36,1.3,R
Aaron Civale,2024/5/19 00:00,5.1,4,5,6,4,3,96,5,0.703,0,4.77,3,TOR,,4.36,1.3,R
Aaron Civale,2024/5/25 00:00,5,2,2,4,1,5,71,6,0.71,1,5.03,3,KC,,4.36,1.3,R
Aaron Civale,2024/5/31 00:00,5.1,1,1,6,1,3,92,6,0.751,0,5.07,2.33,BAL,,4.36,1.3,R
Aaron Civale,2024/6/7 00:00,5,4,4,7,1,8,105,7,0.751,1,5.03,2.33,BAL,,4.36,1.3,R
Aaron Civale,2024/6/12 00:00,5.2,1,1,5,1,6,85,5,0.71,1,5.1,2,CHC,,4.36,1.3,R
Aaron Civale,2024/6/18 00:00,3.2,4,4,7,2,5,84,6,0.726,0,4.47,3,MIN,,4.36,1.3,R
Aaron Civale,2024/6/23 00:00,5,1,1,3,1,3,61,5,0.672,0,4.47,2,PIT,,4.36,1.3,R
Aaron Civale,2024/6/29 00:00,5.2,2,2,6,4,2,102,6,0.684,1,4.47,2.33,WSH,,4.36,1.3,R
Aaron Civale,2024/7/5 00:00,5,4,4,5,3,8,102,6,0.781,0,5.07,2.33,LAD,,4.36,1.3,R
Aaron Civale,2024/7/11 00:00,6.1,1,1,6,2,6,100,6,0.672,1,5.43,2.33,PIT,,4.36,1.3,R
Aaron Civale,2024/7/21 00:00,4.1,3,5,3,4,4,87,10,0.726,0,5.07,2.67,MIN,,4.36,1.3,R
Aaron Civale,2024/7/27 00:00,5.1,2,2,7,0,3,87,6,0.678,1,5.1,2,MIA,,4.36,1.3,R
Aaron Civale,2024/8/3 00:00,4,5,5,7,1,3,80,7,0.684,0,4.4,3.33,WSH,,4.36,1.3,R
Aaron Civale,2024/8/9 00:00,6.1,2,2,5,2,5,93,6,0.693,1,5.07,3,CIN,,4.36,1.3,R
Aaron Civale,2024/8/16 00:00,6,0,0,4,1,4,92,7,0.703,1,5.37,2.33,CLE,,4.36,1.3,R
Aaron Civale,2024/8/23 00:00,4,3,3,4,4,3,82,7,0.694,0,5.37,1.67,OAK,,4.36,1.3,R
Aaron Civale,2024/8/29 00:00,7,0,0,2,2,7,92,6,0.701,1,5.67,1,SF,,4.36,1.3,R
Aaron Civale,2024/9/3 00:00,5,3,3,6,0,7,89,5,0.703,1,5.33,2,STL,,4.36,1.3,R
Aaron Civale,2024/9/10 00:00,5.1,2,2,3,1,2,68,7,0.701,0,5.7,1.67,SF,,4.36,1.3,R
Aaron Civale,2024/9/16 00:00,5,1,1,7,1,6,90,6,0.75,1,5.03,2,PHI,,4.36,1.3,R
Aaron Civale,2024/9/21 00:00,4.1,3,3,3,3,2,91,5,0.777,1,4.73,2,AZ,,4.36,1.3,R
Aaron Civale,2024/9/26 00:00,6,0,0,3,1,5,86,5,0.672,0,5.03,1.33,PIT,,4.36,1.3,R
Aaron Civale,2024/10/1 00:00,3,0,0,0,1,2,35,5,0.734,1,4.37,1,NYM,,4.36,1.3,R
Aaron Nola,2024/3/30 00:00,4.1,6,7,11,1,3,83,5,0.724,1,4.1,6,ATL,,3.57,1.2,R
Aaron Nola,2024/4/5 00:00,5.2,0,0,2,4,4,95,6,0.684,0,4.65,3,WSH,,3.57,1.2,R
Aaron Nola,2024/4/10 00:00,6,2,2,3,3,3,93,5,0.703,0,5.1,2.67,STL,,3.57,1.2,R
Aaron Nola,2024/4/15 00:00,7.1,1,1,4,1,9,99,5,0.704,1,6.1,1,COL,,3.57,1.2,R
Aaron Nola,2024/4/21 00:00,8,2,2,4,1,7,91,6,0.618,1,7.03,1.67,CWS,,3.57,1.2,R
Aaron Nola,2024/4/26 00:00,8,3,3,7,1,10,106,5,0.745,0,7.7,2,SD,,3.57,1.2,R
Aaron Nola,2024/5/3 00:00,4,2,2,4,4,4,89,7,0.701,1,6.67,2.33,SF,,3.57,1.2,R
Aaron Nola,2024/5/8 00:00,5.2,4,4,9,0,7,96,5,0.703,1,5.73,3,TOR,,3.57,1.2,R
Aaron Nola,2024/5/14 00:00,9,0,0,4,0,8,109,6,0.734,0,6.07,2,NYM,,3.57,1.2,R
Aaron Nola,2024/5/19 00:00,7,2,3,2,3,5,101,5,0.684,1,7.07,2,WSH,,3.57,1.2,R
Aaron Nola,2024/5/25 00:00,6,2,3,5,2,5,103,6,0.704,0,7.33,1.33,COL,,3.57,1.2,R
Aaron Nola,2024/5/31 00:00,6.1,2,2,3,2,6,96,6,0.703,1,6.37,2,STL,,3.57,1.2,R
Aaron Nola,2024/6/5 00:00,7,0,0,2,0,5,94,5,0.729,1,6.37,1.33,MIL,,3.57,1.2,R
Aaron Nola,2024/6/13 00:00,3.2,8,8,11,2,2,90,8,0.741,0,5.43,3.33,BOS,,3.57,1.2,R
Aaron Nola,2024/6/18 00:00,6,3,3,4,1,6,95,5,0.745,1,5.4,3.67,SD,,3.57,1.2,R
Aaron Nola,2024/6/24 00:00,7,1,1,6,0,6,90,6,0.685,0,5.4,4,DET,,3.57,1.2,R
Aaron Nola,2024/6/29 00:00,6.2,3,3,6,0,9,100,5,0.678,1,6.4,2.33,MIA,,3.57,1.2,R
Aaron Nola,2024/7/5 00:00,6,3,3,5,0,8,103,6,0.724,0,6.4,2.33,ATL,,3.57,1.2,R
Aaron Nola,2024/7/11 00:00,6,1,1,4,2,9,101,6,0.781,1,6.07,2.33,LAD,,3.57,1.2,R
Aaron Nola,2024/7/19 00:00,5,4,4,6,1,4,80,8,0.672,0,5.67,2.67,PIT,,3.57,1.2,R
Aaron Nola,2024/7/24 00:00,6,1,1,6,3,6,98,5,0.726,0,5.67,2,MIN,,3.57,1.2,R
Aaron Nola,2024/7/30 00:00,5.2,2,2,7,3,4,95,6,0.761,1,5.4,2.33,NYY,,3.57,1.2,R
Aaron Nola,2024/8/5 00:00,6,4,4,8,0,4,96,6,0.781,0,5.73,2.33,LAD,,3.57,1.2,R
Aaron Nola,2024/8/10 00:00,5,3,4,9,3,4,88,5,0.777,0,5.4,3,AZ,,3.57,1.2,R
Aaron Nola,2024/8/16 00:00,6.2,0,0,7,2,4,112,6,0.684,1,5.73,2.33,WSH,,3.57,1.2,R
Aaron Nola,2024/8/21 00:00,5.1,2,2,8,2,5,100,5,0.724,0,5.43,1.67,ATL,,3.57,1.2,R
Aaron Nola,2024/8/27 00:00,7,0,0,4,1,6,102,6,0.741,1,6.1,0.67,HOU,,3.57,1.2,R
Aaron Nola,2024/9/1 00:00,6,2,2,4,1,9,100,5,0.724,1,6.03,1.33,ATL,,3.57,1.2,R
Aaron Nola,2024/9/7 00:00,4.2,4,5,9,2,5,101,6,0.678,0,5.73,2,MIA,,3.57,1.2,R
Aaron Nola,2024/9/13 00:00,4.1,6,6,6,2,7,90,6,0.734,1,4.77,4,NYM,,3.57,1.2,R
Aaron Nola,2024/9/18 00:00,7,1,1,3,1,9,97,5,0.729,0,5.1,3.67,MIL,,3.57,1.2,R
Aaron Nola,2024/9/23 00:00,6,2,2,7,2,7,102,5,0.71,1,5.7,3,CHC,,3.57,1.2,R
Aaron Nola,2024/9/29 00:00,5,3,3,9,0,7,96,6,0.684,0,6,2,WSH,,3.57,1.2,R
Aaron Nola,2024/10/8 00:00,5,4,4,5,2,8,86,9,0.734,0,5.33,3,NYM,,3.57,1.2,R
Adam Mazur,2024/6/4 00:00,6,1,1,2,4,2,78,5,0.671,0,6,1,LAA,,7.49,1.81,R
Adam Mazur,2024/6/9 00:00,3,8,8,8,3,2,82,5,0.777,1,4.5,4.5,AZ,,7.49,1.81,R
Adam Mazur,2024/6/15 00:00,3.2,2,2,3,6,4,84,6,0.734,0,4.07,3.67,NYM,,7.49,1.81,R
Adam Mazur,2024/6/20 00:00,4.2,3,3,5,3,3,87,5,0.729,1,3.47,4.33,MIL,,7.49,1.81,R
Adam Mazur,2024/6/25 00:00,5,4,4,6,1,0,55,5,0.684,1,4.13,3,WSH,,7.49,1.81,R
Adam Mazur,2024/7/3 00:00,4,4,4,7,0,4,74,8,0.686,0,4.4,3.67,TEX,,7.49,1.81,R
Adam Mazur,2024/7/9 00:00,4.2,5,5,7,2,6,86,6,0.687,1,4.4,4.33,SEA,,7.49,1.81,R
Adam Mazur,2024/7/26 00:00,2.2,1,1,2,2,1,39,17,0.751,0,3.47,3.33,BAL,,7.49,1.81,R
Adam Oller,2024/8/19 00:00,4.2,5,5,3,4,2,90,5,0.777,1,4.2,5,AZ,,5.31,1.54,R
Adam Oller,2024/8/25 00:00,5.2,1,1,4,2,6,95,6,0.71,1,4.7,3,CHC,,5.31,1.54,R
Adam Oller,2024/8/30 00:00,6,0,0,2,2,8,90,5,0.701,0,5.13,2,SF,,5.31,1.54,R
Adam Oller,2024/9/5 00:00,5.1,4,4,5,5,6,90,6,0.75,1,5.43,1.67,PHI,,5.31,1.54,R
Adam Oller,2024/9/10 00:00,5,6,6,7,3,2,83,5,0.672,0,5.37,3.33,PIT,,5.31,1.54,R
Adam Oller,2024/9/15 00:00,5,3,3,6,2,2,76,5,0.684,0,5.03,4.33,WSH,,5.31,1.54,R
Adam Oller,2024/9/21 00:00,5.2,2,2,8,2,7,92,6,0.724,1,5.07,3.67,ATL,,5.31,1.54,R
Adam Oller,2024/9/27 00:00,5,4,4,8,2,3,95,6,0.703,0,5.07,3,TOR,,5.31,1.54,R
Adrian Houser,2024/4/4 00:00,5,1,1,3,3,3,67,5,0.685,1,5,1,DET,,5.84,1.53,R
Adrian Houser,2024/4/9 00:00,5,5,5,8,2,1,95,5,0.724,0,5,3,ATL,,5.84,1.53,R
Adrian Houser,2024/4/15 00:00,5.1,2,2,2,5,5,95,6,0.672,1,5.03,2.67,PIT,,5.84,1.53,R
Adrian Houser,2024/4/21 00:00,4,8,8,7,4,3,81,6,0.781,0,4.7,5,LAD,,5.84,1.53,R
Adrian Houser,2024/4/27 00:00,4.1,6,6,9,2,2,89,6,0.703,1,4.4,5.33,STL,,5.84,1.53,R
Adrian Houser,2024/5/2 00:00,5,4,4,4,4,2,82,5,0.71,1,4.37,6,CHC,,5.84,1.53,R
Adrian Houser,2024/5/10 00:00,2,0,0,1,2,0,32,8,0.724,1,3.7,3.33,ATL,,5.84,1.53,R
Adrian Houser,2024/5/15 00:00,2,1,3,3,1,1,41,5,0.75,0,3,1.67,PHI,,5.84,1.53,R
Adrian Houser,2024/5/21 00:00,5,6,6,6,1,4,72,6,0.703,0,3,2.33,CLE,,5.84,1.53,R
Adrian Houser,2024/5/26 00:00,4,1,1,2,1,2,44,5,0.701,1,3.67,2.67,SF,,5.84,1.53,R
Adrian Houser,2024/5/30 00:00,2,0,0,0,1,2,28,4,0.777,1,3.67,2.33,AZ,,5.84,1.53,R
Adrian Houser,2024/6/3 00:00,2.1,0,0,2,2,0,49,4,0.684,0,2.7,0.33,WSH,,5.84,1.53,R
Adrian Houser,2024/6/8 00:00,2.2,0,0,2,0,2,30,5,0.75,1,2.1,0,PHI,,5.84,1.53,R
Adrian Houser,2024/6/16 00:00,2,1,1,3,0,1,34,8,0.745,1,2.1,0.33,SD,,5.84,1.53,R
Adrian Houser,2024/6/19 00:00,1,0,0,1,0,2,13,3,0.686,0,1.73,0.33,TEX,,5.84,1.53,R
Adrian Houser,2024/6/22 00:00,3.2,1,2,4,1,2,54,3,0.71,0,2.07,0.67,CHC,,5.84,1.53,R
Adrian Houser,2024/6/26 00:00,3,0,0,2,1,3,44,4,0.761,1,2.4,0.33,NYY,,5.84,1.53,R
Adrian Houser,2024/6/30 00:00,2,0,0,2,0,1,31,4,0.741,1,2.73,0.33,HOU,,5.84,1.53,R
Adrian Houser,2024/7/4 00:00,1,1,1,1,0,2,15,4,0.684,0,2,0.33,WSH,,5.84,1.53,R
Adrian Houser,2024/7/8 00:00,2.1,3,3,5,0,2,36,4,0.672,0,1.7,1.33,PIT,,5.84,1.53,R
Adrian Houser,2024/7/14 00:00,2,3,3,3,1,2,39,6,0.704,1,1.7,2.33,COL,,5.84,1.53,R
Adrian Houser,2024/7/21 00:00,2.2,1,1,2,1,2,35,7,0.678,0,2.1,2.33,MIA,,5.84,1.53,R
Adrian Houser,2024/7/24 00:00,1,1,1,2,0,1,25,3,0.761,0,1.73,1.67,NYY,,5.84,1.53,R
AJ Smith-Shawver,2024/5/23 00:00,4.1,0,0,3,2,4,87,5,0.71,0,4.1,0,CHC,,0,1.15,R
AJ Smith-Shawver,2024/10/1 00:00,1.1,3,3,4,0,1,29,131,0.745,0,2.6,1.5,SD,,0,1.15,R
Alec Marsh,2024/4/2 00:00,7,1,1,2,1,5,76,5,0.751,0,7,1,BAL,,4.53,1.26,R
Alec Marsh,2024/4/7 00:00,4.2,3,3,8,1,3,78,5,0.618,1,5.6,2,CWS,,4.53,1.26,R
Alec Marsh,2024/4/13 00:00,5,4,4,5,1,2,90,6,0.734,0,5.4,2.67,NYM,,4.53,1.26,R
Alec Marsh,2024/4/19 00:00,5.2,0,0,3,2,6,86,6,0.751,1,4.8,2.33,BAL,,4.53,1.26,R
Alec Marsh,2024/4/24 00:00,4.1,0,0,2,2,1,67,5,0.703,1,4.77,1.33,TOR,,4.53,1.26,R
Alec Marsh,2024/5/10 00:00,5.1,1,1,4,2,7,85,16,0.671,0,4.8,0.33,LAA,,4.53,1.26,R
Alec Marsh,2024/5/15 00:00,5,1,2,5,1,7,102,5,0.687,0,4.73,0.67,SEA,,4.53,1.26,R
Alec Marsh,2024/5/21 00:00,6,3,3,5,2,5,94,6,0.685,1,5.37,1.67,DET,,4.53,1.26,R
Alec Marsh,2024/5/27 00:00,7,5,5,5,2,7,103,6,0.726,0,6,3,MIN,,4.53,1.26,R
Alec Marsh,2024/6/1 00:00,5,5,5,7,3,3,80,5,0.745,1,6,4.33,SD,,4.53,1.26,R
Alec Marsh,2024/6/8 00:00,5,4,4,7,0,8,90,7,0.687,1,5.67,4.67,SEA,,4.53,1.26,R
Alec Marsh,2024/6/13 00:00,7,0,0,1,2,7,96,5,0.761,1,5.67,3,NYY,,4.53,1.26,R
Alec Marsh,2024/6/18 00:00,3,7,7,7,2,4,76,5,0.694,0,5,3.67,OAK,,4.53,1.26,R
Alec Marsh,2024/6/23 00:00,5.2,3,3,8,2,4,101,5,0.686,0,5.07,3.33,TEX,,4.53,1.26,R
Alec Marsh,2024/6/28 00:00,6,1,1,4,2,5,91,5,0.703,1,4.73,3.67,CLE,,4.53,1.26,R
Alec Marsh,2024/7/4 00:00,3,5,5,6,3,1,75,6,0.669,1,4.73,3,TB,,4.53,1.26,R
Alec Marsh,2024/7/10 00:00,6,3,3,3,1,8,101,6,0.703,0,5,3,STL,,4.53,1.26,R
Alec Marsh,2024/7/19 00:00,1,0,0,2,0,1,24,9,0.618,1,3.33,2.67,CWS,,4.53,1.26,R
Alec Marsh,2024/7/23 00:00,5,5,5,5,2,6,87,4,0.777,1,4,2.67,AZ,,4.53,1.26,R
Alec Marsh,2024/7/29 00:00,4.2,2,2,6,1,3,69,6,0.618,0,3.4,2.33,CWS,,4.53,1.26,R
Alec Marsh,2024/8/26 00:00,4.2,2,4,5,1,2,87,28,0.703,0,4.47,3,CLE,,4.53,1.26,R
Alec Marsh,2024/9/1 00:00,5,3,3,4,1,5,73,6,0.741,0,4.47,2.33,HOU,,4.53,1.26,R
Alec Marsh,2024/9/7 00:00,5,2,2,4,0,5,84,6,0.726,1,4.73,2.33,MIN,,4.53,1.26,R
Alec Marsh,2024/9/13 00:00,5.1,1,1,5,2,11,96,6,0.672,0,5.03,2,PIT,,4.53,1.26,R
Alec Marsh,2024/9/18 00:00,2.2,3,4,5,3,5,73,5,0.685,1,4.1,2,DET,,4.53,1.26,R
Alec Marsh,2024/9/29 00:00,5,1,2,5,0,2,77,11,0.724,0,4.1,1.67,ATL,,4.53,1.26,R
Alek Manoah,2024/5/5 00:00,4,6,7,6,4,6,92,5,0.684,0,4,6,WSH,,3.7,1.03,R
Alek Manoah,2024/5/12 00:00,7,0,3,4,1,6,78,7,0.726,1,5.5,3,MIN,,3.7,1.03,R
Alek Manoah,2024/5/19 00:00,7,0,0,1,1,7,103,7,0.669,1,6,2,TB,,3.7,1.03,R
Alek Manoah,2024/5/24 00:00,4.2,4,6,5,2,4,97,5,0.685,0,6.07,1.33,DET,,3.7,1.03,R
Alek Manoah,2024/5/29 00:00,1.2,0,0,1,0,3,23,5,0.618,0,4.13,1.33,CWS,,3.7,1.03,R
Alex Cobb,2024/8/9 00:00,4.2,4,5,9,1,1,82,5,0.726,0,4.2,4,MIN,,2.76,1.04,R
Alex Cobb,2024/8/14 00:00,5.2,1,1,3,2,3,80,5,0.71,1,4.7,2.5,CHC,,2.76,1.04,R
Alex Cobb,2024/9/1 00:00,6,0,1,2,0,6,80,18,0.672,1,5.13,1.67,PIT,,2.76,1.04,R
Alex Cobb,2024/10/9 00:00,3,2,2,3,1,2,41,38,0.685,0,4.73,1,DET,,2.76,1.04,R
Alex Cobb,2024/10/14 00:00,2.2,3,3,5,3,3,65,5,0.761,0,3.73,1.67,NYY,,2.76,1.04,R
Alex Faedo,2024/3/30 00:00,1.2,0,0,1,0,1,25,5,0.618,0,1.2,0,CWS,,3.61,1.34,R
Alex Faedo,2024/4/1 00:00,2,0,0,1,1,3,38,2,0.734,0,1.6,0,NYM,,3.61,1.34,R
Alex Faedo,2024/4/4 00:00,0.2,2,2,2,1,1,18,3,0.734,0,1.13,0.67,NYM,,3.61,1.34,R
Alex Faedo,2024/4/7 00:00,2,0,0,2,1,0,34,3,0.694,1,1.4,0.67,OAK,,3.61,1.34,R
Alex Faedo,2024/4/12 00:00,2,0,0,0,1,2,25,5,0.726,1,1.4,0.67,MIN,,3.61,1.34,R
Alex Faedo,2024/4/15 00:00,2,0,0,1,0,0,27,3,0.686,1,2,0,TEX,,3.61,1.34,R
Alex Faedo,2024/4/18 00:00,2.1,0,1,1,0,1,26,3,0.686,1,2.03,0,TEX,,3.61,1.34,R
Alex Faedo,2024/4/21 00:00,1,1,1,2,1,0,23,3,0.726,0,1.7,0.33,MIN,,3.61,1.34,R
Alex Faedo,2024/4/23 00:00,2,2,2,3,1,1,28,2,0.669,0,1.7,1,TB,,3.61,1.34,R
Alex Faedo,2024/4/27 00:00,2,0,0,0,0,0,26,4,0.71,1,1.67,1,KC,,3.61,1.34,R
Alex Faedo,2024/4/30 00:00,2,1,1,3,1,3,44,3,0.703,1,2,1,STL,,3.61,1.34,R
Alex Faedo,2024/5/3 00:00,1.1,0,0,0,1,4,26,3,0.761,0,1.7,0.33,NYY,,3.61,1.34,R
Alex Faedo,2024/5/7 00:00,2,0,0,0,0,1,18,4,0.703,0,1.7,0.33,CLE,,3.61,1.34,R
Alex Faedo,2024/5/10 00:00,1,0,0,0,0,1,10,3,0.741,1,1.37,0,HOU,,3.61,1.34,R
Alex Faedo,2024/5/13 00:00,2.1,2,2,3,0,4,33,3,0.678,1,1.7,0.67,MIA,,3.61,1.34,R
Alex Faedo,2024/5/19 00:00,2,1,1,1,1,3,31,6,0.777,0,1.7,1,AZ,,3.61,1.34,R
Alex Faedo,2024/5/23 00:00,1.2,3,3,3,1,1,32,4,0.703,1,1.77,2,TOR,,3.61,1.34,R
Alex Faedo,2024/5/25 00:00,0.2,0,0,1,0,0,18,2,0.703,1,1.13,1.33,TOR,,3.61,1.34,R
Alex Faedo,2024/5/30 00:00,1,0,0,1,0,1,24,5,0.741,0,0.8,1,BOS,,3.61,1.34,R
Alex Faedo,2024/6/2 00:00,1.1,1,1,2,0,0,15,3,0.741,0,0.77,0.33,BOS,,3.61,1.34,R
Alex Faedo,2024/6/4 00:00,1.2,0,0,1,3,2,44,2,0.686,0,1.1,0.33,TEX,,3.61,1.34,R
Alex Faedo,2024/6/30 00:00,1.2,1,1,2,0,3,26,26,0.671,0,1.17,0.67,LAA,,3.61,1.34,R
Alex Faedo,2024/7/3 00:00,1.1,0,0,1,2,1,24,3,0.726,0,1.17,0.33,MIN,,3.61,1.34,R
Alex Faedo,2024/7/6 00:00,2,0,0,1,0,2,25,3,0.693,0,1.43,0.33,CIN,,3.61,1.34,R
Alex Faedo,2024/7/7 00:00,1,0,0,1,0,1,13,1,0.693,0,1.37,0,CIN,,3.61,1.34,R
Alex Faedo,2024/7/10 00:00,1,1,1,0,2,0,26,3,0.703,1,1.33,0.33,CLE,,3.61,1.34,R
Alex Faedo,2024/7/13 00:00,1.2,2,2,3,1,1,33,3,0.781,1,1.07,1,LAD,,3.61,1.34,R
Alex Faedo,2024/7/14 00:00,0.1,0,0,0,1,1,12,1,0.781,1,0.77,1,LAD,,3.61,1.34,R
Alex Faedo,2024/7/20 00:00,2,0,0,1,0,3,35,6,0.703,0,1.1,0.67,TOR,,3.61,1.34,R
Alex Faedo,2024/7/23 00:00,1.2,2,2,4,0,1,32,3,0.703,0,1.1,0.67,CLE,,3.61,1.34,R
Alex Faedo,2024/7/25 00:00,2,0,0,1,0,3,22,2,0.703,0,1.73,0.67,CLE,,3.61,1.34,R
Alex Faedo,2024/7/28 00:00,1,1,1,2,0,3,29,3,0.726,1,1.4,1,MIN,,3.61,1.34,R
Alex Faedo,2024/7/30 00:00,1.2,2,2,2,0,1,29,2,0.703,1,1.4,1,CLE,,3.61,1.34,R
Alex Faedo,2024/8/4 00:00,1.2,0,0,2,1,3,37,5,0.71,1,1.13,1,KC,,3.61,1.34,R
Alex Faedo,2024/8/10 00:00,1,0,0,0,3,1,31,6,0.701,0,1.13,0.67,SF,,3.61,1.34,R
Alex Faedo,2024/8/15 00:00,1,1,1,0,4,1,33,5,0.687,1,1.07,0.33,SEA,,3.61,1.34,R
Alex Faedo,2024/8/20 00:00,1.2,0,0,1,1,1,35,5,0.71,0,1.07,0.33,CHC,,3.61,1.34,R
Alex Wood,2024/3/28 00:00,3.1,6,6,7,1,3,78,5,0.703,1,3.1,6,CLE,,5.26,1.78,L
Alex Wood,2024/4/2 00:00,5,3,3,6,2,7,96,5,0.741,1,4.05,4.5,BOS,,5.26,1.78,L
Alex Wood,2024/4/9 00:00,4,2,2,5,3,2,67,7,0.686,0,4.03,3.67,TEX,,5.26,1.78,L
Alex Wood,2024/4/14 00:00,4.1,4,4,7,4,4,100,5,0.684,1,4.37,3,WSH,,5.26,1.78,L
Alex Wood,2024/4/20 00:00,5,4,4,8,1,4,86,6,0.703,0,4.37,3.33,CLE,,5.26,1.78,L
Alex Wood,2024/4/25 00:00,5.2,1,1,8,2,5,98,5,0.761,0,4.77,3,NYY,,5.26,1.78,L
Alex Wood,2024/4/30 00:00,4,2,2,4,4,4,93,5,0.672,1,4.73,2.33,PIT,,5.26,1.78,L
Alex Wood,2024/5/6 00:00,6,0,0,2,1,3,78,6,0.686,1,5.07,1,TEX,,5.26,1.78,L
Alex Wood,2024/5/12 00:00,2,1,5,4,1,1,60,6,0.687,0,4,1,SEA,,5.26,1.78,L
Allan Winans,2024/4/11 00:00,5,6,7,8,2,1,82,5,0.734,1,5,6,NYM,,15.26,2.35,R
Allan Winans,2024/7/24 00:00,2.2,7,7,6,2,3,65,104,0.693,1,3.6,6.5,CIN,,15.26,2.35,R
Andrew Abbott,2024/4/1 00:00,5.1,2,2,3,2,4,90,5,0.75,0,5.1,2,PHI,,3.72,1.3,L
Andrew Abbott,2024/4/7 00:00,5,2,3,7,2,4,95,6,0.734,1,5.05,2,NYM,,3.72,1.3,L
Andrew Abbott,2024/4/12 00:00,7,1,1,4,0,3,103,5,0.618,0,5.7,1.67,CWS,,3.72,1.3,L
Andrew Abbott,2024/4/17 00:00,6,2,2,4,3,6,104,5,0.687,0,6,1.67,SEA,,3.72,1.3,L
Andrew Abbott,2024/4/23 00:00,4.1,1,1,2,4,3,79,6,0.75,1,5.7,1.33,PHI,,3.72,1.3,L
Andrew Abbott,2024/4/28 00:00,5.1,4,4,6,0,7,85,5,0.686,0,5.07,2.33,TEX,,3.72,1.3,L
Andrew Abbott,2024/5/4 00:00,5,2,2,7,0,8,84,6,0.751,1,4.73,2.33,BAL,,3.72,1.3,L
Andrew Abbott,2024/5/10 00:00,5,2,2,6,1,2,88,6,0.701,0,5.03,2.67,SF,,3.72,1.3,L
Andrew Abbott,2024/5/15 00:00,7,1,1,4,2,4,95,5,0.777,0,5.67,1.67,AZ,,3.72,1.3,L
Andrew Abbott,2024/5/21 00:00,7,0,0,4,1,2,92,6,0.745,1,6.33,1,SD,,3.72,1.3,L
Andrew Abbott,2024/5/28 00:00,6,6,6,7,2,3,94,7,0.703,1,6.67,2.33,STL,,3.72,1.3,L
Andrew Abbott,2024/6/3 00:00,6,3,3,7,1,6,96,6,0.704,0,6.33,3,COL,,3.72,1.3,L
Andrew Abbott,2024/6/8 00:00,5,1,1,5,4,5,99,5,0.71,1,5.67,3.33,CHC,,3.72,1.3,L
Andrew Abbott,2024/6/15 00:00,5,3,3,4,3,3,94,7,0.729,0,5.33,2.33,MIL,,3.72,1.3,L
Andrew Abbott,2024/6/21 00:00,5.2,2,2,4,1,10,90,6,0.741,1,5.07,2,BOS,,3.72,1.3,L
Andrew Abbott,2024/6/27 00:00,5,2,2,2,6,2,102,6,0.703,0,5.07,2.33,STL,,3.72,1.3,L
Andrew Abbott,2024/7/3 00:00,6.1,1,1,3,4,2,98,6,0.761,0,5.43,1.67,NYY,,3.72,1.3,L
Andrew Abbott,2024/7/8 00:00,7,0,0,3,2,8,106,5,0.704,1,6.03,1,COL,,3.72,1.3,L
Andrew Abbott,2024/7/13 00:00,3.1,5,5,7,2,4,78,5,0.678,1,5.4,2,MIA,,3.72,1.3,L
Andrew Abbott,2024/7/21 00:00,6.2,0,2,6,3,1,103,8,0.684,0,5.43,1.67,WSH,,3.72,1.3,L
Andrew Abbott,2024/7/27 00:00,4,4,4,8,2,2,88,6,0.669,0,4.43,3,TB,,3.72,1.3,L
Andrew Abbott,2024/8/2 00:00,4.1,2,2,7,1,8,90,6,0.701,1,4.77,2,SF,,3.72,1.3,L
Andrew Abbott,2024/8/7 00:00,5,6,6,6,3,7,104,5,0.678,0,4.37,4,MIA,,3.72,1.3,L
Andrew Abbott,2024/8/12 00:00,6.2,1,1,5,2,6,93,5,0.703,1,5.1,3,STL,,3.72,1.3,L
Andrew Abbott,2024/8/18 00:00,5,4,4,6,1,4,83,6,0.71,1,5.4,3.67,KC,,3.72,1.3,L
Andrew Heaney,2024/4/2 00:00,4.2,1,3,4,0,7,90,5,0.669,0,4.2,1,TB,,4.28,1.25,L
Andrew Heaney,2024/4/8 00:00,3.2,6,6,4,3,2,82,6,0.741,1,3.7,3.5,HOU,,4.28,1.25,L
Andrew Heaney,2024/4/13 00:00,3.2,2,2,4,4,1,79,5,0.741,0,3.53,3,HOU,,4.28,1.25,L
Andrew Heaney,2024/4/19 00:00,5,3,3,3,2,5,90,6,0.724,0,3.8,3.67,ATL,,4.28,1.25,L
Andrew Heaney,2024/4/25 00:00,6,4,4,5,0,7,79,6,0.687,1,4.73,3,SEA,,4.28,1.25,L
Andrew Heaney,2024/5/1 00:00,7,1,1,4,0,4,75,6,0.684,1,6,2.67,WSH,,4.28,1.25,L
Andrew Heaney,2024/5/6 00:00,6,1,2,7,0,5,97,5,0.694,0,6.33,2,OAK,,4.28,1.25,L
Andrew Heaney,2024/5/11 00:00,5,2,2,8,0,8,85,5,0.704,0,6,1.33,COL,,4.28,1.25,L
Andrew Heaney,2024/5/17 00:00,3.2,2,3,5,2,5,83,6,0.671,1,4.73,1.67,LAA,,4.28,1.25,L
Andrew Heaney,2024/5/23 00:00,3.1,3,4,9,2,1,82,6,0.75,0,3.77,2.33,PHI,,4.28,1.25,L
Andrew Heaney,2024/5/28 00:00,2.1,0,0,2,1,1,41,5,0.777,1,2.8,1.67,AZ,,4.28,1.25,L
Andrew Heaney,2024/6/2 00:00,6,0,0,4,0,7,94,5,0.678,0,3.73,1,MIA,,4.28,1.25,L
Andrew Heaney,2024/6/8 00:00,5.2,3,3,5,1,5,83,6,0.701,1,4.43,1,SF,,4.28,1.25,L
Andrew Heaney,2024/6/14 00:00,4.2,3,3,6,3,4,81,6,0.687,0,5.13,2,SEA,,4.28,1.25,L
Andrew Heaney,2024/6/19 00:00,6,3,3,4,2,9,89,5,0.734,1,5.13,3,NYM,,4.28,1.25,L
Andrew Heaney,2024/6/25 00:00,5,2,2,6,2,4,90,6,0.729,0,5.07,2.67,MIL,,4.28,1.25,L
Andrew Heaney,2024/6/30 00:00,7,2,2,5,0,10,93,5,0.751,0,6,2.33,BAL,,4.28,1.25,L
Andrew Heaney,2024/7/6 00:00,5.1,0,0,3,2,7,92,6,0.669,1,5.7,1.33,TB,,4.28,1.25,L
Andrew Heaney,2024/7/12 00:00,5,2,3,5,2,5,84,6,0.741,0,5.7,1.33,HOU,,4.28,1.25,L
Andrew Heaney,2024/7/21 00:00,5,0,0,2,3,4,100,9,0.751,1,5.03,0.67,BAL,,4.28,1.25,L
Andrew Heaney,2024/7/26 00:00,5,4,4,7,1,4,83,5,0.703,0,5,2,TOR,,4.28,1.25,L
Andrew Heaney,2024/7/31 00:00,4.1,6,6,6,1,2,86,5,0.703,0,4.7,3.33,STL,,4.28,1.25,L
Andrew Heaney,2024/8/5 00:00,6,1,1,1,1,4,80,5,0.741,1,5.03,3.67,HOU,,4.28,1.25,L
Andrew Heaney,2024/8/11 00:00,4.2,3,4,5,2,4,83,6,0.761,0,4.77,3.33,NYY,,4.28,1.25,L
Andrew Heaney,2024/8/16 00:00,4.1,4,4,5,1,8,97,5,0.726,1,4.77,2.67,MIN,,4.28,1.25,L
Andrew Heaney,2024/8/21 00:00,5,0,0,5,1,8,90,5,0.672,1,4.43,2.33,PIT,,4.28,1.25,L
Andrew Heaney,2024/8/27 00:00,5,1,1,5,1,2,71,6,0.618,0,4.7,1.67,CWS,,4.28,1.25,L
Andrew Heaney,2024/9/3 00:00,5,0,0,3,1,8,86,7,0.761,1,5,0.33,NYY,,4.28,1.25,L
Andrew Heaney,2024/9/8 00:00,6,3,4,3,1,8,96,5,0.671,1,5.33,1.33,LAA,,4.28,1.25,L
Andrew Heaney,2024/9/15 00:00,5,3,3,7,1,3,89,7,0.687,0,5.33,2,SEA,,4.28,1.25,L
Andrew Heaney,2024/9/22 00:00,5.2,4,4,7,1,4,94,7,0.687,1,5.4,3.33,SEA,,4.28,1.25,L
Andrew Heaney,2024/9/28 00:00,4,7,7,10,0,3,88,6,0.671,0,4.73,4.67,LAA,,4.28,1.25,L
Andrew Walters,2024/9/12 00:00,1,0,1,0,1,0,14,5,0.669,1,1,0,TB,,0,0.69,R
Andrew Walters,2024/9/13 00:00,1,0,0,0,0,1,13,1,0.669,1,1,0,TB,,0,0.69,R
Andrew Walters,2024/9/16 00:00,1,0,0,0,0,1,9,3,0.726,1,1,0,MIN,,0,0.69,R
Andrew Walters,2024/9/17 00:00,1,0,0,0,1,1,20,1,0.726,1,1,0,MIN,,0,0.69,R
Andrew Walters,2024/9/19 00:00,0.2,0,0,0,0,1,9,2,0.726,1,0.73,0,MIN,,0,0.69,R
Andrew Walters,2024/9/21 00:00,1,0,0,0,0,2,9,2,0.703,0,0.73,0,STL,,0,0.69,R
Andrew Walters,2024/9/22 00:00,0.1,0,0,0,2,0,17,1,0.703,0,0.43,0,STL,,0,0.69,R
Andrew Walters,2024/9/25 00:00,1.2,0,0,0,0,0,20,3,0.693,1,0.77,0,CIN,,0,0.69,R
Andrew Walters,2024/9/28 00:00,1,0,0,1,1,0,21,3,0.741,1,0.77,0,HOU,,0,0.69,R
Andrew Walters,2024/10/9 00:00,1,0,0,0,0,1,16,11,0.685,0,1.07,0,DET,,0,0.69,R
Andrew Walters,2024/10/12 00:00,0.1,1,1,1,1,1,16,3,0.685,1,0.7,0.33,DET,,0,0.69,R
Andrew Walters,2024/10/14 00:00,1,0,0,0,1,1,21,2,0.761,0,0.7,0.33,NYY,,0,0.69,R
Andrew Walters,2024/10/17 00:00,0.2,0,0,0,0,1,12,3,0.761,1,0.43,0.33,NYY,,0,0.69,R
Andre Pallante,2024/3/28 00:00,1.2,1,1,2,0,2,22,5,0.781,0,1.2,1,LAD,,3.78,1.3,R
Andre Pallante,2024/3/31 00:00,1.1,2,2,1,1,1,24,3,0.781,0,1.15,1.5,LAD,,3.78,1.3,R
Andre Pallante,2024/4/3 00:00,1,0,0,0,0,1,16,3,0.745,0,1.1,1,SD,,3.78,1.3,R
Andre Pallante,2024/4/4 00:00,0.2,0,0,0,1,0,19,1,0.678,1,0.77,0.67,MIA,,3.78,1.3,R
Andre Pallante,2024/4/8 00:00,0.1,0,0,0,0,0,2,4,0.75,1,0.43,0,PHI,,3.78,1.3,R
Andre Pallante,2024/4/10 00:00,0,2,2,3,1,0,12,2,0.75,1,0.1,0.67,PHI,,3.78,1.3,R
Andre Pallante,2024/4/13 00:00,1,0,0,0,1,2,17,3,0.777,0,0.37,0.67,AZ,,3.78,1.3,R
Andre Pallante,2024/4/14 00:00,1,0,0,3,0,0,22,1,0.777,0,0.67,0.67,AZ,,3.78,1.3,R
Andre Pallante,2024/4/20 00:00,3,2,3,5,1,0,53,6,0.729,1,1.67,0.67,MIL,,3.78,1.3,R
Andre Pallante,2024/5/29 00:00,6,0,0,3,3,4,86,39,0.693,0,3.33,0.67,CIN,,3.78,1.3,R
Andre Pallante,2024/6/4 00:00,3,6,6,6,3,1,75,6,0.741,0,4,2.67,HOU,,3.78,1.3,R
Andre Pallante,2024/6/9 00:00,5,0,0,3,1,6,68,5,0.704,1,4.67,2,COL,,3.78,1.3,R
Andre Pallante,2024/6/15 00:00,3.1,1,2,5,0,4,59,6,0.71,0,3.7,2.33,CHC,,3.78,1.3,R
Andre Pallante,2024/6/20 00:00,5.1,5,5,7,3,5,95,5,0.701,1,4.4,2,SF,,3.78,1.3,R
Andre Pallante,2024/6/28 00:00,5.1,0,0,4,3,5,88,8,0.693,1,4.43,2,CIN,,3.78,1.3,R
Andre Pallante,2024/7/4 00:00,7,1,1,4,1,5,90,6,0.672,0,5.73,2,PIT,,3.78,1.3,R
Andre Pallante,2024/7/10 00:00,6.1,4,4,6,0,5,101,6,0.71,1,6.07,1.67,KC,,3.78,1.3,R
Andre Pallante,2024/7/22 00:00,6,1,1,3,2,3,98,12,0.672,0,6.37,2,PIT,,3.78,1.3,R
Andre Pallante,2024/7/29 00:00,5,3,3,7,2,5,92,7,0.686,1,5.7,2.67,TEX,,3.78,1.3,R
Andre Pallante,2024/8/5 00:00,4.2,5,5,5,2,2,90,7,0.734,1,5.07,3,NYM,,3.78,1.3,R
Andre Pallante,2024/8/10 00:00,5.2,1,2,3,4,4,104,5,0.71,0,4.8,3,KC,,3.78,1.3,R
Andre Pallante,2024/8/17 00:00,7,2,2,4,2,5,95,7,0.781,1,5.47,2.67,LAD,,3.78,1.3,R
Andre Pallante,2024/8/23 00:00,7,1,1,5,2,5,99,6,0.726,0,6.4,1.33,MIN,,3.78,1.3,R
Andre Pallante,2024/8/28 00:00,5.2,2,2,8,2,3,104,5,0.745,1,6.4,1.67,SD,,3.78,1.3,R
Andre Pallante,2024/9/2 00:00,5,5,5,5,5,3,100,5,0.729,0,5.73,2.67,MIL,,3.78,1.3,R
Andre Pallante,2024/9/10 00:00,5,3,3,6,5,6,88,8,0.693,1,5.07,3.33,CIN,,3.78,1.3,R
Andre Pallante,2024/9/16 00:00,7,0,0,4,1,9,100,6,0.672,1,5.67,2.67,PIT,,3.78,1.3,R
Andre Pallante,2024/9/22 00:00,7,1,1,1,2,4,85,6,0.703,1,6.33,1.33,CLE,,3.78,1.3,R
Andre Pallante,2024/9/28 00:00,5,3,4,7,0,4,74,6,0.701,0,6.33,1.33,SF,,3.78,1.3,R
Anthony Banda,2024/5/19 00:00,1,0,0,0,0,1,9,5,0.693,1,1,0,CIN,,3.08,1.25,L
Anthony Banda,2024/5/20 00:00,0.2,0,0,1,0,0,12,1,0.777,1,0.6,0,AZ,,3.08,1.25,L
Anthony Banda,2024/5/22 00:00,1,0,0,0,0,1,9,2,0.777,1,0.73,0,AZ,,3.08,1.25,L
Anthony Banda,2024/5/26 00:00,2,0,0,1,1,1,27,4,0.693,0,1.07,0,CIN,,3.08,1.25,L
Anthony Banda,2024/5/29 00:00,1,0,0,1,1,1,25,3,0.734,0,1.33,0,NYM,,3.08,1.25,L
Anthony Banda,2024/5/31 00:00,1,0,0,0,1,1,15,2,0.704,1,1.33,0,COL,,3.08,1.25,L
Anthony Banda,2024/6/5 00:00,2,0,1,1,1,2,33,5,0.672,0,1.33,0,PIT,,3.08,1.25,L
Anthony Banda,2024/6/7 00:00,0.2,0,0,2,0,2,16,2,0.761,0,1.07,0,NYY,,3.08,1.25,L
Anthony Banda,2024/6/11 00:00,1,0,0,1,0,2,14,4,0.686,1,1.07,0,TEX,,3.08,1.25,L
Anthony Banda,2024/6/12 00:00,1,0,0,0,0,0,10,1,0.686,1,0.73,0,TEX,,3.08,1.25,L
Anthony Banda,2024/6/15 00:00,2.1,2,2,2,2,2,32,3,0.71,1,1.37,0.67,KC,,3.08,1.25,L
Anthony Banda,2024/6/18 00:00,1,0,0,1,1,1,23,3,0.704,0,1.37,0.67,COL,,3.08,1.25,L
Anthony Banda,2024/6/21 00:00,1.1,0,1,0,0,1,17,3,0.671,1,1.4,0.67,LAA,,3.08,1.25,L
Anthony Banda,2024/6/25 00:00,1,0,0,0,1,0,13,4,0.618,0,1.03,0,CWS,,3.08,1.25,L
Anthony Banda,2024/6/28 00:00,0.1,0,0,0,0,0,3,3,0.701,0,0.73,0,SF,,3.08,1.25,L
Anthony Banda,2024/6/29 00:00,1,0,0,0,1,2,17,1,0.701,0,0.7,0,SF,,3.08,1.25,L
Anthony Banda,2024/7/3 00:00,0.2,0,0,0,1,1,14,4,0.777,1,0.43,0,AZ,,3.08,1.25,L
Anthony Banda,2024/7/4 00:00,1.2,1,1,3,1,1,25,1,0.777,1,0.8,0.33,AZ,,3.08,1.25,L
Anthony Banda,2024/7/7 00:00,1,2,2,3,1,1,19,3,0.729,1,0.8,1,MIL,,3.08,1.25,L
Anthony Banda,2024/7/10 00:00,0.1,0,0,1,0,0,10,3,0.75,0,0.77,1,PHI,,3.08,1.25,L
Anthony Banda,2024/7/11 00:00,1,1,1,3,0,2,19,1,0.75,0,0.7,1,PHI,,3.08,1.25,L
Anthony Banda,2024/7/13 00:00,1,0,0,1,0,0,9,2,0.685,0,0.7,0.33,DET,,3.08,1.25,L
Anthony Banda,2024/7/14 00:00,0.2,0,0,0,0,1,4,1,0.685,0,0.73,0.33,DET,,3.08,1.25,L
Anthony Banda,2024/7/19 00:00,1,0,0,0,0,2,17,5,0.741,1,0.73,0,BOS,,3.08,1.25,L
Anthony Banda,2024/7/20 00:00,1,2,2,1,1,0,16,1,0.741,1,0.73,0.67,BOS,,3.08,1.25,L
Anthony Banda,2024/7/21 00:00,1,0,0,1,0,1,15,1,0.741,1,1,0.67,BOS,,3.08,1.25,L
Anthony Banda,2024/7/24 00:00,1.1,0,0,0,1,3,24,3,0.701,1,1.03,0.67,SF,,3.08,1.25,L
Anthony Banda,2024/7/27 00:00,1.1,0,0,0,0,2,13,3,0.741,0,1.07,0,HOU,,3.08,1.25,L
Anthony Banda,2024/7/30 00:00,1,0,0,0,0,1,16,3,0.745,0,1.07,0,SD,,3.08,1.25,L
Anthony Banda,2024/8/2 00:00,1,0,0,1,0,1,17,3,0.694,0,1.03,0,OAK,,3.08,1.25,L
Anthony Banda,2024/8/4 00:00,1,0,0,0,0,1,12,2,0.694,0,1,0,OAK,,3.08,1.25,L
Anthony Banda,2024/8/5 00:00,1,0,0,1,1,2,21,1,0.75,1,1,0,PHI,,3.08,1.25,L
Anthony Banda,2024/8/9 00:00,1.1,0,0,1,0,3,21,4,0.672,1,1.03,0,PIT,,3.08,1.25,L
Anthony Banda,2024/8/11 00:00,0.2,2,2,3,0,0,16,2,0.672,1,0.77,0.67,PIT,,3.08,1.25,L
Anthony Banda,2024/8/14 00:00,1,0,0,0,0,1,13,3,0.729,0,0.77,0.67,MIL,,3.08,1.25,L
Anthony Banda,2024/8/15 00:00,0.1,0,0,0,0,0,1,1,0.729,0,0.43,0.67,MIL,,3.08,1.25,L
Anthony Banda,2024/8/16 00:00,0.2,0,0,2,0,1,16,1,0.703,0,0.43,0,STL,,3.08,1.25,L
Anthony Banda,2024/8/20 00:00,0.2,0,0,0,0,1,10,4,0.687,1,0.17,0,SEA,,3.08,1.25,L
Anthony Banda,2024/8/21 00:00,1.1,0,0,0,1,3,19,1,0.687,1,0.5,0,SEA,,3.08,1.25,L
Anthony Banda,2024/8/25 00:00,1,0,0,1,0,1,14,4,0.669,1,0.77,0,TB,,3.08,1.25,L
Anthony Banda,2024/8/28 00:00,1.1,0,0,1,0,1,13,3,0.751,1,1.07,0,BAL,,3.08,1.25,L
Anthony Banda,2024/8/29 00:00,1,0,0,1,0,1,15,1,0.751,1,1.03,0,BAL,,3.08,1.25,L
Anthony Banda,2024/8/30 00:00,1,4,4,4,0,1,27,1,0.777,0,1.03,1.33,AZ,,3.08,1.25,L
Anthony Banda,2024/9/2 00:00,0.2,0,0,2,0,0,22,3,0.777,0,0.73,1.33,AZ,,3.08,1.25,L
Anthony Banda,2024/9/6 00:00,1,1,1,1,2,1,20,4,0.703,1,0.73,1.67,CLE,,3.08,1.25,L
Anthony Banda,2024/9/9 00:00,1,2,2,3,0,0,16,3,0.71,1,0.73,1,CHC,,3.08,1.25,L
Anthony Banda,2024/9/26 00:00,1.1,0,0,0,0,0,17,17,0.745,1,1.03,1,SD,,3.08,1.25,L
Anthony Banda,2024/9/29 00:00,1,0,0,0,0,0,14,3,0.704,0,1.03,0.67,COL,,3.08,1.25,L
Anthony Banda,2024/10/6 00:00,1,0,0,1,0,1,14,7,0.745,1,1.03,0,SD,,3.08,1.25,L
Anthony Banda,2024/10/8 00:00,1.1,0,0,0,0,2,13,2,0.745,0,1.03,0,SD,,3.08,1.25,L
Anthony Banda,2024/10/9 00:00,0.2,0,0,1,1,1,19,1,0.745,0,0.77,0,SD,,3.08,1.25,L
Anthony Banda,2024/10/14 00:00,1,0,0,1,0,1,18,5,0.734,1,0.77,0,NYM,,3.08,1.25,L
Anthony Banda,2024/10/18 00:00,0.1,0,0,0,0,0,2,4,0.734,0,0.43,0,NYM,,3.08,1.25,L
Anthony Banda,2024/10/20 00:00,1.1,1,1,1,1,2,26,2,0.734,1,0.73,0.33,NYM,,3.08,1.25,L
Anthony Banda,2024/10/25 00:00,0.2,0,0,2,1,2,16,5,0.761,1,0.47,0.33,NYY,,3.08,1.25,L
Anthony Banda,2024/10/26 00:00,0.2,0,0,0,0,0,16,1,0.761,1,0.5,0.33,NYY,,3.08,1.25,L
Anthony Banda,2024/10/28 00:00,0.1,0,0,0,1,1,10,2,0.761,0,0.17,0,NYY,,3.08,1.25,L
Anthony Banda,2024/10/30 00:00,0.2,0,0,0,2,1,16,2,0.761,0,0.17,0,NYY,,3.08,1.25,L
Anthony Maldonado,2024/4/26 00:00,3,0,0,3,0,2,36,5,0.684,1,3,0,WSH,,5.68,1.47,R
Anthony Maldonado,2024/4/29 00:00,1,0,0,1,0,0,12,3,0.684,1,2,0,WSH,,5.68,1.47,R
Anthony Maldonado,2024/5/1 00:00,1,0,0,0,0,1,13,2,0.704,1,1.67,0,COL,,5.68,1.47,R
Anthony Maldonado,2024/5/2 00:00,1,0,0,2,1,1,19,1,0.704,1,1,0,COL,,5.68,1.47,R
Anthony Maldonado,2024/5/6 00:00,1,0,0,0,0,0,6,4,0.781,0,1,0,LAD,,5.68,1.47,R
Anthony Maldonado,2024/5/8 00:00,1,0,0,0,0,0,11,2,0.781,0,1,0,LAD,,5.68,1.47,R
Anthony Maldonado,2024/5/11 00:00,0.1,2,2,2,1,0,21,3,0.75,1,0.7,0.67,PHI,,5.68,1.47,R
Anthony Maldonado,2024/5/13 00:00,0.2,3,3,3,0,2,23,2,0.685,0,0.43,1.67,DET,,5.68,1.47,R
Anthony Maldonado,2024/5/17 00:00,1,0,0,0,1,1,14,4,0.734,1,0.43,1.67,NYM,,5.68,1.47,R
Anthony Maldonado,2024/5/18 00:00,2,0,0,1,0,0,25,1,0.734,1,1.07,1,NYM,,5.68,1.47,R
Anthony Maldonado,2024/7/3 00:00,1,4,4,3,2,1,28,46,0.741,1,1.33,1.33,BOS,,5.68,1.47,R
Anthony Maldonado,2024/9/3 00:00,1,0,0,1,0,1,18,62,0.684,1,1.33,1.33,WSH,,5.68,1.47,R
Anthony Maldonado,2024/9/5 00:00,1,0,0,0,0,0,8,2,0.75,1,1,1.33,PHI,,5.68,1.47,R
Anthony Maldonado,2024/9/6 00:00,1,3,3,4,0,2,28,1,0.75,1,1,1,PHI,,5.68,1.47,R
Anthony Maldonado,2024/9/25 00:00,1,0,0,0,0,0,13,19,0.726,0,1,1,MIN,,5.68,1.47,R
Anthony Maldonado,2024/9/26 00:00,2,0,0,1,2,0,22,1,0.726,0,1.33,1,MIN,,5.68,1.47,R
Anthony Molina,2024/3/28 00:00,0.1,6,6,6,1,0,31,5,0.777,0,0.1,6,AZ,,6.79,1.58,R
Anthony Molina,2024/4/2 00:00,3,5,5,4,3,1,56,5,0.71,0,1.55,5.5,CHC,,6.79,1.58,R
Anthony Molina,2024/4/14 00:00,1,1,1,3,0,1,24,12,0.703,0,1.37,4,TOR,,6.79,1.58,R
Anthony Molina,2024/4/20 00:00,3,0,0,4,0,2,43,6,0.687,1,2.33,2,SEA,,6.79,1.58,R
Anthony Molina,2024/4/24 00:00,3,0,0,1,1,0,42,4,0.745,1,2.33,0.33,SD,,6.79,1.58,R
Anthony Molina,2024/4/27 00:00,0.2,0,0,0,0,0,6,3,0.741,1,2.07,0,HOU,,6.79,1.58,R
Anthony Molina,2024/5/5 00:00,1,0,0,0,0,1,11,8,0.672,0,1.4,0,PIT,,6.79,1.58,R
Anthony Molina,2024/5/8 00:00,3.2,0,1,2,1,3,54,3,0.701,1,1.47,0,SF,,6.79,1.58,R
Anthony Molina,2024/5/17 00:00,1,2,2,3,1,1,28,9,0.701,0,1.73,0.67,SF,,6.79,1.58,R
Anthony Molina,2024/5/27 00:00,1.2,3,3,2,3,0,45,10,0.703,1,1.8,1.67,CLE,,6.79,1.58,R
Anthony Molina,2024/6/2 00:00,2.1,1,1,2,1,0,26,6,0.781,0,1.43,2,LAD,,6.79,1.58,R
Anthony Molina,2024/6/7 00:00,2,1,1,3,0,1,45,5,0.703,0,1.77,1.67,STL,,6.79,1.58,R
Anthony Molina,2024/6/12 00:00,2,0,0,2,0,0,27,5,0.726,0,2.03,0.67,MIN,,6.79,1.58,R
Anthony Molina,2024/6/15 00:00,1,0,0,1,0,1,10,3,0.672,1,1.67,0.33,PIT,,6.79,1.58,R
Anthony Molina,2024/6/20 00:00,3,0,0,0,1,1,45,5,0.781,1,2,0,LAD,,6.79,1.58,R
Anthony Molina,2024/6/25 00:00,1,0,0,1,1,0,14,5,0.741,0,1.67,0,HOU,,6.79,1.58,R
Anthony Molina,2024/6/28 00:00,2,0,0,1,0,4,29,3,0.618,0,2,0,CWS,,6.79,1.58,R
Anthony Molina,2024/7/1 00:00,1.1,3,3,3,1,2,35,3,0.729,1,1.37,1,MIL,,6.79,1.58,R
Anthony Molina,2024/7/4 00:00,1,1,1,2,1,0,20,3,0.729,1,1.37,1.33,MIL,,6.79,1.58,R
Anthony Molina,2024/7/8 00:00,0.1,0,0,1,0,1,7,4,0.693,0,0.73,1.33,CIN,,6.79,1.58,R
Anthony Molina,2024/7/11 00:00,0.2,4,4,5,0,0,32,3,0.693,0,0.43,1.67,CIN,,6.79,1.58,R
Anthony Molina,2024/7/23 00:00,3.1,0,0,1,4,2,66,12,0.741,1,1.13,1.33,BOS,,6.79,1.58,R
Anthony Molina,2024/8/4 00:00,1,1,1,3,0,2,20,12,0.745,0,1.43,1.67,SD,,6.79,1.58,R
Anthony Molina,2024/8/8 00:00,2,2,2,2,0,2,43,4,0.734,1,2.03,1,NYM,,6.79,1.58,R
Anthony Molina,2024/8/10 00:00,2,1,1,1,0,3,32,2,0.724,1,1.67,1.33,ATL,,6.79,1.58,R
Anthony Molina,2024/8/12 00:00,1,2,2,2,1,1,36,2,0.777,0,1.67,1.67,AZ,,6.79,1.58,R
Anthony Molina,2024/8/14 00:00,2,1,1,2,0,0,38,2,0.777,0,1.67,1.33,AZ,,6.79,1.58,R
Anthony Molina,2024/8/21 00:00,1,0,0,0,0,0,11,7,0.684,0,1.33,1,WSH,,6.79,1.58,R
Anthony Molina,2024/8/24 00:00,1,0,0,0,0,2,16,3,0.761,0,1.33,0.33,NYY,,6.79,1.58,R
Anthony Molina,2024/8/28 00:00,1,0,0,2,0,0,12,4,0.678,1,1,0,MIA,,6.79,1.58,R
Anthony Molina,2024/9/1 00:00,2,1,1,2,0,2,25,4,0.751,1,1.33,0.33,BAL,,6.79,1.58,R
Anthony Molina,2024/9/10 00:00,1.2,6,6,4,2,2,46,9,0.685,0,1.4,2.33,DET,,6.79,1.58,R
Anthony Molina,2024/9/16 00:00,3,0,0,1,0,2,20,6,0.777,1,2.07,2.33,AZ,,6.79,1.58,R
Anthony Molina,2024/9/18 00:00,2,0,0,0,0,2,19,2,0.777,1,2.07,2,AZ,,6.79,1.58,R
Anthony Molina,2024/9/27 00:00,1.2,4,4,6,0,2,35,9,0.781,1,2.07,1.33,LAD,,6.79,1.58,R
Antonio Senzatela,2024/9/16 00:00,3,2,2,4,2,2,67,5,0.777,1,3,2,AZ,,6.57,1.86,R
Antonio Senzatela,2024/9/22 00:00,5,1,1,5,2,2,73,6,0.781,0,4,1.5,LAD,,6.57,1.86,R
Antonio Senzatela,2024/9/28 00:00,4.1,6,7,6,4,3,78,6,0.781,1,4.03,3,LAD,,6.57,1.86,R
Austin Gomber,2024/3/30 00:00,4.2,4,4,6,3,3,91,5,0.777,0,4.2,4,AZ,,4.75,1.31,L
Austin Gomber,2024/4/5 00:00,4,2,2,4,3,7,89,6,0.669,1,4.1,3,TB,,4.75,1.31,L
Austin Gomber,2024/4/10 00:00,6,2,2,6,2,4,98,5,0.777,1,4.73,2.67,AZ,,4.75,1.31,L
Austin Gomber,2024/4/16 00:00,5.1,3,3,6,0,4,89,6,0.75,0,5.03,2.33,PHI,,4.75,1.31,L
Austin Gomber,2024/4/22 00:00,5,1,1,4,3,2,95,6,0.745,1,5.37,2,SD,,4.75,1.31,L
Austin Gomber,2024/4/28 00:00,7,4,4,6,0,2,79,6,0.741,1,5.7,2.67,HOU,,4.75,1.31,L
Austin Gomber,2024/5/4 00:00,6,0,0,4,2,3,88,6,0.672,0,6,1.67,PIT,,4.75,1.31,L
Austin Gomber,2024/5/10 00:00,6.2,1,2,5,2,5,82,6,0.686,1,6.4,1.67,TEX,,4.75,1.31,L
Austin Gomber,2024/5/15 00:00,6,0,0,2,2,5,92,5,0.745,0,6.07,0.33,SD,,4.75,1.31,L
Austin Gomber,2024/5/22 00:00,8,1,1,5,0,6,90,7,0.694,0,6.73,0.67,OAK,,4.75,1.31,L
Austin Gomber,2024/6/2 00:00,3,3,3,5,3,2,79,11,0.781,0,5.67,1.33,LAD,,4.75,1.31,L
Austin Gomber,2024/6/7 00:00,5,4,4,6,1,4,90,5,0.703,0,5.33,2.67,STL,,4.75,1.31,L
Austin Gomber,2024/6/12 00:00,3,8,8,11,1,2,71,5,0.726,0,3.67,5,MIN,,4.75,1.31,L
Austin Gomber,2024/6/18 00:00,6.2,4,4,5,2,3,92,6,0.781,1,4.73,5.33,LAD,,4.75,1.31,L
Austin Gomber,2024/6/25 00:00,5.1,5,5,8,0,4,89,7,0.741,0,4.77,5.67,HOU,,4.75,1.31,L
Austin Gomber,2024/7/1 00:00,6,4,4,9,0,3,79,6,0.729,1,5.77,4.33,MIL,,4.75,1.31,L
Austin Gomber,2024/7/6 00:00,7,1,1,6,0,3,99,5,0.71,1,6.03,3.33,KC,,4.75,1.31,L
Austin Gomber,2024/7/11 00:00,5,4,4,7,1,5,97,5,0.693,0,6,3,CIN,,4.75,1.31,L
Austin Gomber,2024/7/22 00:00,5.2,4,4,6,1,5,101,11,0.741,1,5.73,3,BOS,,4.75,1.31,L
Austin Gomber,2024/7/28 00:00,3.2,3,3,6,1,6,85,6,0.701,0,4.47,3.67,SF,,4.75,1.31,L
Austin Gomber,2024/8/2 00:00,7,2,2,5,1,6,100,5,0.745,0,5.13,3,SD,,4.75,1.31,L
Austin Gomber,2024/8/8 00:00,3,5,5,6,1,1,68,6,0.734,1,4.4,3.33,NYM,,4.75,1.31,L
Austin Gomber,2024/8/13 00:00,6,2,2,6,1,4,92,5,0.777,0,5.33,3,AZ,,4.75,1.31,L
Austin Gomber,2024/8/20 00:00,7,1,1,3,2,5,96,7,0.684,0,5.33,2.67,WSH,,4.75,1.31,L
Austin Gomber,2024/8/25 00:00,6,4,4,6,3,4,85,5,0.761,0,6.33,2.33,NYY,,4.75,1.31,L
Austin Gomber,2024/8/30 00:00,6,3,3,8,1,4,90,5,0.751,1,6.33,2.67,BAL,,4.75,1.31,L
Austin Gomber,2024/9/5 00:00,8,1,1,5,0,6,92,6,0.724,0,6.67,2.67,ATL,,4.75,1.31,L
Austin Gomber,2024/9/13 00:00,6,2,2,9,1,4,94,8,0.71,1,6.67,2,CHC,,4.75,1.31,L
Austin Gomber,2024/9/18 00:00,2,5,6,6,1,1,49,5,0.777,1,5.33,2.67,AZ,,4.75,1.31,L
Austin Gomber,2024/9/25 00:00,5,4,4,7,0,3,80,7,0.703,1,4.33,3.67,STL,,4.75,1.31,L
Austin Kitchen,2024/7/30 00:00,2,3,3,5,1,2,52,5,0.669,0,2,3,TB,,14.14,2.71,L
Austin Kitchen,2024/8/28 00:00,1.2,2,2,1,2,1,33,29,0.704,0,1.6,2.5,COL,,14.14,2.71,L
Austin Kitchen,2024/9/3 00:00,1.1,0,0,1,0,0,18,6,0.684,1,1.43,1.67,WSH,,14.14,2.71,L
Austin Kitchen,2024/9/6 00:00,2,6,7,9,0,1,55,3,0.75,1,1.43,2.67,PHI,,14.14,2.71,L
Bailey Falter,2024/3/31 00:00,4,6,6,5,3,2,67,5,0.678,0,4,6,MIA,,4.43,1.29,L
Bailey Falter,2024/4/6 00:00,6,0,0,1,1,1,78,6,0.751,1,5,3,BAL,,4.43,1.29,L
Bailey Falter,2024/4/12 00:00,5,1,1,4,0,3,71,6,0.75,0,5,2.33,PHI,,4.43,1.29,L
Bailey Falter,2024/4/17 00:00,5,2,2,4,1,4,73,5,0.734,0,5.33,1,NYM,,4.43,1.29,L
Bailey Falter,2024/4/23 00:00,7,1,1,3,2,8,85,6,0.729,1,5.67,1.33,MIL,,4.43,1.29,L
Bailey Falter,2024/4/29 00:00,5,5,5,6,0,5,65,6,0.694,0,5.67,2.67,OAK,,4.43,1.29,L
Bailey Falter,2024/5/5 00:00,5.1,3,3,6,2,3,80,6,0.704,1,5.7,3,COL,,4.43,1.29,L
Bailey Falter,2024/5/12 00:00,6,2,2,5,2,1,81,7,0.71,1,5.37,3.33,CHC,,4.43,1.29,L
Bailey Falter,2024/5/18 00:00,7.2,0,0,3,2,2,83,6,0.71,0,6.1,1.67,CHC,,4.43,1.29,L
Bailey Falter,2024/5/24 00:00,7.1,3,3,6,1,4,97,6,0.724,1,6.77,1.67,ATL,,4.43,1.29,L
Bailey Falter,2024/5/31 00:00,6,0,0,2,2,5,81,7,0.703,0,6.77,1,TOR,,4.43,1.29,L
Bailey Falter,2024/6/6 00:00,4,5,5,8,2,6,76,6,0.781,1,5.7,2.67,LAD,,4.43,1.29,L
Bailey Falter,2024/6/12 00:00,4,3,3,8,1,5,82,6,0.703,0,4.67,2.67,STL,,4.43,1.29,L
Bailey Falter,2024/6/18 00:00,7,2,2,7,2,3,80,6,0.693,1,5,3.33,CIN,,4.43,1.29,L
Bailey Falter,2024/6/24 00:00,4,4,5,5,1,2,79,6,0.693,0,5,3,CIN,,4.43,1.29,L
Bailey Falter,2024/6/30 00:00,5,1,1,2,4,5,81,6,0.724,0,5.33,2.33,ATL,,4.43,1.29,L
Bailey Falter,2024/7/6 00:00,2,3,3,5,2,2,44,6,0.734,1,3.67,2.67,NYM,,4.43,1.29,L
Bailey Falter,2024/7/30 00:00,5.1,1,2,6,0,3,66,24,0.741,0,4.03,1.67,HOU,,4.43,1.29,L
Bailey Falter,2024/8/6 00:00,2,0,0,2,0,1,20,7,0.745,1,3.03,1.33,SD,,4.43,1.29,L
Bailey Falter,2024/8/11 00:00,4,4,4,7,3,2,93,5,0.781,0,3.7,1.67,LAD,,4.43,1.29,L
Bailey Falter,2024/8/17 00:00,5.2,2,2,8,0,8,92,6,0.687,1,3.73,2,SEA,,4.43,1.29,L
Bailey Falter,2024/8/23 00:00,5,5,5,6,2,4,80,6,0.693,1,4.73,3.67,CIN,,4.43,1.29,L
Bailey Falter,2024/8/30 00:00,4,4,4,7,1,2,59,7,0.703,0,4.73,3.67,CLE,,4.43,1.29,L
Bailey Falter,2024/9/5 00:00,5,3,3,7,2,3,94,6,0.684,1,4.67,4,WSH,,4.43,1.29,L
Bailey Falter,2024/9/11 00:00,7.1,0,0,2,3,5,93,6,0.678,1,5.37,2.33,MIA,,4.43,1.29,L
Bailey Falter,2024/9/17 00:00,5.2,2,2,4,2,3,84,6,0.703,0,5.77,1.67,STL,,4.43,1.29,L
Bailey Falter,2024/9/24 00:00,5,4,4,5,1,5,92,7,0.729,1,5.77,2,MIL,,4.43,1.29,L
Bailey Falter,2024/9/29 00:00,3,4,4,4,3,0,62,5,0.761,0,4.4,3.33,NYY,,4.43,1.29,L
Bailey Ober,2024/3/31 00:00,1.1,8,8,9,1,1,53,5,0.71,0,1.1,8,KC,,3.98,1,R
Bailey Ober,2024/4/8 00:00,5,1,1,3,2,7,68,8,0.781,1,3.05,4.5,LAD,,3.98,1,R
Bailey Ober,2024/4/14 00:00,6,0,0,3,0,3,84,6,0.685,0,4.03,3,DET,,3.98,1,R
Bailey Ober,2024/4/20 00:00,6,1,1,2,1,6,82,6,0.685,1,5.67,0.67,DET,,3.98,1,R
Bailey Ober,2024/4/26 00:00,7.1,2,2,3,3,8,96,6,0.671,0,6.37,1,LAA,,3.98,1,R
Bailey Ober,2024/5/1 00:00,6,4,4,6,0,3,82,5,0.618,0,6.37,2.33,CWS,,3.98,1,R
Bailey Ober,2024/5/7 00:00,5,2,2,3,1,7,84,6,0.687,1,6.03,2.67,SEA,,3.98,1,R
Bailey Ober,2024/5/12 00:00,6.1,0,0,1,0,10,104,5,0.703,0,5.7,2,TOR,,3.98,1,R
Bailey Ober,2024/5/18 00:00,4,5,5,8,1,4,91,6,0.703,0,5.03,2.33,CLE,,3.98,1,R
Bailey Ober,2024/5/24 00:00,5,2,2,4,3,5,99,6,0.686,1,5.03,2.33,TEX,,3.98,1,R
Bailey Ober,2024/5/29 00:00,5,6,6,9,0,4,82,5,0.71,1,4.67,4.33,KC,,3.98,1,R
Bailey Ober,2024/6/4 00:00,5,3,3,3,4,2,89,6,0.761,0,5,3.67,NYY,,3.98,1,R
Bailey Ober,2024/6/9 00:00,4.2,4,4,7,2,5,85,5,0.672,0,4.73,4.33,PIT,,3.98,1,R
Bailey Ober,2024/6/16 00:00,6.1,1,1,6,2,8,96,7,0.694,1,5.1,2.67,OAK,,3.98,1,R
Bailey Ober,2024/6/22 00:00,9,2,2,4,0,10,89,6,0.694,0,6.43,2.33,OAK,,3.98,1,R
Bailey Ober,2024/6/28 00:00,6,1,1,2,3,9,88,6,0.687,0,7.03,1.33,SEA,,3.98,1,R
Bailey Ober,2024/7/4 00:00,6,1,3,7,0,8,103,6,0.685,1,7,1.33,DET,,3.98,1,R
Bailey Ober,2024/7/10 00:00,6,3,3,4,1,6,84,6,0.618,0,6,1.67,CWS,,3.98,1,R
Bailey Ober,2024/7/22 00:00,7,2,2,4,1,4,83,12,0.75,1,6.33,2,PHI,,3.98,1,R
Bailey Ober,2024/7/28 00:00,8,0,0,1,2,11,98,6,0.685,0,7,1.67,DET,,3.98,1,R
Bailey Ober,2024/8/3 00:00,7,2,2,2,2,7,88,6,0.618,1,7.33,1.33,CWS,,3.98,1,R
Bailey Ober,2024/8/9 00:00,6,0,0,2,2,9,106,6,0.703,1,7,0.67,CLE,,3.98,1,R
Bailey Ober,2024/8/15 00:00,6,2,2,7,3,3,93,6,0.686,0,6.33,1.33,TEX,,3.98,1,R
Bailey Ober,2024/8/20 00:00,6,3,3,4,0,5,83,5,0.745,0,6,1.67,SD,,3.98,1,R
Bailey Ober,2024/8/26 00:00,2,9,9,7,2,2,55,6,0.724,1,4.67,4.67,ATL,,3.98,1,R
Bailey Ober,2024/9/1 00:00,6,1,1,1,3,8,94,6,0.703,1,4.67,4.33,TOR,,3.98,1,R
Bailey Ober,2024/9/7 00:00,7,0,0,1,0,7,83,6,0.71,0,5,3.33,KC,,3.98,1,R
Bailey Ober,2024/9/13 00:00,6.2,5,5,6,2,6,90,6,0.693,1,6.4,2,CIN,,3.98,1,R
Bailey Ober,2024/9/18 00:00,7,2,2,4,0,12,101,5,0.703,0,6.73,2.33,CLE,,3.98,1,R
Bailey Ober,2024/9/24 00:00,5,4,4,8,2,7,89,6,0.678,1,6.07,3.67,MIA,,3.98,1,R
Bailey Ober,2024/9/29 00:00,5,3,3,5,0,4,74,5,0.751,1,5.67,3,BAL,,3.98,1,R
Beau Brieske,2024/5/15 00:00,1,0,0,1,1,1,23,5,0.678,1,1,0,MIA,,3.59,1.26,R
Beau Brieske,2024/5/18 00:00,1.1,0,0,0,0,1,17,3,0.777,0,1.05,0,AZ,,3.59,1.26,R
Beau Brieske,2024/5/20 00:00,2.1,0,0,0,0,0,22,2,0.71,0,1.4,0,KC,,3.59,1.26,R
Beau Brieske,2024/5/24 00:00,2.2,0,0,1,2,2,42,4,0.703,1,1.8,0,TOR,,3.59,1.26,R
Beau Brieske,2024/5/29 00:00,1,2,2,3,0,0,12,5,0.672,1,1.77,0.67,PIT,,3.59,1.26,R
Beau Brieske,2024/6/3 00:00,3,0,0,1,0,4,53,5,0.686,0,2.07,0.67,TEX,,3.59,1.26,R
Beau Brieske,2024/6/7 00:00,2,2,2,3,2,2,53,4,0.729,1,2,1.33,MIL,,3.59,1.26,R
Beau Brieske,2024/6/11 00:00,1,2,2,2,0,1,12,4,0.684,1,2,1.33,WSH,,3.59,1.26,R
Beau Brieske,2024/6/14 00:00,1.2,0,0,0,0,2,15,3,0.741,0,1.4,1.33,HOU,,3.59,1.26,R
Beau Brieske,2024/6/18 00:00,2.1,0,0,0,0,2,32,4,0.724,0,1.43,0.67,ATL,,3.59,1.26,R
Beau Brieske,2024/6/21 00:00,2,0,0,1,0,0,28,3,0.618,1,1.77,0,CWS,,3.59,1.26,R
Beau Brieske,2024/6/24 00:00,1.1,0,0,0,0,4,26,3,0.75,1,1.73,0,PHI,,3.59,1.26,R
Beau Brieske,2024/6/27 00:00,1.1,0,0,1,0,2,25,3,0.671,0,1.4,0,LAA,,3.59,1.26,R
Beau Brieske,2024/6/29 00:00,0.2,2,2,2,1,0,17,2,0.671,0,0.8,0.67,LAA,,3.59,1.26,R
Beau Brieske,2024/7/2 00:00,1.1,1,1,2,2,1,26,3,0.726,0,0.8,1,MIN,,3.59,1.26,R
Beau Brieske,2024/7/6 00:00,2.1,2,2,1,2,5,40,4,0.693,0,1.13,1.67,CIN,,3.59,1.26,R
Beau Brieske,2024/7/9 00:00,2.2,0,0,1,1,3,30,3,0.703,1,1.8,1,CLE,,3.59,1.26,R
Beau Brieske,2024/7/12 00:00,0.2,1,1,2,0,1,23,3,0.781,1,1.5,1,LAD,,3.59,1.26,R
Beau Brieske,2024/7/14 00:00,1,2,3,4,0,0,27,2,0.781,1,1.13,1,LAD,,3.59,1.26,R
Beau Brieske,2024/7/19 00:00,0,2,2,3,0,0,14,5,0.703,0,0.4,1.67,TOR,,3.59,1.26,R
Beau Brieske,2024/7/21 00:00,1.2,0,0,2,0,5,28,2,0.703,0,0.73,1.33,TOR,,3.59,1.26,R
Beau Brieske,2024/7/24 00:00,1,1,1,1,2,0,19,3,0.703,0,0.73,1,CLE,,3.59,1.26,R
Beau Brieske,2024/7/27 00:00,1,0,0,0,0,0,6,3,0.726,1,1.07,0.33,MIN,,3.59,1.26,R
Beau Brieske,2024/7/29 00:00,0.2,3,3,5,0,1,30,2,0.703,1,0.73,1.33,CLE,,3.59,1.26,R
Beau Brieske,2024/8/2 00:00,1.2,0,0,3,0,2,29,4,0.71,1,0.8,1,KC,,3.59,1.26,R
Beau Brieske,2024/8/6 00:00,0.2,1,1,1,1,1,20,4,0.687,0,0.53,1.33,SEA,,3.59,1.26,R
Beau Brieske,2024/8/9 00:00,3,0,0,0,1,5,49,3,0.701,0,1.47,0.33,SF,,3.59,1.26,R
Beau Brieske,2024/8/14 00:00,1.1,0,0,2,1,2,37,5,0.687,1,1.43,0.33,SEA,,3.59,1.26,R
Beau Brieske,2024/8/16 00:00,1,1,1,1,2,1,30,2,0.761,1,1.7,0.33,NYY,,3.59,1.26,R
Beau Brieske,2024/8/18 00:00,1,0,1,1,0,1,7,2,0.761,1,1.03,0.33,NYY,,3.59,1.26,R
Beau Brieske,2024/8/21 00:00,2,0,0,1,0,3,32,3,0.71,0,1.33,0.33,CHC,,3.59,1.26,R
Beau Brieske,2024/8/25 00:00,1,2,2,2,1,0,25,4,0.618,0,1.33,0.67,CWS,,3.59,1.26,R
Beau Brieske,2024/8/26 00:00,1.1,1,1,1,0,0,20,1,0.618,0,1.37,1,CWS,,3.59,1.26,R
Beau Brieske,2024/8/28 00:00,1.2,0,0,1,0,2,18,2,0.671,1,1.1,1,LAA,,3.59,1.26,R
Beau Brieske,2024/9/1 00:00,1.1,0,0,0,2,1,23,4,0.741,1,1.13,0.33,BOS,,3.59,1.26,R
Beau Brieske,2024/9/4 00:00,1,0,0,1,2,0,18,3,0.745,0,1.1,0,SD,,3.59,1.26,R
Beau Brieske,2024/9/6 00:00,1.1,0,2,2,1,1,22,2,0.694,0,1.07,0,OAK,,3.59,1.26,R
Beau Brieske,2024/9/8 00:00,1,0,0,0,2,2,31,2,0.694,0,1.03,0,OAK,,3.59,1.26,R
Beau Brieske,2024/9/13 00:00,1.1,0,0,0,0,1,16,5,0.751,1,1.07,0,BAL,,3.59,1.26,R
Beau Brieske,2024/9/14 00:00,1,0,0,0,2,1,23,1,0.751,1,1.03,0,BAL,,3.59,1.26,R
Beau Brieske,2024/9/16 00:00,1,0,0,1,1,1,13,2,0.71,0,1.03,0,KC,,3.59,1.26,R
Beau Brieske,2024/9/17 00:00,1,0,0,0,0,3,19,1,0.71,0,1,0,KC,,3.59,1.26,R
Beau Brieske,2024/9/21 00:00,2,0,0,0,1,1,23,4,0.751,0,1.33,0,BAL,,3.59,1.26,R
Beau Brieske,2024/9/24 00:00,2,1,1,1,0,3,23,3,0.669,1,1.67,0.33,TB,,3.59,1.26,R
Beau Brieske,2024/9/26 00:00,2,0,0,0,0,0,23,2,0.669,1,2,0.33,TB,,3.59,1.26,R
Beau Brieske,2024/9/28 00:00,2,1,1,1,0,1,31,2,0.618,1,2,0.67,CWS,,3.59,1.26,R
Beau Brieske,2024/10/1 00:00,0.2,0,0,0,1,0,17,3,0.741,0,1.4,0.33,HOU,,3.59,1.26,R
Beau Brieske,2024/10/2 00:00,1.2,0,0,0,1,1,14,1,0.741,0,1.13,0.33,HOU,,3.59,1.26,R
Beau Brieske,2024/10/7 00:00,1,0,0,0,0,2,12,5,0.703,0,0.8,0,CLE,,3.59,1.26,R
Beau Brieske,2024/10/9 00:00,2,0,0,0,0,3,27,2,0.703,1,1.4,0,CLE,,3.59,1.26,R
Beau Brieske,2024/10/10 00:00,0.1,1,1,1,0,0,12,1,0.703,1,1.03,0.33,CLE,,3.59,1.26,R
Beau Brieske,2024/10/12 00:00,0.1,0,0,0,0,0,5,2,0.703,0,0.73,0.33,CLE,,3.59,1.26,R
Ben Brown,2024/3/30 00:00,1.2,6,6,5,2,1,44,5,0.686,0,1.2,6,TEX,,3.58,1.08,R
Ben Brown,2024/4/3 00:00,4,1,1,3,1,5,52,4,0.704,1,2.6,3.5,COL,,3.58,1.08,R
Ben Brown,2024/4/9 00:00,4.2,0,0,3,1,5,77,6,0.745,0,3.13,2.33,SD,,3.58,1.08,R
Ben Brown,2024/4/15 00:00,6,1,1,1,2,4,84,6,0.777,0,4.73,0.67,AZ,,3.58,1.08,R
Ben Brown,2024/4/20 00:00,2,0,0,2,0,3,27,5,0.678,1,4.07,0.33,MIA,,3.58,1.08,R
Ben Brown,2024/4/23 00:00,1,0,0,0,0,0,7,3,0.741,1,3,0.33,HOU,,3.58,1.08,R
Ben Brown,2024/4/27 00:00,3.2,3,3,7,0,4,61,4,0.741,0,2.07,1,BOS,,3.58,1.08,R
Ben Brown,2024/5/2 00:00,4.2,2,2,3,5,5,89,5,0.734,0,2.8,1.67,NYM,,3.58,1.08,R
Ben Brown,2024/5/10 00:00,3.2,0,0,2,1,6,38,8,0.672,0,3.53,1.67,PIT,,3.58,1.08,R
Ben Brown,2024/5/15 00:00,2,1,1,4,0,3,28,5,0.724,0,3.13,1,ATL,,3.58,1.08,R
Ben Brown,2024/5/19 00:00,2,0,0,1,1,3,42,4,0.672,1,2.4,0.33,PIT,,3.58,1.08,R
Ben Brown,2024/5/23 00:00,4,0,0,1,2,6,66,4,0.724,1,2.67,0.33,ATL,,3.58,1.08,R
Ben Brown,2024/5/28 00:00,7,0,0,0,2,10,93,5,0.729,0,4.33,0,MIL,,3.58,1.08,R
Ben Brown,2024/6/2 00:00,5,5,5,6,1,6,76,5,0.693,1,5.33,1.67,CIN,,3.58,1.08,R
Ben Brown,2024/6/8 00:00,4,3,3,3,1,3,65,6,0.693,0,5.33,2.67,CIN,,3.58,1.08,R
Ben Joyce,2024/6/5 00:00,1,0,0,1,0,0,17,5,0.745,1,1,0,SD,,2.08,1.15,R
Ben Joyce,2024/6/8 00:00,0.1,2,2,4,0,0,20,3,0.741,1,0.55,1,HOU,,2.08,1.15,R
Ben Joyce,2024/6/11 00:00,0.2,3,3,3,1,1,22,3,0.777,0,0.43,1.67,AZ,,2.08,1.15,R
Ben Joyce,2024/6/14 00:00,1.2,0,0,0,2,1,27,3,0.701,0,0.5,1.67,SF,,2.08,1.15,R
Ben Joyce,2024/6/16 00:00,2,0,0,1,1,3,42,2,0.701,0,1.13,1,SF,,2.08,1.15,R
Ben Joyce,2024/6/21 00:00,2,0,0,0,0,2,18,5,0.781,0,1.73,0,LAD,,2.08,1.15,R
Ben Joyce,2024/6/24 00:00,1,0,0,1,1,2,21,3,0.694,1,1.67,0,OAK,,2.08,1.15,R
Ben Joyce,2024/6/25 00:00,0.2,0,0,0,1,0,10,1,0.694,1,1.07,0,OAK,,2.08,1.15,R
Ben Joyce,2024/6/27 00:00,1,0,0,0,0,0,9,2,0.685,1,0.73,0,DET,,2.08,1.15,R
Ben Joyce,2024/6/29 00:00,1,0,0,0,0,1,14,2,0.685,1,0.73,0,DET,,2.08,1.15,R
Ben Joyce,2024/7/6 00:00,1,0,0,1,0,2,14,7,0.71,0,1,0,CHC,,2.08,1.15,R
Ben Joyce,2024/7/9 00:00,2,0,0,1,0,0,22,3,0.686,1,1.33,0,TEX,,2.08,1.15,R
Ben Joyce,2024/7/12 00:00,1,0,0,0,0,1,16,3,0.687,1,1.33,0,SEA,,2.08,1.15,R
Ben Joyce,2024/7/13 00:00,1,0,0,1,0,3,18,1,0.687,1,1.33,0,SEA,,2.08,1.15,R
Ben Joyce,2024/7/21 00:00,0.2,0,0,1,2,0,16,8,0.694,0,0.73,0,OAK,,2.08,1.15,R
Ben Joyce,2024/7/23 00:00,0.1,0,0,0,1,0,7,2,0.687,0,0.43,0,SEA,,2.08,1.15,R
Ben Joyce,2024/7/25 00:00,2,0,0,1,1,0,37,2,0.694,1,0.77,0,OAK,,2.08,1.15,R
Ben Joyce,2024/7/28 00:00,2,0,0,0,0,3,25,3,0.694,1,1.37,0,OAK,,2.08,1.15,R
Ben Joyce,2024/7/30 00:00,1,0,0,0,0,0,6,2,0.704,1,1.67,0,COL,,2.08,1.15,R
Ben Joyce,2024/8/1 00:00,1,0,0,1,1,1,19,2,0.704,1,1.33,0,COL,,2.08,1.15,R
Ben Joyce,2024/8/3 00:00,1.1,0,0,0,0,1,15,2,0.734,1,1.03,0,NYM,,2.08,1.15,R
Ben Joyce,2024/8/8 00:00,1,1,1,1,1,2,19,5,0.761,0,1.03,0.33,NYY,,2.08,1.15,R
Ben Joyce,2024/8/9 00:00,0,0,0,1,0,0,6,1,0.684,0,0.7,0.33,WSH,,2.08,1.15,R
Ben Joyce,2024/8/11 00:00,1,2,2,3,2,0,29,2,0.684,0,0.67,1,WSH,,2.08,1.15,R
Ben Joyce,2024/8/16 00:00,1.2,0,0,1,0,1,14,5,0.724,1,0.73,0.67,ATL,,2.08,1.15,R
Ben Joyce,2024/8/20 00:00,1,0,0,0,0,2,11,4,0.71,0,1.07,0.67,KC,,2.08,1.15,R
Ben Joyce,2024/8/23 00:00,1,0,0,1,0,1,15,3,0.703,0,1.07,0,TOR,,2.08,1.15,R
Ben Joyce,2024/8/29 00:00,1.1,0,0,1,0,2,16,6,0.685,0,1.03,0,DET,,2.08,1.15,R
Ben Joyce,2024/8/31 00:00,1,0,0,1,0,1,15,2,0.687,1,1.03,0,SEA,,2.08,1.15,R
Ben Joyce,2024/9/1 00:00,1,0,0,1,0,1,11,1,0.687,1,1.03,0,SEA,,2.08,1.15,R
Ben Joyce,2024/9/3 00:00,1,0,0,0,0,2,10,2,0.781,1,1,0,LAD,,2.08,1.15,R
Ben Lively,2024/4/17 00:00,5,2,2,3,1,7,79,5,0.741,0,5,2,BOS,,3.81,1.25,R
Ben Lively,2024/4/23 00:00,6.1,1,1,5,0,7,89,6,0.741,1,5.55,1.5,BOS,,3.81,1.25,R
Ben Lively,2024/4/28 00:00,4.1,1,1,4,2,5,88,5,0.724,0,5.07,1.33,ATL,,3.81,1.25,R
Ben Lively,2024/5/4 00:00,6,1,1,4,3,5,85,6,0.671,1,5.4,1,LAA,,3.81,1.25,R
Ben Lively,2024/5/9 00:00,5.2,3,3,8,3,2,98,5,0.618,0,5.1,1.67,CWS,,3.81,1.25,R
Ben Lively,2024/5/14 00:00,5,3,3,5,3,5,88,5,0.686,0,5.4,2.33,TEX,,3.81,1.25,R
Ben Lively,2024/5/20 00:00,5.2,1,1,6,0,7,88,6,0.734,1,5.13,2.33,NYM,,3.81,1.25,R
Ben Lively,2024/5/26 00:00,7,2,2,4,2,5,92,6,0.671,0,5.73,2,LAA,,3.81,1.25,R
Ben Lively,2024/6/1 00:00,5.2,2,2,5,1,4,86,6,0.684,1,5.8,1.67,WSH,,3.81,1.25,R
Ben Lively,2024/6/8 00:00,5,0,0,3,0,1,65,7,0.678,0,5.73,1.33,MIA,,3.81,1.25,R
Ben Lively,2024/6/16 00:00,4,4,4,6,3,4,88,8,0.703,0,4.73,2,TOR,,3.81,1.25,R
Ben Lively,2024/6/22 00:00,5.2,2,2,3,2,4,82,6,0.703,1,4.73,2,TOR,,3.81,1.25,R
Ben Lively,2024/6/27 00:00,6,2,2,6,1,5,76,5,0.71,0,5.07,2.67,KC,,3.81,1.25,R
Ben Lively,2024/7/4 00:00,6,3,3,6,1,6,93,7,0.618,1,5.73,2.33,CWS,,3.81,1.25,R
Ben Lively,2024/7/9 00:00,5.1,6,6,7,1,4,80,5,0.685,0,5.7,3.67,DET,,3.81,1.25,R
Ben Lively,2024/7/14 00:00,5.1,2,2,3,2,7,76,5,0.669,0,5.4,3.67,TB,,3.81,1.25,R
Ben Lively,2024/7/21 00:00,5.1,2,2,6,2,2,97,7,0.745,1,5.1,3.33,SD,,3.81,1.25,R
Ben Lively,2024/7/26 00:00,6,1,1,3,2,6,90,5,0.75,0,5.4,1.67,PHI,,3.81,1.25,R
Ben Lively,2024/8/1 00:00,6,2,2,4,1,4,90,6,0.751,1,5.7,1.67,BAL,,3.81,1.25,R
Ben Lively,2024/8/7 00:00,5,4,4,4,4,2,93,6,0.777,1,5.67,2.33,AZ,,3.81,1.25,R
Ben Lively,2024/8/12 00:00,3.2,3,3,5,4,1,79,5,0.71,1,4.73,3,CHC,,3.81,1.25,R
Ben Lively,2024/8/18 00:00,6,2,2,5,2,5,80,6,0.729,0,4.73,3,MIL,,3.81,1.25,R
Ben Lively,2024/8/24 00:00,6.2,2,3,5,1,4,105,6,0.686,1,5.13,2.33,TEX,,3.81,1.25,R
Ben Lively,2024/8/30 00:00,4.1,6,6,9,1,3,94,6,0.672,1,5.43,3.33,PIT,,3.81,1.25,R
Ben Lively,2024/9/4 00:00,4,4,4,7,1,3,78,5,0.71,0,4.77,4,KC,,3.81,1.25,R
Ben Lively,2024/9/10 00:00,2,0,0,1,0,2,28,6,0.618,0,3.37,3.33,CWS,,3.81,1.25,R
Ben Lively,2024/9/15 00:00,5,0,0,4,1,2,59,5,0.669,1,3.67,1.33,TB,,3.81,1.25,R
Ben Lively,2024/9/20 00:00,5,1,1,3,1,2,68,5,0.703,0,4,0.33,STL,,3.81,1.25,R
Ben Lively,2024/9/28 00:00,4,2,4,5,4,4,92,8,0.741,1,4.67,1,HOU,,3.81,1.25,R
Ben Lively,2024/10/15 00:00,1.1,0,0,1,1,2,26,17,0.761,0,3.37,1,NYY,,3.81,1.25,R
Blair Henley,2024/4/8 00:00,0.1,5,5,4,3,0,39,5,0.686,0,0.1,5,TEX,,135,21,R
Blake Snell,2024/4/8 00:00,3,3,3,3,2,5,72,5,0.684,1,3,3,WSH,,3.12,1.05,L
Blake Snell,2024/4/14 00:00,4,7,7,6,2,4,78,6,0.669,0,3.5,5,TB,,3.12,1.05,L
Blake Snell,2024/4/19 00:00,4.2,5,5,9,1,3,85,5,0.777,1,3.73,5,AZ,,3.12,1.05,L
Blake Snell,2024/5/22 00:00,3.1,4,4,4,4,5,87,33,0.672,0,3.77,5.33,PIT,,3.12,1.05,L
Blake Snell,2024/5/27 00:00,4,3,4,5,2,7,90,5,0.75,1,3.77,4,PHI,,3.12,1.05,L
Blake Snell,2024/6/2 00:00,4.2,3,3,5,3,7,97,6,0.761,1,3.77,3.33,NYY,,3.12,1.05,L
Blake Snell,2024/7/9 00:00,5,0,0,1,3,3,73,37,0.703,1,4.4,2,TOR,,3.12,1.05,L
Blake Snell,2024/7/14 00:00,7,0,0,1,0,8,80,5,0.726,1,5.4,1,MIN,,3.12,1.05,L
Blake Snell,2024/7/22 00:00,6,2,2,4,2,4,84,8,0.781,0,6,0.67,LAD,,3.12,1.05,L
Blake Snell,2024/7/27 00:00,6,0,0,2,2,15,103,5,0.704,1,6.33,0.67,COL,,3.12,1.05,L
Blake Snell,2024/8/2 00:00,9,0,0,0,3,11,114,6,0.693,0,7,0.67,CIN,,3.12,1.05,L
Blake Snell,2024/8/7 00:00,6,3,3,4,1,8,93,5,0.684,0,7,1,WSH,,3.12,1.05,L
Blake Snell,2024/8/12 00:00,6.1,0,0,2,3,11,114,5,0.724,1,7.03,1,ATL,,3.12,1.05,L
Blake Snell,2024/8/18 00:00,7,1,1,6,2,10,109,6,0.694,0,6.37,1.33,OAK,,3.12,1.05,L
Blake Snell,2024/8/24 00:00,3,2,2,0,6,5,74,6,0.687,0,5.37,1,SEA,,3.12,1.05,L
Blake Snell,2024/8/30 00:00,7,1,1,4,1,8,96,6,0.678,1,5.67,1.33,MIA,,3.12,1.05,L
Blake Snell,2024/9/5 00:00,1,1,2,2,2,2,42,6,0.777,1,3.67,1.33,AZ,,3.12,1.05,L
Blake Snell,2024/9/11 00:00,5,1,1,4,2,8,95,6,0.729,1,4.33,1,MIL,,3.12,1.05,L
Blake Snell,2024/9/17 00:00,6,0,0,1,2,12,98,6,0.751,0,4,0.67,BAL,,3.12,1.05,L
Blake Snell,2024/9/22 00:00,6,0,0,2,1,9,88,5,0.71,0,5.67,0.33,KC,,3.12,1.05,L
Blake Walston,2024/5/1 00:00,3.2,2,2,3,4,5,79,5,0.781,1,3.2,2,LAD,,4.42,1.42,L
Blake Walston,2024/5/26 00:00,4.2,0,0,4,1,4,65,25,0.678,1,3.7,1,MIA,,4.42,1.42,L
Blake Walston,2024/6/4 00:00,4.1,2,2,2,4,2,88,9,0.701,1,3.83,1.33,SF,,4.42,1.42,L
Blake Walston,2024/9/15 00:00,0.1,0,0,0,0,1,7,103,0.729,1,2.8,0.67,MIL,,4.42,1.42,L
Blake Walston,2024/9/17 00:00,2,2,3,3,1,4,46,2,0.704,0,2.07,1.33,COL,,4.42,1.42,L
Blake Walston,2024/9/23 00:00,1,0,0,0,0,1,10,6,0.701,1,1.03,0.67,SF,,4.42,1.42,L
Blake Walston,2024/9/24 00:00,2.1,3,5,4,0,1,48,1,0.701,1,1.7,1.67,SF,,4.42,1.42,L
Bobby Miller,2024/3/29 00:00,6,0,0,2,1,11,93,5,0.703,1,6,0,STL,,8.52,1.77,R
Bobby Miller,2024/4/5 00:00,1.2,5,5,4,2,3,58,7,0.71,0,3.6,2.5,CHC,,8.52,1.77,R
Bobby Miller,2024/4/10 00:00,4,2,2,5,3,4,73,5,0.726,0,3.73,2.33,MIN,,8.52,1.77,R
Bobby Miller,2024/6/19 00:00,6.1,5,5,6,3,2,79,70,0.704,0,3.77,4,COL,,8.52,1.77,R
Bobby Miller,2024/6/25 00:00,2,3,3,4,3,1,60,6,0.618,0,4.03,3.33,CWS,,8.52,1.77,R
Bobby Miller,2024/7/2 00:00,5,2,2,4,3,4,90,7,0.777,1,4.37,3.33,AZ,,8.52,1.77,R
Bobby Miller,2024/7/9 00:00,4,9,9,10,3,2,87,7,0.75,0,3.67,4.67,PHI,,8.52,1.77,R
Bobby Miller,2024/8/17 00:00,4.2,4,4,8,1,1,91,39,0.703,0,4.4,5,STL,,8.52,1.77,R
Bobby Miller,2024/8/23 00:00,6,3,3,7,0,9,96,6,0.669,1,4.73,5.33,TB,,8.52,1.77,R
Bobby Miller,2024/8/29 00:00,5,3,3,2,3,3,86,6,0.751,1,5.07,3.33,BAL,,8.52,1.77,R
Bobby Miller,2024/9/4 00:00,5,7,7,5,3,8,85,6,0.671,0,5.33,4.33,LAA,,8.52,1.77,R
Bobby Miller,2024/9/11 00:00,4.1,6,6,5,4,2,90,7,0.71,1,4.7,5.33,CHC,,8.52,1.77,R
Bobby Miller,2024/9/17 00:00,2,4,4,7,1,2,65,6,0.678,0,3.7,5.67,MIA,,8.52,1.77,R
Bowden Francis,2024/4/1 00:00,5.1,7,7,10,1,7,79,5,0.741,0,5.1,7,HOU,,3.3,0.93,R
Bowden Francis,2024/4/7 00:00,3,5,5,2,3,5,77,6,0.761,0,4.05,6,NYY,,3.3,0.93,R
Bowden Francis,2024/4/13 00:00,2.1,2,2,3,2,3,46,6,0.704,1,3.4,4.67,COL,,3.3,0.93,R
Bowden Francis,2024/4/19 00:00,2,0,0,1,1,2,27,6,0.745,0,2.37,2.33,SD,,3.3,0.93,R
Bowden Francis,2024/4/24 00:00,2,0,0,2,0,0,20,5,0.71,0,2.03,0.67,KC,,3.3,0.93,R
Bowden Francis,2024/6/4 00:00,3.1,4,4,5,0,2,57,41,0.751,1,2.37,1.33,BAL,,3.3,0.93,R
Bowden Francis,2024/6/9 00:00,4,0,0,3,1,3,49,5,0.694,0,3.03,1.33,OAK,,3.3,0.93,R
Bowden Francis,2024/6/15 00:00,4,0,0,4,0,2,68,6,0.703,1,3.7,1.33,CLE,,3.3,0.93,R
Bowden Francis,2024/6/19 00:00,1,0,0,0,0,0,12,4,0.741,1,3,0,BOS,,3.3,0.93,R
Bowden Francis,2024/6/21 00:00,3.2,0,2,2,2,4,74,2,0.703,0,2.73,0,CLE,,3.3,0.93,R
Bowden Francis,2024/6/27 00:00,1,0,0,1,0,1,18,6,0.761,1,1.73,0,NYY,,3.3,0.93,R
Bowden Francis,2024/6/28 00:00,1,2,2,3,0,0,21,1,0.761,1,1.73,0.67,NYY,,3.3,0.93,R
Bowden Francis,2024/6/30 00:00,1,0,0,1,0,0,14,2,0.761,1,1,0.67,NYY,,3.3,0.93,R
Bowden Francis,2024/7/3 00:00,2,3,3,3,2,2,43,3,0.741,1,1.33,1.67,HOU,,3.3,0.93,R
Bowden Francis,2024/7/10 00:00,1,2,2,2,0,2,18,7,0.701,0,1.33,1.67,SF,,3.3,0.93,R
Bowden Francis,2024/7/13 00:00,2,0,0,1,2,1,40,3,0.777,0,1.67,1.67,AZ,,3.3,0.93,R
Bowden Francis,2024/7/29 00:00,5.2,3,3,6,1,2,76,16,0.751,0,2.73,1.67,BAL,,3.3,0.93,R
Bowden Francis,2024/8/4 00:00,0.1,0,1,1,0,0,5,6,0.761,0,2.43,1,NYY,,3.3,0.93,R
Bowden Francis,2024/8/7 00:00,5,2,2,3,1,7,81,3,0.751,1,3.43,1.67,BAL,,3.3,0.93,R
Bowden Francis,2024/8/12 00:00,7,1,1,1,0,8,81,5,0.671,0,4.03,1,LAA,,3.3,0.93,R
Bowden Francis,2024/8/18 00:00,7,0,0,3,0,7,95,6,0.71,0,6.33,1,CHC,,3.3,0.93,R
Bowden Francis,2024/8/24 00:00,8,1,1,1,3,12,117,6,0.671,1,7.33,0.67,LAA,,3.3,0.93,R
Bowden Francis,2024/8/29 00:00,7,0,0,1,0,5,70,5,0.741,0,7.33,0.33,BOS,,3.3,0.93,R
Bowden Francis,2024/9/4 00:00,6,3,3,6,0,6,89,6,0.75,1,7,1.33,PHI,,3.3,0.93,R
Bowden Francis,2024/9/11 00:00,8,1,1,1,1,1,111,7,0.734,1,7,1.33,NYM,,3.3,0.93,R
Bowden Francis,2024/9/18 00:00,6,2,2,5,1,6,100,7,0.686,0,6.67,2,TEX,,3.3,0.93,R
Bowden Francis,2024/9/24 00:00,5,0,0,3,1,4,71,6,0.741,1,6.33,1,BOS,,3.3,0.93,R
Bradley Blalock,2024/6/20 00:00,1,0,0,0,1,0,23,5,0.745,0,1,0,SD,,5.87,1.79,R
Bradley Blalock,2024/8/12 00:00,5.2,3,3,6,0,4,96,53,0.777,0,3.1,1.5,AZ,,5.87,1.79,R
Bradley Blalock,2024/8/18 00:00,5.2,1,1,6,3,2,87,6,0.745,1,3.8,1.33,SD,,5.87,1.79,R
Bradley Blalock,2024/8/24 00:00,5.1,2,2,5,4,5,96,6,0.761,0,5.17,2,NYY,,5.87,1.79,R
Bradley Blalock,2024/8/29 00:00,4,6,7,9,1,3,72,5,0.678,1,4.77,3,MIA,,5.87,1.79,R
Bradley Blalock,2024/9/4 00:00,5,4,4,4,6,2,96,6,0.724,0,4.7,4,ATL,,5.87,1.79,R
Bradley Blalock,2024/9/10 00:00,4,4,5,5,5,4,83,6,0.685,0,4.33,4.67,DET,,5.87,1.79,R
Brady Basso,2024/5/31 00:00,1,0,0,0,0,1,8,5,0.724,0,1,0,ATL,,4.03,1.25,L
Brady Basso,2024/6/2 00:00,0.1,0,0,0,0,0,4,2,0.724,0,0.55,0,ATL,,4.03,1.25,L
Brady Basso,2024/6/16 00:00,2,2,2,3,0,2,29,14,0.726,0,1.03,0.67,MIN,,4.03,1.25,L
Brady Basso,2024/9/7 00:00,6,0,0,3,1,6,85,83,0.685,1,2.7,0.67,DET,,4.03,1.25,L
Brady Basso,2024/9/13 00:00,5.1,0,0,5,1,2,77,6,0.618,0,4.37,0.67,CWS,,4.03,1.25,L
Brady Basso,2024/9/18 00:00,4.2,3,3,6,2,5,93,5,0.71,0,5.1,1,CHC,,4.03,1.25,L
Brady Basso,2024/9/25 00:00,3,5,5,6,1,3,54,7,0.686,1,4.1,2.67,TEX,,4.03,1.25,L
Brady Singer,2024/3/31 00:00,7,0,0,3,1,10,99,5,0.726,1,7,0,MIN,,3.71,1.27,R
Brady Singer,2024/4/5 00:00,6.1,1,1,2,1,4,72,5,0.618,1,6.55,0.5,CWS,,3.71,1.27,R
Brady Singer,2024/4/11 00:00,5,1,1,5,2,4,87,6,0.741,1,6.03,0.67,HOU,,3.71,1.27,R
Brady Singer,2024/4/17 00:00,5,2,2,3,3,5,93,6,0.618,0,5.37,1.33,CWS,,3.71,1.27,R
Brady Singer,2024/4/22 00:00,6,5,5,5,3,5,107,5,0.703,1,5.33,2.67,TOR,,3.71,1.27,R
Brady Singer,2024/4/27 00:00,5,1,1,4,3,6,93,5,0.685,0,5.33,2.67,DET,,3.71,1.27,R
Brady Singer,2024/5/3 00:00,6,1,1,4,0,8,105,6,0.686,1,5.67,2.33,TEX,,3.71,1.27,R
Brady Singer,2024/5/8 00:00,5.1,1,1,5,2,4,89,5,0.729,1,5.37,1,MIL,,3.71,1.27,R
Brady Singer,2024/5/13 00:00,5,4,4,9,1,6,108,5,0.687,0,5.37,2,SEA,,3.71,1.27,R
Brady Singer,2024/5/19 00:00,6,1,1,6,1,9,89,6,0.694,1,5.37,2,OAK,,3.71,1.27,R
Brady Singer,2024/5/25 00:00,5,1,2,4,2,3,90,6,0.669,0,5.33,2,TB,,3.71,1.27,R
Brady Singer,2024/6/6 00:00,3.2,2,3,9,1,2,70,12,0.703,0,4.73,1.33,CLE,,3.71,1.27,R
Brady Singer,2024/6/11 00:00,5.2,6,7,7,1,6,103,5,0.761,1,4.47,3,NYY,,3.71,1.27,R
Brady Singer,2024/6/16 00:00,6,3,3,5,2,4,90,5,0.781,0,4.8,3.67,LAD,,3.71,1.27,R
Brady Singer,2024/6/21 00:00,5,1,1,3,2,4,89,5,0.686,0,5.4,3.33,TEX,,3.71,1.27,R
Brady Singer,2024/6/26 00:00,7.1,1,1,5,1,5,93,5,0.678,1,6.03,1.67,MIA,,3.71,1.27,R
Brady Singer,2024/7/2 00:00,5,1,1,3,3,4,88,6,0.669,1,5.7,1,TB,,3.71,1.27,R
Brady Singer,2024/7/7 00:00,7,1,1,6,2,7,86,5,0.704,0,6.37,1,COL,,3.71,1.27,R
Brady Singer,2024/7/14 00:00,2.2,4,4,8,1,3,74,7,0.741,0,4.73,2,BOS,,3.71,1.27,R
Brady Singer,2024/7/20 00:00,7,0,0,5,2,7,93,6,0.618,1,5.4,1.67,CWS,,3.71,1.27,R
Brady Singer,2024/7/26 00:00,7,0,0,2,2,5,99,6,0.71,1,5.4,1.33,CHC,,3.71,1.27,R
Brady Singer,2024/7/31 00:00,7,3,3,6,0,4,89,5,0.618,0,7,1,CWS,,3.71,1.27,R
Brady Singer,2024/8/5 00:00,5.2,4,4,10,1,6,107,5,0.741,1,6.4,2.33,BOS,,3.71,1.27,R
Brady Singer,2024/8/12 00:00,5,6,6,8,2,9,95,7,0.726,0,5.73,4.33,MIN,,3.71,1.27,R
Brady Singer,2024/8/18 00:00,6,0,0,5,1,6,94,6,0.693,0,5.4,3.33,CIN,,3.71,1.27,R
Brady Singer,2024/8/24 00:00,5,5,5,11,0,5,100,6,0.75,1,5.33,3.67,PHI,,3.71,1.27,R
Brady Singer,2024/8/29 00:00,6,2,2,5,1,6,101,5,0.741,0,5.67,2.33,HOU,,3.71,1.27,R
Brady Singer,2024/9/3 00:00,5.2,2,2,5,2,3,99,5,0.703,1,5.4,3,CLE,,3.71,1.27,R
Brady Singer,2024/9/9 00:00,5,3,3,5,3,3,92,6,0.761,0,5.4,2.33,NYY,,3.71,1.27,R
Brady Singer,2024/9/15 00:00,5,4,4,6,4,6,89,6,0.672,0,5.07,3,PIT,,3.71,1.27,R
Brady Singer,2024/9/21 00:00,5.1,6,6,7,1,6,88,6,0.701,1,5.03,4.33,SF,,3.71,1.27,R
Brady Singer,2024/9/27 00:00,6,2,2,4,3,5,98,6,0.724,0,5.37,4,ATL,,3.71,1.27,R
Brady Singer,2024/10/9 00:00,0.1,0,0,0,0,1,6,12,0.761,1,3.73,2.67,NYY,,3.71,1.27,R
Brad Keller,2024/4/29 00:00,1.2,0,0,0,2,1,31,5,0.726,1,1.2,0,MIN,,5.44,1.52,R
Brad Keller,2024/5/3 00:00,4.2,3,3,5,2,5,102,4,0.703,0,2.7,1.5,STL,,5.44,1.52,R
Brad Keller,2024/5/7 00:00,3,1,1,5,0,0,60,4,0.669,0,2.8,1.33,TB,,5.44,1.52,R
Brad Keller,2024/5/12 00:00,3.1,0,0,0,1,3,49,5,0.703,1,3.43,1.33,CLE,,5.44,1.52,R
Brad Keller,2024/5/18 00:00,4,5,6,7,1,4,84,6,0.761,0,3.37,2,NYY,,5.44,1.52,R
Brad Keller,2024/5/27 00:00,4,4,4,7,1,2,58,9,0.751,0,3.7,3,BAL,,5.44,1.52,R
Brad Keller,2024/6/1 00:00,2,2,2,2,0,2,26,5,0.685,1,3.33,3.67,DET,,5.44,1.52,R
Brad Keller,2024/6/5 00:00,1,0,0,0,0,0,13,4,0.724,1,2.33,2,ATL,,5.44,1.52,R
Brad Keller,2024/6/7 00:00,2,1,1,1,1,2,34,2,0.618,0,1.67,1,CWS,,5.44,1.52,R
Brad Keller,2024/6/9 00:00,0.2,0,0,0,0,1,12,2,0.618,0,1.07,0.33,CWS,,5.44,1.52,R
Brad Keller,2024/6/13 00:00,3,0,0,2,1,3,46,4,0.75,1,1.73,0.33,PHI,,5.44,1.52,R
Brad Keller,2024/6/17 00:00,1.2,0,0,1,1,0,29,4,0.703,0,1.47,0,TOR,,5.44,1.52,R
Brad Keller,2024/6/21 00:00,1.1,0,0,1,1,0,19,4,0.693,0,1.77,0,CIN,,5.44,1.52,R
Brad Keller,2024/6/23 00:00,1,3,3,4,0,1,31,2,0.693,0,1.1,1,CIN,,5.44,1.52,R
Brad Keller,2024/8/10 00:00,4,3,3,6,2,6,74,48,0.741,1,2.03,2,HOU,,5.44,1.52,R
Brad Keller,2024/8/26 00:00,4,3,5,7,2,2,75,16,0.703,1,3,3,TOR,,5.44,1.52,R
Brandon Hughes,2024/4/30 00:00,1,0,0,1,0,2,17,5,0.781,1,1,0,LAD,,8.15,1.92,L
Brandon Hughes,2024/5/1 00:00,1.1,0,0,1,1,2,28,1,0.781,1,1.05,0,LAD,,8.15,1.92,L
Brandon Hughes,2024/5/4 00:00,0.1,4,4,4,0,0,18,3,0.745,1,0.73,1.33,SD,,8.15,1.92,L
Brandon Hughes,2024/5/22 00:00,0.2,0,0,1,0,0,8,18,0.781,0,0.47,1.33,LAD,,8.15,1.92,L
Brandon Hughes,2024/5/26 00:00,1,0,0,0,0,2,17,4,0.678,1,0.43,1.33,MIA,,8.15,1.92,L
Brandon Hughes,2024/5/28 00:00,1,0,0,0,0,2,18,2,0.686,0,0.73,0,TEX,,8.15,1.92,L
Brandon Hughes,2024/5/30 00:00,1.2,1,1,1,1,2,27,2,0.734,0,1.07,0.33,NYM,,8.15,1.92,L
Brandon Hughes,2024/6/1 00:00,1.2,4,4,6,1,0,43,2,0.734,0,1.13,1.67,NYM,,8.15,1.92,L
Brandon Hughes,2024/6/5 00:00,2,3,3,4,3,1,50,4,0.701,1,1.47,2.67,SF,,8.15,1.92,L
Brandon Hughes,2024/6/23 00:00,1.1,0,0,1,0,3,24,18,0.75,0,1.43,2.33,PHI,,8.15,1.92,L
Brandon Hughes,2024/6/26 00:00,1,1,1,1,1,3,16,3,0.726,1,1.37,1.33,MIN,,8.15,1.92,L
Brandon Hughes,2024/6/28 00:00,1,3,3,3,0,1,26,2,0.694,1,1.03,1.33,OAK,,8.15,1.92,L
Brandon Hughes,2024/9/14 00:00,1.1,0,0,0,1,1,25,78,0.729,1,1.03,1.33,MIL,,8.15,1.92,L
Brandon Hughes,2024/9/23 00:00,1,0,0,0,1,1,17,9,0.701,1,1.03,1,SF,,8.15,1.92,L
Brandon Hughes,2024/9/24 00:00,1.1,0,0,1,1,1,16,1,0.701,1,1.07,0,SF,,8.15,1.92,L
Brandon Pfaadt,2024/3/31 00:00,5,1,1,5,0,6,87,5,0.704,1,5,1,COL,,4.71,1.24,R
Brandon Pfaadt,2024/4/6 00:00,5.2,5,5,8,1,7,87,6,0.724,0,5.1,3,ATL,,4.71,1.24,R
Brandon Pfaadt,2024/4/12 00:00,6,6,6,7,2,4,99,6,0.703,1,5.4,4,STL,,4.71,1.24,R
Brandon Pfaadt,2024/4/17 00:00,7,2,3,6,0,6,94,5,0.71,1,6.07,4.33,CHC,,4.71,1.24,R
Brandon Pfaadt,2024/4/22 00:00,5.1,2,2,2,3,4,80,5,0.703,0,6.03,3.33,STL,,4.71,1.24,R
Brandon Pfaadt,2024/4/28 00:00,6,2,2,5,0,11,96,6,0.687,0,6.03,2,SEA,,4.71,1.24,R
Brandon Pfaadt,2024/5/4 00:00,6,3,5,10,0,4,89,6,0.745,1,5.7,2.33,SD,,4.71,1.24,R
Brandon Pfaadt,2024/5/10 00:00,6,3,3,5,2,0,88,6,0.751,0,6,2.67,BAL,,4.71,1.24,R
Brandon Pfaadt,2024/5/15 00:00,7,1,1,2,2,9,93,5,0.693,1,6.33,2.33,CIN,,4.71,1.24,R
Brandon Pfaadt,2024/5/21 00:00,6,2,3,4,1,7,94,6,0.781,0,6.33,2,LAD,,4.71,1.24,R
Brandon Pfaadt,2024/5/28 00:00,7,4,4,6,1,5,91,7,0.686,0,6.67,2.33,TEX,,4.71,1.24,R
Brandon Pfaadt,2024/6/2 00:00,6,4,4,5,2,8,91,5,0.734,0,6.33,3.33,NYM,,4.71,1.24,R
Brandon Pfaadt,2024/6/7 00:00,5.1,5,5,9,1,5,94,5,0.745,0,6.03,4.33,SD,,4.71,1.24,R
Brandon Pfaadt,2024/6/13 00:00,6,1,1,6,3,8,103,6,0.671,1,5.7,3.33,LAA,,4.71,1.24,R
Brandon Pfaadt,2024/6/19 00:00,6.1,3,3,5,4,0,77,6,0.684,0,5.73,3,WSH,,4.71,1.24,R
Brandon Pfaadt,2024/6/25 00:00,6.1,4,4,5,2,2,80,6,0.726,1,6.07,2.67,MIN,,4.71,1.24,R
Brandon Pfaadt,2024/6/30 00:00,6,1,1,5,2,8,82,5,0.694,1,6.07,2.67,OAK,,4.71,1.24,R
Brandon Pfaadt,2024/7/6 00:00,4.1,1,1,7,0,6,62,6,0.745,0,5.4,2,SD,,4.71,1.24,R
Brandon Pfaadt,2024/7/11 00:00,6,0,0,3,0,4,87,5,0.724,1,5.37,0.67,ATL,,4.71,1.24,R
Brandon Pfaadt,2024/7/21 00:00,7,0,0,1,1,7,94,10,0.71,0,5.7,0.33,CHC,,4.71,1.24,R
Brandon Pfaadt,2024/7/27 00:00,6,5,5,7,0,4,78,6,0.672,1,6.33,1.67,PIT,,4.71,1.24,R
Brandon Pfaadt,2024/8/2 00:00,5,3,3,7,1,3,96,6,0.672,0,6,2.67,PIT,,4.71,1.24,R
Brandon Pfaadt,2024/8/7 00:00,6.1,2,2,4,1,6,81,5,0.703,0,5.7,3.33,CLE,,4.71,1.24,R
Brandon Pfaadt,2024/8/12 00:00,7,4,4,8,0,11,94,5,0.704,1,6.03,3,COL,,4.71,1.24,R
Brandon Pfaadt,2024/8/19 00:00,5.1,4,4,9,2,4,90,7,0.678,0,6.07,3.33,MIA,,4.71,1.24,R
Brandon Pfaadt,2024/8/27 00:00,4.2,6,8,8,1,6,98,8,0.734,1,5.43,4.67,NYM,,4.71,1.24,R
Brandon Pfaadt,2024/9/1 00:00,5.2,3,3,8,2,10,98,5,0.781,1,4.83,4.33,LAD,,4.71,1.24,R
Brandon Pfaadt,2024/9/6 00:00,4.2,4,4,8,2,5,88,5,0.741,0,4.53,4.33,HOU,,4.71,1.24,R
Brandon Pfaadt,2024/9/14 00:00,1.2,8,8,7,3,0,58,8,0.729,1,3.53,5,MIL,,4.71,1.24,R
Brandon Pfaadt,2024/9/19 00:00,7,1,1,2,0,12,104,5,0.729,0,4.13,4.33,MIL,,4.71,1.24,R
Brandon Pfaadt,2024/9/24 00:00,2.2,4,5,6,2,4,62,5,0.701,1,3.47,4.33,SF,,4.71,1.24,R
Brandon Pfaadt,2024/9/29 00:00,5.1,1,2,3,1,9,79,5,0.745,1,4.77,2,SD,,4.71,1.24,R
Brandon Williamson,2024/9/1 00:00,3.1,1,2,3,0,5,66,5,0.729,1,3.1,1,MIL,,3.77,1.05,L
Brandon Williamson,2024/9/6 00:00,4.2,1,1,1,1,1,60,5,0.734,0,3.65,1,NYM,,3.77,1.05,L
Brandon Williamson,2024/9/11 00:00,5,1,1,3,2,5,82,5,0.703,0,4.1,1,STL,,3.77,1.05,L
Brandon Williamson,2024/9/17 00:00,1.1,3,3,3,2,1,44,6,0.724,1,3.43,1.67,ATL,,3.77,1.05,L
Brant Hurter,2024/8/4 00:00,3,0,0,2,0,3,36,5,0.71,1,3,0,KC,,2.58,0.88,L
Brant Hurter,2024/8/10 00:00,5,3,3,4,1,5,76,6,0.701,0,4,1.5,SF,,2.58,0.88,L
Brant Hurter,2024/8/16 00:00,6,2,2,4,0,5,78,6,0.761,1,4.67,1.67,NYY,,2.58,0.88,L
Brant Hurter,2024/8/21 00:00,3.2,2,2,3,0,4,57,5,0.71,0,4.73,2.33,CHC,,2.58,0.88,L
Brant Hurter,2024/8/27 00:00,5,2,2,4,2,4,80,6,0.671,1,4.73,2,LAA,,2.58,0.88,L
Brant Hurter,2024/9/1 00:00,5,1,1,6,0,5,80,5,0.741,1,4.4,1.67,BOS,,2.58,0.88,L
Brant Hurter,2024/9/7 00:00,5.1,1,1,4,1,3,67,6,0.694,0,5.03,1.33,OAK,,2.58,0.88,L
Brant Hurter,2024/9/13 00:00,5.2,0,0,0,1,8,71,6,0.751,1,5.1,0.67,BAL,,2.58,0.88,L
Brant Hurter,2024/9/21 00:00,2.2,1,1,5,1,0,47,8,0.751,0,4.17,0.67,BAL,,2.58,0.88,L
Brant Hurter,2024/9/27 00:00,4,1,1,2,0,1,53,6,0.618,1,3.8,0.67,CWS,,2.58,0.88,L
Brant Hurter,2024/10/2 00:00,1.2,0,0,2,1,0,29,5,0.741,0,2.47,0.67,HOU,,2.58,0.88,L
Brant Hurter,2024/10/9 00:00,3.1,0,0,5,1,1,56,7,0.703,1,2.77,0.33,CLE,,2.58,0.88,L
Braxton Garrett,2024/5/12 00:00,5.1,5,5,5,2,8,81,5,0.75,1,5.1,5,PHI,,5.35,1.19,L
Braxton Garrett,2024/5/18 00:00,4.1,6,6,7,1,5,90,6,0.734,1,4.6,5.5,NYM,,5.35,1.19,L
Braxton Garrett,2024/5/24 00:00,9,0,0,4,0,6,95,6,0.777,0,6.07,3.67,AZ,,5.35,1.19,L
Braxton Garrett,2024/5/29 00:00,5,1,1,6,0,2,88,5,0.745,0,6.03,2.33,SD,,5.35,1.19,L
Braxton Garrett,2024/6/5 00:00,2.2,5,5,6,1,3,53,7,0.669,1,5.4,2,TB,,5.35,1.19,L
Braxton Garrett,2024/6/12 00:00,4.2,4,6,7,0,4,89,7,0.734,0,3.8,3.33,NYM,,5.35,1.19,L
Braxton Garrett,2024/6/17 00:00,6,1,1,5,0,6,93,5,0.703,1,4.13,3.33,STL,,5.35,1.19,L
Brayan Bello,2024/3/28 00:00,5,2,2,5,0,2,84,5,0.687,0,5,2,SEA,,4.49,1.36,R
Brayan Bello,2024/4/2 00:00,5,4,4,5,1,6,87,5,0.694,0,5,3,OAK,,4.49,1.36,R
Brayan Bello,2024/4/9 00:00,5.1,1,3,4,2,3,89,7,0.751,1,5.03,2.33,BAL,,4.49,1.36,R
Brayan Bello,2024/4/14 00:00,5.1,2,2,6,2,8,107,5,0.671,1,5.07,2.33,LAA,,4.49,1.36,R
Brayan Bello,2024/4/19 00:00,6,0,0,1,2,7,96,5,0.672,0,5.4,1,PIT,,4.49,1.36,R
Brayan Bello,2024/5/12 00:00,5,2,2,4,2,1,68,23,0.684,1,5.37,1.33,WSH,,4.49,1.36,R
Brayan Bello,2024/5/17 00:00,4.2,5,5,7,0,4,100,5,0.703,0,5.07,2.33,STL,,4.49,1.36,R
Brayan Bello,2024/5/22 00:00,6,3,3,4,4,6,94,5,0.669,0,5.07,3.33,TB,,4.49,1.36,R
Brayan Bello,2024/5/28 00:00,5,3,3,5,2,7,90,6,0.751,0,5.07,3.67,BAL,,4.49,1.36,R
Brayan Bello,2024/6/2 00:00,6.1,4,4,8,3,5,95,5,0.685,1,5.7,3.33,DET,,4.49,1.36,R
Brayan Bello,2024/6/8 00:00,4.2,5,5,9,3,2,96,6,0.618,0,5.1,4,CWS,,4.49,1.36,R
Brayan Bello,2024/6/14 00:00,4.2,4,5,6,3,5,92,6,0.761,1,4.83,4.33,NYY,,4.49,1.36,R
Brayan Bello,2024/6/19 00:00,6,2,2,7,2,6,88,5,0.703,0,4.8,3.67,TOR,,4.49,1.36,R
Brayan Bello,2024/6/25 00:00,2.1,7,7,5,3,2,52,6,0.703,1,4.1,4.33,TOR,,4.49,1.36,R
Brayan Bello,2024/7/3 00:00,6.2,1,1,7,1,7,91,8,0.678,0,4.77,3.33,MIA,,4.49,1.36,R
Brayan Bello,2024/7/9 00:00,5.1,5,5,9,2,11,105,6,0.694,1,4.47,4.33,OAK,,4.49,1.36,R
Brayan Bello,2024/7/14 00:00,6.1,3,3,7,1,3,85,5,0.71,1,5.8,3,KC,,4.49,1.36,R
Brayan Bello,2024/7/20 00:00,6,3,3,5,1,7,82,6,0.781,0,5.73,3.67,LAD,,4.49,1.36,R
Brayan Bello,2024/7/26 00:00,5,3,3,5,2,4,80,6,0.761,1,5.7,3,NYY,,4.49,1.36,R
Brayan Bello,2024/7/31 00:00,6.1,2,2,7,2,7,98,5,0.687,1,5.7,2.67,SEA,,4.49,1.36,R
Brayan Bello,2024/8/6 00:00,4.2,3,3,5,3,6,89,6,0.71,0,5.1,2.67,KC,,4.49,1.36,R
Brayan Bello,2024/8/12 00:00,6,1,1,4,3,5,95,6,0.686,1,5.43,2,TEX,,4.49,1.36,R
Brayan Bello,2024/8/17 00:00,6,1,1,2,3,6,97,5,0.751,0,5.4,1.67,BAL,,4.49,1.36,R
Brayan Bello,2024/8/23 00:00,5.1,5,5,7,4,2,88,6,0.777,1,5.7,2.33,AZ,,4.49,1.36,R
Brayan Bello,2024/8/28 00:00,8,0,0,2,1,9,98,5,0.703,1,6.37,2,TOR,,4.49,1.36,R
Brayan Bello,2024/9/2 00:00,5,4,4,7,1,4,91,5,0.734,0,6.03,3,NYM,,4.49,1.36,R
Brayan Bello,2024/9/9 00:00,5.1,2,2,3,5,5,101,7,0.751,1,6.03,2,BAL,,4.49,1.36,R
Brayan Bello,2024/9/14 00:00,5.1,1,1,4,2,2,98,5,0.761,0,5.07,2.33,NYY,,4.49,1.36,R
Brayan Bello,2024/9/19 00:00,5.2,1,1,5,2,7,101,5,0.669,0,5.13,1.33,TB,,4.49,1.36,R
Brayan Bello,2024/9/24 00:00,4,2,2,2,2,4,75,5,0.703,0,4.77,1.33,TOR,,4.49,1.36,R
Brenan Hanifee,2024/8/1 00:00,0.2,2,2,3,0,0,24,5,0.71,1,0.2,2,KC,,1.84,1.13,R
Brenan Hanifee,2024/8/4 00:00,2.1,0,0,1,0,1,24,3,0.71,1,1.15,1,KC,,1.84,1.13,R
Brenan Hanifee,2024/8/7 00:00,1,0,0,1,0,1,11,3,0.687,0,1.1,0.67,SEA,,1.84,1.13,R
Brenan Hanifee,2024/8/8 00:00,2,0,0,0,1,1,28,1,0.687,0,1.7,0,SEA,,1.84,1.13,R
Brenan Hanifee,2024/8/11 00:00,1.2,0,0,1,0,0,21,3,0.701,0,1.4,0,SF,,1.84,1.13,R
Brenan Hanifee,2024/8/16 00:00,2,0,0,0,1,2,29,5,0.761,1,1.73,0,NYY,,1.84,1.13,R
Brenan Hanifee,2024/8/18 00:00,1,0,0,1,0,0,11,2,0.761,1,1.4,0,NYY,,1.84,1.13,R
Brenan Hanifee,2024/8/21 00:00,0.2,0,0,2,0,0,20,3,0.71,0,1.07,0,CHC,,1.84,1.13,R
Brenan Hanifee,2024/8/24 00:00,1.2,1,1,3,1,2,28,3,0.618,0,0.8,0.33,CWS,,1.84,1.13,R
Brenan Hanifee,2024/8/27 00:00,2.2,0,0,0,0,2,34,3,0.671,1,1.2,0.33,LAA,,1.84,1.13,R
Brenan Hanifee,2024/8/30 00:00,1,0,0,0,0,0,11,3,0.741,1,1.47,0.33,BOS,,1.84,1.13,R
Brenan Hanifee,2024/9/2 00:00,1,0,1,2,0,2,28,3,0.745,0,1.4,0,SD,,1.84,1.13,R
Brenan Hanifee,2024/9/6 00:00,0.2,0,0,1,0,0,5,4,0.694,0,0.73,0,OAK,,1.84,1.13,R
Brenan Hanifee,2024/9/7 00:00,0.2,0,0,1,0,1,10,1,0.694,0,0.47,0,OAK,,1.84,1.13,R
Brenan Hanifee,2024/9/12 00:00,0.2,1,1,2,0,2,17,5,0.704,1,0.2,0.33,COL,,1.84,1.13,R
Brenan Hanifee,2024/9/13 00:00,1,0,0,0,0,2,15,1,0.751,1,0.47,0.33,BAL,,1.84,1.13,R
Brenan Hanifee,2024/9/16 00:00,2.1,1,1,3,0,3,31,3,0.71,0,1.1,0.67,KC,,1.84,1.13,R
Brenan Hanifee,2024/9/18 00:00,2,1,1,4,0,3,29,2,0.71,0,1.7,0.67,KC,,1.84,1.13,R
Brenan Hanifee,2024/9/22 00:00,1.1,0,0,0,2,1,27,4,0.751,0,1.73,0.67,BAL,,1.84,1.13,R
Brenan Hanifee,2024/9/25 00:00,1,0,0,1,1,0,24,3,0.669,1,1.37,0.33,TB,,1.84,1.13,R
Brenan Hanifee,2024/9/27 00:00,2,0,0,1,0,0,20,2,0.618,1,1.37,0,CWS,,1.84,1.13,R
Brenan Hanifee,2024/10/2 00:00,1.2,0,0,1,1,2,34,5,0.741,0,1.4,0,HOU,,1.84,1.13,R
Brennan Bernardino,2024/4/10 00:00,2,0,0,1,0,3,29,5,0.751,1,2,0,BAL,,4.06,1.41,L
Brennan Bernardino,2024/4/12 00:00,1.1,0,0,0,0,2,22,2,0.671,1,1.55,0,LAA,,4.06,1.41,L
Brennan Bernardino,2024/4/15 00:00,1,1,1,1,0,1,11,3,0.703,1,1.37,0.33,CLE,,4.06,1.41,L
Brennan Bernardino,2024/4/16 00:00,1,0,0,0,2,2,19,1,0.703,1,1.03,0.33,CLE,,4.06,1.41,L
Brennan Bernardino,2024/4/18 00:00,2,0,0,0,1,2,21,2,0.703,1,1.33,0.33,CLE,,4.06,1.41,L
Brennan Bernardino,2024/4/23 00:00,1,0,0,0,1,0,14,5,0.703,0,1.33,0,CLE,,4.06,1.41,L
Brennan Bernardino,2024/4/25 00:00,1.1,0,0,1,1,0,17,2,0.703,0,1.37,0,CLE,,4.06,1.41,L
Brennan Bernardino,2024/4/27 00:00,1,0,0,1,1,1,19,2,0.71,1,1.03,0,CHC,,4.06,1.41,L
Brennan Bernardino,2024/4/30 00:00,0.2,0,0,0,0,0,16,3,0.701,1,0.77,0,SF,,4.06,1.41,L
Brennan Bernardino,2024/5/2 00:00,1,0,0,0,0,0,11,2,0.701,1,0.73,0,SF,,4.06,1.41,L
Brennan Bernardino,2024/5/4 00:00,1,0,1,1,0,1,12,2,0.726,0,0.73,0,MIN,,4.06,1.41,L
Brennan Bernardino,2024/5/5 00:00,0.2,0,0,0,0,1,5,1,0.726,0,0.73,0,MIN,,4.06,1.41,L
Brennan Bernardino,2024/5/7 00:00,0.2,0,0,0,1,0,12,2,0.724,0,0.47,0,ATL,,4.06,1.41,L
Brennan Bernardino,2024/5/10 00:00,1,0,0,0,0,1,8,3,0.684,1,0.47,0,WSH,,4.06,1.41,L
Brennan Bernardino,2024/5/11 00:00,1.1,0,0,1,0,1,14,1,0.684,1,0.77,0,WSH,,4.06,1.41,L
Brennan Bernardino,2024/5/14 00:00,1,0,0,0,1,1,17,3,0.669,1,1.03,0,TB,,4.06,1.41,L
Brennan Bernardino,2024/5/16 00:00,1.1,0,0,1,0,2,23,2,0.669,1,1.07,0,TB,,4.06,1.41,L
Brennan Bernardino,2024/5/18 00:00,1,1,1,2,1,1,21,2,0.703,0,1.03,0.33,STL,,4.06,1.41,L
Brennan Bernardino,2024/5/24 00:00,0.2,0,0,0,0,0,8,6,0.729,1,0.77,0.33,MIL,,4.06,1.41,L
Brennan Bernardino,2024/5/28 00:00,2,0,0,0,1,4,31,4,0.751,0,1.07,0.33,BAL,,4.06,1.41,L
Brennan Bernardino,2024/6/1 00:00,2,0,0,1,0,2,30,4,0.685,1,1.4,0,DET,,4.06,1.41,L
Brennan Bernardino,2024/6/9 00:00,1.1,1,1,4,2,2,34,8,0.618,0,1.7,0.33,CWS,,4.06,1.41,L
Brennan Bernardino,2024/6/12 00:00,1,0,0,1,1,0,18,3,0.75,1,1.37,0.33,PHI,,4.06,1.41,L
Brennan Bernardino,2024/6/15 00:00,0.1,0,0,0,0,0,3,3,0.761,1,0.73,0.33,NYY,,4.06,1.41,L
Brennan Bernardino,2024/6/16 00:00,0,0,0,2,0,0,12,1,0.761,1,0.37,0,NYY,,4.06,1.41,L
Brennan Bernardino,2024/6/18 00:00,0.2,0,0,1,0,0,10,2,0.703,0,0.1,0,TOR,,4.06,1.41,L
Brennan Bernardino,2024/6/22 00:00,0.2,0,0,0,0,0,5,4,0.693,0,0.13,0,CIN,,4.06,1.41,L
Brennan Bernardino,2024/6/23 00:00,0.1,1,1,2,0,1,14,1,0.693,0,0.17,0.33,CIN,,4.06,1.41,L
Brennan Bernardino,2024/6/30 00:00,0.2,0,0,1,0,0,11,7,0.745,1,0.17,0.33,SD,,4.06,1.41,L
Brennan Bernardino,2024/7/3 00:00,0.1,0,0,0,0,0,4,3,0.678,0,0.13,0.33,MIA,,4.06,1.41,L
Brennan Bernardino,2024/7/4 00:00,0.1,0,0,2,0,0,10,1,0.678,0,0.13,0,MIA,,4.06,1.41,L
Brennan Bernardino,2024/7/6 00:00,0.2,2,2,2,0,0,14,2,0.761,0,0.13,0.67,NYY,,4.06,1.41,L
Brennan Bernardino,2024/7/14 00:00,0.2,0,0,0,0,1,14,8,0.71,1,0.17,0.67,KC,,4.06,1.41,L
Brennan Bernardino,2024/7/19 00:00,0,3,3,2,1,0,3,5,0.781,0,0.13,1.67,LAD,,4.06,1.41,L
Brennan Bernardino,2024/7/23 00:00,1,0,0,1,0,3,16,4,0.704,0,0.4,1,COL,,4.06,1.41,L
Brennan Bernardino,2024/7/24 00:00,1,1,1,3,0,1,26,1,0.704,0,0.67,1.33,COL,,4.06,1.41,L
Brennan Bernardino,2024/7/26 00:00,0.1,1,2,0,1,0,9,2,0.761,1,0.7,0.67,NYY,,4.06,1.41,L
Brennan Bernardino,2024/7/27 00:00,1.1,0,0,1,1,1,17,1,0.761,1,0.73,0.67,NYY,,4.06,1.41,L
Brennan Bernardino,2024/8/3 00:00,1,1,1,3,1,0,15,7,0.686,0,0.73,0.67,TEX,,4.06,1.41,L
Brennan Bernardino,2024/8/4 00:00,1,0,0,0,0,3,15,1,0.686,0,1.03,0.33,TEX,,4.06,1.41,L
Brennan Bernardino,2024/8/6 00:00,0.1,0,0,0,0,0,1,2,0.71,0,0.7,0.33,KC,,4.06,1.41,L
Brennan Bernardino,2024/8/7 00:00,0.2,1,1,1,0,1,12,1,0.71,0,0.43,0.33,KC,,4.06,1.41,L
Brennan Bernardino,2024/8/11 00:00,1.1,4,4,4,0,2,39,4,0.741,1,0.47,1.67,HOU,,4.06,1.41,L
Brennan Bernardino,2024/8/14 00:00,0.1,0,0,0,0,0,5,3,0.686,1,0.47,1.67,TEX,,4.06,1.41,L
Brennan Bernardino,2024/8/16 00:00,0.2,0,0,0,1,2,13,2,0.751,0,0.47,1.33,BAL,,4.06,1.41,L
Brennan Bernardino,2024/8/17 00:00,0.1,0,0,2,0,1,13,1,0.751,0,0.13,0,BAL,,4.06,1.41,L
Brennan Bernardino,2024/8/18 00:00,1,0,0,0,0,1,20,1,0.751,0,0.43,0,BAL,,4.06,1.41,L
Brennan Bernardino,2024/8/21 00:00,0.1,0,0,0,0,1,3,3,0.741,0,0.4,0,HOU,,4.06,1.41,L
Brennan Bernardino,2024/8/24 00:00,0.2,0,0,0,2,2,23,3,0.777,1,0.43,0,AZ,,4.06,1.41,L
Brennan Bernardino,2024/8/25 00:00,1,0,0,0,0,2,13,1,0.777,1,0.43,0,AZ,,4.06,1.41,L
Brennan Bernardino,2024/8/27 00:00,2,1,1,3,0,1,27,2,0.703,1,1.07,0.33,TOR,,4.06,1.41,L
Brennan Bernardino,2024/8/30 00:00,1.1,3,3,2,1,3,23,3,0.685,0,1.37,1.33,DET,,4.06,1.41,L
Brennan Bernardino,2024/9/1 00:00,0.2,0,0,0,0,1,13,2,0.685,0,1.1,1.33,DET,,4.06,1.41,L
Brennan Bernardino,2024/9/6 00:00,1,0,0,0,0,1,17,5,0.618,1,0.77,1,CWS,,4.06,1.41,L
Brennan Bernardino,2024/9/7 00:00,0.2,0,0,0,0,1,9,1,0.618,1,0.47,0,CWS,,4.06,1.41,L
Brennan Bernardino,2024/9/9 00:00,0.2,0,0,1,0,0,10,2,0.751,1,0.47,0,BAL,,4.06,1.41,L
Brennan Bernardino,2024/9/10 00:00,0.1,2,2,2,1,0,9,1,0.751,1,0.17,0.67,BAL,,4.06,1.41,L
Brent Suter,2024/3/28 00:00,2,0,0,0,0,4,31,5,0.684,1,2,0,WSH,,3.15,1.14,L
Brent Suter,2024/3/30 00:00,0.2,0,0,0,0,0,4,2,0.684,1,1.1,0,WSH,,3.15,1.14,L
Brent Suter,2024/4/1 00:00,0.1,0,0,2,0,0,3,2,0.75,0,0.77,0,PHI,,3.15,1.14,L
Brent Suter,2024/4/2 00:00,0.1,4,5,3,1,0,23,1,0.75,0,0.13,1.33,PHI,,3.15,1.14,L
Brent Suter,2024/4/7 00:00,3,0,0,2,0,0,37,5,0.734,1,1.07,1.33,NYM,,3.15,1.14,L
Brent Suter,2024/4/10 00:00,2,0,0,0,1,1,23,3,0.729,1,1.7,1.33,MIL,,3.15,1.14,L
Brent Suter,2024/4/13 00:00,2,0,0,1,2,2,40,3,0.618,0,2.33,0,CWS,,3.15,1.14,L
Brent Suter,2024/4/16 00:00,2,0,0,0,1,3,34,3,0.687,0,2,0,SEA,,3.15,1.14,L
Brent Suter,2024/4/21 00:00,3.1,0,0,4,1,2,51,5,0.671,1,2.37,0,LAA,,3.15,1.14,L
Brent Suter,2024/4/24 00:00,1,0,0,0,0,2,12,3,0.75,1,2.03,0,PHI,,3.15,1.14,L
Brent Suter,2024/4/27 00:00,1.1,4,4,6,0,2,38,3,0.686,0,1.73,1.33,TEX,,3.15,1.14,L
Brent Suter,2024/5/1 00:00,1.2,0,0,0,0,1,18,4,0.745,0,1.1,1.33,SD,,3.15,1.14,L
Brent Suter,2024/5/5 00:00,2,2,2,3,1,2,38,4,0.751,1,1.43,2,BAL,,3.15,1.14,L
Brent Suter,2024/5/8 00:00,1,0,0,0,0,0,15,3,0.777,1,1.4,0.67,AZ,,3.15,1.14,L
Brent Suter,2024/5/11 00:00,1,1,1,2,0,2,25,3,0.701,0,1.33,1,SF,,3.15,1.14,L
Brent Suter,2024/5/13 00:00,1,0,0,1,0,0,13,2,0.777,0,1,0.33,AZ,,3.15,1.14,L
Brent Suter,2024/5/14 00:00,1,0,0,0,0,2,16,1,0.777,0,1,0.33,AZ,,3.15,1.14,L
Brent Suter,2024/5/16 00:00,0.2,0,0,0,1,0,16,2,0.781,0,0.73,0,LAD,,3.15,1.14,L
Brent Suter,2024/5/22 00:00,1,1,2,4,0,0,26,6,0.745,1,0.73,0.33,SD,,3.15,1.14,L
Brent Suter,2024/5/24 00:00,1,1,1,1,0,1,21,2,0.781,1,0.73,0.67,LAD,,3.15,1.14,L
Brent Suter,2024/5/26 00:00,0.2,0,0,1,0,0,7,2,0.781,1,0.73,0.67,LAD,,3.15,1.14,L
Brent Suter,2024/5/28 00:00,1,1,1,2,0,0,10,2,0.703,1,0.73,0.67,STL,,3.15,1.14,L
Brent Suter,2024/5/29 00:00,1,1,1,1,0,1,16,1,0.703,1,0.73,0.67,STL,,3.15,1.14,L
Brent Suter,2024/6/3 00:00,2,0,0,2,0,2,33,5,0.704,0,1.33,0.67,COL,,3.15,1.14,L
Brent Suter,2024/6/5 00:00,1,0,0,1,0,1,16,2,0.704,0,1.33,0.33,COL,,3.15,1.14,L
Brent Suter,2024/6/9 00:00,1,0,0,0,0,0,11,4,0.71,1,1.33,0,CHC,,3.15,1.14,L
Brent Suter,2024/6/11 00:00,1,0,0,1,0,0,15,2,0.703,1,1,0,CLE,,3.15,1.14,L
Brent Suter,2024/6/15 00:00,1,0,0,0,0,1,16,4,0.729,0,1,0,MIL,,3.15,1.14,L
Brent Suter,2024/6/17 00:00,2,0,0,1,0,2,25,2,0.672,0,1.33,0,PIT,,3.15,1.14,L
Brent Suter,2024/6/23 00:00,2.1,2,2,3,0,2,39,6,0.741,1,1.7,0.67,BOS,,3.15,1.14,L
Brent Suter,2024/6/25 00:00,1,0,0,0,0,0,6,2,0.672,1,1.7,0.67,PIT,,3.15,1.14,L
Brent Suter,2024/6/27 00:00,1.1,2,2,3,0,0,23,2,0.703,0,1.4,1.33,STL,,3.15,1.14,L
Brent Suter,2024/6/29 00:00,1,0,0,0,0,1,12,2,0.703,0,1.03,0.67,STL,,3.15,1.14,L
Brent Suter,2024/7/5 00:00,3,1,1,3,1,4,57,6,0.685,1,1.7,1,DET,,3.15,1.14,L
Brent Suter,2024/7/9 00:00,1,0,0,0,1,1,21,4,0.704,1,1.67,0.33,COL,,3.15,1.14,L
Brent Suter,2024/7/10 00:00,1,1,1,3,0,0,11,1,0.704,1,1.67,0.67,COL,,3.15,1.14,L
Brent Suter,2024/7/13 00:00,1,0,0,1,0,1,14,3,0.678,1,1,0.33,MIA,,3.15,1.14,L
Brent Suter,2024/7/19 00:00,0.2,0,0,0,0,1,7,6,0.684,0,0.73,0.33,WSH,,3.15,1.14,L
Brent Suter,2024/9/1 00:00,3,0,0,0,0,0,27,44,0.729,1,1.4,0,MIL,,3.15,1.14,L
Brent Suter,2024/9/4 00:00,3.1,1,1,3,0,6,45,3,0.741,1,2.1,0.33,HOU,,3.15,1.14,L
Brent Suter,2024/9/10 00:00,1,0,0,0,0,0,7,6,0.703,0,2.37,0.33,STL,,3.15,1.14,L
Brent Suter,2024/9/11 00:00,0.1,0,0,0,0,0,6,1,0.703,0,1.4,0.33,STL,,3.15,1.14,L
Brent Suter,2024/9/14 00:00,3,0,0,2,0,2,48,3,0.726,0,1.37,0,MIN,,3.15,1.14,L
Brent Suter,2024/9/17 00:00,0.1,0,0,1,0,0,3,3,0.724,1,1.07,0,ATL,,3.15,1.14,L
Brent Suter,2024/9/20 00:00,1,1,1,3,1,0,20,3,0.672,1,1.37,0.33,PIT,,3.15,1.14,L
Brent Suter,2024/9/22 00:00,1,0,0,2,1,1,31,2,0.672,1,0.7,0.33,PIT,,3.15,1.14,L
Brent Suter,2024/9/29 00:00,1.1,0,0,1,0,0,13,7,0.71,0,1.03,0.33,CHC,,3.15,1.14,L
Brock Burke,2024/3/30 00:00,1,0,0,0,1,1,15,5,0.71,1,1,0,CHC,,5.82,1.56,L
Brock Burke,2024/4/1 00:00,1,0,0,2,0,2,13,2,0.669,0,1,0,TB,,5.82,1.56,L
Brock Burke,2024/4/6 00:00,0.1,0,0,1,0,0,7,5,0.741,1,0.7,0,HOU,,5.82,1.56,L
Brock Burke,2024/4/8 00:00,0,1,1,3,0,0,6,2,0.741,1,0.37,0.33,HOU,,5.82,1.56,L
Brock Burke,2024/4/12 00:00,0.2,4,4,3,0,2,21,4,0.741,0,0.1,1.67,HOU,,5.82,1.56,L
Brock Burke,2024/6/15 00:00,2.2,0,0,0,1,4,38,64,0.687,0,0.8,1.67,SEA,,5.82,1.56,L
Brock Burke,2024/6/22 00:00,1,0,0,1,0,2,12,7,0.71,1,1.13,1.33,KC,,5.82,1.56,L
Brock Burke,2024/6/25 00:00,0.2,0,0,0,3,0,26,3,0.729,0,1.13,0,MIL,,5.82,1.56,L
Brock Burke,2024/6/27 00:00,1,2,2,3,0,0,17,2,0.751,0,0.73,0.67,BAL,,5.82,1.56,L
Brock Burke,2024/6/29 00:00,1.1,1,1,0,1,0,16,2,0.751,0,0.77,1,BAL,,5.82,1.56,L
Brock Burke,2024/8/4 00:00,1.2,1,1,1,0,3,23,36,0.741,1,1.1,1.33,BOS,,5.82,1.56,L
Brock Burke,2024/8/7 00:00,1,1,1,2,1,0,25,3,0.741,1,1.1,1,HOU,,5.82,1.56,L
Brock Burke,2024/8/10 00:00,1.1,4,4,5,2,2,51,3,0.761,0,1.1,2,NYY,,5.82,1.56,L
Brock Burke,2024/8/16 00:00,1.2,0,0,0,2,2,30,6,0.724,1,1.1,1.67,ATL,,5.82,1.56,L
Brock Burke,2024/8/18 00:00,1,0,0,0,0,2,14,2,0.724,1,1.1,1.33,ATL,,5.82,1.56,L
Brock Burke,2024/8/19 00:00,1,0,0,0,0,1,13,1,0.71,0,1.07,0,KC,,5.82,1.56,L
Brock Burke,2024/8/22 00:00,1,3,3,3,0,1,28,3,0.703,0,1,1,TOR,,5.82,1.56,L
Brock Burke,2024/8/24 00:00,1,0,0,0,0,2,9,2,0.703,0,1,1,TOR,,5.82,1.56,L
Brock Burke,2024/8/27 00:00,1,0,0,0,0,3,10,3,0.685,0,1,1,DET,,5.82,1.56,L
Brock Burke,2024/8/28 00:00,1,0,0,0,0,2,15,1,0.685,0,1,0,DET,,5.82,1.56,L
Brock Burke,2024/8/31 00:00,1,0,0,1,0,2,30,3,0.687,1,1,0,SEA,,5.82,1.56,L
Brock Burke,2024/9/1 00:00,1,0,0,1,1,1,19,1,0.687,1,1,0,SEA,,5.82,1.56,L
Brock Burke,2024/9/3 00:00,0.1,0,0,1,0,1,7,2,0.781,1,0.7,0,LAD,,5.82,1.56,L
Brock Burke,2024/9/6 00:00,1,0,0,1,0,1,15,3,0.686,0,0.7,0,TEX,,5.82,1.56,L
Brock Burke,2024/9/8 00:00,1,0,0,0,0,1,12,2,0.686,0,0.7,0,TEX,,5.82,1.56,L
Brock Burke,2024/9/11 00:00,1,2,2,2,1,2,17,3,0.726,0,1,0.67,MIN,,5.82,1.56,L
Brock Burke,2024/9/13 00:00,1,1,1,2,1,0,14,2,0.741,1,1,1,HOU,,5.82,1.56,L
Brock Burke,2024/9/17 00:00,1,0,0,0,0,1,12,4,0.618,1,1,1,CWS,,5.82,1.56,L
Brock Burke,2024/9/18 00:00,1,0,0,0,2,0,12,1,0.618,1,1,0.33,CWS,,5.82,1.56,L
Brock Burke,2024/9/20 00:00,1,0,0,0,0,0,7,2,0.741,0,1,0,HOU,,5.82,1.56,L
Brock Burke,2024/9/22 00:00,0.2,0,0,1,0,0,4,2,0.741,0,0.73,0,HOU,,5.82,1.56,L
Brock Burke,2024/9/24 00:00,0.2,0,0,1,0,0,6,2,0.618,0,0.47,0,CWS,,5.82,1.56,L
Brock Burke,2024/9/25 00:00,1,0,0,0,0,1,9,1,0.618,0,0.47,0,CWS,,5.82,1.56,L
Brock Burke,2024/9/28 00:00,1,2,2,3,0,2,22,3,0.686,1,0.73,0.67,TEX,,5.82,1.56,L
Bryan Hoeing,2024/3/29 00:00,4,1,1,2,1,4,57,5,0.672,1,4,1,PIT,,2.18,1.06,R
Bryan Hoeing,2024/4/2 00:00,3.2,0,0,3,1,1,59,4,0.671,1,3.6,0.5,LAA,,2.18,1.06,R
Bryan Hoeing,2024/4/6 00:00,1,0,0,2,1,0,20,4,0.703,0,2.73,0.33,STL,,2.18,1.06,R
Bryan Hoeing,2024/4/10 00:00,1,1,1,1,0,2,17,4,0.761,0,1.73,0.33,NYY,,2.18,1.06,R
Bryan Hoeing,2024/4/15 00:00,2,0,0,0,1,2,25,5,0.701,1,1.33,0.33,SF,,2.18,1.06,R
Bryan Hoeing,2024/4/20 00:00,1.1,0,0,0,1,1,16,5,0.71,0,1.37,0.33,CHC,,2.18,1.06,R
Bryan Hoeing,2024/4/21 00:00,1,0,0,1,0,1,16,1,0.71,0,1.37,0,CHC,,2.18,1.06,R
Bryan Hoeing,2024/4/24 00:00,2,0,0,0,0,1,27,3,0.724,0,1.37,0,ATL,,2.18,1.06,R
Bryan Hoeing,2024/4/26 00:00,1,0,0,0,0,2,13,2,0.684,1,1.33,0,WSH,,2.18,1.06,R
Bryan Hoeing,2024/4/28 00:00,1,2,2,3,0,2,27,2,0.684,1,1.33,0.67,WSH,,2.18,1.06,R
Bryan Hoeing,2024/5/1 00:00,1.2,0,0,1,0,0,24,3,0.704,1,1.07,0.67,COL,,2.18,1.06,R
Bryan Hoeing,2024/7/5 00:00,3,1,1,5,1,4,46,65,0.618,1,1.73,1,CWS,,2.18,1.06,R
Bryan Hoeing,2024/7/10 00:00,3,4,5,8,1,1,62,5,0.741,0,2.4,1.67,HOU,,2.18,1.06,R
Bryan Hoeing,2024/7/20 00:00,1,0,0,0,1,1,16,10,0.734,1,2.33,1.67,NYM,,2.18,1.06,R
Bryan Hoeing,2024/7/23 00:00,0.1,0,0,0,0,0,1,3,0.751,1,1.37,1.33,BAL,,2.18,1.06,R
Bryan Hoeing,2024/7/27 00:00,3,0,0,3,1,3,51,4,0.729,0,1.37,0,MIL,,2.18,1.06,R
Bryan Hoeing,2024/7/31 00:00,1,0,0,0,0,1,8,4,0.781,1,1.37,0,LAD,,2.18,1.06,R
Bryan Hoeing,2024/8/6 00:00,3.2,0,0,1,1,3,45,6,0.672,0,2.4,0,PIT,,2.18,1.06,R
Bryan Hoeing,2024/8/9 00:00,1,0,0,0,0,1,6,3,0.678,0,1.73,0,MIA,,2.18,1.06,R
Bryan Hoeing,2024/8/12 00:00,1.2,0,0,1,1,0,24,3,0.672,1,1.8,0,PIT,,2.18,1.06,R
Bryan Hoeing,2024/8/14 00:00,1.2,0,0,0,0,1,15,2,0.672,1,1.13,0,PIT,,2.18,1.06,R
Bryan Hoeing,2024/8/18 00:00,1,1,2,2,2,0,24,4,0.704,0,1.13,0.33,COL,,2.18,1.06,R
Bryan Hoeing,2024/8/20 00:00,1.1,0,0,1,0,0,22,2,0.726,1,1.1,0.33,MIN,,2.18,1.06,R
Bryan Hoeing,2024/8/22 00:00,1.2,0,0,1,0,3,24,2,0.734,1,1.1,0.33,NYM,,2.18,1.06,R
Bryan Hoeing,2024/8/25 00:00,1.1,0,0,2,0,4,21,3,0.734,1,1.13,0,NYM,,2.18,1.06,R
Bryan Hoeing,2024/8/27 00:00,0.2,1,1,2,0,0,12,2,0.703,0,0.83,0.33,STL,,2.18,1.06,R
Bryan Hoeing,2024/8/29 00:00,1,0,0,0,0,0,10,2,0.703,0,0.77,0.33,STL,,2.18,1.06,R
Bryan Hoeing,2024/9/6 00:00,1.1,0,0,0,0,2,14,8,0.701,1,0.77,0.33,SF,,2.18,1.06,R
Bryan Hoeing,2024/9/7 00:00,1.1,0,0,1,0,0,11,1,0.701,1,1.07,0,SF,,2.18,1.06,R
Bryan Hoeing,2024/9/11 00:00,1.1,0,0,0,0,1,16,4,0.687,0,1.1,0,SEA,,2.18,1.06,R
Bryan Hoeing,2024/9/21 00:00,0.2,0,0,0,0,1,8,10,0.618,1,0.8,0,CWS,,2.18,1.06,R
Bryan Hoeing,2024/9/25 00:00,1.1,0,0,1,1,0,15,4,0.781,0,0.8,0,LAD,,2.18,1.06,R
Bryan Hoeing,2024/9/26 00:00,0.2,2,2,2,0,0,19,1,0.781,0,0.5,0.67,LAD,,2.18,1.06,R
Bryan Hoeing,2024/9/28 00:00,1,0,0,0,0,1,11,2,0.777,0,0.77,0.67,AZ,,2.18,1.06,R
Bryan Hoeing,2024/10/2 00:00,1.1,1,1,1,0,1,30,4,0.724,1,0.77,1,ATL,,2.18,1.06,R
Bryan Hoeing,2024/10/5 00:00,0.2,0,0,1,1,0,16,3,0.781,0,0.77,0.33,LAD,,2.18,1.06,R
Bryan Hoeing,2024/10/9 00:00,0.2,2,2,3,0,1,14,4,0.781,1,0.5,1,LAD,,2.18,1.06,R
Bryan Woo,2024/5/10 00:00,4.1,0,0,1,1,3,62,5,0.694,1,4.1,0,OAK,,2.89,0.9,R
Bryan Woo,2024/5/15 00:00,5.1,1,1,3,1,5,79,5,0.71,1,4.6,0.5,KC,,2.89,0.9,R
Bryan Woo,2024/5/21 00:00,6,0,0,2,0,7,77,6,0.761,0,5.07,0.33,NYY,,2.89,0.9,R
Bryan Woo,2024/5/26 00:00,6,3,3,5,0,1,70,5,0.684,0,5.7,1.33,WSH,,2.89,0.9,R
Bryan Woo,2024/5/31 00:00,6,0,0,3,0,2,66,5,0.671,1,6,1,LAA,,2.89,0.9,R
Bryan Woo,2024/6/6 00:00,6,0,0,2,0,6,85,6,0.694,0,6,1,OAK,,2.89,0.9,R
Bryan Woo,2024/6/19 00:00,4,3,3,4,1,1,64,13,0.703,0,5.33,1,CLE,,2.89,0.9,R
Bryan Woo,2024/6/24 00:00,3,1,1,5,0,3,59,5,0.669,0,4.33,1.33,TB,,2.89,0.9,R
Bryan Woo,2024/7/12 00:00,3.1,4,4,9,2,1,66,18,0.671,0,3.37,2.67,LAA,,2.89,0.9,R
Bryan Woo,2024/7/21 00:00,5.2,2,2,4,0,5,73,9,0.741,1,3.77,2.33,HOU,,2.89,0.9,R
Bryan Woo,2024/7/27 00:00,4,0,1,4,1,3,70,6,0.618,0,4.1,2,CWS,,2.89,0.9,R
Bryan Woo,2024/8/2 00:00,7,0,0,5,0,6,92,6,0.75,1,5.4,0.67,PHI,,2.89,0.9,R
Bryan Woo,2024/8/8 00:00,6.2,3,3,5,1,7,88,6,0.685,1,5.73,1,DET,,2.89,0.9,R
Bryan Woo,2024/8/14 00:00,7,0,0,4,0,6,85,6,0.685,0,6.73,1,DET,,2.89,0.9,R
Bryan Woo,2024/8/19 00:00,6.1,2,2,2,2,5,87,5,0.781,0,6.43,1.67,LAD,,2.89,0.9,R
Bryan Woo,2024/8/25 00:00,7,1,2,4,0,7,94,6,0.701,1,6.7,1,SF,,2.89,0.9,R
Bryan Woo,2024/8/31 00:00,6.1,4,4,5,0,3,69,6,0.671,0,6.4,2.33,LAA,,2.89,0.9,R
Bryan Woo,2024/9/5 00:00,5,2,2,8,0,6,88,5,0.694,0,6.03,2.33,OAK,,2.89,0.9,R
Bryan Woo,2024/9/11 00:00,6.2,2,2,2,1,5,89,6,0.745,1,5.77,2.67,SD,,2.89,0.9,R
Bryan Woo,2024/9/17 00:00,4.2,7,7,9,1,7,94,6,0.761,1,5.13,3.67,NYY,,2.89,0.9,R
Bryan Woo,2024/9/22 00:00,6,4,4,7,1,4,82,5,0.686,0,5.47,4.33,TEX,,2.89,0.9,R
Bryan Woo,2024/9/27 00:00,5,0,0,3,1,8,76,5,0.694,1,5.07,3.67,OAK,,2.89,0.9,R
Bryce Elder,2024/4/22 00:00,6.2,0,0,8,0,4,87,5,0.678,1,6.2,0,MIA,,6.52,1.63,R
Bryce Elder,2024/4/28 00:00,5.1,2,2,4,4,2,85,6,0.703,1,5.65,1,CLE,,6.52,1.63,R
Bryce Elder,2024/5/4 00:00,3.1,7,7,7,4,4,71,6,0.781,0,4.8,3,LAD,,6.52,1.63,R
Bryce Elder,2024/5/12 00:00,5.1,2,2,7,0,6,85,8,0.734,0,4.43,3.67,NYM,,6.52,1.63,R
Bryce Elder,2024/5/19 00:00,3,6,7,9,3,3,93,7,0.745,1,3.73,5,SD,,6.52,1.63,R
Bryce Elder,2024/6/26 00:00,6,2,2,4,0,4,96,38,0.703,0,4.7,3.33,STL,,6.52,1.63,R
Bryce Elder,2024/7/8 00:00,5,3,3,4,2,1,76,12,0.777,0,4.67,3.67,AZ,,6.52,1.63,R
Bryce Elder,2024/7/20 00:00,5,6,6,8,1,9,95,12,0.703,1,5.33,3.67,STL,,6.52,1.63,R
Bryce Elder,2024/7/30 00:00,6.1,1,1,5,1,7,91,10,0.729,0,5.37,3.33,MIL,,6.52,1.63,R
Bryce Elder,2024/8/6 00:00,3.2,7,7,8,2,6,85,7,0.729,1,4.77,4.67,MIL,,6.52,1.63,R
Bryce Miller,2024/3/31 00:00,5,4,4,6,2,6,91,5,0.741,1,5,4,BOS,,2.94,0.98,R
Bryce Miller,2024/4/6 00:00,7,0,0,3,1,7,78,6,0.729,0,6,2,MIL,,2.94,0.98,R
Bryce Miller,2024/4/12 00:00,6.1,0,1,3,3,4,100,6,0.71,1,6.03,1.33,CHC,,2.94,0.98,R
Bryce Miller,2024/4/17 00:00,6,1,1,1,1,7,91,5,0.693,1,6.37,0.33,CIN,,2.94,0.98,R
Bryce Miller,2024/4/24 00:00,4,2,2,4,4,5,83,7,0.686,0,5.37,1,TEX,,2.94,0.98,R
Bryce Miller,2024/4/29 00:00,7,1,1,2,1,10,97,5,0.724,1,5.67,1.33,ATL,,2.94,0.98,R
Bryce Miller,2024/5/5 00:00,6,4,4,6,1,3,82,6,0.741,0,5.67,2.33,HOU,,2.94,0.98,R
Bryce Miller,2024/5/11 00:00,6,2,2,5,2,9,96,6,0.694,1,6.33,2.33,OAK,,2.94,0.98,R
Bryce Miller,2024/5/17 00:00,5.1,4,5,6,1,1,86,6,0.751,0,5.7,3.33,BAL,,2.94,0.98,R
Bryce Miller,2024/5/22 00:00,6,5,5,5,0,4,78,5,0.761,0,5.7,3.67,NYY,,2.94,0.98,R
Bryce Miller,2024/5/27 00:00,6,2,2,5,2,6,93,5,0.741,1,5.7,3.67,HOU,,2.94,0.98,R
Bryce Miller,2024/6/1 00:00,6,0,0,3,1,9,83,5,0.671,1,6,2.33,LAA,,2.94,0.98,R
Bryce Miller,2024/6/7 00:00,5,7,7,6,3,1,88,6,0.71,0,5.67,3,KC,,2.94,0.98,R
Bryce Miller,2024/6/12 00:00,7,0,0,2,2,8,92,5,0.618,1,6,2.33,CWS,,2.94,0.98,R
Bryce Miller,2024/6/18 00:00,5.2,2,3,6,2,2,92,6,0.703,0,5.73,3,CLE,,2.94,0.98,R
Bryce Miller,2024/6/23 00:00,4,6,6,6,1,3,61,5,0.678,0,5.4,2.67,MIA,,2.94,0.98,R
Bryce Miller,2024/6/29 00:00,5,2,2,5,1,6,87,6,0.726,1,4.73,3.33,MIN,,2.94,0.98,R
Bryce Miller,2024/7/4 00:00,5.2,2,2,8,1,6,93,5,0.751,1,4.73,3.33,BAL,,2.94,0.98,R
Bryce Miller,2024/7/10 00:00,6,0,0,5,0,1,80,6,0.745,0,5.4,1.33,SD,,2.94,0.98,R
Bryce Miller,2024/7/22 00:00,7,0,0,3,0,5,94,12,0.671,1,6.07,0.67,LAA,,2.94,0.98,R
Bryce Miller,2024/7/28 00:00,6.1,3,3,7,0,6,88,6,0.618,0,6.37,1,CWS,,2.94,0.98,R
Bryce Miller,2024/8/3 00:00,4.1,4,4,6,1,4,84,6,0.75,1,5.73,2.33,PHI,,2.94,0.98,R
Bryce Miller,2024/8/9 00:00,6,0,0,3,1,6,87,6,0.734,1,5.4,2.33,NYM,,2.94,0.98,R
Bryce Miller,2024/8/15 00:00,7,0,0,2,0,9,90,6,0.685,0,5.7,1.33,DET,,2.94,0.98,R
Bryce Miller,2024/8/20 00:00,4,2,2,5,2,5,92,5,0.781,0,5.67,0.67,LAD,,2.94,0.98,R
Bryce Miller,2024/8/26 00:00,7,1,1,2,0,10,91,6,0.669,1,6,1,TB,,2.94,0.98,R
Bryce Miller,2024/9/1 00:00,4.2,3,3,4,3,4,91,6,0.671,0,5.07,2,LAA,,2.94,0.98,R
Bryce Miller,2024/9/6 00:00,6,0,0,3,2,4,94,5,0.703,0,5.73,1.33,STL,,2.94,0.98,R
Bryce Miller,2024/9/12 00:00,6,1,1,5,1,7,84,6,0.686,1,5.4,1.33,TEX,,2.94,0.98,R
Bryce Miller,2024/9/18 00:00,6,1,1,2,4,8,106,6,0.761,1,6,0.67,NYY,,2.94,0.98,R
Bryce Miller,2024/9/23 00:00,7,0,0,2,2,5,97,5,0.741,0,6.33,0.67,HOU,,2.94,0.98,R
Bryse Wilson,2024/3/30 00:00,0.1,2,2,2,0,0,8,5,0.734,0,0.1,2,NYM,,4.04,1.27,R
Bryse Wilson,2024/4/3 00:00,1.2,1,1,2,0,2,32,4,0.726,1,0.65,1.5,MIN,,4.04,1.27,R
Bryse Wilson,2024/4/6 00:00,2.2,1,1,1,1,5,36,3,0.687,1,1.17,1.33,SEA,,4.04,1.27,R
Bryse Wilson,2024/4/8 00:00,1,0,0,0,0,2,12,2,0.693,0,1.47,0.67,CIN,,4.04,1.27,R
Bryse Wilson,2024/4/10 00:00,3,1,1,3,0,1,42,2,0.693,0,2.07,0.67,CIN,,4.04,1.27,R
Bryse Wilson,2024/4/17 00:00,3.2,0,0,2,1,2,57,7,0.745,1,2.4,0.33,SD,,4.04,1.27,R
Bryse Wilson,2024/4/20 00:00,1.1,0,0,0,0,0,12,3,0.703,0,2.43,0.33,STL,,4.04,1.27,R
Bryse Wilson,2024/4/24 00:00,4.1,2,2,3,3,3,75,4,0.672,0,2.8,0.67,PIT,,4.04,1.27,R
Bryse Wilson,2024/4/29 00:00,6,1,1,4,2,6,91,5,0.669,1,3.73,1,TB,,4.04,1.27,R
Bryse Wilson,2024/5/6 00:00,6,0,0,1,3,6,89,7,0.71,0,5.37,1,KC,,4.04,1.27,R
Bryse Wilson,2024/5/12 00:00,4,2,2,5,5,1,80,6,0.703,1,5.33,1,STL,,4.04,1.27,R
Bryse Wilson,2024/5/18 00:00,4.2,2,2,5,1,3,58,6,0.741,0,4.73,1.33,HOU,,4.04,1.27,R
Bryse Wilson,2024/5/24 00:00,5.1,2,2,6,1,7,80,6,0.741,0,4.43,2,BOS,,4.04,1.27,R
Bryse Wilson,2024/5/29 00:00,4,3,4,6,2,1,82,5,0.71,1,4.43,2.33,CHC,,4.04,1.27,R
Bryse Wilson,2024/6/3 00:00,5.2,3,3,6,1,1,91,5,0.75,0,4.77,2.67,PHI,,4.04,1.27,R
Bryse Wilson,2024/6/9 00:00,4.1,7,7,6,2,4,89,6,0.685,0,4.43,4.33,DET,,4.04,1.27,R
Bryse Wilson,2024/6/15 00:00,5.1,0,0,3,2,6,74,6,0.693,1,4.8,3.33,CIN,,4.04,1.27,R
Bryse Wilson,2024/6/20 00:00,4.2,5,5,7,2,5,77,5,0.745,0,4.47,4,SD,,4.04,1.27,R
Bryse Wilson,2024/6/25 00:00,6,0,0,3,0,4,74,5,0.686,1,5.1,1.67,TEX,,4.04,1.27,R
Bryse Wilson,2024/7/1 00:00,4,5,5,7,2,3,73,6,0.704,0,4.73,3.33,COL,,4.04,1.27,R
Bryse Wilson,2024/7/6 00:00,3,0,0,3,0,1,48,5,0.781,0,4.33,1.67,LAD,,4.04,1.27,R
Bryse Wilson,2024/7/9 00:00,1,1,1,1,0,2,18,3,0.672,1,2.67,2,PIT,,4.04,1.27,R
Bryse Wilson,2024/7/12 00:00,1,0,0,1,0,1,14,3,0.684,1,1.67,0.33,WSH,,4.04,1.27,R
Bryse Wilson,2024/7/21 00:00,1,0,0,0,1,1,14,9,0.726,0,1,0.33,MIN,,4.04,1.27,R
Bryse Wilson,2024/7/24 00:00,4,1,1,1,0,3,46,3,0.71,0,2,0.33,CHC,,4.04,1.27,R
Bryse Wilson,2024/7/29 00:00,1,1,1,1,0,0,13,5,0.724,1,2,0.67,ATL,,4.04,1.27,R
Bryse Wilson,2024/7/30 00:00,2,0,0,4,1,3,42,1,0.724,1,2.33,0.67,ATL,,4.04,1.27,R
Bryse Wilson,2024/8/3 00:00,3,1,1,3,0,0,31,4,0.684,0,2,0.67,WSH,,4.04,1.27,R
Bryse Wilson,2024/8/8 00:00,2.1,2,2,5,0,3,43,5,0.724,0,2.37,1,ATL,,4.04,1.27,R
Bryse Wilson,2024/8/12 00:00,2,0,0,0,0,3,25,4,0.781,1,2.37,1,LAD,,4.04,1.27,R
Bryse Wilson,2024/8/16 00:00,0.1,3,3,3,0,0,21,4,0.703,1,1.4,1.67,CLE,,4.04,1.27,R
Bryse Wilson,2024/8/22 00:00,1.1,0,0,3,1,0,26,6,0.703,0,1.07,1,STL,,4.04,1.27,R
Bryse Wilson,2024/8/24 00:00,1,1,1,3,0,1,27,2,0.694,0,0.73,1.33,OAK,,4.04,1.27,R
Bryse Wilson,2024/9/1 00:00,3.2,0,1,2,0,2,43,8,0.693,0,1.77,0.33,CIN,,4.04,1.27,R
Buck Farmer,2024/3/31 00:00,1,1,1,2,1,1,31,5,0.684,1,1,1,WSH,,3.04,1.2,R
Buck Farmer,2024/4/2 00:00,1.2,1,1,2,1,1,28,2,0.75,0,1.1,1,PHI,,3.04,1.2,R
Buck Farmer,2024/4/6 00:00,2,0,0,1,0,1,24,4,0.734,1,1.4,0.67,NYM,,3.04,1.2,R
Buck Farmer,2024/4/7 00:00,1,0,0,0,0,1,12,1,0.734,1,1.4,0.33,NYM,,3.04,1.2,R
Buck Farmer,2024/4/10 00:00,1,0,0,0,1,2,19,3,0.729,1,1.33,0,MIL,,3.04,1.2,R
Buck Farmer,2024/4/12 00:00,1,0,0,0,0,0,11,2,0.618,0,1,0,CWS,,3.04,1.2,R
Buck Farmer,2024/4/15 00:00,2,3,3,4,1,3,40,3,0.687,0,1.33,1,SEA,,3.04,1.2,R
Buck Farmer,2024/4/19 00:00,1,0,0,0,0,1,11,4,0.671,1,1.33,1,LAA,,3.04,1.2,R
Buck Farmer,2024/4/23 00:00,2,0,0,2,0,1,29,4,0.75,1,1.67,1,PHI,,3.04,1.2,R
Buck Farmer,2024/4/25 00:00,2,0,0,0,0,2,25,2,0.75,1,1.67,0,PHI,,3.04,1.2,R
Buck Farmer,2024/4/30 00:00,1,1,1,2,0,0,17,5,0.745,0,1.67,0.33,SD,,3.04,1.2,R
Buck Farmer,2024/5/3 00:00,2,0,0,0,1,1,24,3,0.751,1,1.67,0.33,BAL,,3.04,1.2,R
Buck Farmer,2024/5/7 00:00,1.2,0,0,0,0,2,22,4,0.777,1,1.4,0.33,AZ,,3.04,1.2,R
Buck Farmer,2024/5/9 00:00,1,0,0,1,0,0,12,2,0.777,1,1.4,0,AZ,,3.04,1.2,R
Buck Farmer,2024/5/11 00:00,1,0,0,0,0,1,20,2,0.701,0,1.07,0,SF,,3.04,1.2,R
Buck Farmer,2024/5/14 00:00,1,0,0,1,0,0,13,3,0.777,0,1,0,AZ,,3.04,1.2,R
Buck Farmer,2024/5/16 00:00,0.2,0,0,1,1,2,23,2,0.781,0,0.73,0,LAD,,3.04,1.2,R
Buck Farmer,2024/5/23 00:00,0.2,0,0,0,0,0,3,7,0.745,1,0.47,0,SD,,3.04,1.2,R
Buck Farmer,2024/5/24 00:00,1,0,0,1,1,0,21,1,0.781,1,0.47,0,LAD,,3.04,1.2,R
Buck Farmer,2024/5/28 00:00,1,0,0,2,1,1,27,4,0.703,1,0.73,0,STL,,3.04,1.2,R
Buck Farmer,2024/5/29 00:00,1,1,1,3,2,0,33,1,0.703,1,1,0.33,STL,,3.04,1.2,R
Buck Farmer,2024/6/4 00:00,1,1,1,2,0,1,17,6,0.704,0,1,0.67,COL,,3.04,1.2,R
Buck Farmer,2024/6/9 00:00,1,0,0,2,2,0,16,5,0.71,1,1,0.67,CHC,,3.04,1.2,R
Buck Farmer,2024/6/11 00:00,2,1,1,1,2,1,27,2,0.703,1,1.33,0.67,CLE,,3.04,1.2,R
Buck Farmer,2024/6/15 00:00,2,0,0,0,0,3,27,4,0.729,0,1.67,0.33,MIL,,3.04,1.2,R
Buck Farmer,2024/6/22 00:00,1,0,0,1,0,0,16,7,0.741,1,1.67,0.33,BOS,,3.04,1.2,R
Buck Farmer,2024/6/23 00:00,1,1,1,1,0,1,15,1,0.741,1,1.33,0.33,BOS,,3.04,1.2,R
Buck Farmer,2024/6/25 00:00,1,2,2,2,0,1,23,2,0.672,1,1,1,PIT,,3.04,1.2,R
Buck Farmer,2024/6/27 00:00,1.2,0,0,1,0,1,19,2,0.703,0,1.07,1,STL,,3.04,1.2,R
Buck Farmer,2024/6/30 00:00,1,0,0,0,0,1,11,3,0.703,0,1.07,0.67,STL,,3.04,1.2,R
Buck Farmer,2024/7/5 00:00,1.1,0,0,0,1,3,25,5,0.685,1,1.1,0,DET,,3.04,1.2,R
Buck Farmer,2024/7/7 00:00,1,0,0,0,0,1,15,2,0.685,1,1.03,0,DET,,3.04,1.2,R
Buck Farmer,2024/7/9 00:00,1,1,2,1,1,2,26,2,0.704,1,1.03,0.33,COL,,3.04,1.2,R
Buck Farmer,2024/7/10 00:00,1,0,0,1,0,1,14,1,0.704,1,1,0.33,COL,,3.04,1.2,R
Buck Farmer,2024/7/13 00:00,0.2,0,0,1,1,0,15,3,0.678,1,0.73,0.33,MIA,,3.04,1.2,R
Buck Farmer,2024/7/19 00:00,1.2,1,1,1,1,3,27,6,0.684,0,0.8,0.33,WSH,,3.04,1.2,R
Buck Farmer,2024/7/27 00:00,2,0,0,0,1,1,31,8,0.669,0,1.13,0.33,TB,,3.04,1.2,R
Buck Farmer,2024/7/29 00:00,1,1,1,1,0,1,18,2,0.71,1,1.4,0.67,CHC,,3.04,1.2,R
Buck Farmer,2024/7/30 00:00,1,0,0,0,0,2,11,1,0.71,1,1.33,0.33,CHC,,3.04,1.2,R
Buck Farmer,2024/8/2 00:00,1.2,0,0,0,0,3,23,3,0.701,1,1.07,0.33,SF,,3.04,1.2,R
Buck Farmer,2024/8/5 00:00,1.1,0,0,1,1,2,21,3,0.678,0,1.1,0,MIA,,3.04,1.2,R
Buck Farmer,2024/8/8 00:00,1.1,0,0,1,1,2,12,3,0.678,0,1.13,0,MIA,,3.04,1.2,R
Buck Farmer,2024/8/11 00:00,0.2,0,0,1,0,0,9,3,0.729,0,0.8,0,MIL,,3.04,1.2,R
Buck Farmer,2024/8/14 00:00,1,0,0,0,0,0,8,3,0.703,1,0.77,0,STL,,3.04,1.2,R
Buck Farmer,2024/8/17 00:00,0.2,2,2,2,2,1,30,3,0.71,1,0.47,0.67,KC,,3.04,1.2,R
Buck Farmer,2024/8/19 00:00,0.2,0,0,0,1,0,14,2,0.703,0,0.47,0.67,TOR,,3.04,1.2,R
Buck Farmer,2024/8/21 00:00,1,0,0,1,0,1,14,2,0.703,0,0.47,0.67,TOR,,3.04,1.2,R
Buck Farmer,2024/8/23 00:00,2,0,0,0,0,2,27,2,0.672,0,1.07,0,PIT,,3.04,1.2,R
Buck Farmer,2024/8/27 00:00,1.1,0,0,1,1,3,25,4,0.694,1,1.37,0,OAK,,3.04,1.2,R
Buck Farmer,2024/8/30 00:00,1.2,0,0,0,0,0,11,3,0.729,1,1.43,0,MIL,,3.04,1.2,R
Buck Farmer,2024/8/31 00:00,1,3,3,2,1,3,24,1,0.729,1,1.1,1,MIL,,3.04,1.2,R
Buck Farmer,2024/9/6 00:00,0.1,1,1,3,0,1,14,6,0.734,0,0.77,1.33,NYM,,3.04,1.2,R
Buck Farmer,2024/9/8 00:00,1,0,0,0,0,2,15,2,0.734,0,0.7,1.33,NYM,,3.04,1.2,R
Buck Farmer,2024/9/11 00:00,0.1,1,1,2,1,1,24,3,0.703,0,0.4,0.67,STL,,3.04,1.2,R
Buck Farmer,2024/9/13 00:00,0.1,1,1,2,0,0,15,2,0.726,0,0.4,0.67,MIN,,3.04,1.2,R
Buck Farmer,2024/9/17 00:00,0.2,0,0,1,0,2,20,4,0.724,1,0.13,0.67,ATL,,3.04,1.2,R
Buck Farmer,2024/9/21 00:00,1,0,0,0,0,1,13,4,0.672,1,0.43,0.33,PIT,,3.04,1.2,R
Buck Farmer,2024/9/22 00:00,1,0,0,1,1,2,16,1,0.672,1,0.73,0,PIT,,3.04,1.2,R
Buck Farmer,2024/9/25 00:00,1,0,0,0,0,1,11,3,0.703,0,1,0,CLE,,3.04,1.2,R
Buck Farmer,2024/9/28 00:00,1,1,1,1,0,0,8,3,0.71,0,1,0.33,CHC,,3.04,1.2,R
Buck Farmer,2024/9/29 00:00,1,0,0,0,1,0,19,1,0.71,0,1,0.33,CHC,,3.04,1.2,R
Caden Dana,2024/9/1 00:00,6,2,2,2,4,4,95,5,0.687,1,6,2,SEA,,9.58,2.03,R
Caden Dana,2024/9/8 00:00,1,5,5,7,1,1,43,7,0.686,0,3.5,3.5,TEX,,9.58,2.03,R
Caden Dana,2024/9/15 00:00,3.1,4,5,5,2,3,68,7,0.741,1,3.37,3.67,HOU,,9.58,2.03,R
Cade Povich,2024/6/6 00:00,5.1,6,6,5,4,2,100,5,0.703,0,5.1,6,TOR,,5.2,1.43,L
Cade Povich,2024/6/12 00:00,6,0,0,5,0,6,89,6,0.724,1,5.55,3,ATL,,5.2,1.43,L
Cade Povich,2024/6/19 00:00,4.2,1,1,1,5,1,94,7,0.761,0,5.1,2.33,NYY,,5.2,1.43,L
Cade Povich,2024/6/24 00:00,5.2,3,3,7,1,5,95,5,0.703,1,5.13,1.33,CLE,,5.2,1.43,L
Cade Povich,2024/6/29 00:00,5,2,2,5,0,3,86,5,0.686,1,4.8,2,TEX,,5.2,1.43,L
Cade Povich,2024/7/6 00:00,1,8,8,5,3,1,43,7,0.694,0,3.73,4.33,OAK,,5.2,1.43,L
Cade Povich,2024/7/12 00:00,5.1,3,3,5,5,6,97,6,0.761,1,3.7,4.33,NYY,,5.2,1.43,L
Cade Povich,2024/7/29 00:00,4.1,3,6,7,5,1,94,17,0.703,1,3.4,4.67,TOR,,5.2,1.43,L
Cade Povich,2024/8/17 00:00,6.1,2,2,6,0,6,89,19,0.741,1,5.1,2.67,BOS,,5.2,1.43,L
Cade Povich,2024/8/23 00:00,5,5,5,8,2,3,84,6,0.741,1,5.07,3.33,HOU,,5.2,1.43,L
Cade Povich,2024/8/29 00:00,3.1,5,5,10,1,3,87,6,0.781,0,4.73,4,LAD,,5.2,1.43,L
Cade Povich,2024/9/3 00:00,7.1,0,0,5,0,10,98,5,0.618,1,5.07,3.33,CWS,,5.2,1.43,L
Cade Povich,2024/9/9 00:00,4.2,4,4,5,2,5,76,6,0.741,0,4.8,3,BOS,,5.2,1.43,L
Cade Povich,2024/9/15 00:00,5,2,2,2,2,8,89,6,0.685,0,5.43,2,DET,,5.2,1.43,L
Cade Povich,2024/9/21 00:00,5,2,2,2,3,7,89,6,0.685,1,4.73,2.67,DET,,5.2,1.43,L
Cade Povich,2024/9/27 00:00,5.2,0,0,2,1,2,79,6,0.726,0,5.07,1.33,MIN,,5.2,1.43,L
Caleb Kilian,2024/9/23 00:00,5.2,5,6,8,4,3,85,5,0.75,0,5.2,5,PHI,,4.22,1.59,R
Caleb Kilian,2024/9/29 00:00,5,0,0,3,2,4,82,6,0.693,1,5.1,2.5,CIN,,4.22,1.59,R
Cal Quantrill,2024/3/29 00:00,5,5,5,9,1,1,88,5,0.777,0,5,5,AZ,,4.98,1.52,R
Cal Quantrill,2024/4/3 00:00,4,4,4,4,4,3,90,5,0.71,0,4.5,4.5,CHC,,4.98,1.52,R
Cal Quantrill,2024/4/9 00:00,6,3,3,8,0,6,98,6,0.777,1,5,4,AZ,,4.98,1.52,R
Cal Quantrill,2024/4/15 00:00,6,1,1,4,2,1,90,6,0.75,0,5.33,2.67,PHI,,4.98,1.52,R
Cal Quantrill,2024/4/21 00:00,6,0,0,3,5,4,108,6,0.687,1,6,1.33,SEA,,4.98,1.52,R
Cal Quantrill,2024/4/27 00:00,5,6,6,6,2,2,95,6,0.741,1,5.67,2.33,HOU,,4.98,1.52,R
Cal Quantrill,2024/5/3 00:00,7.2,0,0,3,0,9,99,6,0.672,0,6.07,2,PIT,,4.98,1.52,R
Cal Quantrill,2024/5/9 00:00,6,1,1,5,3,5,92,6,0.701,1,6.07,2.33,SF,,4.98,1.52,R
Cal Quantrill,2024/5/14 00:00,6,1,1,6,3,5,91,5,0.745,0,6.4,0.67,SD,,4.98,1.52,R
Cal Quantrill,2024/5/21 00:00,6,2,2,3,1,8,98,7,0.694,0,6,1.33,OAK,,4.98,1.52,R
Cal Quantrill,2024/5/26 00:00,6,2,2,3,2,5,98,5,0.75,1,6,1.67,PHI,,4.98,1.52,R
Cal Quantrill,2024/6/1 00:00,4.1,4,4,9,2,1,95,6,0.781,0,5.37,2.67,LAD,,4.98,1.52,R
Cal Quantrill,2024/6/6 00:00,5,0,0,3,4,1,96,5,0.703,0,5.03,2,STL,,4.98,1.52,R
Cal Quantrill,2024/6/11 00:00,6,0,0,3,1,5,100,5,0.726,0,5.03,1.33,MIN,,4.98,1.52,R
Cal Quantrill,2024/6/17 00:00,5,3,3,7,3,3,99,6,0.781,1,5.33,1,LAD,,4.98,1.52,R
Cal Quantrill,2024/6/22 00:00,6,3,3,7,1,5,95,5,0.684,1,5.67,2,WSH,,4.98,1.52,R
Cal Quantrill,2024/6/29 00:00,5.1,5,5,7,0,8,90,7,0.618,0,5.37,3.67,CWS,,4.98,1.52,R
Cal Quantrill,2024/7/4 00:00,5,2,2,5,4,2,102,5,0.729,1,5.37,3.33,MIL,,4.98,1.52,R
Cal Quantrill,2024/7/9 00:00,2,5,5,4,1,4,52,5,0.693,0,4.03,4,CIN,,4.98,1.52,R
Cal Quantrill,2024/7/19 00:00,6,3,3,5,2,5,100,10,0.701,1,4.33,3.33,SF,,4.98,1.52,R
Cal Quantrill,2024/7/24 00:00,6,2,3,6,2,3,83,5,0.741,1,4.67,3.33,BOS,,4.98,1.52,R
Cal Quantrill,2024/7/30 00:00,3.2,7,7,9,2,4,92,6,0.671,0,5.07,4,LAA,,4.98,1.52,R
Cal Quantrill,2024/8/4 00:00,4.1,3,3,5,3,2,88,5,0.745,0,4.43,4,SD,,4.98,1.52,R
Cal Quantrill,2024/8/16 00:00,5,3,3,6,2,5,92,12,0.745,1,4.1,4.33,SD,,4.98,1.52,R
Cal Quantrill,2024/8/22 00:00,5,2,2,2,2,4,85,6,0.684,0,4.7,2.67,WSH,,4.98,1.52,R
Cal Quantrill,2024/8/27 00:00,5.2,4,4,7,5,2,86,5,0.678,1,5.07,3,MIA,,4.98,1.52,R
Cal Quantrill,2024/9/15 00:00,2.1,2,2,4,6,2,69,19,0.71,1,4.1,2.67,CHC,,4.98,1.52,R
Cal Quantrill,2024/9/21 00:00,4.2,3,3,6,4,5,100,6,0.781,0,3.83,3,LAD,,4.98,1.52,R
Cal Quantrill,2024/9/27 00:00,3.1,6,6,7,2,0,73,6,0.781,1,3.13,3.67,LAD,,4.98,1.52,R
Carlos Carrasco,2024/3/31 00:00,5,3,3,6,1,3,79,5,0.694,0,5,3,OAK,,5.64,1.4,R
Carlos Carrasco,2024/4/6 00:00,3,1,1,1,3,6,78,6,0.726,0,4,2,MIN,,5.64,1.4,R
Carlos Carrasco,2024/4/13 00:00,4.2,1,1,5,5,2,88,7,0.761,1,4.07,1.67,NYY,,5.64,1.4,R
Carlos Carrasco,2024/4/18 00:00,5.2,2,2,4,3,5,89,5,0.741,0,4.13,1.33,BOS,,5.64,1.4,R
Carlos Carrasco,2024/4/24 00:00,5,5,5,9,1,4,89,6,0.741,1,4.8,2.67,BOS,,5.64,1.4,R
Carlos Carrasco,2024/4/30 00:00,4,8,8,6,2,3,76,6,0.741,0,4.73,5,HOU,,5.64,1.4,R
Carlos Carrasco,2024/5/5 00:00,6,1,1,6,2,3,71,5,0.671,1,5,4.67,LAA,,5.64,1.4,R
Carlos Carrasco,2024/5/10 00:00,7,3,5,6,0,5,93,5,0.618,0,5.67,4,CWS,,5.64,1.4,R
Carlos Carrasco,2024/5/15 00:00,5,2,2,5,1,3,75,5,0.686,0,6,2,TEX,,5.64,1.4,R
Carlos Carrasco,2024/6/2 00:00,4,5,5,7,1,5,71,18,0.684,1,5.33,3.33,WSH,,5.64,1.4,R
Carlos Carrasco,2024/6/9 00:00,4.2,2,2,4,0,3,55,7,0.678,0,4.4,3,MIA,,5.64,1.4,R
Carlos Carrasco,2024/6/15 00:00,5,5,5,6,2,2,81,6,0.703,0,4.4,4,TOR,,5.64,1.4,R
Carlos Carrasco,2024/6/21 00:00,6,1,1,4,0,7,79,6,0.703,1,5.07,2.67,TOR,,5.64,1.4,R
Carlos Carrasco,2024/6/26 00:00,5,2,2,6,2,3,91,5,0.751,0,5.33,2.67,BAL,,5.64,1.4,R
Carlos Carrasco,2024/7/2 00:00,6,3,3,4,1,7,70,6,0.618,1,5.67,2,CWS,,5.64,1.4,R
Carlos Carrasco,2024/7/7 00:00,5,3,3,6,1,4,86,5,0.701,1,5.33,2.67,SF,,5.64,1.4,R
Carlos Carrasco,2024/7/12 00:00,5,1,2,6,1,3,82,5,0.669,0,5.33,2.33,TB,,5.64,1.4,R
Carlos Carrasco,2024/7/22 00:00,5.1,6,6,9,0,6,96,10,0.685,1,5.03,3.33,DET,,5.64,1.4,R
Carlos Carrasco,2024/7/27 00:00,3.2,6,6,6,1,5,86,5,0.75,0,4.43,4.33,PHI,,5.64,1.4,R
Carlos Carrasco,2024/8/2 00:00,4.1,1,1,1,4,5,79,6,0.751,1,4.13,4.33,BAL,,5.64,1.4,R
Carlos Carrasco,2024/8/7 00:00,4.1,4,4,5,2,5,79,5,0.777,1,3.8,3.67,AZ,,5.64,1.4,R
Carlos Rodriguez,2024/6/11 00:00,3.2,2,2,7,1,4,71,5,0.703,1,3.2,2,TOR,,7.3,1.78,R
Carlos Rodriguez,2024/6/17 00:00,4.2,4,5,6,2,3,90,6,0.671,0,3.7,3,LAA,,7.3,1.78,R
Carlos Rodriguez,2024/6/22 00:00,4,4,4,6,0,2,72,5,0.745,0,3.8,3.33,SD,,7.3,1.78,R
Carmen Mlodzinski,2024/5/17 00:00,1.2,2,2,3,1,1,48,5,0.71,0,1.2,2,CHC,,3.38,1.18,R
Carmen Mlodzinski,2024/5/21 00:00,1,0,0,0,0,1,15,4,0.701,1,1.1,1,SF,,3.38,1.18,R
Carmen Mlodzinski,2024/5/22 00:00,1,3,4,4,2,2,37,1,0.701,1,1.07,1.67,SF,,3.38,1.18,R
Carmen Mlodzinski,2024/5/26 00:00,2,3,3,3,1,1,34,4,0.724,1,1.33,2,ATL,,3.38,1.18,R
Carmen Mlodzinski,2024/5/31 00:00,2,0,1,0,2,3,36,5,0.703,0,1.67,2,TOR,,3.38,1.18,R
Carmen Mlodzinski,2024/6/2 00:00,1,0,0,0,0,1,17,2,0.703,0,1.67,1,TOR,,3.38,1.18,R
Carmen Mlodzinski,2024/6/5 00:00,1,0,1,1,0,1,12,3,0.781,1,1.33,0,LAD,,3.38,1.18,R
Carmen Mlodzinski,2024/6/6 00:00,1,0,0,0,2,1,22,1,0.781,1,1,0,LAD,,3.38,1.18,R
Carmen Mlodzinski,2024/6/8 00:00,1.2,0,0,0,0,1,18,2,0.726,1,1.07,0,MIN,,3.38,1.18,R
Carmen Mlodzinski,2024/6/12 00:00,2,1,1,3,0,3,33,4,0.703,0,1.4,0.33,STL,,3.38,1.18,R
Carmen Mlodzinski,2024/6/14 00:00,1,0,0,1,1,2,24,2,0.704,0,1.4,0.33,COL,,3.38,1.18,R
Carmen Mlodzinski,2024/6/16 00:00,2,0,0,0,0,0,18,2,0.704,0,1.67,0.33,COL,,3.38,1.18,R
Carmen Mlodzinski,2024/6/18 00:00,1,0,0,1,0,0,13,2,0.693,1,1.33,0,CIN,,3.38,1.18,R
Carmen Mlodzinski,2024/6/21 00:00,1.2,1,1,4,0,0,40,3,0.669,1,1.4,0.33,TB,,3.38,1.18,R
Carmen Mlodzinski,2024/6/25 00:00,2.1,0,0,0,0,2,27,4,0.693,0,1.43,0.33,CIN,,3.38,1.18,R
Carmen Mlodzinski,2024/6/29 00:00,1,0,0,0,0,0,17,4,0.724,0,1.43,0.33,ATL,,3.38,1.18,R
Carmen Mlodzinski,2024/6/30 00:00,1,0,0,1,0,1,13,1,0.724,0,1.37,0,ATL,,3.38,1.18,R
Carmen Mlodzinski,2024/7/3 00:00,1,0,0,0,0,2,9,3,0.703,1,1,0,STL,,3.38,1.18,R
Carmen Mlodzinski,2024/7/7 00:00,1,0,0,1,0,1,18,4,0.734,1,1,0,NYM,,3.38,1.18,R
Carmen Mlodzinski,2024/7/12 00:00,2,0,0,0,0,2,25,5,0.618,0,1.33,0,CWS,,3.38,1.18,R
Carmen Mlodzinski,2024/7/14 00:00,1,1,1,1,2,1,22,2,0.618,0,1.33,0.33,CWS,,3.38,1.18,R
Carmen Mlodzinski,2024/7/19 00:00,1,0,0,2,0,1,23,5,0.75,1,1.33,0.33,PHI,,3.38,1.18,R
Carmen Mlodzinski,2024/7/23 00:00,0.2,0,0,0,0,1,8,4,0.703,1,0.73,0.33,STL,,3.38,1.18,R
Carmen Mlodzinski,2024/7/24 00:00,1,0,0,1,1,1,28,1,0.703,1,0.73,0,STL,,3.38,1.18,R
Carmen Mlodzinski,2024/7/26 00:00,1,1,1,2,0,0,14,2,0.777,0,0.73,0.33,AZ,,3.38,1.18,R
Carmen Mlodzinski,2024/7/29 00:00,1,0,0,1,1,0,11,3,0.741,0,1,0.33,HOU,,3.38,1.18,R
Carmen Mlodzinski,2024/8/27 00:00,2,0,0,0,2,3,33,29,0.71,1,1.33,0.33,CHC,,3.38,1.18,R
Carmen Mlodzinski,2024/8/30 00:00,1,4,4,4,0,2,26,3,0.703,0,1.33,1.33,CLE,,3.38,1.18,R
Carmen Mlodzinski,2024/9/3 00:00,2,0,0,1,0,2,26,4,0.71,0,1.67,1.33,CHC,,3.38,1.18,R
Carmen Mlodzinski,2024/9/5 00:00,1,0,0,0,0,0,20,2,0.684,1,1.33,1.33,WSH,,3.38,1.18,R
Carmen Mlodzinski,2024/9/8 00:00,1,1,1,2,0,0,12,3,0.684,1,1.33,0.33,WSH,,3.38,1.18,R
Carmen Mlodzinski,2024/9/10 00:00,2,0,0,0,0,1,27,2,0.678,1,1.33,0.33,MIA,,3.38,1.18,R
Carmen Mlodzinski,2024/9/14 00:00,1,1,1,2,0,1,20,4,0.71,1,1.33,0.67,KC,,3.38,1.18,R
Carmen Mlodzinski,2024/9/15 00:00,1,0,0,0,0,0,8,1,0.71,1,1.33,0.33,KC,,3.38,1.18,R
Carmen Mlodzinski,2024/9/17 00:00,1.1,0,0,0,0,2,14,2,0.703,0,1.03,0.33,STL,,3.38,1.18,R
Carmen Mlodzinski,2024/9/19 00:00,1,0,0,0,1,1,19,2,0.703,0,1.03,0,STL,,3.38,1.18,R
Carmen Mlodzinski,2024/9/22 00:00,1,0,0,0,1,0,16,3,0.693,0,1.03,0,CIN,,3.38,1.18,R
Carmen Mlodzinski,2024/9/26 00:00,1,0,0,2,0,2,21,4,0.729,1,1,0,MIL,,3.38,1.18,R
Carmen Mlodzinski,2024/9/27 00:00,1,0,0,0,0,2,19,1,0.761,0,1,0,NYY,,3.38,1.18,R
Carmen Mlodzinski,2024/9/29 00:00,0.1,1,1,1,2,1,23,2,0.761,0,0.7,0.33,NYY,,3.38,1.18,R
Carson Fulmer,2024/4/9 00:00,1,0,0,0,1,0,11,5,0.669,1,1,0,TB,,4.15,1.4,R
Carson Fulmer,2024/4/13 00:00,4,0,0,2,3,5,62,4,0.741,0,2.5,0,BOS,,4.15,1.4,R
Carson Fulmer,2024/4/16 00:00,1.2,1,2,2,2,3,27,3,0.669,0,2.07,0.33,TB,,4.15,1.4,R
Carson Fulmer,2024/4/24 00:00,2,0,0,1,1,2,35,8,0.751,1,2.4,0.33,BAL,,4.15,1.4,R
Carson Fulmer,2024/4/27 00:00,3.1,4,4,5,2,2,61,3,0.726,1,2.1,1.67,MIN,,4.15,1.4,R
Carson Fulmer,2024/5/4 00:00,2,0,0,1,1,1,35,7,0.703,0,2.37,1.33,CLE,,4.15,1.4,R
Carson Fulmer,2024/5/11 00:00,1,0,0,0,0,0,14,7,0.71,1,2.03,1.33,KC,,4.15,1.4,R
Carson Fulmer,2024/5/12 00:00,1,0,0,0,0,1,11,1,0.71,1,1.33,0,KC,,4.15,1.4,R
Carson Fulmer,2024/5/14 00:00,2,0,0,1,0,4,32,2,0.703,1,1.33,0,STL,,4.15,1.4,R
Carson Fulmer,2024/5/17 00:00,1,0,0,0,0,1,10,3,0.686,0,1.33,0,TEX,,4.15,1.4,R
Carson Fulmer,2024/5/18 00:00,1.1,0,1,1,2,0,25,1,0.686,0,1.37,0,TEX,,4.15,1.4,R
Carson Fulmer,2024/5/21 00:00,1.1,2,2,2,1,2,26,3,0.741,0,1.07,0.67,HOU,,4.15,1.4,R
Carson Fulmer,2024/5/26 00:00,2,0,0,1,0,0,18,5,0.703,1,1.4,0.67,CLE,,4.15,1.4,R
Carson Fulmer,2024/6/1 00:00,1.2,2,2,2,2,2,50,6,0.687,0,1.43,1.33,SEA,,4.15,1.4,R
Carson Fulmer,2024/6/8 00:00,1.2,0,0,0,0,4,23,7,0.741,1,1.47,0.67,HOU,,4.15,1.4,R
Carson Fulmer,2024/6/11 00:00,2.2,2,2,2,3,2,61,3,0.777,0,1.53,1.33,AZ,,4.15,1.4,R
Carson Fulmer,2024/6/16 00:00,1,4,4,6,1,0,28,5,0.701,0,1.47,2,SF,,4.15,1.4,R
Carson Fulmer,2024/6/18 00:00,1,0,0,0,0,1,13,2,0.729,1,1.4,2,MIL,,4.15,1.4,R
Carson Fulmer,2024/6/22 00:00,1.2,1,1,2,2,2,36,4,0.781,0,1.07,1.67,LAD,,4.15,1.4,R
Carson Fulmer,2024/6/29 00:00,1,0,0,0,1,1,18,7,0.685,1,1.07,0.33,DET,,4.15,1.4,R
Carson Fulmer,2024/6/30 00:00,2,0,0,0,0,1,22,1,0.685,1,1.4,0.33,DET,,4.15,1.4,R
Carson Fulmer,2024/7/3 00:00,2,0,0,2,0,3,28,3,0.694,0,1.67,0,OAK,,4.15,1.4,R
Carson Fulmer,2024/7/5 00:00,1,0,0,0,0,0,9,2,0.71,0,1.67,0,CHC,,4.15,1.4,R
Carson Fulmer,2024/7/8 00:00,3,2,2,4,0,5,59,3,0.686,1,2,0.67,TEX,,4.15,1.4,R
Carson Fulmer,2024/7/14 00:00,4.2,0,0,0,1,7,77,6,0.687,1,2.73,0.67,SEA,,4.15,1.4,R
Carson Fulmer,2024/7/21 00:00,4.2,3,3,5,2,3,77,7,0.694,0,3.8,1.67,OAK,,4.15,1.4,R
Carson Fulmer,2024/7/26 00:00,5.2,3,3,2,3,3,77,5,0.694,1,4.53,2,OAK,,4.15,1.4,R
Carson Fulmer,2024/8/1 00:00,6,2,2,3,1,8,79,6,0.704,1,5.13,2.67,COL,,4.15,1.4,R
Carson Fulmer,2024/8/7 00:00,4,2,2,7,1,1,90,6,0.761,0,5.07,2.33,NYY,,4.15,1.4,R
Carson Fulmer,2024/8/13 00:00,3,5,5,5,2,3,75,6,0.703,1,4.33,3,TOR,,4.15,1.4,R
Carson Fulmer,2024/8/19 00:00,4,2,3,5,3,4,76,6,0.71,0,3.67,3,KC,,4.15,1.4,R
Carson Fulmer,2024/8/24 00:00,6,2,2,7,2,8,88,5,0.703,0,4.33,3,TOR,,4.15,1.4,R
Carson Fulmer,2024/9/15 00:00,1,0,1,2,0,0,16,22,0.741,1,3.67,1.33,HOU,,4.15,1.4,R
Carson Fulmer,2024/9/18 00:00,1,0,1,0,1,0,17,3,0.618,1,2.67,0.67,CWS,,4.15,1.4,R
Carson Fulmer,2024/9/21 00:00,3,1,1,7,1,1,57,3,0.741,0,1.67,0.33,HOU,,4.15,1.4,R
Carson Fulmer,2024/9/26 00:00,0.2,2,2,4,0,1,21,5,0.618,0,1.4,1,CWS,,4.15,1.4,R
Carson Fulmer,2024/9/29 00:00,0.2,0,0,0,1,0,8,3,0.686,1,1.13,1,TEX,,4.15,1.4,R
Carson Spiers,2024/4/9 00:00,4,3,4,7,3,1,81,5,0.729,1,4,3,MIL,,5.46,1.53,R
Carson Spiers,2024/5/18 00:00,3,1,1,3,0,3,34,39,0.781,0,3.5,2,LAD,,5.46,1.53,R
Carson Spiers,2024/5/22 00:00,3.1,0,0,2,0,1,28,4,0.745,1,3.37,1.33,SD,,5.46,1.53,R
Carson Spiers,2024/5/26 00:00,3.1,1,1,3,0,3,57,4,0.781,1,3.07,0.67,LAD,,5.46,1.53,R
Carson Spiers,2024/6/9 00:00,5.2,0,0,4,1,7,90,14,0.71,1,3.8,0.33,CHC,,5.46,1.53,R
Carson Spiers,2024/6/17 00:00,6,4,4,7,1,5,104,8,0.672,0,4.77,1.67,PIT,,5.46,1.53,R
Carson Spiers,2024/6/24 00:00,6,3,3,7,1,5,93,7,0.672,1,5.73,2.33,PIT,,5.46,1.53,R
Carson Spiers,2024/6/29 00:00,6,1,2,3,1,4,90,5,0.703,0,6,2.67,STL,,5.46,1.53,R
Carson Spiers,2024/7/5 00:00,4.2,4,4,8,2,3,89,6,0.685,1,5.4,2.67,DET,,5.46,1.53,R
Carson Spiers,2024/7/12 00:00,5,3,3,6,0,9,90,7,0.678,1,5.07,2.67,MIA,,5.46,1.53,R
Carson Spiers,2024/7/29 00:00,5,0,0,1,2,4,68,17,0.71,1,4.73,2.33,CHC,,5.46,1.53,R
Carson Spiers,2024/8/4 00:00,5.2,3,3,5,0,5,86,6,0.701,1,5.07,2,SF,,5.46,1.53,R
Carson Spiers,2024/8/9 00:00,5,8,8,7,4,7,108,5,0.729,0,5.07,3.67,MIL,,5.46,1.53,R
Carson Spiers,2024/8/14 00:00,2.2,2,2,6,0,4,60,5,0.703,1,4.13,4.33,STL,,5.46,1.53,R
Carson Spiers,2024/8/20 00:00,4.1,9,10,13,2,3,85,6,0.703,0,3.77,6.33,TOR,,5.46,1.53,R
Carson Spiers,2024/8/25 00:00,4,0,0,3,0,1,50,5,0.672,0,3.43,3.67,PIT,,5.46,1.53,R
Carson Spiers,2024/8/30 00:00,2,3,3,3,0,3,34,5,0.729,1,3.37,4,MIL,,5.46,1.53,R
Carson Spiers,2024/9/2 00:00,2.1,1,1,3,3,2,65,3,0.741,1,2.7,1.33,HOU,,5.46,1.53,R
Carson Spiers,2024/9/7 00:00,3,1,1,5,1,4,60,5,0.734,0,2.37,1.67,NYM,,5.46,1.53,R
Carson Spiers,2024/9/12 00:00,2.2,4,5,7,3,4,67,5,0.703,0,2.43,2,STL,,5.46,1.53,R
Carson Spiers,2024/9/17 00:00,3,1,1,4,1,0,46,5,0.724,1,2.73,2,ATL,,5.46,1.53,R
Carson Spiers,2024/9/24 00:00,4,3,3,5,2,2,69,7,0.703,0,3.07,2.67,CLE,,5.46,1.53,R
Casey Mize,2024/4/4 00:00,4.1,3,3,5,2,4,87,5,0.734,0,4.1,3,NYM,,4.49,1.47,R
Casey Mize,2024/4/9 00:00,5,2,2,5,1,2,83,5,0.672,0,4.55,2.5,PIT,,4.49,1.47,R
Casey Mize,2024/4/16 00:00,6,2,2,5,0,6,95,7,0.686,1,5.03,2.33,TEX,,4.49,1.47,R
Casey Mize,2024/4/21 00:00,6,0,0,5,3,4,90,5,0.726,0,5.67,1.33,MIN,,4.49,1.47,R
Casey Mize,2024/4/27 00:00,5,2,3,6,0,2,87,6,0.71,1,5.67,1.33,KC,,4.49,1.47,R
Casey Mize,2024/5/4 00:00,5.1,5,5,9,1,6,93,7,0.761,0,5.37,2.33,NYY,,4.49,1.47,R
Casey Mize,2024/5/10 00:00,6,1,1,5,2,2,88,6,0.741,1,5.37,2.67,HOU,,4.49,1.47,R
Casey Mize,2024/5/15 00:00,6,2,2,2,1,6,90,5,0.678,1,5.7,2.67,MIA,,4.49,1.47,R
Casey Mize,2024/5/21 00:00,1.2,6,6,9,0,2,52,6,0.71,0,4.4,3,KC,,4.49,1.47,R
Casey Mize,2024/5/26 00:00,4.1,3,3,8,2,0,86,5,0.703,1,3.77,3.67,TOR,,4.49,1.47,R
Casey Mize,2024/6/2 00:00,4,2,3,5,4,4,82,7,0.741,0,3.1,3.67,BOS,,4.49,1.47,R
Casey Mize,2024/6/8 00:00,5.1,3,5,8,2,1,97,6,0.729,1,4.4,2.67,MIL,,4.49,1.47,R
Casey Mize,2024/6/13 00:00,6,1,1,4,1,4,84,5,0.684,1,5.03,2,WSH,,4.49,1.47,R
Casey Mize,2024/6/18 00:00,4,2,2,5,0,3,87,5,0.724,0,5.03,2,ATL,,4.49,1.47,R
Casey Mize,2024/6/24 00:00,4.1,3,4,9,0,10,101,6,0.75,1,4.7,2,PHI,,4.49,1.47,R
Casey Mize,2024/6/30 00:00,5.1,0,0,3,2,2,86,6,0.671,0,4.4,1.67,LAA,,4.49,1.47,R
Casey Mize,2024/8/30 00:00,6,3,4,5,1,4,85,61,0.741,1,5.07,2,BOS,,4.49,1.47,R
Casey Mize,2024/9/5 00:00,5.1,3,3,6,1,2,83,6,0.745,0,5.4,2,SD,,4.49,1.47,R
Casey Mize,2024/9/11 00:00,4.2,4,4,6,0,7,66,6,0.704,1,5.1,3.33,COL,,4.49,1.47,R
Casey Mize,2024/9/17 00:00,4.1,1,1,6,4,3,89,6,0.71,0,4.47,2.67,KC,,4.49,1.47,R
Casey Mize,2024/9/26 00:00,2,1,1,3,0,4,39,9,0.669,1,3.43,2,TB,,4.49,1.47,R
Casey Mize,2024/9/29 00:00,1.1,2,2,2,2,0,39,3,0.618,1,2.4,1.33,CWS,,4.49,1.47,R
Chad Kuhl,2024/6/16 00:00,2.2,4,4,2,3,3,50,5,0.777,0,2.2,4,AZ,,5.06,1.52,R
Chad Kuhl,2024/6/19 00:00,1,0,0,0,1,1,16,3,0.741,1,1.6,2,HOU,,5.06,1.52,R
Chad Kuhl,2024/6/23 00:00,4.1,2,2,6,1,7,99,4,0.685,0,2.43,2,DET,,5.06,1.52,R
Chad Kuhl,2024/6/27 00:00,3,0,0,1,2,3,49,4,0.724,1,2.7,0.67,ATL,,5.06,1.52,R
Chad Kuhl,2024/7/4 00:00,4.1,2,3,5,4,1,94,7,0.703,0,3.73,1.33,CLE,,5.06,1.52,R
Chad Kuhl,2024/7/10 00:00,2,0,0,0,1,1,35,6,0.726,1,3.03,0.67,MIN,,5.06,1.52,R
Chad Kuhl,2024/7/14 00:00,4,4,4,6,2,4,71,4,0.672,1,3.37,2,PIT,,5.06,1.52,R
Chad Kuhl,2024/7/19 00:00,3.1,0,0,3,0,2,52,5,0.71,0,3.03,1.33,KC,,5.06,1.52,R
Chad Kuhl,2024/7/23 00:00,1,0,0,0,1,0,19,4,0.686,0,2.7,1.33,TEX,,5.06,1.52,R
Chad Kuhl,2024/7/28 00:00,5,1,1,2,2,4,75,5,0.687,1,3.03,0.33,SEA,,5.06,1.52,R
Chad Kuhl,2024/7/31 00:00,1,0,0,2,0,1,13,3,0.71,1,2.33,0.33,KC,,5.06,1.52,R
Chad Kuhl,2024/8/2 00:00,2,0,0,0,0,2,27,2,0.726,0,2.67,0.33,MIN,,5.06,1.52,R
Chad Kuhl,2024/8/5 00:00,1,1,1,2,0,2,17,3,0.694,0,1.33,0.33,OAK,,5.06,1.52,R
Chad Kuhl,2024/8/6 00:00,1,0,0,0,0,0,11,1,0.694,0,1.33,0.33,OAK,,5.06,1.52,R
Chad Kuhl,2024/8/9 00:00,1,0,0,1,0,0,12,3,0.71,1,1,0.33,CHC,,5.06,1.52,R
Chad Kuhl,2024/8/10 00:00,0.1,2,2,3,1,0,19,1,0.71,1,0.7,0.67,CHC,,5.06,1.52,R
Chad Kuhl,2024/8/13 00:00,0.2,0,0,2,0,0,5,3,0.761,1,0.43,0.67,NYY,,5.06,1.52,R
Chad Kuhl,2024/8/14 00:00,0.2,5,5,4,1,2,29,1,0.761,1,0.17,2.33,NYY,,5.06,1.52,R
Chad Kuhl,2024/8/16 00:00,1,1,1,1,0,2,17,2,0.741,0,0.47,2,HOU,,5.06,1.52,R
Chad Kuhl,2024/8/19 00:00,1,0,0,1,0,2,17,3,0.701,0,0.73,2,SF,,5.06,1.52,R
Chad Kuhl,2024/8/21 00:00,2,0,0,1,0,4,33,2,0.701,0,1.33,0.33,SF,,5.06,1.52,R
Chad Kuhl,2024/8/24 00:00,2,0,0,1,0,1,20,3,0.685,1,1.67,0,DET,,5.06,1.52,R
Chad Kuhl,2024/8/27 00:00,1,0,0,0,0,2,13,3,0.686,1,1.67,0,TEX,,5.06,1.52,R
Chad Kuhl,2024/8/31 00:00,1,0,0,0,0,1,16,4,0.734,1,1.33,0,NYM,,5.06,1.52,R
Chad Kuhl,2024/9/2 00:00,0.1,4,4,3,2,1,27,2,0.751,0,0.7,1.33,BAL,,5.06,1.52,R
Chad Kuhl,2024/9/7 00:00,1,0,0,0,0,3,16,5,0.741,0,0.7,1.33,BOS,,5.06,1.52,R
Chad Kuhl,2024/9/11 00:00,2,1,1,3,0,2,29,4,0.703,1,1.03,1.67,CLE,,5.06,1.52,R
Chad Kuhl,2024/9/14 00:00,0.2,3,3,2,2,1,30,3,0.694,1,1.07,1.33,OAK,,5.06,1.52,R
Chad Kuhl,2024/9/16 00:00,0.2,0,0,2,0,1,23,2,0.671,0,0.8,1.33,LAA,,5.06,1.52,R
Chad Kuhl,2024/9/18 00:00,1.1,0,2,2,2,1,31,2,0.671,0,0.5,1,LAA,,5.06,1.52,R
Chad Kuhl,2024/9/20 00:00,1,0,0,1,0,0,16,2,0.745,0,0.77,0,SD,,5.06,1.52,R
Chase Anderson,2024/4/1 00:00,3,0,0,1,0,3,40,5,0.694,0,3,0,OAK,,5.4,1.3,R
Chase Anderson,2024/4/7 00:00,3,2,2,4,1,1,68,6,0.671,0,3,1,LAA,,5.4,1.3,R
Chase Anderson,2024/4/12 00:00,2,0,0,0,0,2,20,5,0.671,1,2.67,0.67,LAA,,5.4,1.3,R
Chase Anderson,2024/4/15 00:00,1,2,2,3,0,0,19,3,0.703,1,2,1.33,CLE,,5.4,1.3,R
Chase Anderson,2024/4/19 00:00,2,0,0,2,0,2,24,4,0.672,0,1.67,0.67,PIT,,5.4,1.3,R
Chase Anderson,2024/4/21 00:00,2,0,0,0,0,0,21,2,0.672,0,1.67,0.67,PIT,,5.4,1.3,R
Chase Anderson,2024/4/25 00:00,1.2,5,5,3,3,0,53,4,0.703,0,1.73,1.67,CLE,,5.4,1.3,R
Chase Anderson,2024/5/4 00:00,2,0,0,1,1,1,35,9,0.726,0,1.73,1.67,MIN,,5.4,1.3,R
Chase Anderson,2024/5/8 00:00,1,0,0,0,0,0,11,4,0.724,0,1.4,1.67,ATL,,5.4,1.3,R
Chase Anderson,2024/5/13 00:00,1,0,0,0,0,1,8,5,0.669,1,1.33,0,TB,,5.4,1.3,R
Chase Anderson,2024/5/15 00:00,1,0,0,0,0,0,9,2,0.669,1,1,0,TB,,5.4,1.3,R
Chase Anderson,2024/5/17 00:00,2,3,3,4,3,1,59,2,0.703,0,1.33,1,STL,,5.4,1.3,R
Chase Anderson,2024/5/24 00:00,4,1,1,4,3,2,70,7,0.729,1,2.33,1.33,MIL,,5.4,1.3,R
Chase Anderson,2024/5/29 00:00,2,1,1,2,0,2,28,5,0.751,0,2.67,1.67,BAL,,5.4,1.3,R
Chase Anderson,2024/5/30 00:00,1,0,0,0,0,1,14,1,0.685,1,2.33,0.67,DET,,5.4,1.3,R
Chase Anderson,2024/6/4 00:00,3,2,2,3,0,1,47,5,0.724,1,2,1,ATL,,5.4,1.3,R
Chase Anderson,2024/6/8 00:00,3,1,1,1,1,1,41,4,0.618,0,2.33,1,CWS,,5.4,1.3,R
Chase Anderson,2024/6/11 00:00,1,0,0,0,1,0,20,3,0.75,1,2.33,1,PHI,,5.4,1.3,R
Chase Anderson,2024/6/14 00:00,2,3,3,3,1,3,48,3,0.761,1,2,1.33,NYY,,5.4,1.3,R
Chase Anderson,2024/6/24 00:00,1,0,0,0,0,1,12,10,0.703,1,1.33,1,TOR,,5.4,1.3,R
Chase Anderson,2024/6/28 00:00,4,0,0,1,2,2,61,4,0.745,1,2.33,1,SD,,5.4,1.3,R
Chase Anderson,2024/7/6 00:00,3.1,5,5,5,0,3,53,8,0.761,0,2.7,1.67,NYY,,5.4,1.3,R
Chase Anderson,2024/7/11 00:00,3,0,0,2,0,5,39,5,0.694,1,3.37,1.67,OAK,,5.4,1.3,R
Chase Anderson,2024/7/21 00:00,1,0,0,0,1,1,20,10,0.781,0,2.37,1.67,LAD,,5.4,1.3,R
Chase Anderson,2024/7/22 00:00,0,0,0,1,0,0,2,1,0.704,0,1.33,0,COL,,5.4,1.3,R
Chase Anderson,2024/7/24 00:00,1,1,6,4,1,2,41,2,0.704,0,0.67,0.33,COL,,5.4,1.3,R
Chase Anderson,2024/7/27 00:00,1,2,3,2,1,0,22,3,0.761,1,0.67,1,NYY,,5.4,1.3,R
Chase Anderson,2024/9/2 00:00,4,3,3,5,1,5,82,37,0.761,1,2,2,NYY,,5.4,1.3,R
Chase Anderson,2024/9/11 00:00,2.1,4,4,4,1,2,50,9,0.777,0,2.37,3,AZ,,5.4,1.3,R
Chase Silseth,2024/4/1 00:00,3,3,4,5,2,5,76,5,0.678,0,3,3,MIA,,6.75,1.5,R
Chase Silseth,2024/4/7 00:00,5,3,3,3,2,7,91,6,0.741,1,4,3,BOS,,6.75,1.5,R
Chayce McDermott,2024/7/24 00:00,4,3,3,5,2,3,82,5,0.678,0,4,3,MIA,,6.75,1.75,R
Christian Scott,2024/5/4 00:00,6.2,1,1,5,1,6,94,5,0.669,0,6.2,1,TB,,4.56,1.2,R
Christian Scott,2024/5/11 00:00,6,3,3,6,2,8,91,7,0.724,1,6.1,2,ATL,,4.56,1.2,R
Christian Scott,2024/5/17 00:00,4,4,4,7,1,3,84,6,0.678,0,5.4,2.67,MIA,,4.56,1.2,R
Christian Scott,2024/5/24 00:00,6,2,2,2,1,4,94,7,0.701,1,5.33,3,SF,,4.56,1.2,R
Christian Scott,2024/5/30 00:00,5,2,2,4,1,4,91,6,0.777,1,5,2.67,AZ,,4.56,1.2,R
Christian Scott,2024/7/3 00:00,5.2,4,4,6,2,2,99,34,0.684,0,5.4,2.67,WSH,,4.56,1.2,R
Christian Scott,2024/7/8 00:00,5.2,2,2,1,1,3,77,5,0.672,0,5.13,2.67,PIT,,4.56,1.2,R
Christian Scott,2024/7/13 00:00,4.1,3,3,7,1,5,82,5,0.704,1,4.83,3,COL,,4.56,1.2,R
Christian Scott,2024/7/21 00:00,4,3,3,7,2,4,76,8,0.678,0,4.43,2.67,MIA,,4.56,1.2,R
Chris Bassitt,2024/3/29 00:00,5,4,5,6,2,6,95,5,0.669,0,5,4,TB,,4.16,1.46,R
Chris Bassitt,2024/4/3 00:00,4.1,4,4,9,3,3,91,5,0.741,0,4.55,4,HOU,,4.16,1.46,R
Chris Bassitt,2024/4/9 00:00,6.2,1,1,5,4,8,115,6,0.687,1,5.1,3,SEA,,4.16,1.46,R
Chris Bassitt,2024/4/15 00:00,6.1,1,1,4,2,5,97,6,0.761,1,5.47,2,NYY,,4.16,1.46,R
Chris Bassitt,2024/4/21 00:00,5.1,2,4,6,3,4,93,6,0.745,0,5.8,1.33,SD,,4.16,1.46,R
Chris Bassitt,2024/4/26 00:00,2.2,7,7,9,3,4,77,5,0.781,1,4.47,3.33,LAD,,4.16,1.46,R
Chris Bassitt,2024/5/1 00:00,6,3,3,4,1,4,92,5,0.71,1,4.43,4,KC,,4.16,1.46,R
Chris Bassitt,2024/5/8 00:00,6.1,2,2,3,2,6,102,7,0.75,0,4.77,4,PHI,,4.16,1.46,R
Chris Bassitt,2024/5/17 00:00,5.2,3,3,5,3,5,104,9,0.669,1,5.77,2.67,TB,,4.16,1.46,R
Chris Bassitt,2024/5/22 00:00,7,0,0,5,2,4,107,5,0.618,1,6.1,1.67,CWS,,4.16,1.46,R
Chris Bassitt,2024/5/27 00:00,5,0,0,5,0,7,81,5,0.618,0,5.73,1,CWS,,4.16,1.46,R
Chris Bassitt,2024/6/2 00:00,5,3,3,8,1,7,100,6,0.672,1,5.67,1,PIT,,4.16,1.46,R
Chris Bassitt,2024/6/7 00:00,8,1,1,4,2,7,102,5,0.694,0,6,1.33,OAK,,4.16,1.46,R
Chris Bassitt,2024/6/12 00:00,5,0,0,5,4,5,100,5,0.729,0,6,1.33,MIL,,4.16,1.46,R
Chris Bassitt,2024/6/18 00:00,6,2,2,7,2,6,99,6,0.741,1,6.33,1,BOS,,4.16,1.46,R
Chris Bassitt,2024/6/24 00:00,7,2,2,5,1,2,102,6,0.741,0,6,1.33,BOS,,4.16,1.46,R
Chris Bassitt,2024/6/29 00:00,6,0,1,6,2,8,94,5,0.761,1,6.33,1.33,NYY,,4.16,1.46,R
Chris Bassitt,2024/7/4 00:00,5,4,4,8,4,3,105,5,0.741,1,6,2,HOU,,4.16,1.46,R
Chris Bassitt,2024/7/10 00:00,5,3,3,5,4,6,99,6,0.701,0,5.33,2.33,SF,,4.16,1.46,R
Chris Bassitt,2024/7/19 00:00,6.2,5,5,7,1,6,95,9,0.685,1,5.4,4,DET,,4.16,1.46,R
Chris Bassitt,2024/7/25 00:00,5,3,3,5,1,6,97,6,0.669,1,5.4,3.67,TB,,4.16,1.46,R
Chris Bassitt,2024/7/30 00:00,4,5,5,9,1,3,90,5,0.751,0,5.07,4.33,BAL,,4.16,1.46,R
Chris Bassitt,2024/8/6 00:00,7,2,2,3,2,9,100,7,0.751,1,5.33,3.33,BAL,,4.16,1.46,R
Chris Bassitt,2024/8/11 00:00,4,7,7,8,2,5,86,5,0.694,1,5,4.67,OAK,,4.16,1.46,R
Chris Bassitt,2024/8/17 00:00,5,3,3,5,2,5,76,6,0.71,0,5.33,4,CHC,,4.16,1.46,R
Chris Bassitt,2024/8/23 00:00,6,4,4,4,2,6,98,6,0.671,1,5,4.67,LAA,,4.16,1.46,R
Chris Bassitt,2024/8/28 00:00,6.2,1,1,5,1,9,102,5,0.741,0,5.73,2.67,BOS,,4.16,1.46,R
Chris Bassitt,2024/9/3 00:00,5.1,3,4,10,2,7,92,6,0.75,1,5.77,2.67,PHI,,4.16,1.46,R
Chris Bassitt,2024/9/10 00:00,6,1,1,5,1,8,101,7,0.734,1,5.77,1.67,NYM,,4.16,1.46,R
Chris Bassitt,2024/9/17 00:00,3.2,1,7,6,3,2,80,7,0.686,0,4.77,1.67,TEX,,4.16,1.46,R
Chris Bassitt,2024/9/23 00:00,4.1,2,3,4,7,2,88,6,0.741,1,4.43,1.33,BOS,,4.16,1.46,R
Chris Flexen,2024/4/1 00:00,4.1,4,4,6,3,1,85,5,0.724,1,4.1,4,ATL,,4.95,1.52,R
Chris Flexen,2024/4/6 00:00,6.1,3,3,6,2,4,77,5,0.71,0,5.1,3.5,KC,,4.95,1.52,R
Chris Flexen,2024/4/12 00:00,2.2,6,6,7,1,2,67,6,0.693,1,4.13,4.33,CIN,,4.95,1.52,R
Chris Flexen,2024/4/19 00:00,4,0,0,1,0,4,58,7,0.75,0,4.1,3,PHI,,4.95,1.52,R
Chris Flexen,2024/4/22 00:00,2.1,1,1,1,1,0,28,3,0.726,0,2.77,2.33,MIN,,4.95,1.52,R
Chris Flexen,2024/4/26 00:00,5,0,0,2,3,2,72,4,0.669,1,3.7,0.33,TB,,4.95,1.52,R
Chris Flexen,2024/5/1 00:00,5,2,2,4,2,4,92,5,0.726,1,4.03,1,MIN,,4.95,1.52,R
Chris Flexen,2024/5/8 00:00,6,1,1,3,1,8,96,7,0.669,0,5.33,1,TB,,4.95,1.52,R
Chris Flexen,2024/5/14 00:00,4.2,3,3,7,1,5,86,6,0.684,1,5.07,2,WSH,,4.95,1.52,R
Chris Flexen,2024/5/19 00:00,4,7,7,8,1,4,79,5,0.761,0,4.73,3.67,NYY,,4.95,1.52,R
Chris Flexen,2024/5/24 00:00,4.2,4,4,5,2,2,84,5,0.751,1,4.13,4.67,BAL,,4.95,1.52,R
Chris Flexen,2024/5/29 00:00,5,2,2,4,5,6,90,5,0.703,1,4.4,4.33,TOR,,4.95,1.52,R
Chris Flexen,2024/6/4 00:00,5,1,1,3,0,4,63,6,0.71,0,4.73,2.33,CHC,,4.95,1.52,R
Chris Flexen,2024/6/9 00:00,5,2,2,2,2,3,89,5,0.741,1,5,1.67,BOS,,4.95,1.52,R
Chris Flexen,2024/6/14 00:00,3.1,4,6,9,2,2,75,5,0.777,0,4.37,2.33,AZ,,4.95,1.52,R
Chris Flexen,2024/6/20 00:00,6,1,1,5,3,6,96,6,0.741,1,4.7,2.33,HOU,,4.95,1.52,R
Chris Flexen,2024/6/25 00:00,5.2,4,4,6,3,3,106,5,0.781,1,4.77,3,LAD,,4.95,1.52,R
Chris Flexen,2024/7/2 00:00,6,3,6,6,1,3,101,7,0.703,0,5.73,2.67,CLE,,4.95,1.52,R
Chris Flexen,2024/7/8 00:00,6,2,2,7,1,4,89,6,0.726,1,5.73,3,MIN,,4.95,1.52,R
Chris Flexen,2024/7/13 00:00,6,2,2,5,2,4,78,5,0.672,1,6,2.33,PIT,,4.95,1.52,R
Chris Flexen,2024/7/19 00:00,4.2,7,7,4,5,4,97,6,0.71,0,5.4,3.67,KC,,4.95,1.52,R
Chris Flexen,2024/7/24 00:00,4.2,3,3,7,2,3,105,5,0.686,0,4.8,4,TEX,,4.95,1.52,R
Chris Flexen,2024/7/29 00:00,6,2,2,9,0,2,97,5,0.71,1,4.8,4,KC,,4.95,1.52,R
Chris Flexen,2024/8/4 00:00,1.2,6,8,7,3,3,70,6,0.726,0,3.8,3.67,MIN,,4.95,1.52,R
Chris Flexen,2024/8/10 00:00,4,0,0,3,4,1,78,6,0.71,1,3.73,2.67,CHC,,4.95,1.52,R
Chris Flexen,2024/8/17 00:00,4,4,4,7,1,1,73,7,0.741,0,3.07,3.33,HOU,,4.95,1.52,R
Chris Flexen,2024/8/23 00:00,6,2,2,5,2,5,98,6,0.685,1,4.67,2,DET,,4.95,1.52,R
Chris Flexen,2024/8/27 00:00,6.1,3,3,9,2,4,99,4,0.686,1,5.37,3,TEX,,4.95,1.52,R
Chris Flexen,2024/9/2 00:00,3.1,3,3,7,2,5,95,6,0.751,0,5.07,2.67,BAL,,4.95,1.52,R
Chris Flexen,2024/9/8 00:00,6,2,2,6,1,6,87,6,0.741,0,5.07,2.67,BOS,,4.95,1.52,R
Chris Flexen,2024/9/14 00:00,5,0,0,6,2,8,99,6,0.694,1,4.7,1.67,OAK,,4.95,1.52,R
Chris Flexen,2024/9/21 00:00,5,4,4,8,2,3,96,7,0.745,0,5.33,2,SD,,4.95,1.52,R
Chris Flexen,2024/9/26 00:00,6.1,0,0,5,1,7,96,5,0.671,1,5.37,1.33,LAA,,4.95,1.52,R
Chris Paddack,2024/4/3 00:00,4,2,2,6,2,2,82,5,0.729,0,4,2,MIL,,4.99,1.39,R
Chris Paddack,2024/4/10 00:00,4.2,2,2,6,2,5,86,7,0.781,1,4.1,2,LAD,,4.99,1.39,R
Chris Paddack,2024/4/16 00:00,5.1,9,9,12,1,2,89,6,0.751,0,4.43,4.33,BAL,,4.99,1.39,R
Chris Paddack,2024/4/22 00:00,7,0,0,6,0,10,96,6,0.618,1,5.43,3.67,CWS,,4.99,1.39,R
Chris Paddack,2024/4/27 00:00,5,4,4,8,1,2,95,5,0.671,0,5.7,4.33,LAA,,4.99,1.39,R
Chris Paddack,2024/5/3 00:00,6,0,0,2,1,6,83,6,0.741,1,6,1.33,BOS,,4.99,1.39,R
Chris Paddack,2024/5/8 00:00,5.1,1,1,8,1,10,99,5,0.687,1,5.37,1.67,SEA,,4.99,1.39,R
Chris Paddack,2024/5/14 00:00,5,5,5,12,2,4,95,6,0.761,1,5.37,2,NYY,,4.99,1.39,R
Chris Paddack,2024/5/19 00:00,8,2,2,3,0,6,100,5,0.703,0,6.03,2.67,CLE,,4.99,1.39,R
Chris Paddack,2024/5/25 00:00,5,2,2,4,0,3,73,6,0.686,1,6,3,TEX,,4.99,1.39,R
Chris Paddack,2024/5/30 00:00,5.2,4,4,5,2,4,88,5,0.71,1,6.07,2.67,KC,,4.99,1.39,R
Chris Paddack,2024/6/5 00:00,4,7,7,6,2,7,85,6,0.761,0,4.73,4.33,NYY,,4.99,1.39,R
Chris Paddack,2024/6/10 00:00,6.1,0,0,6,0,6,93,5,0.704,1,5.1,3.67,COL,,4.99,1.39,R
Chris Paddack,2024/6/16 00:00,2.1,5,5,5,1,0,46,6,0.694,1,4.07,4,OAK,,4.99,1.39,R
Chris Paddack,2024/6/21 00:00,4.2,3,3,5,3,3,82,5,0.694,0,4.13,2.67,OAK,,4.99,1.39,R
Chris Paddack,2024/7/8 00:00,5,2,2,3,2,3,78,17,0.618,0,3.77,3.33,CWS,,4.99,1.39,R
Chris Paddack,2024/7/14 00:00,5,1,2,5,1,6,90,6,0.701,0,4.73,2,SF,,4.99,1.39,R
Chris Sale,2024/3/31 00:00,5.1,2,2,5,2,7,83,5,0.75,0,5.1,2,PHI,,2.38,1.01,L
Chris Sale,2024/4/7 00:00,5.1,2,2,4,0,6,96,7,0.777,1,5.1,2,AZ,,2.38,1.01,L
Chris Sale,2024/4/13 00:00,7,5,5,6,3,7,102,6,0.678,0,5.73,3,MIA,,2.38,1.01,L
Chris Sale,2024/4/19 00:00,7,3,3,5,1,7,89,6,0.686,1,6.37,3.33,TEX,,2.38,1.01,L
Chris Sale,2024/4/26 00:00,7,1,1,2,1,6,95,7,0.703,1,7,3,CLE,,2.38,1.01,L
Chris Sale,2024/5/1 00:00,5,1,1,6,0,9,100,5,0.687,0,6.33,1.67,SEA,,2.38,1.01,L
Chris Sale,2024/5/8 00:00,6,0,0,6,1,10,103,7,0.741,1,6,0.67,BOS,,2.38,1.01,L
Chris Sale,2024/5/14 00:00,7,0,0,2,0,9,92,6,0.71,1,6,0.33,CHC,,2.38,1.01,L
Chris Sale,2024/5/20 00:00,7,0,0,5,0,9,103,6,0.745,1,6.67,0,SD,,2.38,1.01,L
Chris Sale,2024/5/26 00:00,7,1,1,4,1,8,97,6,0.672,0,7,0.33,PIT,,2.38,1.01,L
Chris Sale,2024/6/1 00:00,4,8,8,9,1,4,71,6,0.694,1,6,3,OAK,,2.38,1.01,L
Chris Sale,2024/6/7 00:00,7,2,2,5,1,10,102,6,0.684,0,6,3.67,WSH,,2.38,1.01,L
Chris Sale,2024/6/14 00:00,7,2,2,5,2,7,105,7,0.669,1,6,4,TB,,2.38,1.01,L
Chris Sale,2024/6/21 00:00,5,1,1,1,3,8,95,7,0.761,0,6.33,1.67,NYY,,2.38,1.01,L
Chris Sale,2024/6/27 00:00,7,1,1,4,1,11,105,6,0.618,0,6.33,1.33,CWS,,2.38,1.01,L
Chris Sale,2024/7/3 00:00,6,1,1,3,2,9,103,6,0.701,1,6,1,SF,,2.38,1.01,L
Chris Sale,2024/7/9 00:00,5.1,2,2,5,3,9,100,6,0.777,0,6.03,1.33,AZ,,2.38,1.01,L
Chris Sale,2024/7/14 00:00,5,1,1,4,2,4,79,5,0.745,0,5.37,1.33,SD,,2.38,1.01,L
Chris Sale,2024/7/25 00:00,7.1,2,2,2,1,9,95,11,0.734,0,5.73,1.67,NYM,,2.38,1.01,L
Chris Sale,2024/7/31 00:00,5.2,2,2,6,3,6,100,6,0.729,0,5.77,1.67,MIL,,2.38,1.01,L
Chris Sale,2024/8/7 00:00,4.2,2,3,9,2,10,96,7,0.729,1,5.5,2,MIL,,2.38,1.01,L
Chris Sale,2024/8/12 00:00,7,0,0,4,0,12,107,5,0.701,0,5.47,1.33,SF,,2.38,1.01,L
Chris Sale,2024/8/17 00:00,6,2,2,6,2,10,96,5,0.671,0,5.73,1.33,LAA,,2.38,1.01,L
Chris Sale,2024/8/23 00:00,7,2,2,9,1,4,99,6,0.684,1,6.67,1.33,WSH,,2.38,1.01,L
Chris Sale,2024/8/28 00:00,6,1,1,6,1,6,109,5,0.726,0,6.33,1.67,MIN,,2.38,1.01,L
Chris Sale,2024/9/3 00:00,7,0,0,6,0,9,93,6,0.704,1,6.67,1,COL,,2.38,1.01,L
Chris Sale,2024/9/8 00:00,6,0,0,2,1,7,113,5,0.703,1,6.33,0.33,TOR,,2.38,1.01,L
Chris Sale,2024/9/14 00:00,6,1,1,5,2,6,96,6,0.781,1,6.33,0.33,LAD,,2.38,1.01,L
Chris Sale,2024/9/19 00:00,5,2,2,5,2,6,93,5,0.693,0,5.67,1,CIN,,2.38,1.01,L
Clarke Schmidt,2024/3/31 00:00,5.1,3,3,7,0,5,75,5,0.741,0,5.1,3,HOU,,2.85,1.18,R
Clarke Schmidt,2024/4/6 00:00,4.1,2,2,6,3,4,91,6,0.703,1,4.6,2.5,TOR,,2.85,1.18,R
Clarke Schmidt,2024/4/13 00:00,5,1,2,3,5,7,85,7,0.703,0,4.73,2,CLE,,2.85,1.18,R
Clarke Schmidt,2024/4/19 00:00,5.1,1,1,7,0,7,102,6,0.669,1,4.73,1.33,TB,,2.85,1.18,R
Clarke Schmidt,2024/4/24 00:00,5.1,3,3,4,2,6,92,5,0.694,1,5.07,1.67,OAK,,2.85,1.18,R
Clarke Schmidt,2024/4/29 00:00,5.2,1,1,3,3,5,92,5,0.751,0,5.13,1.67,BAL,,2.85,1.18,R
Clarke Schmidt,2024/5/4 00:00,5,3,3,4,0,7,91,5,0.685,1,5.1,2.33,DET,,2.85,1.18,R
Clarke Schmidt,2024/5/10 00:00,6.2,0,0,5,2,6,87,6,0.669,0,5.47,1.33,TB,,2.85,1.18,R
Clarke Schmidt,2024/5/16 00:00,8,0,0,3,0,8,103,6,0.726,0,6.4,1,MIN,,2.85,1.18,R
Clarke Schmidt,2024/5/21 00:00,5,2,2,4,2,6,100,5,0.687,1,6.4,0.67,SEA,,2.85,1.18,R
Clarke Schmidt,2024/5/26 00:00,5,1,2,3,3,6,101,5,0.745,0,6,1,SD,,2.85,1.18,R
Clarke Schmidt,2024/9/7 00:00,4.2,0,0,4,1,2,75,104,0.71,0,4.73,1,CHC,,2.85,1.18,R
Clarke Schmidt,2024/9/13 00:00,5.2,2,2,5,1,5,86,6,0.741,1,4.8,1,BOS,,2.85,1.18,R
Clarke Schmidt,2024/9/19 00:00,5,1,3,6,3,7,99,6,0.687,0,4.8,1,SEA,,2.85,1.18,R
Clarke Schmidt,2024/9/24 00:00,5.1,3,3,4,1,7,100,5,0.751,1,5.1,2,BAL,,2.85,1.18,R
Clarke Schmidt,2024/9/29 00:00,4,4,4,3,4,5,75,5,0.672,1,4.7,2.67,PIT,,2.85,1.18,R
Clarke Schmidt,2024/10/9 00:00,4.2,2,2,4,1,4,71,10,0.71,0,4.43,3,KC,,2.85,1.18,R
Clarke Schmidt,2024/10/17 00:00,4.2,2,2,5,2,2,78,8,0.703,0,4.13,2.67,CLE,,2.85,1.18,R
Clarke Schmidt,2024/10/28 00:00,2.2,3,3,2,4,3,68,11,0.781,1,3.53,2.33,LAD,,2.85,1.18,R
Clayton Kershaw,2024/7/25 00:00,4,2,2,6,2,6,72,5,0.701,1,4,2,SF,,4.5,1.5,L
Clayton Kershaw,2024/7/31 00:00,3.2,3,7,6,1,0,83,6,0.745,0,3.6,2.5,SD,,4.5,1.5,L
Clayton Kershaw,2024/8/6 00:00,4.2,1,1,5,0,5,81,6,0.75,1,3.8,2,PHI,,4.5,1.5,L
Clayton Kershaw,2024/8/12 00:00,5.2,1,1,3,2,6,83,6,0.729,0,4.2,1.67,MIL,,4.5,1.5,L
Clayton Kershaw,2024/8/18 00:00,6,0,0,4,1,2,70,6,0.703,0,5.13,0.67,STL,,4.5,1.5,L
Clayton Kershaw,2024/8/24 00:00,5,5,5,9,2,5,88,6,0.669,1,5.4,2,TB,,4.5,1.5,L
Clayton Kershaw,2024/8/30 00:00,1,3,3,3,1,0,27,6,0.777,0,4,2.67,AZ,,4.5,1.5,L
Cody Bradford,2024/3/30 00:00,5,2,2,3,1,6,76,5,0.71,1,5,2,CHC,,3.54,1.01,L
Cody Bradford,2024/4/5 00:00,7.2,1,1,2,0,4,97,6,0.741,1,6.1,1.5,HOU,,3.54,1.01,L
Cody Bradford,2024/4/10 00:00,6.2,0,1,5,1,7,94,5,0.694,1,6.13,1,OAK,,3.54,1.01,L
Cody Bradford,2024/7/30 00:00,2,5,5,5,1,2,46,111,0.703,0,5.13,2,STL,,3.54,1.01,L
Cody Bradford,2024/8/3 00:00,3.2,3,3,4,1,5,59,4,0.741,1,3.8,2.67,BOS,,3.54,1.01,L
Cody Bradford,2024/8/10 00:00,5,1,1,5,0,7,92,7,0.761,0,3.4,3,NYY,,3.54,1.01,L
Cody Bradford,2024/8/15 00:00,6,2,2,6,2,2,104,5,0.726,1,4.73,2,MIN,,3.54,1.01,L
Cody Bradford,2024/8/20 00:00,7,3,3,5,0,8,96,5,0.672,1,6,2,PIT,,3.54,1.01,L
Cody Bradford,2024/8/25 00:00,6,1,2,3,2,3,85,5,0.703,0,6.33,2,CLE,,3.54,1.01,L
Cody Bradford,2024/8/31 00:00,7,2,2,4,0,8,97,6,0.694,1,6.67,2,OAK,,3.54,1.01,L
Cody Bradford,2024/9/5 00:00,6,1,1,2,2,4,90,5,0.671,1,6.33,1.33,LAA,,3.54,1.01,L
Cody Bradford,2024/9/11 00:00,3.2,8,8,9,0,4,59,6,0.777,0,5.4,3.67,AZ,,3.54,1.01,L
Cody Bradford,2024/9/18 00:00,7,0,0,5,0,6,90,7,0.703,1,5.4,3,TOR,,3.54,1.01,L
Cody Bradford,2024/9/25 00:00,3.2,1,1,6,3,4,90,7,0.694,0,4.47,3,OAK,,3.54,1.01,L
Cody Poteet,2024/4/13 00:00,6,1,1,6,0,4,77,5,0.703,0,6,1,CLE,,2.22,1.07,R
Cody Poteet,2024/6/1 00:00,5,2,3,3,1,6,78,49,0.701,0,5.5,1.5,SF,,2.22,1.07,R
Cody Poteet,2024/6/7 00:00,4.2,0,0,2,3,1,84,6,0.781,1,5.07,1,LAD,,2.22,1.07,R
Cody Poteet,2024/6/12 00:00,5.1,2,2,4,3,2,88,5,0.71,0,4.77,1.33,KC,,2.22,1.07,R
Cody Poteet,2024/9/25 00:00,3.1,1,1,3,1,3,57,105,0.751,1,4.13,1,BAL,,2.22,1.07,R
Cole Irvin,2024/4/2 00:00,5,4,4,7,2,3,81,5,0.71,1,5,4,KC,,5.11,1.45,L
Cole Irvin,2024/4/10 00:00,5,5,5,7,3,4,78,8,0.741,0,5,4.5,BOS,,5.11,1.45,L
Cole Irvin,2024/4/15 00:00,4.2,2,2,6,0,4,82,5,0.726,1,4.73,3.67,MIN,,5.11,1.45,L
Cole Irvin,2024/4/21 00:00,6.2,0,0,4,2,2,93,6,0.71,0,5.13,2.33,KC,,5.11,1.45,L
Cole Irvin,2024/4/27 00:00,7,0,0,4,0,5,89,6,0.694,1,5.8,0.67,OAK,,5.11,1.45,L
Cole Irvin,2024/5/3 00:00,6.1,0,0,2,0,4,72,6,0.693,0,6.43,0,CIN,,5.11,1.45,L
Cole Irvin,2024/5/10 00:00,5.2,2,2,5,1,6,95,7,0.777,1,6.1,0.67,AZ,,5.11,1.45,L
Cole Irvin,2024/5/19 00:00,2,0,0,1,0,0,13,9,0.687,1,4.43,0.67,SEA,,5.11,1.45,L
Cole Irvin,2024/5/22 00:00,3.1,3,5,6,0,2,56,3,0.703,0,3.43,1.67,STL,,5.11,1.45,L
Cole Irvin,2024/5/27 00:00,5,0,0,4,3,6,92,5,0.741,1,3.37,1,BOS,,5.11,1.45,L
Cole Irvin,2024/6/2 00:00,6.1,2,2,8,1,1,90,6,0.669,1,4.73,1.67,TB,,5.11,1.45,L
Cole Irvin,2024/6/7 00:00,5.2,2,3,8,0,6,85,5,0.669,0,5.43,1.33,TB,,5.11,1.45,L
Cole Irvin,2024/6/13 00:00,5.2,3,4,9,1,8,100,6,0.724,1,5.5,2.33,ATL,,5.11,1.45,L
Cole Irvin,2024/6/20 00:00,4.2,5,5,5,2,2,84,7,0.761,0,4.87,3.33,NYY,,5.11,1.45,L
Cole Irvin,2024/6/25 00:00,4,4,8,10,0,1,71,5,0.703,1,4.47,4,CLE,,5.11,1.45,L
Cole Irvin,2024/6/30 00:00,3.2,5,5,5,2,2,80,5,0.686,1,3.8,4.67,TEX,,5.11,1.45,L
Cole Irvin,2024/7/6 00:00,4,5,5,5,3,4,67,6,0.694,0,3.73,4.67,OAK,,5.11,1.45,L
Cole Irvin,2024/7/11 00:00,4,4,4,7,0,1,53,5,0.71,1,3.73,4.67,CHC,,5.11,1.45,L
Cole Irvin,2024/7/24 00:00,1,0,0,0,0,0,12,13,0.678,0,3,3,MIA,,5.11,1.45,L
Cole Irvin,2024/7/27 00:00,2,4,4,5,1,0,38,3,0.745,1,2.33,2.67,SD,,5.11,1.45,L
Cole Irvin,2024/7/29 00:00,3,1,1,4,0,5,54,2,0.703,1,2,1.67,TOR,,5.11,1.45,L
Cole Irvin,2024/8/21 00:00,4.1,2,2,5,2,2,83,23,0.734,0,3.03,2.33,NYM,,5.11,1.45,L
Cole Irvin,2024/8/27 00:00,4.1,2,2,5,2,3,60,6,0.781,0,3.73,1.67,LAD,,5.11,1.45,L
Cole Irvin,2024/9/2 00:00,3,1,1,2,0,2,43,6,0.618,1,3.73,1.67,CWS,,5.11,1.45,L
Cole Irvin,2024/9/9 00:00,1,2,2,2,0,3,19,7,0.741,0,2.7,1.67,BOS,,5.11,1.45,L
Cole Irvin,2024/9/17 00:00,0.1,0,0,0,0,0,3,8,0.703,0,1.37,1,CLE,,5.11,1.45,L
Cole Irvin,2024/9/19 00:00,1.2,1,1,4,0,2,30,2,0.703,0,0.77,1,CLE,,5.11,1.45,L
Cole Irvin,2024/9/22 00:00,0.2,4,4,2,2,0,25,3,0.741,0,0.5,1.67,BOS,,5.11,1.45,L
Cole Irvin,2024/9/24 00:00,1,0,0,0,2,0,19,2,0.678,1,0.8,1.67,MIA,,5.11,1.45,L
Cole Ragans,2024/3/28 00:00,6,2,2,5,3,9,97,5,0.726,1,6,2,MIN,,3.14,1.14,L
Cole Ragans,2024/4/3 00:00,6.1,0,0,1,2,7,91,6,0.751,0,6.05,1,BAL,,3.14,1.14,L
Cole Ragans,2024/4/9 00:00,5,3,3,10,1,5,96,6,0.741,1,5.7,1.67,HOU,,3.14,1.14,L
Cole Ragans,2024/4/14 00:00,6,0,0,5,1,8,99,5,0.734,0,5.7,1,NYM,,3.14,1.14,L
Cole Ragans,2024/4/20 00:00,1.2,7,7,9,0,4,62,6,0.751,1,4.07,3.33,BAL,,3.14,1.14,L
Cole Ragans,2024/4/25 00:00,5,1,1,3,3,4,76,5,0.703,1,4.07,2.67,TOR,,3.14,1.14,L
Cole Ragans,2024/4/30 00:00,6.2,1,1,4,3,9,105,5,0.703,0,4.13,3,TOR,,3.14,1.14,L
Cole Ragans,2024/5/6 00:00,6,2,2,2,2,8,95,6,0.729,1,5.73,1.33,MIL,,3.14,1.14,L
Cole Ragans,2024/5/11 00:00,6.1,7,7,8,1,3,102,5,0.671,0,6.1,3.33,LAA,,3.14,1.14,L
Cole Ragans,2024/5/17 00:00,7,0,0,2,2,7,94,6,0.694,1,6.37,3,OAK,,3.14,1.14,L
Cole Ragans,2024/5/22 00:00,6,0,0,1,3,12,100,5,0.685,1,6.37,2.33,DET,,3.14,1.14,L
Cole Ragans,2024/5/28 00:00,5,2,3,8,1,7,95,6,0.726,0,6,0.67,MIN,,3.14,1.14,L
Cole Ragans,2024/6/2 00:00,6,1,1,5,2,6,97,5,0.745,1,5.67,1,SD,,3.14,1.14,L
Cole Ragans,2024/6/9 00:00,6,1,1,3,1,9,107,7,0.687,1,5.67,1.33,SEA,,3.14,1.14,L
Cole Ragans,2024/6/14 00:00,7,3,3,6,1,4,102,5,0.781,0,6.33,1.67,LAD,,3.14,1.14,L
Cole Ragans,2024/6/19 00:00,6,2,2,4,4,7,102,5,0.694,0,6.33,2,OAK,,3.14,1.14,L
Cole Ragans,2024/6/24 00:00,6,1,1,4,3,11,108,5,0.678,1,6.33,2,MIA,,3.14,1.14,L
Cole Ragans,2024/6/29 00:00,4.2,5,5,6,1,6,93,5,0.703,1,5.4,2.67,CLE,,3.14,1.14,L
Cole Ragans,2024/7/5 00:00,7,2,2,5,3,8,106,6,0.704,0,5.73,2.67,COL,,3.14,1.14,L
Cole Ragans,2024/7/12 00:00,7,1,1,4,1,7,102,7,0.741,0,6.07,2.67,BOS,,3.14,1.14,L
Cole Ragans,2024/7/22 00:00,6,3,3,6,2,5,105,10,0.777,1,6.67,2,AZ,,3.14,1.14,L
Cole Ragans,2024/7/28 00:00,5.2,4,4,8,1,7,102,6,0.71,1,6.07,2.67,CHC,,3.14,1.14,L
Cole Ragans,2024/8/2 00:00,5.2,2,2,2,4,6,97,5,0.685,0,5.47,3,DET,,3.14,1.14,L
Cole Ragans,2024/8/7 00:00,6.1,1,4,6,2,7,106,5,0.741,1,5.5,2.33,BOS,,3.14,1.14,L
Cole Ragans,2024/8/14 00:00,7,1,1,5,0,8,106,7,0.726,0,6.1,1.33,MIN,,3.14,1.14,L
Cole Ragans,2024/8/20 00:00,5,4,5,3,3,9,97,6,0.671,1,6.03,2,LAA,,3.14,1.14,L
Cole Ragans,2024/8/26 00:00,4,1,2,3,4,4,94,6,0.703,0,5.33,2,CLE,,3.14,1.14,L
Cole Ragans,2024/8/31 00:00,5,5,5,4,2,10,93,5,0.741,0,4.67,3.33,HOU,,3.14,1.14,L
Cole Ragans,2024/9/6 00:00,6,0,0,4,1,7,95,6,0.726,1,5,2,MIN,,3.14,1.14,L
Cole Ragans,2024/9/11 00:00,6,2,2,3,3,7,100,5,0.761,0,5.67,2.33,NYY,,3.14,1.14,L
Cole Ragans,2024/9/17 00:00,7,1,1,4,4,6,105,6,0.685,1,6.33,1,DET,,3.14,1.14,L
Cole Ragans,2024/9/24 00:00,6,0,0,3,3,6,89,7,0.684,0,6.33,1,WSH,,3.14,1.14,L
Cole Ragans,2024/10/1 00:00,6,0,0,4,0,8,80,7,0.751,0,6.33,0.33,BAL,,3.14,1.14,L
Cole Ragans,2024/10/7 00:00,4,1,1,3,4,5,87,6,0.761,0,5.33,0.33,NYY,,3.14,1.14,L
Cole Sulser,2024/4/8 00:00,1,1,1,2,1,1,28,5,0.724,0,1,1,ATL,,2.76,1.1,R
Cole Sulser,2024/4/9 00:00,1,0,0,0,0,1,8,1,0.724,0,1,0.5,ATL,,2.76,1.1,R
Cole Sulser,2024/4/13 00:00,1.2,3,3,3,2,2,43,4,0.71,1,1.07,1.33,KC,,2.76,1.1,R
Cole Sulser,2024/5/7 00:00,1,1,1,1,0,3,15,24,0.703,0,1.07,1.33,STL,,2.76,1.1,R
Cole Sulser,2024/8/12 00:00,1,0,0,0,0,2,10,97,0.741,1,1.07,1.33,HOU,,2.76,1.1,R
Cole Sulser,2024/9/1 00:00,2.2,0,0,1,3,1,48,20,0.745,1,1.4,0.33,SD,,2.76,1.1,R
Cole Sulser,2024/9/4 00:00,2,0,0,1,0,1,37,3,0.726,1,1.73,0,MIN,,2.76,1.1,R
Cole Sulser,2024/9/9 00:00,1,0,0,0,2,0,28,5,0.75,0,1.73,0,PHI,,2.76,1.1,R
Cole Sulser,2024/9/12 00:00,3,0,0,0,1,4,46,3,0.703,0,2,0,CLE,,2.76,1.1,R
Cole Sulser,2024/9/15 00:00,2,0,0,1,0,0,29,3,0.703,0,2,0,CLE,,2.76,1.1,R
Colin Rea,2024/3/31 00:00,5,1,1,5,2,2,84,5,0.734,0,5,1,NYM,,4.29,1.26,R
Colin Rea,2024/4/7 00:00,6,1,2,7,0,3,81,7,0.687,1,5.5,1,SEA,,4.29,1.26,R
Colin Rea,2024/4/14 00:00,5.2,3,3,5,1,6,87,7,0.751,0,5.4,1.67,BAL,,4.29,1.26,R
Colin Rea,2024/4/21 00:00,5,0,0,5,3,3,89,7,0.703,0,5.4,1.33,STL,,4.29,1.26,R
Colin Rea,2024/4/26 00:00,6,5,5,4,3,4,86,5,0.761,1,5.4,2.67,NYY,,4.29,1.26,R
Colin Rea,2024/5/1 00:00,6,0,0,4,2,5,99,5,0.669,1,5.67,1.67,TB,,4.29,1.26,R
Colin Rea,2024/5/7 00:00,4.2,4,4,7,1,2,65,6,0.71,0,5.4,3,KC,,4.29,1.26,R
Colin Rea,2024/5/13 00:00,6,3,3,6,1,5,103,6,0.672,1,5.4,2.33,PIT,,4.29,1.26,R
Colin Rea,2024/5/19 00:00,4.1,5,5,8,4,5,96,6,0.741,0,4.77,4,HOU,,4.29,1.26,R
Colin Rea,2024/5/25 00:00,5.2,2,2,3,3,2,68,6,0.741,0,5.1,3.33,BOS,,4.29,1.26,R
Colin Rea,2024/5/30 00:00,5.1,1,1,5,1,5,79,5,0.71,1,4.8,2.67,CHC,,4.29,1.26,R
Colin Rea,2024/6/4 00:00,4,0,0,4,2,2,70,5,0.75,0,4.77,1,PHI,,4.29,1.26,R
Colin Rea,2024/6/10 00:00,7,1,1,3,0,4,85,6,0.703,1,5.37,0.67,TOR,,4.29,1.26,R
Colin Rea,2024/6/16 00:00,6,2,3,4,1,6,92,6,0.693,1,5.67,1,CIN,,4.29,1.26,R
Colin Rea,2024/6/21 00:00,5.1,5,5,6,2,0,69,5,0.745,0,6.03,2.67,SD,,4.29,1.26,R
Colin Rea,2024/6/28 00:00,5.1,2,2,3,2,8,97,7,0.71,1,5.4,3,CHC,,4.29,1.26,R
Colin Rea,2024/7/3 00:00,7,0,0,6,0,4,97,5,0.704,0,5.73,2.33,COL,,4.29,1.26,R
Colin Rea,2024/7/9 00:00,5,7,7,6,2,3,87,6,0.672,1,5.7,3,PIT,,4.29,1.26,R
Colin Rea,2024/7/14 00:00,5.2,2,2,5,1,7,88,5,0.684,1,5.73,3,WSH,,4.29,1.26,R
Colin Rea,2024/7/23 00:00,5,0,0,4,2,8,93,9,0.71,0,5.07,3,CHC,,4.29,1.26,R
Colin Rea,2024/7/29 00:00,5.1,2,2,3,2,6,82,6,0.724,1,5.1,1.33,ATL,,4.29,1.26,R
Colin Rea,2024/8/6 00:00,7,0,0,5,1,9,92,8,0.724,0,5.7,0.67,ATL,,4.29,1.26,R
Colin Rea,2024/8/13 00:00,6,7,7,10,0,4,100,7,0.781,1,6.03,3,LAD,,4.29,1.26,R
Colin Rea,2024/8/18 00:00,7,0,0,2,0,5,88,5,0.703,1,6.67,2.33,CLE,,4.29,1.26,R
Colin Rea,2024/8/24 00:00,6.2,4,4,8,0,5,102,6,0.694,0,6.4,3.67,OAK,,4.29,1.26,R
Colin Rea,2024/8/30 00:00,4,3,4,6,0,5,92,6,0.693,0,5.73,2.33,CIN,,4.29,1.26,R
Colin Rea,2024/9/4 00:00,4,2,2,4,2,4,75,5,0.703,1,4.73,3,STL,,4.29,1.26,R
Colin Rea,2024/9/11 00:00,4,10,10,11,1,1,74,7,0.701,0,4,5,SF,,4.29,1.26,R
Colin Rea,2024/9/16 00:00,2.2,0,0,3,0,1,29,5,0.75,1,3.4,4,PHI,,4.29,1.26,R
Colin Rea,2024/9/20 00:00,4,3,3,5,1,4,67,4,0.777,1,3.4,4.33,AZ,,4.29,1.26,R
Colin Rea,2024/9/24 00:00,1.1,0,0,2,0,2,28,4,0.672,0,2.43,1,PIT,,4.29,1.26,R
Colin Rea,2024/9/29 00:00,5.2,5,5,10,3,5,106,5,0.734,1,3.43,2.67,NYM,,4.29,1.26,R
Cooper Criswell,2024/4/13 00:00,4,2,2,5,1,4,83,5,0.671,1,4,2,LAA,,4.08,1.35,R
Cooper Criswell,2024/4/18 00:00,2.1,1,4,3,1,0,55,5,0.703,1,3.05,1.5,CLE,,4.08,1.35,R
Cooper Criswell,2024/4/24 00:00,5,0,0,3,0,3,72,6,0.703,0,3.7,1,CLE,,4.08,1.35,R
Cooper Criswell,2024/4/30 00:00,5,0,0,2,1,4,79,6,0.701,1,4.03,0.33,SF,,4.08,1.35,R
Cooper Criswell,2024/5/5 00:00,4.1,1,1,5,1,5,80,5,0.726,0,4.7,0.33,MIN,,4.08,1.35,R
Cooper Criswell,2024/5/11 00:00,5,2,2,3,1,9,79,6,0.684,1,4.7,1,WSH,,4.08,1.35,R
Cooper Criswell,2024/5/16 00:00,3.2,3,5,4,2,3,100,5,0.669,1,4.1,2,TB,,4.08,1.35,R
Cooper Criswell,2024/5/21 00:00,5.1,2,2,6,1,6,79,5,0.669,0,4.43,2.33,TB,,4.08,1.35,R
Cooper Criswell,2024/5/27 00:00,4,7,7,7,1,2,76,6,0.751,0,4.1,4,BAL,,4.08,1.35,R
Cooper Criswell,2024/6/1 00:00,5,1,1,4,1,5,83,5,0.685,1,4.7,3.33,DET,,4.08,1.35,R
Cooper Criswell,2024/6/7 00:00,4.1,3,4,5,1,2,88,6,0.618,0,4.37,3.67,CWS,,4.08,1.35,R
Cooper Criswell,2024/6/15 00:00,4,2,2,3,2,6,88,8,0.761,1,4.37,2,NYY,,4.08,1.35,R
Cooper Criswell,2024/7/12 00:00,6,5,5,9,2,1,104,27,0.71,1,4.7,3.33,KC,,4.08,1.35,R
Cooper Criswell,2024/7/23 00:00,7,0,0,6,1,4,105,11,0.704,0,5.67,2.33,COL,,4.08,1.35,R
Cooper Criswell,2024/7/28 00:00,1,1,1,2,0,1,20,5,0.761,1,4.67,2,NYY,,4.08,1.35,R
Cooper Criswell,2024/7/30 00:00,3,0,0,0,0,0,32,2,0.687,1,3.67,0.33,SEA,,4.08,1.35,R
Cooper Criswell,2024/8/3 00:00,2,0,0,2,1,0,28,4,0.686,0,2,0.33,TEX,,4.08,1.35,R
Cooper Criswell,2024/8/5 00:00,0.2,2,2,3,0,1,25,2,0.71,0,1.73,0.67,KC,,4.08,1.35,R
Cooper Criswell,2024/8/16 00:00,3.1,6,6,9,4,1,79,11,0.751,0,1.77,2.67,BAL,,4.08,1.35,R
Cooper Criswell,2024/8/21 00:00,4.2,1,1,4,1,4,80,5,0.741,0,2.5,3,HOU,,4.08,1.35,R
Cooper Criswell,2024/8/27 00:00,3.1,1,1,5,3,0,72,6,0.703,1,3.47,2.67,TOR,,4.08,1.35,R
Cooper Criswell,2024/9/1 00:00,4,0,0,0,0,5,52,5,0.685,0,3.77,0.67,DET,,4.08,1.35,R
Cooper Criswell,2024/9/7 00:00,5,2,2,6,2,0,79,6,0.618,1,4.03,1,CWS,,4.08,1.35,R
Cooper Criswell,2024/9/12 00:00,5.1,1,1,4,3,4,86,5,0.761,0,4.7,1,NYY,,4.08,1.35,R
Cooper Criswell,2024/9/18 00:00,1,0,0,0,0,2,10,6,0.669,0,3.7,1,TB,,4.08,1.35,R
Cooper Criswell,2024/9/20 00:00,1,2,3,3,1,1,22,2,0.726,1,2.37,1,MIN,,4.08,1.35,R
Corbin Burnes,2024/3/28 00:00,6,1,1,1,0,11,82,5,0.671,1,6,1,LAA,,2.92,1.1,R
Corbin Burnes,2024/4/3 00:00,5.2,2,2,9,0,3,100,6,0.71,1,5.6,1.5,KC,,2.92,1.1,R
Corbin Burnes,2024/4/9 00:00,7,1,1,2,2,6,90,6,0.741,0,6.07,1.33,BOS,,2.92,1.1,R
Corbin Burnes,2024/4/14 00:00,5,2,3,6,2,5,98,5,0.729,1,5.73,1.67,MIL,,2.92,1.1,R
Corbin Burnes,2024/4/20 00:00,5.2,3,3,4,1,4,98,6,0.71,0,5.73,2,KC,,2.92,1.1,R
Corbin Burnes,2024/4/26 00:00,6,1,1,3,3,6,97,6,0.694,1,5.4,2,OAK,,2.92,1.1,R
Corbin Burnes,2024/5/1 00:00,6,2,2,4,1,6,95,5,0.761,1,5.73,2,NYY,,2.92,1.1,R
Corbin Burnes,2024/5/7 00:00,6.1,3,3,5,3,6,95,6,0.684,0,6.03,2,WSH,,2.92,1.1,R
Corbin Burnes,2024/5/13 00:00,6,1,1,6,2,2,85,6,0.703,1,6.03,2,TOR,,2.92,1.1,R
Corbin Burnes,2024/5/19 00:00,6,0,1,6,1,11,94,6,0.687,1,6.03,1.33,SEA,,2.92,1.1,R
Corbin Burnes,2024/5/24 00:00,6,3,3,7,2,6,93,5,0.618,0,6,1.33,CWS,,2.92,1.1,R
Corbin Burnes,2024/5/29 00:00,7,0,1,3,3,5,108,5,0.741,1,6.33,1,BOS,,2.92,1.1,R
Corbin Burnes,2024/6/4 00:00,7,1,1,4,1,5,99,6,0.703,0,6.67,1.33,TOR,,2.92,1.1,R
Corbin Burnes,2024/6/10 00:00,7,0,2,5,1,6,92,6,0.669,0,7,0.33,TB,,2.92,1.1,R
Corbin Burnes,2024/6/16 00:00,6,2,2,7,2,7,94,6,0.75,1,6.67,1,PHI,,2.92,1.1,R
Corbin Burnes,2024/6/22 00:00,7,4,4,5,0,5,90,6,0.741,0,6.67,2,HOU,,2.92,1.1,R
Corbin Burnes,2024/6/27 00:00,7,1,1,9,0,5,88,5,0.686,1,6.67,2.33,TEX,,2.92,1.1,R
Corbin Burnes,2024/7/4 00:00,6,2,2,4,1,6,94,7,0.687,0,6.67,2.33,SEA,,2.92,1.1,R
Corbin Burnes,2024/7/10 00:00,6,3,3,9,0,5,97,6,0.71,1,6.33,2,CHC,,2.92,1.1,R
Corbin Burnes,2024/7/19 00:00,6,1,1,2,4,6,101,9,0.686,0,6,2,TEX,,2.92,1.1,R
Corbin Burnes,2024/7/25 00:00,7.1,3,3,6,1,5,96,6,0.678,0,6.37,2.33,MIA,,2.92,1.1,R
Corbin Burnes,2024/7/30 00:00,6.2,2,2,4,3,7,99,5,0.703,1,6.43,2,TOR,,2.92,1.1,R
Corbin Burnes,2024/8/4 00:00,5,4,5,7,1,4,92,5,0.703,0,6.1,3,CLE,,2.92,1.1,R
Corbin Burnes,2024/8/10 00:00,6,3,3,4,1,5,98,6,0.669,0,5.73,3,TB,,2.92,1.1,R
Corbin Burnes,2024/8/16 00:00,4,8,8,10,3,7,95,6,0.741,1,5,5,BOS,,2.92,1.1,R
Corbin Burnes,2024/8/22 00:00,5.2,5,6,8,2,2,94,6,0.741,1,5.07,5.33,HOU,,2.92,1.1,R
Corbin Burnes,2024/8/28 00:00,5,1,6,5,0,4,94,6,0.781,0,4.73,4.67,LAD,,2.92,1.1,R
Corbin Burnes,2024/9/2 00:00,5,1,2,6,1,4,89,5,0.618,1,5.07,2.33,CWS,,2.92,1.1,R
Corbin Burnes,2024/9/8 00:00,6,2,2,7,2,3,93,6,0.669,1,5.33,1.33,TB,,2.92,1.1,R
Corbin Burnes,2024/9/14 00:00,7,0,0,2,1,7,97,6,0.685,0,6,1,DET,,2.92,1.1,R
Corbin Burnes,2024/9/20 00:00,7,0,0,3,3,8,91,6,0.685,1,6.67,0.67,DET,,2.92,1.1,R
Corbin Burnes,2024/9/26 00:00,5,1,1,2,1,9,69,6,0.761,0,6.33,0.33,NYY,,2.92,1.1,R
Corbin Burnes,2024/10/1 00:00,8,1,1,5,1,3,84,5,0.71,1,6.67,0.67,KC,,2.92,1.1,R
Cristian Javier,2024/3/29 00:00,6,0,0,4,1,6,90,5,0.761,1,6,0,NYY,,3.89,1.41,R
Cristian Javier,2024/4/3 00:00,5,0,0,1,5,3,97,5,0.703,1,5.5,0,TOR,,3.89,1.41,R
Cristian Javier,2024/4/9 00:00,5.1,2,3,5,3,4,93,6,0.71,0,5.37,0.67,KC,,3.89,1.41,R
Cristian Javier,2024/4/14 00:00,7,2,2,5,2,5,89,5,0.686,1,5.7,1.33,TEX,,3.89,1.41,R
Cristian Javier,2024/5/11 00:00,1.1,7,7,5,4,0,50,27,0.685,0,4.4,3.67,DET,,3.89,1.41,R
Cristian Javier,2024/5/16 00:00,6,0,0,2,1,8,80,5,0.694,1,4.7,3,OAK,,3.89,1.41,R
Cristian Javier,2024/5/21 00:00,4,4,4,8,3,1,71,5,0.671,1,3.7,3.67,LAA,,3.89,1.41,R
Cristian Mena,2024/7/3 00:00,3,4,4,4,3,2,70,5,0.781,0,3,4,LAD,,12,2.33,R
Dakota Hudson,2024/4/1 00:00,5.1,0,3,4,2,2,85,5,0.71,0,5.1,0,CHC,,6.17,1.67,R
Dakota Hudson,2024/4/7 00:00,6,3,3,7,1,4,88,6,0.669,1,5.55,1.5,TB,,6.17,1.67,R
Dakota Hudson,2024/4/13 00:00,6,5,5,5,3,5,102,6,0.703,0,5.7,2.67,TOR,,6.17,1.67,R
Dakota Hudson,2024/4/20 00:00,4,4,4,7,5,1,91,7,0.687,1,5.33,4,SEA,,6.17,1.67,R
Dakota Hudson,2024/4/25 00:00,3.1,6,6,6,4,4,73,5,0.745,1,4.37,5,SD,,6.17,1.67,R
Dakota Hudson,2024/5/1 00:00,5.2,2,2,5,2,2,78,6,0.678,0,4.1,4,MIA,,6.17,1.67,R
Dakota Hudson,2024/5/7 00:00,3.2,4,4,5,5,2,95,6,0.701,1,3.83,4,SF,,6.17,1.67,R
Dakota Hudson,2024/5/13 00:00,5.2,3,3,3,3,3,83,6,0.745,0,4.53,3,SD,,6.17,1.67,R
Dakota Hudson,2024/5/19 00:00,4.2,2,3,5,2,3,81,6,0.701,0,4.2,3,SF,,6.17,1.67,R
Dakota Hudson,2024/5/25 00:00,6,2,2,5,1,2,87,6,0.75,1,5.13,2.33,PHI,,6.17,1.67,R
Dakota Hudson,2024/5/31 00:00,7,1,1,4,1,3,101,6,0.781,0,5.73,1.67,LAD,,6.17,1.67,R
Dakota Hudson,2024/6/5 00:00,4.1,4,4,5,4,4,81,5,0.693,1,5.7,2.33,CIN,,6.17,1.67,R
Dakota Hudson,2024/6/10 00:00,6.2,1,2,4,2,1,75,5,0.726,0,5.77,2,MIN,,6.17,1.67,R
Dakota Hudson,2024/6/16 00:00,5.1,3,3,7,1,5,94,6,0.672,1,5.13,2.67,PIT,,6.17,1.67,R
Dakota Hudson,2024/6/21 00:00,3,8,8,11,2,0,66,5,0.684,1,4.77,4,WSH,,6.17,1.67,R
Dakota Hudson,2024/6/28 00:00,5,5,5,6,5,3,78,7,0.618,0,4.37,5.33,CWS,,6.17,1.67,R
Dakota Hudson,2024/7/3 00:00,4.2,3,3,7,3,4,90,5,0.729,1,4.07,5.33,MIL,,6.17,1.67,R
Dakota Hudson,2024/8/10 00:00,2.2,5,5,3,4,1,64,38,0.724,1,3.8,4.33,ATL,,6.17,1.67,R
Dallas Keuchel,2024/6/26 00:00,4,5,5,8,1,4,71,5,0.686,1,4,5,TEX,,5.4,1.86,L
Dallas Keuchel,2024/7/2 00:00,5.1,2,2,4,2,5,78,6,0.704,0,4.55,3.5,COL,,5.4,1.86,L
Dallas Keuchel,2024/7/7 00:00,4.1,0,0,3,5,0,94,5,0.781,0,4.4,2.33,LAD,,5.4,1.86,L
Dallas Keuchel,2024/7/13 00:00,3,3,3,8,0,2,65,6,0.684,1,4.07,1.67,WSH,,5.4,1.86,L
Dane Dunning,2024/4/1 00:00,6.1,3,3,3,4,7,93,5,0.669,0,6.1,3,TB,,5.31,1.44,R
Dane Dunning,2024/4/7 00:00,6.2,3,3,4,3,7,97,6,0.741,1,6.15,3,HOU,,5.31,1.44,R
Dane Dunning,2024/4/12 00:00,5,3,3,5,2,3,80,5,0.741,0,5.77,3,HOU,,5.31,1.44,R
Dane Dunning,2024/4/17 00:00,5,1,2,3,4,5,97,5,0.685,0,5.4,2.33,DET,,5.31,1.44,R
Dane Dunning,2024/4/23 00:00,4.1,4,4,4,3,7,89,6,0.687,1,4.7,2.67,SEA,,5.31,1.44,R
Dane Dunning,2024/4/28 00:00,5.1,1,2,3,0,10,69,5,0.693,1,4.73,2,CIN,,5.31,1.44,R
Dane Dunning,2024/5/4 00:00,4.2,2,2,4,1,4,79,6,0.71,0,4.47,2.33,KC,,5.31,1.44,R
Dane Dunning,2024/5/22 00:00,3.1,3,5,4,1,4,74,18,0.75,0,4.13,2,PHI,,5.31,1.44,R
Dane Dunning,2024/5/29 00:00,5,0,0,3,4,6,92,7,0.777,1,4.1,1.67,AZ,,5.31,1.44,R
Dane Dunning,2024/6/4 00:00,5,3,3,4,1,4,84,6,0.685,1,4.37,2,DET,,5.31,1.44,R
Dane Dunning,2024/6/11 00:00,3.2,6,6,4,3,2,84,7,0.781,0,4.4,3,LAD,,5.31,1.44,R
Dane Dunning,2024/6/16 00:00,4.2,2,2,4,3,8,98,5,0.687,0,4.13,3.67,SEA,,5.31,1.44,R
Dane Dunning,2024/6/25 00:00,2.1,1,1,2,0,1,37,9,0.729,0,3.17,3,MIL,,5.31,1.44,R
Dane Dunning,2024/6/29 00:00,1.1,0,0,3,2,1,37,4,0.751,0,2.47,1,BAL,,5.31,1.44,R
Dane Dunning,2024/7/3 00:00,2.1,2,2,3,0,3,58,4,0.745,1,1.77,1,SD,,5.31,1.44,R
Dane Dunning,2024/7/27 00:00,3,2,2,5,2,2,63,24,0.703,0,2.07,1.33,TOR,,5.31,1.44,R
Dane Dunning,2024/7/31 00:00,1.1,2,2,4,0,0,22,4,0.703,0,2.07,2,STL,,5.31,1.44,R
Dane Dunning,2024/8/2 00:00,2,0,0,2,0,1,38,2,0.741,1,2.03,1.33,BOS,,5.31,1.44,R
Dane Dunning,2024/8/6 00:00,4,3,3,6,3,2,61,4,0.741,1,2.37,1.67,HOU,,5.31,1.44,R
Dane Dunning,2024/8/11 00:00,2,0,0,2,1,1,28,5,0.761,0,2.67,1,NYY,,5.31,1.44,R
Dane Dunning,2024/8/14 00:00,5,4,4,5,1,3,76,3,0.741,0,3.67,2.33,BOS,,5.31,1.44,R
Dane Dunning,2024/8/19 00:00,4,3,3,5,1,4,63,5,0.672,1,3.67,2.33,PIT,,5.31,1.44,R
Dane Dunning,2024/8/24 00:00,1,1,1,2,0,0,17,5,0.703,0,3.33,2.67,CLE,,5.31,1.44,R
Dane Dunning,2024/8/30 00:00,3,5,5,6,0,0,57,6,0.694,1,2.67,3,OAK,,5.31,1.44,R
Dane Dunning,2024/9/21 00:00,3.2,2,2,7,1,5,81,22,0.687,1,2.4,2.67,SEA,,5.31,1.44,R
Dane Dunning,2024/9/28 00:00,1,0,0,0,0,1,15,7,0.671,0,2.4,2.33,LAA,,5.31,1.44,R
Dan Altavilla,2024/6/10 00:00,1,0,0,0,0,2,12,5,0.761,1,1,0,NYY,,14.73,2.18,R
Dan Altavilla,2024/6/12 00:00,0.1,5,5,3,2,1,27,2,0.761,1,0.55,2.5,NYY,,14.73,2.18,R
Dan Altavilla,2024/6/16 00:00,0.2,0,0,0,0,0,10,4,0.781,0,0.43,1.67,LAD,,14.73,2.18,R
Dan Altavilla,2024/6/18 00:00,1,0,0,1,0,2,14,2,0.694,0,0.43,1.67,OAK,,14.73,2.18,R
Dan Altavilla,2024/6/19 00:00,0.2,1,1,1,1,0,20,1,0.694,0,0.47,0.33,OAK,,14.73,2.18,R
Darius Vines,2024/4/15 00:00,4.2,1,1,4,3,4,80,5,0.741,0,4.2,1,HOU,,8.56,1.83,R
Darius Vines,2024/4/21 00:00,5,4,4,7,0,2,74,6,0.686,1,4.6,2.5,TEX,,8.56,1.83,R
Darius Vines,2024/5/24 00:00,3,6,6,6,1,2,78,33,0.672,0,4.07,3.67,PIT,,8.56,1.83,R
Darius Vines,2024/7/29 00:00,1,2,3,4,0,1,25,66,0.729,0,3,4,MIL,,8.56,1.83,R
Darren McCaughan,2024/5/4 00:00,4.2,8,8,9,3,2,87,5,0.694,0,4.2,8,OAK,,6.21,1.62,R
Darren McCaughan,2024/6/23 00:00,2,2,2,4,2,0,44,50,0.703,1,3.1,5,TOR,,6.21,1.62,R
Darren McCaughan,2024/6/28 00:00,4,4,4,5,4,1,78,5,0.71,0,3.4,4.67,KC,,6.21,1.62,R
Darren McCaughan,2024/8/6 00:00,4,1,1,4,0,3,55,39,0.693,1,3.33,2.33,CIN,,6.21,1.62,R
Darren McCaughan,2024/8/8 00:00,1,0,0,2,0,2,26,2,0.693,1,3,1.67,CIN,,6.21,1.62,R
Darren McCaughan,2024/9/1 00:00,4,3,4,5,1,2,72,24,0.701,0,3,1.33,SF,,6.21,1.62,R
Darren McCaughan,2024/9/7 00:00,4.2,2,3,6,0,4,73,6,0.75,1,3.07,1.67,PHI,,6.21,1.62,R
Darren McCaughan,2024/9/12 00:00,5,3,3,6,2,1,84,5,0.684,0,4.4,2.67,WSH,,6.21,1.62,R
Darren McCaughan,2024/9/17 00:00,3.2,5,5,6,1,4,65,5,0.781,1,4.13,3.33,LAD,,6.21,1.62,R
Darren McCaughan,2024/9/22 00:00,4,1,1,4,1,5,67,5,0.724,1,4.07,3,ATL,,6.21,1.62,R
Darren McCaughan,2024/9/26 00:00,1,0,1,0,0,0,9,4,0.726,0,2.73,2,MIN,,6.21,1.62,R
Darren McCaughan,2024/9/28 00:00,4,0,0,2,1,4,54,2,0.703,0,3,0.33,TOR,,6.21,1.62,R
Daulton Jefferies,2024/3/31 00:00,2,5,9,9,0,1,55,5,0.745,0,2,5,SD,,9.82,1.91,R
Daulton Jefferies,2024/5/1 00:00,2.2,4,4,5,2,3,54,31,0.741,0,2.1,4.5,BOS,,9.82,1.91,R
Daulton Jefferies,2024/6/21 00:00,3,3,3,3,0,1,53,51,0.669,1,2.4,4,TB,,9.82,1.91,R
Daulton Jefferies,2024/6/24 00:00,2,4,4,4,0,1,39,3,0.693,0,2.4,3.67,CIN,,9.82,1.91,R
Daulton Jefferies,2024/6/28 00:00,3,0,0,2,1,3,51,4,0.724,0,2.67,2.33,ATL,,9.82,1.91,R
Daulton Jefferies,2024/7/5 00:00,2,0,0,1,1,3,29,7,0.734,1,2.33,1.33,NYM,,9.82,1.91,R
David Festa,2024/6/27 00:00,5,5,5,7,1,2,78,5,0.777,0,5,5,AZ,,4.9,1.32,R
David Festa,2024/7/3 00:00,5,7,7,9,0,6,81,6,0.685,1,5,6,DET,,4.9,1.32,R
David Festa,2024/7/24 00:00,4.1,1,1,4,2,7,73,21,0.75,1,4.7,4.33,PHI,,4.9,1.32,R
David Festa,2024/7/30 00:00,5,2,2,3,1,6,68,6,0.734,0,4.7,3.33,NYM,,4.9,1.32,R
David Festa,2024/8/5 00:00,5,0,0,2,2,9,82,6,0.71,0,4.7,1,CHC,,4.9,1.32,R
David Festa,2024/8/11 00:00,3.1,1,1,3,3,3,70,6,0.703,1,4.37,1,CLE,,4.9,1.32,R
David Festa,2024/8/17 00:00,5,2,2,6,0,6,81,6,0.686,0,4.37,1,TEX,,4.9,1.32,R
David Festa,2024/8/23 00:00,3.2,3,3,3,2,5,75,6,0.703,1,3.77,2,STL,,4.9,1.32,R
David Festa,2024/8/28 00:00,6,2,2,2,1,7,88,5,0.724,1,4.73,2.33,ATL,,4.9,1.32,R
David Festa,2024/9/3 00:00,5,2,2,5,1,7,90,6,0.669,0,4.73,2.33,TB,,4.9,1.32,R
David Festa,2024/9/9 00:00,4,4,4,4,3,4,66,6,0.671,1,5,2.67,LAA,,4.9,1.32,R
David Festa,2024/9/15 00:00,3.2,2,2,3,3,4,72,6,0.693,1,4.07,2.67,CIN,,4.9,1.32,R
David Festa,2024/9/20 00:00,5,1,1,4,3,6,103,5,0.741,0,4.07,2.33,BOS,,4.9,1.32,R
David Festa,2024/9/26 00:00,4.1,3,4,7,1,5,72,6,0.678,1,4.1,2,MIA,,4.9,1.32,R
David Peterson,2024/5/29 00:00,5,2,3,7,1,3,86,5,0.781,1,5,2,LAD,,2.9,1.29,L
David Peterson,2024/6/4 00:00,6.2,2,2,5,2,2,81,6,0.684,0,5.6,2,WSH,,2.9,1.29,L
David Peterson,2024/6/12 00:00,5,4,4,8,2,1,84,8,0.678,1,5.4,2.67,MIA,,2.9,1.29,L
David Peterson,2024/6/17 00:00,6,2,2,4,3,6,100,5,0.686,0,5.73,2.67,TEX,,2.9,1.29,L
David Peterson,2024/6/25 00:00,4.1,1,1,3,5,8,104,8,0.761,1,5.03,2.33,NYY,,2.9,1.29,L
David Peterson,2024/7/1 00:00,6.1,2,2,7,1,2,86,6,0.684,0,5.4,1.67,WSH,,2.9,1.29,L
David Peterson,2024/7/6 00:00,4.1,2,2,5,2,5,87,5,0.672,0,4.77,1.67,PIT,,2.9,1.29,L
David Peterson,2024/7/11 00:00,6,0,0,4,3,5,102,5,0.684,1,5.4,1.33,WSH,,2.9,1.29,L
David Peterson,2024/7/22 00:00,5,2,2,6,4,4,88,11,0.678,0,5.03,1.33,MIA,,2.9,1.29,L
David Peterson,2024/7/28 00:00,5,4,4,4,3,7,88,6,0.724,1,5.33,2,ATL,,2.9,1.29,L
David Peterson,2024/8/3 00:00,6,2,2,5,1,4,82,6,0.671,0,5.33,2.67,LAA,,2.9,1.29,L
David Peterson,2024/8/8 00:00,5,1,1,4,3,5,88,5,0.704,0,5.33,2.33,COL,,2.9,1.29,L
David Peterson,2024/8/14 00:00,6.1,0,1,3,4,4,88,6,0.694,1,5.7,1,OAK,,2.9,1.29,L
David Peterson,2024/8/19 00:00,7,2,3,6,1,8,101,5,0.751,1,6.03,1,BAL,,2.9,1.29,L
David Peterson,2024/8/24 00:00,7.1,1,1,5,2,2,96,5,0.745,0,6.73,1,SD,,2.9,1.29,L
David Peterson,2024/8/29 00:00,7,2,2,7,2,4,88,5,0.777,0,7.03,1.67,AZ,,2.9,1.29,L
David Peterson,2024/9/3 00:00,6,1,1,6,1,11,89,5,0.741,1,6.7,1.33,BOS,,2.9,1.29,L
David Peterson,2024/9/10 00:00,4.1,4,5,8,2,2,76,7,0.703,0,5.7,2.33,TOR,,2.9,1.29,L
David Peterson,2024/9/15 00:00,7.2,1,1,4,1,6,99,5,0.75,0,5.77,2,PHI,,2.9,1.29,L
David Peterson,2024/9/20 00:00,3.2,4,5,8,0,4,64,5,0.75,1,4.83,3,PHI,,2.9,1.29,L
David Peterson,2024/9/29 00:00,7,0,0,1,3,8,95,9,0.729,0,5.8,1.67,MIL,,2.9,1.29,L
David Peterson,2024/10/3 00:00,1,0,0,1,0,1,8,4,0.729,0,3.73,1.33,MIL,,2.9,1.29,L
David Peterson,2024/10/5 00:00,3,0,0,1,3,1,50,2,0.75,0,3.67,0,PHI,,2.9,1.29,L
David Peterson,2024/10/9 00:00,2.1,0,0,2,0,1,23,4,0.75,1,2.03,0,PHI,,2.9,1.29,L
David Peterson,2024/10/13 00:00,2.1,1,2,4,1,2,40,4,0.781,0,2.4,0.33,LAD,,2.9,1.29,L
David Peterson,2024/10/18 00:00,3.2,2,2,6,4,3,79,5,0.781,1,2.47,1,LAD,,2.9,1.29,L
Davis Daniel,2024/6/27 00:00,8,0,0,4,0,8,99,5,0.685,1,8,0,DET,,6.23,1.48,R
Davis Daniel,2024/7/3 00:00,5,4,5,7,1,3,88,6,0.694,0,6.5,2,OAK,,6.23,1.48,R
Davis Daniel,2024/7/8 00:00,3.2,7,7,8,0,3,61,5,0.686,1,5.4,3.67,TEX,,6.23,1.48,R
Davis Daniel,2024/7/31 00:00,5,1,1,5,1,5,85,23,0.704,1,4.4,4,COL,,6.23,1.48,R
Davis Daniel,2024/8/7 00:00,3.1,5,5,7,2,4,83,7,0.761,0,3.77,4.33,NYY,,6.23,1.48,R
Davis Daniel,2024/8/12 00:00,5,4,4,8,2,5,92,5,0.703,1,4.37,3.33,TOR,,6.23,1.48,R
Davis Martin,2024/7/27 00:00,2.2,1,1,3,3,3,60,5,0.687,1,2.2,1,SEA,,4.32,1.46,R
Davis Martin,2024/8/2 00:00,3.2,4,4,6,3,5,75,6,0.726,0,2.7,2.5,MIN,,4.32,1.46,R
Davis Martin,2024/8/7 00:00,6,0,0,2,1,4,82,5,0.694,0,3.8,1.67,OAK,,4.32,1.46,R
Davis Martin,2024/8/14 00:00,5.2,1,1,4,3,5,85,7,0.761,1,4.8,1.67,NYY,,4.32,1.46,R
Davis Martin,2024/8/20 00:00,4.1,2,3,4,2,5,82,6,0.701,0,5.1,1,SF,,4.32,1.46,R
Davis Martin,2024/8/26 00:00,5,1,1,7,1,4,88,6,0.685,1,4.77,1.33,DET,,4.32,1.46,R
Davis Martin,2024/8/31 00:00,5,4,4,5,1,6,90,5,0.734,1,4.7,2.33,NYM,,4.32,1.46,R
Davis Martin,2024/9/6 00:00,6,1,1,3,1,3,86,6,0.741,0,5.33,2,BOS,,4.32,1.46,R
Davis Martin,2024/9/11 00:00,3,5,5,6,1,4,72,5,0.703,1,4.67,3.33,CLE,,4.32,1.46,R
Davis Martin,2024/9/17 00:00,5,3,3,7,2,4,87,6,0.671,0,4.67,3,LAA,,4.32,1.46,R
Davis Martin,2024/9/25 00:00,3.2,2,2,3,5,4,85,8,0.671,1,3.73,3.33,LAA,,4.32,1.46,R
Dean Kremer,2024/4/1 00:00,5.1,3,3,3,1,5,85,5,0.71,1,5.1,3,KC,,4.1,1.24,R
Dean Kremer,2024/4/7 00:00,7,0,1,5,0,6,91,6,0.672,0,6.05,1.5,PIT,,4.1,1.24,R
Dean Kremer,2024/4/13 00:00,4,6,8,10,1,3,85,6,0.729,1,5.37,3,MIL,,4.1,1.24,R
Dean Kremer,2024/4/19 00:00,5.2,3,3,2,3,3,91,6,0.71,0,5.4,3,KC,,4.1,1.24,R
Dean Kremer,2024/4/24 00:00,5.1,2,2,3,1,10,101,5,0.671,0,4.77,3.67,LAA,,4.1,1.24,R
Dean Kremer,2024/4/30 00:00,7,2,2,4,4,4,93,6,0.761,1,5.77,2.33,NYY,,4.1,1.24,R
Dean Kremer,2024/5/5 00:00,6,0,0,1,1,6,93,5,0.693,0,6.03,1.33,CIN,,4.1,1.24,R
Dean Kremer,2024/5/12 00:00,5.2,3,6,4,4,10,100,7,0.777,1,6.07,1.67,AZ,,4.1,1.24,R
Dean Kremer,2024/5/20 00:00,4,5,5,6,3,2,86,8,0.703,0,5.07,2.67,STL,,4.1,1.24,R
Dean Kremer,2024/7/3 00:00,5,0,0,2,2,8,83,44,0.687,0,4.73,2.67,SEA,,4.1,1.24,R
Dean Kremer,2024/7/9 00:00,4,5,7,7,3,3,85,6,0.71,1,4.33,3.33,CHC,,4.1,1.24,R
Dean Kremer,2024/7/14 00:00,4.2,2,2,4,2,4,83,5,0.761,1,4.4,2.33,NYY,,4.1,1.24,R
Dean Kremer,2024/7/21 00:00,5.1,3,3,5,3,2,89,7,0.686,0,4.43,3.33,TEX,,4.1,1.24,R
Dean Kremer,2024/7/27 00:00,6,1,4,7,1,7,105,6,0.745,1,5.1,2,SD,,4.1,1.24,R
Dean Kremer,2024/8/2 00:00,5,4,4,6,2,2,95,6,0.703,0,5.37,2.67,CLE,,4.1,1.24,R
Dean Kremer,2024/8/8 00:00,4.1,5,5,4,5,6,96,6,0.703,0,5.03,3.33,TOR,,4.1,1.24,R
Dean Kremer,2024/8/14 00:00,6,1,1,5,2,3,92,6,0.684,1,5.03,3.33,WSH,,4.1,1.24,R
Dean Kremer,2024/8/20 00:00,6,1,1,2,3,7,100,6,0.734,0,5.37,2.33,NYM,,4.1,1.24,R
Dean Kremer,2024/8/25 00:00,6,3,3,7,2,5,92,5,0.741,1,6,1.67,HOU,,4.1,1.24,R
Dean Kremer,2024/8/31 00:00,3.1,4,4,6,1,3,66,6,0.704,0,5.03,2.67,COL,,4.1,1.24,R
Dean Kremer,2024/9/6 00:00,6,0,0,2,3,7,88,6,0.669,1,5.03,2.33,TB,,4.1,1.24,R
Dean Kremer,2024/9/11 00:00,7,1,2,5,2,7,103,5,0.741,0,5.37,1.67,BOS,,4.1,1.24,R
Dean Kremer,2024/9/18 00:00,6,4,5,7,0,7,86,7,0.701,1,6.33,1.67,SF,,4.1,1.24,R
Dean Kremer,2024/9/24 00:00,5,1,1,3,2,3,83,6,0.761,0,6,2,NYY,,4.1,1.24,R
DJ Herz,2024/6/4 00:00,4,4,4,7,2,3,75,5,0.734,1,4,4,NYM,,4.16,1.26,L
DJ Herz,2024/6/9 00:00,4.1,2,2,4,3,5,87,5,0.724,1,4.05,3,ATL,,4.16,1.26,L
DJ Herz,2024/6/15 00:00,6,0,0,1,0,13,84,6,0.678,1,4.7,2,MIA,,4.16,1.26,L
DJ Herz,2024/6/21 00:00,3.2,3,4,7,0,5,76,6,0.704,0,4.43,1.67,COL,,4.16,1.26,L
DJ Herz,2024/6/26 00:00,3.1,4,4,6,2,1,66,5,0.745,0,4.1,2.33,SD,,4.16,1.26,L
DJ Herz,2024/7/2 00:00,5.2,1,1,5,0,10,92,6,0.734,1,3.83,2.67,NYM,,4.16,1.26,L
DJ Herz,2024/7/7 00:00,4.1,4,5,5,2,4,102,5,0.703,1,4.13,3,STL,,4.16,1.26,L
DJ Herz,2024/7/23 00:00,5,2,2,5,2,4,79,16,0.745,1,4.77,2.33,SD,,4.16,1.26,L
DJ Herz,2024/7/28 00:00,5,2,2,3,1,8,79,5,0.703,0,4.7,2.67,STL,,4.16,1.26,L
DJ Herz,2024/8/3 00:00,5,0,1,2,1,6,77,6,0.729,1,5,1.33,MIL,,4.16,1.26,L
DJ Herz,2024/8/8 00:00,2.2,2,2,4,4,4,74,5,0.701,1,4.07,1.33,SF,,4.16,1.26,L
DJ Herz,2024/8/14 00:00,6,2,2,4,2,5,85,6,0.751,0,4.4,1.33,BAL,,4.16,1.26,L
DJ Herz,2024/8/20 00:00,5.2,2,3,6,2,7,93,6,0.704,1,4.47,2,COL,,4.16,1.26,L
DJ Herz,2024/8/25 00:00,5,0,0,1,3,8,92,5,0.724,0,5.4,1.33,ATL,,4.16,1.26,L
DJ Herz,2024/8/31 00:00,4.2,4,4,3,2,5,87,6,0.71,1,4.8,2,CHC,,4.16,1.26,L
DJ Herz,2024/9/7 00:00,5,0,0,0,3,5,87,7,0.672,0,4.73,1.33,PIT,,4.16,1.26,L
DJ Herz,2024/9/13 00:00,5,1,1,4,1,5,87,6,0.678,1,4.73,1.67,MIA,,4.16,1.26,L
DJ Herz,2024/9/18 00:00,3.1,7,7,6,3,5,83,5,0.734,0,4.37,2.67,NYM,,4.16,1.26,L
DJ Herz,2024/9/25 00:00,5,1,1,3,3,3,81,7,0.71,1,4.37,3,KC,,4.16,1.26,L
DL Hall,2024/3/30 00:00,4,2,2,6,2,1,73,5,0.734,0,4,2,NYM,,5.02,1.6,L
DL Hall,2024/4/6 00:00,5.1,3,3,8,2,5,90,7,0.687,1,4.55,2.5,SEA,,5.02,1.6,L
DL Hall,2024/4/13 00:00,3.1,5,5,8,1,4,75,7,0.751,0,4.07,3.33,BAL,,5.02,1.6,L
DL Hall,2024/4/20 00:00,3.2,4,4,5,5,3,90,7,0.703,0,3.8,4,STL,,5.02,1.6,L
DL Hall,2024/8/11 00:00,4.2,1,3,4,3,9,92,113,0.693,1,3.5,3.33,CIN,,5.02,1.6,L
DL Hall,2024/8/30 00:00,7,0,0,4,1,5,83,19,0.693,0,4.8,1.67,CIN,,5.02,1.6,L
DL Hall,2024/9/4 00:00,4,0,0,0,2,6,68,5,0.703,1,5.07,0.33,STL,,5.02,1.6,L
DL Hall,2024/9/10 00:00,1.2,0,0,0,1,1,18,6,0.701,0,4.07,0,SF,,5.02,1.6,L
DL Hall,2024/9/15 00:00,3,5,5,5,3,4,80,5,0.777,0,2.73,1.67,AZ,,5.02,1.6,L
DL Hall,2024/9/20 00:00,1.1,4,4,5,0,1,32,5,0.777,1,1.77,3,AZ,,5.02,1.6,L
DL Hall,2024/9/22 00:00,2,0,0,0,1,3,33,2,0.777,1,2.03,3,AZ,,5.02,1.6,L
DL Hall,2024/9/25 00:00,1,0,0,1,0,1,19,3,0.672,0,1.37,1.33,PIT,,5.02,1.6,L
DL Hall,2024/9/29 00:00,2,0,0,2,0,1,29,4,0.734,1,1.67,0,NYM,,5.02,1.6,L
Drew Rasmussen,2024/8/7 00:00,2,0,0,0,0,3,28,5,0.703,0,2,0,STL,,2.83,1.08,R
Drew Rasmussen,2024/8/10 00:00,1,3,3,4,0,0,30,3,0.751,1,1.5,1.5,BAL,,2.83,1.08,R
Drew Rasmussen,2024/8/13 00:00,2,0,0,2,0,3,24,3,0.741,1,1.67,1,HOU,,2.83,1.08,R
Drew Rasmussen,2024/8/18 00:00,2,0,0,0,0,2,21,5,0.777,1,1.67,1,AZ,,2.83,1.08,R
Drew Rasmussen,2024/8/21 00:00,1,0,0,1,1,3,28,3,0.694,0,1.67,0,OAK,,2.83,1.08,R
Drew Rasmussen,2024/8/25 00:00,2,0,0,1,2,3,36,4,0.781,0,1.67,0,LAD,,2.83,1.08,R
Drew Rasmussen,2024/8/28 00:00,2,0,1,2,0,2,26,3,0.687,0,1.67,0,SEA,,2.83,1.08,R
Drew Rasmussen,2024/8/31 00:00,2,2,2,4,1,0,38,3,0.745,1,2,0.67,SD,,2.83,1.08,R
Drew Rasmussen,2024/9/3 00:00,2,0,0,0,0,3,22,3,0.726,1,2,0.67,MIN,,2.83,1.08,R
Drew Rasmussen,2024/9/7 00:00,1.2,0,0,0,0,2,16,4,0.751,0,1.73,0.67,BAL,,2.83,1.08,R
Drew Rasmussen,2024/9/11 00:00,1.2,1,1,2,1,1,31,4,0.75,0,1.47,0.33,PHI,,2.83,1.08,R
Drew Rasmussen,2024/9/14 00:00,2,0,0,1,0,2,28,3,0.703,0,1.47,0.33,CLE,,2.83,1.08,R
Drew Rasmussen,2024/9/18 00:00,1.1,1,1,3,1,2,36,4,0.741,1,1.43,0.67,BOS,,2.83,1.08,R
Drew Rasmussen,2024/9/21 00:00,2,0,0,0,0,3,28,3,0.703,1,1.7,0.33,TOR,,2.83,1.08,R
Drew Rasmussen,2024/9/25 00:00,2,2,2,3,0,4,37,4,0.685,0,1.7,1,DET,,2.83,1.08,R
Drew Rasmussen,2024/9/28 00:00,2,0,0,2,0,2,30,3,0.741,0,2,0.67,BOS,,2.83,1.08,R
Drew Thorpe,2024/6/11 00:00,5,1,2,3,2,4,98,5,0.687,0,5,1,SEA,,5.48,1.26,R
Drew Thorpe,2024/6/16 00:00,3.1,7,8,6,5,0,60,5,0.777,0,4.05,4,AZ,,5.48,1.26,R
Drew Thorpe,2024/6/22 00:00,6,0,0,2,4,5,94,6,0.685,0,4.7,2.67,DET,,5.48,1.26,R
Drew Thorpe,2024/6/28 00:00,6,2,2,2,1,4,88,6,0.704,1,5.03,3,COL,,5.48,1.26,R
Drew Thorpe,2024/7/5 00:00,6.1,1,1,3,2,5,90,7,0.678,0,6.03,1,MIA,,5.48,1.26,R
Drew Thorpe,2024/7/10 00:00,6,2,2,3,1,1,76,5,0.726,1,6.03,1.67,MIN,,5.48,1.26,R
Drew Thorpe,2024/7/21 00:00,6,0,0,3,2,5,97,11,0.71,0,6.03,1,KC,,5.48,1.26,R
Drew Thorpe,2024/7/26 00:00,0.2,8,8,6,2,1,39,5,0.687,1,4.07,3.33,SEA,,5.48,1.26,R
Drew Thorpe,2024/7/31 00:00,5,6,6,7,2,0,79,5,0.71,1,3.73,4.67,KC,,5.48,1.26,R
Dylan Cease,2024/3/30 00:00,4.2,2,3,2,2,6,85,5,0.701,1,4.2,2,SF,,3.47,1.07,R
Dylan Cease,2024/4/5 00:00,6,2,2,4,2,7,102,6,0.701,0,5.1,2,SF,,3.47,1.07,R
Dylan Cease,2024/4/10 00:00,6,0,2,2,2,7,100,5,0.71,1,5.4,1.33,CHC,,3.47,1.07,R
Dylan Cease,2024/4/16 00:00,6,1,1,2,5,7,110,6,0.729,0,6,1,MIL,,3.47,1.07,R
Dylan Cease,2024/4/22 00:00,7,1,1,1,0,8,90,6,0.704,0,6.33,0.67,COL,,3.47,1.07,R
Dylan Cease,2024/4/27 00:00,6,5,5,6,3,5,91,5,0.75,1,6.33,2.33,PHI,,3.47,1.07,R
Dylan Cease,2024/5/3 00:00,6.2,1,1,3,0,8,102,6,0.777,0,6.4,2.33,AZ,,3.47,1.07,R
Dylan Cease,2024/5/8 00:00,7,0,0,1,2,12,113,5,0.71,0,6.4,2,CHC,,3.47,1.07,R
Dylan Cease,2024/5/14 00:00,5.2,3,3,5,1,8,98,6,0.704,1,6.13,1.33,COL,,3.47,1.07,R
Dylan Cease,2024/5/20 00:00,4,5,5,9,3,5,90,6,0.724,0,5.4,2.67,ATL,,3.47,1.07,R
Dylan Cease,2024/5/25 00:00,6.2,4,4,8,0,9,107,5,0.761,1,5.13,4,NYY,,3.47,1.07,R
Dylan Cease,2024/5/31 00:00,5.1,3,3,5,1,5,98,6,0.71,0,5.1,4,KC,,3.47,1.07,R
Dylan Cease,2024/6/5 00:00,6,3,3,4,1,6,104,5,0.671,0,5.77,3.33,LAA,,3.47,1.07,R
Dylan Cease,2024/6/10 00:00,6,1,1,8,1,8,104,5,0.694,1,5.7,2.33,OAK,,3.47,1.07,R
Dylan Cease,2024/6/16 00:00,3.2,7,7,7,3,5,90,6,0.734,0,5.07,3.67,NYM,,3.47,1.07,R
Dylan Cease,2024/6/21 00:00,4.2,4,4,6,2,10,106,5,0.729,1,4.47,4,MIL,,3.47,1.07,R
Dylan Cease,2024/6/26 00:00,7,0,0,1,2,9,102,5,0.684,1,4.8,3.67,WSH,,3.47,1.07,R
Dylan Cease,2024/7/2 00:00,3.2,6,6,8,2,5,84,6,0.686,0,4.8,3.33,TEX,,3.47,1.07,R
Dylan Cease,2024/7/7 00:00,7,3,3,5,1,8,103,5,0.777,1,5.73,3,AZ,,3.47,1.07,R
Dylan Cease,2024/7/13 00:00,6,0,0,1,3,11,106,6,0.724,1,5.4,3,ATL,,3.47,1.07,R
Dylan Cease,2024/7/20 00:00,7,0,0,1,1,10,97,7,0.703,0,6.67,1,CLE,,3.47,1.07,R
Dylan Cease,2024/7/25 00:00,9,0,0,0,3,9,114,5,0.684,0,7.33,0,WSH,,3.47,1.07,R
Dylan Cease,2024/7/31 00:00,5.2,1,1,3,3,6,101,6,0.781,1,7.07,0.33,LAD,,3.47,1.07,R
Dylan Cease,2024/8/6 00:00,1,0,0,1,0,2,14,6,0.672,0,5.07,0.33,PIT,,3.47,1.07,R
Dylan Cease,2024/8/11 00:00,5,2,5,6,2,5,91,5,0.678,0,3.73,1,MIA,,3.47,1.07,R
Dylan Cease,2024/8/17 00:00,5.2,3,3,3,5,5,101,6,0.704,0,3.73,1.67,COL,,3.47,1.07,R
Dylan Cease,2024/8/22 00:00,6.1,2,3,9,1,7,106,5,0.734,1,5.43,2.33,NYM,,3.47,1.07,R
Dylan Cease,2024/8/27 00:00,4.1,4,4,7,4,4,96,5,0.703,0,5.13,3,STL,,3.47,1.07,R
Dylan Cease,2024/9/1 00:00,5,3,3,2,3,4,84,5,0.669,0,5.07,3,TB,,3.47,1.07,R
Dylan Cease,2024/9/7 00:00,6,4,4,6,2,4,102,6,0.701,1,5.03,3.67,SF,,3.47,1.07,R
Dylan Cease,2024/9/13 00:00,6,0,0,4,2,10,97,6,0.701,0,5.67,2.33,SF,,3.47,1.07,R
Dylan Cease,2024/9/18 00:00,8.1,0,0,2,0,5,103,5,0.741,1,6.7,1.33,HOU,,3.47,1.07,R
Dylan Cease,2024/9/25 00:00,5,3,3,5,3,4,97,7,0.781,0,6.37,1,LAD,,3.47,1.07,R
Dylan Cease,2024/10/5 00:00,3.1,5,5,6,2,5,82,10,0.781,0,5.4,2.67,LAD,,3.47,1.07,R
Dylan Cease,2024/10/9 00:00,1.2,3,3,4,1,1,38,4,0.781,1,3.1,3.67,LAD,,3.47,1.07,R
Edward Cabrera,2024/4/15 00:00,6,1,1,5,1,10,91,5,0.701,1,6,1,SF,,4.95,1.37,R
Edward Cabrera,2024/4/21 00:00,5,3,3,7,3,7,96,6,0.71,0,5.5,2,CHC,,4.95,1.37,R
Edward Cabrera,2024/4/27 00:00,4.1,5,6,4,2,4,78,6,0.684,1,5.03,3,WSH,,4.95,1.37,R
Edward Cabrera,2024/5/2 00:00,4,4,4,3,4,9,91,5,0.704,1,4.37,4,COL,,4.95,1.37,R
Edward Cabrera,2024/5/7 00:00,2,4,4,1,4,1,58,5,0.781,0,3.37,4.33,LAD,,4.95,1.37,R
Edward Cabrera,2024/7/7 00:00,3.2,2,2,4,1,4,82,61,0.618,1,3.07,3.33,CWS,,4.95,1.37,R
Edward Cabrera,2024/7/13 00:00,3.1,7,7,6,0,7,63,6,0.693,0,2.77,4.33,CIN,,4.95,1.37,R
Edward Cabrera,2024/7/19 00:00,4.2,1,2,5,5,1,81,6,0.734,1,3.5,3.33,NYM,,4.95,1.37,R
Edward Cabrera,2024/7/24 00:00,5.1,3,3,3,4,6,90,5,0.751,1,4.13,3.67,BAL,,4.95,1.37,R
Edward Cabrera,2024/7/30 00:00,5,2,2,3,2,7,81,6,0.669,0,4.77,2,TB,,4.95,1.37,R
Edward Cabrera,2024/8/4 00:00,5,0,0,3,2,8,98,5,0.724,0,5.03,1.67,ATL,,4.95,1.37,R
Edward Cabrera,2024/8/9 00:00,7,0,0,4,3,4,106,5,0.745,1,5.67,0.67,SD,,4.95,1.37,R
Edward Cabrera,2024/8/14 00:00,4,6,6,6,4,2,82,5,0.75,0,5.33,2,PHI,,4.95,1.37,R
Edward Cabrera,2024/8/20 00:00,6,3,3,4,3,3,90,6,0.777,1,5.67,3,AZ,,4.95,1.37,R
Edward Cabrera,2024/8/26 00:00,5.1,3,3,6,2,8,102,6,0.704,0,5.03,4,COL,,4.95,1.37,R
Edward Cabrera,2024/8/31 00:00,5.1,1,2,6,2,3,98,5,0.701,0,5.4,2.33,SF,,4.95,1.37,R
Edward Cabrera,2024/9/8 00:00,7,0,0,3,1,6,97,8,0.75,1,5.73,1.33,PHI,,4.95,1.37,R
Edward Cabrera,2024/9/13 00:00,6,0,2,1,1,9,100,5,0.684,0,6.03,0.33,WSH,,4.95,1.37,R
Edward Cabrera,2024/9/19 00:00,2.1,7,7,4,5,3,73,6,0.781,1,5.03,2.33,LAD,,4.95,1.37,R
Edward Cabrera,2024/9/25 00:00,5,1,3,4,1,5,79,6,0.726,0,4.37,2.67,MIN,,4.95,1.37,R
Emerson Hancock,2024/4/1 00:00,5.1,3,3,4,1,1,81,5,0.703,1,5.1,3,CLE,,4.75,1.34,R
Emerson Hancock,2024/4/7 00:00,3.1,8,8,11,1,6,88,6,0.729,0,4.1,5.5,MIL,,4.75,1.34,R
Emerson Hancock,2024/4/13 00:00,6,2,2,4,0,4,74,6,0.71,1,4.73,4.33,CHC,,4.75,1.34,R
Emerson Hancock,2024/4/21 00:00,6,1,2,4,1,4,88,8,0.704,0,5.03,3.67,COL,,4.75,1.34,R
Emerson Hancock,2024/4/26 00:00,6,1,1,2,2,4,83,5,0.777,1,6,1.33,AZ,,4.75,1.34,R
Emerson Hancock,2024/5/1 00:00,3.2,1,5,5,4,4,77,5,0.724,1,5.07,1,ATL,,4.75,1.34,R
Emerson Hancock,2024/5/7 00:00,4,4,4,4,2,0,76,6,0.726,0,4.4,2,MIN,,4.75,1.34,R
Emerson Hancock,2024/6/13 00:00,7,2,2,6,2,1,92,37,0.618,1,4.73,2.33,CWS,,4.75,1.34,R
Emerson Hancock,2024/7/6 00:00,4,2,2,6,1,4,94,23,0.703,1,5,2.67,TOR,,4.75,1.34,R
Emerson Hancock,2024/9/13 00:00,5,3,3,6,1,5,90,69,0.686,1,5.33,2.33,TEX,,4.75,1.34,R
Emerson Hancock,2024/9/21 00:00,5,2,2,5,0,3,79,8,0.686,0,4.67,2.33,TEX,,4.75,1.34,R
Emerson Hancock,2024/9/28 00:00,5.1,3,3,5,4,3,93,7,0.694,1,5.03,2.67,OAK,,4.75,1.34,R
Erick Fedde,2024/3/31 00:00,4.2,2,2,5,1,7,96,5,0.685,1,4.2,2,DET,,3.3,1.16,R
Erick Fedde,2024/4/5 00:00,5,1,1,6,2,4,91,5,0.71,0,4.6,1.5,KC,,3.3,1.16,R
Erick Fedde,2024/4/10 00:00,5,4,5,4,3,3,93,5,0.703,0,4.73,2.33,CLE,,3.3,1.16,R
Erick Fedde,2024/4/17 00:00,5.2,0,0,3,3,5,94,7,0.71,1,5.07,1.67,KC,,3.3,1.16,R
Erick Fedde,2024/4/23 00:00,6,1,1,3,0,11,95,6,0.726,0,5.4,1.67,MIN,,3.3,1.16,R
Erick Fedde,2024/4/28 00:00,8.1,2,2,7,0,9,108,5,0.669,1,6.43,1,TB,,3.3,1.16,R
Erick Fedde,2024/5/4 00:00,4.1,5,5,4,5,2,91,6,0.703,0,6.07,2.67,STL,,3.3,1.16,R
Erick Fedde,2024/5/9 00:00,6,0,0,6,0,3,88,5,0.703,1,6.07,2.33,CLE,,3.3,1.16,R
Erick Fedde,2024/5/14 00:00,7,0,0,3,0,6,99,5,0.684,1,5.7,1.67,WSH,,3.3,1.16,R
Erick Fedde,2024/5/20 00:00,6,5,5,7,1,2,84,6,0.703,0,6.33,1.67,TOR,,3.3,1.16,R
Erick Fedde,2024/5/25 00:00,6.1,0,0,3,3,6,103,5,0.751,1,6.37,1.67,BAL,,3.3,1.16,R
Erick Fedde,2024/5/31 00:00,5,4,4,9,4,8,98,6,0.729,0,5.7,3,MIL,,3.3,1.16,R
Erick Fedde,2024/6/5 00:00,5,3,3,6,0,7,93,5,0.71,0,5.37,2.33,CHC,,3.3,1.16,R
Erick Fedde,2024/6/10 00:00,7,1,1,5,1,4,93,5,0.687,0,5.67,2.67,SEA,,3.3,1.16,R
Erick Fedde,2024/6/15 00:00,6,2,2,8,0,6,108,5,0.777,0,6,2,AZ,,3.3,1.16,R
Erick Fedde,2024/6/21 00:00,7,2,2,5,1,3,92,6,0.685,0,6.67,1.67,DET,,3.3,1.16,R
Erick Fedde,2024/6/26 00:00,6,4,4,5,1,5,88,5,0.781,1,6.33,2.67,LAD,,3.3,1.16,R
Erick Fedde,2024/7/3 00:00,6,1,1,3,3,3,91,7,0.703,0,6.33,2.33,CLE,,3.3,1.16,R
Erick Fedde,2024/7/10 00:00,5,0,0,4,2,5,90,7,0.726,1,5.67,1.67,MIN,,3.3,1.16,R
Erick Fedde,2024/7/22 00:00,6.1,2,2,3,2,5,98,12,0.686,0,5.7,1,TEX,,3.3,1.16,R
Erick Fedde,2024/7/27 00:00,4,3,3,6,2,4,79,5,0.687,1,5.03,1.67,SEA,,3.3,1.16,R
Erick Fedde,2024/8/2 00:00,5,5,5,6,0,4,97,6,0.71,0,5.03,3.33,CHC,,3.3,1.16,R
Erick Fedde,2024/8/7 00:00,5,1,1,4,2,6,93,5,0.669,1,4.67,3,TB,,3.3,1.16,R
Erick Fedde,2024/8/13 00:00,6,4,4,6,2,2,89,6,0.693,0,5.33,3.33,CIN,,3.3,1.16,R
Erick Fedde,2024/8/20 00:00,5.2,2,2,6,4,2,95,7,0.729,1,5.4,2.33,MIL,,3.3,1.16,R
Erick Fedde,2024/8/25 00:00,6,1,1,2,3,7,88,5,0.726,0,5.73,2.33,MIN,,3.3,1.16,R
Erick Fedde,2024/8/30 00:00,5.1,4,4,4,1,8,96,5,0.761,0,5.43,2.33,NYY,,3.3,1.16,R
Erick Fedde,2024/9/6 00:00,4.2,1,1,5,3,1,95,7,0.687,1,5.1,2,SEA,,3.3,1.16,R
Erick Fedde,2024/9/13 00:00,5,3,3,6,1,3,94,7,0.703,0,4.77,2.67,TOR,,3.3,1.16,R
Erick Fedde,2024/9/19 00:00,6,1,1,4,1,3,85,6,0.672,1,5.07,1.67,PIT,,3.3,1.16,R
Erick Fedde,2024/9/25 00:00,7,1,1,6,1,10,87,6,0.704,0,6,1.67,COL,,3.3,1.16,R
Erik Miller,2024/3/28 00:00,1,0,0,0,0,1,11,5,0.745,0,1,0,SD,,3.88,1.31,L
Erik Miller,2024/3/30 00:00,1.1,3,3,1,3,1,35,2,0.745,0,1.05,1.5,SD,,3.88,1.31,L
Erik Miller,2024/4/1 00:00,0.1,2,2,1,1,0,10,2,0.781,0,0.73,1.67,LAD,,3.88,1.31,L
Erik Miller,2024/4/3 00:00,1,0,0,0,0,2,16,2,0.781,0,0.73,1.67,LAD,,3.88,1.31,L
Erik Miller,2024/4/8 00:00,1.1,1,1,1,1,1,23,5,0.684,1,0.73,1,WSH,,3.88,1.31,L
Erik Miller,2024/4/10 00:00,1,0,0,0,0,3,16,2,0.684,1,1.03,0.33,WSH,,3.88,1.31,L
Erik Miller,2024/4/13 00:00,1,0,0,0,0,2,20,3,0.669,0,1.03,0.33,TB,,3.88,1.31,L
Erik Miller,2024/4/16 00:00,1,0,0,0,0,1,15,3,0.678,0,1,0,MIA,,3.88,1.31,L
Erik Miller,2024/4/17 00:00,1,0,0,0,0,1,14,1,0.678,0,1,0,MIA,,3.88,1.31,L
Erik Miller,2024/4/20 00:00,1,0,0,0,0,2,12,3,0.777,1,1,0,AZ,,3.88,1.31,L
Erik Miller,2024/4/21 00:00,1,2,2,3,0,1,22,1,0.777,1,1,0.67,AZ,,3.88,1.31,L
Erik Miller,2024/4/24 00:00,1,0,0,0,0,1,13,3,0.734,1,1,0.67,NYM,,3.88,1.31,L
Erik Miller,2024/4/28 00:00,1,0,0,0,1,1,24,4,0.672,1,1,0.67,PIT,,3.88,1.31,L
Erik Miller,2024/5/1 00:00,1,0,0,0,2,1,18,3,0.741,0,1,0,BOS,,3.88,1.31,L
Erik Miller,2024/5/2 00:00,1,0,0,0,0,1,15,1,0.741,0,1,0,BOS,,3.88,1.31,L
Erik Miller,2024/5/4 00:00,1,1,1,1,2,1,19,2,0.75,0,1,0.33,PHI,,3.88,1.31,L
Erik Miller,2024/5/6 00:00,1.1,0,0,0,0,2,22,2,0.75,0,1.03,0.33,PHI,,3.88,1.31,L
Erik Miller,2024/5/10 00:00,1,1,1,1,2,0,32,4,0.693,1,1.03,0.67,CIN,,3.88,1.31,L
Erik Miller,2024/5/11 00:00,1,0,0,0,1,0,20,1,0.693,1,1.03,0.33,CIN,,3.88,1.31,L
Erik Miller,2024/5/13 00:00,1,1,1,1,0,2,17,2,0.781,1,1,0.67,LAD,,3.88,1.31,L
Erik Miller,2024/5/15 00:00,0.1,0,0,0,0,1,4,2,0.781,1,0.7,0.33,LAD,,3.88,1.31,L
Erik Miller,2024/5/17 00:00,0.1,0,0,0,1,0,12,2,0.704,1,0.4,0.33,COL,,3.88,1.31,L
Erik Miller,2024/5/18 00:00,1,0,0,2,0,3,18,1,0.704,1,0.4,0,COL,,3.88,1.31,L
Erik Miller,2024/5/21 00:00,0,0,1,1,0,0,1,3,0.672,0,0.37,0,PIT,,3.88,1.31,L
Erik Miller,2024/5/23 00:00,1.2,1,1,2,0,3,27,2,0.672,0,0.73,0.33,PIT,,3.88,1.31,L
Erik Miller,2024/5/27 00:00,1,0,0,1,0,0,14,4,0.75,1,0.73,0.33,PHI,,3.88,1.31,L
Erik Miller,2024/5/28 00:00,1,0,0,0,1,2,20,1,0.75,1,1.07,0.33,PHI,,3.88,1.31,L
Erik Miller,2024/6/2 00:00,1.1,0,0,1,0,1,16,5,0.761,1,1.03,0,NYY,,3.88,1.31,L
Erik Miller,2024/6/3 00:00,1,0,0,2,0,0,15,1,0.777,0,1.03,0,AZ,,3.88,1.31,L
Erik Miller,2024/6/5 00:00,1,0,0,0,0,2,18,2,0.777,0,1.03,0,AZ,,3.88,1.31,L
Erik Miller,2024/6/8 00:00,1,0,0,1,0,2,19,3,0.686,0,1,0,TEX,,3.88,1.31,L
Erik Miller,2024/6/10 00:00,0.2,1,2,3,0,0,20,2,0.741,1,0.73,0.33,HOU,,3.88,1.31,L
Erik Miller,2024/6/14 00:00,1,0,0,0,0,0,16,4,0.671,1,0.73,0.33,LAA,,3.88,1.31,L
Erik Miller,2024/6/16 00:00,1,0,1,2,0,0,15,2,0.671,1,0.73,0.33,LAA,,3.88,1.31,L
Erik Miller,2024/6/17 00:00,1.1,3,3,2,1,0,22,1,0.71,0,1.03,1,CHC,,3.88,1.31,L
Erik Miller,2024/6/19 00:00,1,0,0,0,1,2,23,2,0.71,0,1.03,1,CHC,,3.88,1.31,L
Erik Miller,2024/6/24 00:00,1,0,0,0,1,0,16,5,0.71,1,1.03,1,CHC,,3.88,1.31,L
Erik Miller,2024/6/26 00:00,1,0,0,0,0,1,9,2,0.71,1,1,0,CHC,,3.88,1.31,L
Erik Miller,2024/6/27 00:00,1,0,0,1,1,2,22,1,0.71,1,1,0,CHC,,3.88,1.31,L
Erik Miller,2024/6/29 00:00,1,0,0,0,0,1,13,2,0.781,1,1,0,LAD,,3.88,1.31,L
Erik Miller,2024/7/5 00:00,1,0,0,1,1,0,13,6,0.703,0,1,0,CLE,,3.88,1.31,L
Erik Miller,2024/7/7 00:00,1,0,0,0,1,1,21,2,0.703,0,1,0,CLE,,3.88,1.31,L
Erik Miller,2024/7/9 00:00,1,0,0,0,1,1,26,2,0.703,1,1,0,TOR,,3.88,1.31,L
Erik Miller,2024/7/13 00:00,1,0,0,2,0,2,21,4,0.726,1,1,0,MIN,,3.88,1.31,L
Erik Miller,2024/7/20 00:00,1,0,0,0,0,2,17,7,0.704,0,1,0,COL,,3.88,1.31,L
Erik Miller,2024/7/22 00:00,0.2,1,1,1,1,1,16,2,0.781,0,0.73,0.33,LAD,,3.88,1.31,L
Erik Miller,2024/7/24 00:00,1,1,1,2,0,2,23,2,0.781,0,0.73,0.67,LAD,,3.88,1.31,L
Erik Miller,2024/7/27 00:00,1,0,0,0,0,2,15,3,0.704,1,0.73,0.67,COL,,3.88,1.31,L
Erik Miller,2024/7/28 00:00,1,0,0,0,0,2,12,1,0.704,1,1,0.33,COL,,3.88,1.31,L
Erik Miller,2024/8/4 00:00,0.2,0,0,0,1,1,19,7,0.693,0,0.73,0,CIN,,3.88,1.31,L
Erik Miller,2024/8/7 00:00,0.2,1,1,2,1,0,18,3,0.684,0,0.47,0.33,WSH,,3.88,1.31,L
Erik Miller,2024/8/8 00:00,1,0,0,0,0,2,12,1,0.684,0,0.47,0.33,WSH,,3.88,1.31,L
Erik Miller,2024/8/11 00:00,1,0,0,1,2,0,26,3,0.685,1,0.73,0.33,DET,,3.88,1.31,L
Erik Miller,2024/8/14 00:00,1.1,2,2,1,1,2,27,3,0.724,1,1.03,0.67,ATL,,3.88,1.31,L
Erik Miller,2024/8/17 00:00,1,0,0,0,1,2,24,3,0.694,0,1.03,0.67,OAK,,3.88,1.31,L
Erik Miller,2024/8/19 00:00,1,0,0,0,1,1,14,2,0.618,1,1.03,0.67,CWS,,3.88,1.31,L
Erik Miller,2024/8/21 00:00,0.2,3,3,1,2,1,22,2,0.618,1,0.73,1,CWS,,3.88,1.31,L
Erik Miller,2024/8/23 00:00,0.1,0,1,1,0,1,12,2,0.687,0,0.43,1,SEA,,3.88,1.31,L
Erik Miller,2024/8/28 00:00,0.2,0,0,0,1,2,15,5,0.729,0,0.17,1,MIL,,3.88,1.31,L
Erik Miller,2024/8/31 00:00,1,0,0,0,0,3,13,3,0.678,1,0.43,0,MIA,,3.88,1.31,L
Erik Miller,2024/9/1 00:00,1,0,0,1,0,2,19,1,0.678,1,0.73,0,MIA,,3.88,1.31,L
Erik Miller,2024/9/3 00:00,1,1,1,2,0,2,27,2,0.777,1,1,0.33,AZ,,3.88,1.31,L
Erik Miller,2024/9/5 00:00,1,0,0,0,0,2,13,2,0.777,1,1,0.33,AZ,,3.88,1.31,L
Erik Miller,2024/9/8 00:00,1.2,0,0,1,1,0,25,3,0.745,0,1.07,0.33,SD,,3.88,1.31,L
Erik Miller,2024/9/12 00:00,1,0,0,0,0,1,16,4,0.729,1,1.07,0,MIL,,3.88,1.31,L
Erik Miller,2024/9/14 00:00,0.2,0,0,0,0,1,9,2,0.745,1,0.8,0,SD,,3.88,1.31,L
Erik Miller,2024/9/15 00:00,0.1,0,0,0,0,1,6,1,0.745,1,0.43,0,SD,,3.88,1.31,L
Erik Miller,2024/9/17 00:00,0.1,0,0,0,0,0,2,2,0.751,0,0.13,0,BAL,,3.88,1.31,L
Erik Miller,2024/9/18 00:00,0.1,0,0,2,0,1,10,1,0.751,0,0.1,0,BAL,,3.88,1.31,L
Erik Miller,2024/9/20 00:00,1,0,0,0,1,2,20,2,0.71,0,0.4,0,KC,,3.88,1.31,L
Erik Miller,2024/9/23 00:00,1,1,1,2,0,2,19,3,0.777,0,0.7,0.33,AZ,,3.88,1.31,L
Erik Miller,2024/9/25 00:00,1,0,0,1,1,1,22,2,0.777,0,1,0.33,AZ,,3.88,1.31,L
Erik Miller,2024/9/28 00:00,0,3,3,2,2,0,24,3,0.703,1,0.67,1.33,STL,,3.88,1.31,L
Fernando Cruz,2024/3/30 00:00,1.1,1,1,1,0,4,20,5,0.684,1,1.1,1,WSH,,4.86,1.34,R
Fernando Cruz,2024/3/31 00:00,1,0,0,0,0,1,8,1,0.684,1,1.05,0.5,WSH,,4.86,1.34,R
Fernando Cruz,2024/4/3 00:00,1,0,0,0,0,1,8,3,0.75,0,1.03,0.33,PHI,,4.86,1.34,R
Fernando Cruz,2024/4/5 00:00,1,1,1,0,3,2,35,2,0.734,1,1,0.33,NYM,,4.86,1.34,R
Fernando Cruz,2024/4/8 00:00,1,0,0,0,0,2,14,3,0.729,1,1,0.33,MIL,,4.86,1.34,R
Fernando Cruz,2024/4/13 00:00,1.1,0,0,0,0,3,12,5,0.618,0,1.03,0.33,CWS,,4.86,1.34,R
Fernando Cruz,2024/4/16 00:00,0.2,0,0,1,1,2,17,3,0.687,0,0.77,0,SEA,,4.86,1.34,R
Fernando Cruz,2024/4/19 00:00,0.2,0,0,0,0,2,12,3,0.671,1,0.5,0,LAA,,4.86,1.34,R
Fernando Cruz,2024/4/21 00:00,1,0,0,1,1,1,23,2,0.671,1,0.47,0,LAA,,4.86,1.34,R
Fernando Cruz,2024/4/23 00:00,0.2,0,0,0,0,1,6,2,0.75,1,0.47,0,PHI,,4.86,1.34,R
Fernando Cruz,2024/4/24 00:00,0.2,0,0,0,0,1,11,1,0.75,1,0.47,0,PHI,,4.86,1.34,R
Fernando Cruz,2024/4/29 00:00,1,0,0,0,0,1,14,5,0.745,0,0.47,0,SD,,4.86,1.34,R
Fernando Cruz,2024/5/1 00:00,0.1,4,4,3,1,1,16,2,0.745,0,0.43,1.33,SD,,4.86,1.34,R
Fernando Cruz,2024/5/3 00:00,0.1,0,0,0,0,1,6,2,0.751,1,0.4,1.33,BAL,,4.86,1.34,R
Fernando Cruz,2024/5/8 00:00,2,0,0,1,0,3,16,5,0.777,1,0.73,1.33,AZ,,4.86,1.34,R
Fernando Cruz,2024/5/9 00:00,1,1,1,1,2,2,29,1,0.777,1,1.03,0.33,AZ,,4.86,1.34,R
Fernando Cruz,2024/5/12 00:00,1,0,0,0,0,2,14,3,0.701,0,1.33,0.33,SF,,4.86,1.34,R
Fernando Cruz,2024/5/13 00:00,1,1,1,1,3,2,32,1,0.777,0,1,0.67,AZ,,4.86,1.34,R
Fernando Cruz,2024/5/15 00:00,1,1,1,2,0,2,22,2,0.777,0,1,0.67,AZ,,4.86,1.34,R
Fernando Cruz,2024/5/17 00:00,1,2,2,2,1,1,22,2,0.781,0,1,1.33,LAD,,4.86,1.34,R
Fernando Cruz,2024/5/19 00:00,0.2,0,0,0,0,1,6,2,0.781,0,0.73,1,LAD,,4.86,1.34,R
Fernando Cruz,2024/5/21 00:00,1,0,0,1,0,2,16,2,0.745,1,0.73,0.67,SD,,4.86,1.34,R
Fernando Cruz,2024/5/23 00:00,1,0,0,0,0,3,22,2,0.745,1,0.73,0,SD,,4.86,1.34,R
Fernando Cruz,2024/5/25 00:00,1,0,0,0,1,2,15,2,0.781,1,1,0,LAD,,4.86,1.34,R
Fernando Cruz,2024/5/27 00:00,1.2,0,0,0,0,5,23,2,0.703,1,1.07,0,STL,,4.86,1.34,R
Fernando Cruz,2024/5/31 00:00,1.1,0,0,0,1,0,22,4,0.71,0,1.1,0,CHC,,4.86,1.34,R
Fernando Cruz,2024/6/1 00:00,1,0,0,1,0,2,14,1,0.71,0,1.1,0,CHC,,4.86,1.34,R
Fernando Cruz,2024/6/4 00:00,1,0,0,0,0,2,10,3,0.704,0,1.03,0,COL,,4.86,1.34,R
Fernando Cruz,2024/6/5 00:00,1,0,0,1,0,0,11,1,0.704,0,1,0,COL,,4.86,1.34,R
Fernando Cruz,2024/6/6 00:00,0.1,0,0,0,0,1,6,1,0.71,1,0.7,0,CHC,,4.86,1.34,R
Fernando Cruz,2024/6/8 00:00,1,1,1,2,0,0,14,2,0.71,1,0.7,0.33,CHC,,4.86,1.34,R
Fernando Cruz,2024/6/11 00:00,0.2,1,1,1,1,1,17,3,0.703,1,0.43,0.67,CLE,,4.86,1.34,R
Fernando Cruz,2024/6/14 00:00,1,0,0,2,0,1,19,3,0.729,0,0.73,0.67,MIL,,4.86,1.34,R
Fernando Cruz,2024/6/18 00:00,1,0,0,0,1,0,11,4,0.672,0,0.73,0.33,PIT,,4.86,1.34,R
Fernando Cruz,2024/6/19 00:00,0.2,0,0,0,1,0,13,1,0.672,0,0.73,0,PIT,,4.86,1.34,R
Fernando Cruz,2024/6/21 00:00,0.1,0,0,0,0,1,7,2,0.741,1,0.43,0,BOS,,4.86,1.34,R
Fernando Cruz,2024/6/24 00:00,1,2,2,1,1,3,25,3,0.672,1,0.43,0.67,PIT,,4.86,1.34,R
Fernando Cruz,2024/6/29 00:00,0.1,0,0,0,0,1,4,5,0.703,0,0.4,0.67,STL,,4.86,1.34,R
Fernando Cruz,2024/6/30 00:00,0.1,0,0,1,0,0,4,1,0.703,0,0.4,0.67,STL,,4.86,1.34,R
Fernando Cruz,2024/7/2 00:00,1,0,0,0,0,1,13,2,0.761,0,0.4,0,NYY,,4.86,1.34,R
Fernando Cruz,2024/7/3 00:00,0.2,1,1,1,2,0,13,1,0.761,0,0.43,0.33,NYY,,4.86,1.34,R
Fernando Cruz,2024/7/6 00:00,0.1,3,3,2,1,0,17,3,0.685,1,0.43,1.33,DET,,4.86,1.34,R
Fernando Cruz,2024/7/8 00:00,1,0,0,0,0,1,7,2,0.704,1,0.43,1.33,COL,,4.86,1.34,R
Fernando Cruz,2024/7/9 00:00,0.1,0,0,0,0,0,3,1,0.704,1,0.4,1,COL,,4.86,1.34,R
Fernando Cruz,2024/7/11 00:00,0.1,0,0,0,0,0,3,2,0.704,1,0.4,0,COL,,4.86,1.34,R
Fernando Cruz,2024/7/13 00:00,1,1,1,2,0,1,20,2,0.678,1,0.4,0.33,MIA,,4.86,1.34,R
Fernando Cruz,2024/7/14 00:00,0.2,1,1,2,0,2,19,1,0.678,1,0.43,0.67,MIA,,4.86,1.34,R
Fernando Cruz,2024/7/20 00:00,0.1,0,0,1,0,0,11,6,0.684,0,0.43,0.67,WSH,,4.86,1.34,R
Fernando Cruz,2024/7/22 00:00,1,0,0,0,0,1,9,2,0.724,0,0.43,0.33,ATL,,4.86,1.34,R
Fernando Cruz,2024/7/26 00:00,0.1,0,0,1,0,0,5,4,0.669,0,0.4,0,TB,,4.86,1.34,R
Fernando Cruz,2024/7/28 00:00,0.2,2,2,1,2,2,34,2,0.669,0,0.43,0.67,TB,,4.86,1.34,R
Fernando Cruz,2024/7/30 00:00,0.1,0,0,1,1,0,14,2,0.71,1,0.13,0.67,CHC,,4.86,1.34,R
Fernando Cruz,2024/8/2 00:00,1,0,0,0,0,1,9,3,0.701,1,0.43,0.67,SF,,4.86,1.34,R
Fernando Cruz,2024/8/4 00:00,0,3,3,2,1,0,10,2,0.701,1,0.37,1,SF,,4.86,1.34,R
Fernando Cruz,2024/8/6 00:00,1,0,0,0,0,2,11,2,0.678,0,0.67,1,MIA,,4.86,1.34,R
Fernando Cruz,2024/8/9 00:00,1,0,0,0,0,2,12,3,0.729,0,0.67,1,MIL,,4.86,1.34,R
Fernando Cruz,2024/8/14 00:00,1,0,0,1,1,0,14,5,0.703,1,1,0,STL,,4.86,1.34,R
Fernando Cruz,2024/8/16 00:00,2,4,4,4,1,3,32,2,0.71,1,1.33,1.33,KC,,4.86,1.34,R
Fernando Cruz,2024/8/18 00:00,1,0,0,1,0,2,13,2,0.71,1,1.33,1.33,KC,,4.86,1.34,R
Fernando Cruz,2024/8/21 00:00,1,1,1,2,1,0,14,3,0.703,0,1.33,1.67,TOR,,4.86,1.34,R
Fernando Cruz,2024/8/23 00:00,1.1,0,0,1,1,1,20,2,0.672,0,1.03,0.33,PIT,,4.86,1.34,R
Fernando Cruz,2024/8/28 00:00,3,1,1,2,0,6,42,5,0.694,1,1.7,0.67,OAK,,4.86,1.34,R
Fernando Cruz,2024/8/31 00:00,2,0,0,1,1,5,42,3,0.729,1,2.03,0.33,MIL,,4.86,1.34,R
Fernando Cruz,2024/9/6 00:00,1,2,2,2,0,3,20,6,0.734,0,2,1,NYM,,4.86,1.34,R
Fernando Cruz,2024/9/9 00:00,1,0,0,0,0,2,11,3,0.724,0,1.33,0.67,ATL,,4.86,1.34,R
Fernando Cruz,2024/9/11 00:00,1.2,0,0,1,0,4,24,2,0.703,0,1.07,0.67,STL,,4.86,1.34,R
Fernando Cruz,2024/9/17 00:00,1.2,1,1,1,3,4,45,6,0.724,1,1.13,0.33,ATL,,4.86,1.34,R
Fernando Cruz,2024/9/22 00:00,2,1,1,2,0,4,31,5,0.672,1,1.47,0.67,PIT,,4.86,1.34,R
Fernando Cruz,2024/9/29 00:00,1.2,0,0,0,2,2,28,7,0.71,0,1.47,0.67,CHC,,4.86,1.34,R
Framber Valdez,2024/3/28 00:00,4.2,3,3,5,6,5,86,5,0.761,1,4.2,3,NYY,,2.91,1.11,L
Framber Valdez,2024/4/2 00:00,7.2,0,0,6,0,5,85,5,0.703,1,5.7,1.5,TOR,,2.91,1.11,L
Framber Valdez,2024/4/28 00:00,5,2,2,5,0,6,71,26,0.704,0,5.47,1.67,COL,,2.91,1.11,L
Framber Valdez,2024/5/4 00:00,5.1,5,5,9,1,3,91,6,0.687,1,5.77,2.33,SEA,,2.91,1.11,L
Framber Valdez,2024/5/10 00:00,7,2,2,6,2,4,103,6,0.685,0,5.7,3,DET,,2.91,1.11,L
Framber Valdez,2024/5/15 00:00,7,0,0,2,2,8,97,5,0.694,1,6.37,2.33,OAK,,2.91,1.11,L
Framber Valdez,2024/5/20 00:00,5,8,8,10,1,3,86,5,0.671,1,6.33,3.33,LAA,,2.91,1.11,L
Framber Valdez,2024/5/27 00:00,6,3,3,6,3,4,96,7,0.687,0,6,3.67,SEA,,2.91,1.11,L
Framber Valdez,2024/6/1 00:00,7,1,1,2,2,4,85,5,0.726,1,6,4,MIN,,2.91,1.11,L
Framber Valdez,2024/6/7 00:00,9,1,1,4,1,8,106,6,0.671,0,7.33,1.67,LAA,,2.91,1.11,L
Framber Valdez,2024/6/12 00:00,4,5,5,8,1,1,59,5,0.701,0,6.67,2.33,SF,,2.91,1.11,L
Framber Valdez,2024/6/18 00:00,6,2,2,2,5,5,93,6,0.618,0,6.33,2.67,CWS,,2.91,1.11,L
Framber Valdez,2024/6/23 00:00,7,1,1,6,2,7,104,5,0.751,1,5.67,2.67,BAL,,2.91,1.11,L
Framber Valdez,2024/6/29 00:00,4.2,3,6,8,3,5,95,6,0.734,0,5.73,2,NYM,,2.91,1.11,L
Framber Valdez,2024/7/4 00:00,6,3,3,9,2,4,90,5,0.703,0,5.73,2.33,TOR,,2.91,1.11,L
Framber Valdez,2024/7/10 00:00,7,1,1,6,1,10,95,6,0.678,1,5.73,2.33,MIA,,2.91,1.11,L
Framber Valdez,2024/7/20 00:00,5.2,2,2,3,4,6,100,10,0.687,0,6.07,2,SEA,,2.91,1.11,L
Framber Valdez,2024/7/26 00:00,6.1,0,0,4,2,10,97,6,0.781,1,6.1,1,LAD,,2.91,1.11,L
Framber Valdez,2024/7/31 00:00,6,4,4,6,0,10,92,5,0.672,1,5.77,2,PIT,,2.91,1.11,L
Framber Valdez,2024/8/6 00:00,8.2,2,2,1,3,5,107,6,0.686,0,6.77,2,TEX,,2.91,1.11,L
Framber Valdez,2024/8/12 00:00,5.2,1,1,3,1,9,101,6,0.669,0,6.47,2.33,TB,,2.91,1.11,L
Framber Valdez,2024/8/18 00:00,7,0,0,3,1,9,82,6,0.618,1,6.8,1,CWS,,2.91,1.11,L
Framber Valdez,2024/8/24 00:00,5.2,3,3,6,1,8,104,6,0.751,0,5.8,1.33,BAL,,2.91,1.11,L
Framber Valdez,2024/8/30 00:00,7,0,0,0,3,7,98,6,0.71,1,6.4,1,KC,,2.91,1.11,L
Framber Valdez,2024/9/6 00:00,7,0,0,2,3,7,96,7,0.777,1,6.4,1,AZ,,2.91,1.11,L
Framber Valdez,2024/9/12 00:00,6.1,1,1,5,1,6,97,6,0.694,1,6.7,0.33,OAK,,2.91,1.11,L
Framber Valdez,2024/9/18 00:00,7,1,1,5,2,6,94,6,0.745,0,6.7,0.67,SD,,2.91,1.11,L
Framber Valdez,2024/9/24 00:00,5.2,3,3,8,2,4,90,6,0.687,1,6.1,1.67,SEA,,2.91,1.11,L
Framber Valdez,2024/10/1 00:00,4.1,3,3,7,2,3,78,7,0.685,1,5.43,2.33,DET,,2.91,1.11,L
Frankie Montas,2024/3/28 00:00,6,0,0,4,0,4,81,5,0.684,1,6,0,WSH,,4.84,1.37,R
Frankie Montas,2024/4/3 00:00,5.2,1,1,5,3,5,100,6,0.75,0,5.6,0.5,PHI,,4.84,1.37,R
Frankie Montas,2024/4/9 00:00,5,3,5,6,1,4,96,6,0.729,1,5.4,1.33,MIL,,4.84,1.37,R
Frankie Montas,2024/4/15 00:00,2,5,5,3,5,1,66,6,0.687,0,4.07,3,SEA,,4.84,1.37,R
Frankie Montas,2024/4/21 00:00,0.2,0,0,0,1,0,16,6,0.671,1,2.4,2.67,LAA,,4.84,1.37,R
Frankie Montas,2024/5/7 00:00,6,1,2,4,1,7,87,16,0.777,1,2.73,2,AZ,,4.84,1.37,R
Frankie Montas,2024/5/12 00:00,4.2,4,5,7,1,3,78,5,0.701,0,3.47,1.67,SF,,4.84,1.37,R
Frankie Montas,2024/5/17 00:00,5,3,3,4,3,1,98,5,0.781,0,5.07,2.67,LAD,,4.84,1.37,R
Frankie Montas,2024/5/23 00:00,6,4,4,9,1,3,94,6,0.745,1,5.07,3.67,SD,,4.84,1.37,R
Frankie Montas,2024/5/29 00:00,6,3,3,6,2,5,107,6,0.703,1,5.67,3.33,STL,,4.84,1.37,R
Frankie Montas,2024/6/4 00:00,7,0,0,1,2,9,96,6,0.704,0,6.33,2.33,COL,,4.84,1.37,R
Frankie Montas,2024/6/9 00:00,1.1,4,4,5,3,2,55,5,0.71,1,4.7,2.33,CHC,,4.84,1.37,R
Frankie Montas,2024/6/16 00:00,5,3,3,4,3,5,89,7,0.729,0,4.37,2.33,MIL,,4.84,1.37,R
Frankie Montas,2024/6/22 00:00,6,2,2,5,1,4,72,6,0.741,1,4.03,3,BOS,,4.84,1.37,R
Frankie Montas,2024/6/28 00:00,6,1,1,2,3,5,98,6,0.703,0,5.67,2,STL,,4.84,1.37,R
Frankie Montas,2024/7/4 00:00,5,2,2,4,3,4,94,6,0.761,0,5.67,1.67,NYY,,4.84,1.37,R
Frankie Montas,2024/7/10 00:00,7,5,5,8,2,7,101,6,0.704,1,6,2.67,COL,,4.84,1.37,R
Frankie Montas,2024/7/19 00:00,4.2,7,7,6,3,3,84,9,0.684,0,5.4,4.67,WSH,,4.84,1.37,R
Frankie Montas,2024/7/24 00:00,4.1,4,4,10,3,6,101,5,0.724,0,5.1,5.33,ATL,,4.84,1.37,R
Frankie Montas,2024/8/2 00:00,5,3,3,9,0,5,89,9,0.684,0,4.43,4.67,WSH,,4.84,1.37,R
Frankie Montas,2024/8/8 00:00,4,3,3,2,4,7,91,6,0.724,0,4.37,3.33,ATL,,4.84,1.37,R
Frankie Montas,2024/8/14 00:00,5,0,3,5,3,6,102,6,0.781,1,4.67,2,LAD,,4.84,1.37,R
Frankie Montas,2024/8/20 00:00,7,0,0,1,1,3,89,6,0.703,0,5.33,1,STL,,4.84,1.37,R
Frankie Montas,2024/8/25 00:00,6,4,4,5,2,7,106,5,0.694,0,6,1.33,OAK,,4.84,1.37,R
Frankie Montas,2024/8/31 00:00,6,4,4,7,3,4,97,6,0.693,0,6.33,2.67,CIN,,4.84,1.37,R
Frankie Montas,2024/9/6 00:00,6,3,3,2,3,10,94,6,0.704,1,6,3.67,COL,,4.84,1.37,R
Frankie Montas,2024/9/12 00:00,6,0,0,2,2,8,102,6,0.701,0,6,2.33,SF,,4.84,1.37,R
Frankie Montas,2024/9/17 00:00,5.2,3,3,6,2,10,100,5,0.75,1,5.73,2,PHI,,4.84,1.37,R
Frankie Montas,2024/9/22 00:00,2.2,7,8,6,2,4,68,5,0.777,1,4.47,3.33,AZ,,4.84,1.37,R
Frankie Montas,2024/9/27 00:00,4,2,2,2,3,6,82,5,0.734,1,3.8,4,NYM,,4.84,1.37,R
Frankie Montas,2024/10/2 00:00,3.2,1,3,6,1,3,60,5,0.734,1,3.13,3.33,NYM,,4.84,1.37,R
Freddy Peralta,2024/3/29 00:00,6,1,1,1,1,8,92,5,0.734,0,6,1,NYM,,3.68,1.21,R
Freddy Peralta,2024/4/5 00:00,5.2,3,3,4,1,7,88,7,0.687,1,5.6,2,SEA,,3.68,1.21,R
Freddy Peralta,2024/4/12 00:00,6,1,1,5,0,11,90,7,0.751,0,5.73,1.67,BAL,,3.68,1.21,R
Freddy Peralta,2024/4/19 00:00,6,0,0,4,2,7,100,7,0.703,0,5.73,1.33,STL,,3.68,1.21,R
Freddy Peralta,2024/4/25 00:00,4.2,5,5,5,5,5,91,6,0.672,0,5.4,2,PIT,,3.68,1.21,R
Freddy Peralta,2024/4/30 00:00,5.1,2,2,1,0,7,66,5,0.669,1,5.1,2.33,TB,,3.68,1.21,R
Freddy Peralta,2024/5/5 00:00,5,3,3,3,6,5,97,5,0.71,0,4.77,3.33,CHC,,3.68,1.21,R
Freddy Peralta,2024/5/11 00:00,6,3,3,8,1,8,100,6,0.703,1,5.37,2.67,STL,,3.68,1.21,R
Freddy Peralta,2024/5/17 00:00,5,5,5,8,1,6,97,6,0.741,0,5.33,3.67,HOU,,3.68,1.21,R
Freddy Peralta,2024/5/22 00:00,7,1,1,4,1,7,98,5,0.678,0,6,3,MIA,,3.68,1.21,R
Freddy Peralta,2024/5/28 00:00,5.2,1,1,3,2,11,111,6,0.71,1,5.73,2.33,CHC,,3.68,1.21,R
Freddy Peralta,2024/6/2 00:00,5,3,3,4,1,7,97,5,0.618,1,5.73,1.67,CWS,,3.68,1.21,R
Freddy Peralta,2024/6/8 00:00,3.1,3,4,4,5,3,94,6,0.685,0,4.43,2.33,DET,,3.68,1.21,R
Freddy Peralta,2024/6/14 00:00,5.1,6,6,10,1,6,96,6,0.693,1,4.4,4,CIN,,3.68,1.21,R
Freddy Peralta,2024/6/19 00:00,6,0,0,3,2,8,101,5,0.671,0,4.73,3,LAA,,3.68,1.21,R
Freddy Peralta,2024/6/24 00:00,5,2,2,4,2,6,104,5,0.686,1,5.37,2.67,TEX,,3.68,1.21,R
Freddy Peralta,2024/6/30 00:00,7,1,1,2,2,8,103,6,0.71,1,6,1,CHC,,3.68,1.21,R
Freddy Peralta,2024/7/6 00:00,4,3,3,4,3,4,104,6,0.781,0,5.33,2,LAD,,3.68,1.21,R
Freddy Peralta,2024/7/12 00:00,5,4,4,10,0,6,92,6,0.684,1,5.33,2.67,WSH,,3.68,1.21,R
Freddy Peralta,2024/7/20 00:00,6,0,0,2,2,8,102,8,0.726,0,5,2.33,MIN,,3.68,1.21,R
Freddy Peralta,2024/7/26 00:00,5.1,3,5,6,5,4,97,6,0.678,1,5.37,2.33,MIA,,3.68,1.21,R
Freddy Peralta,2024/7/31 00:00,6,2,2,3,2,7,101,5,0.724,1,5.7,1.67,ATL,,3.68,1.21,R
Freddy Peralta,2024/8/7 00:00,5,4,4,8,2,6,93,7,0.724,0,5.37,3,ATL,,3.68,1.21,R
Freddy Peralta,2024/8/12 00:00,6,4,4,5,2,4,96,5,0.781,1,5.67,3.33,LAD,,3.68,1.21,R
Freddy Peralta,2024/8/17 00:00,6,1,1,4,2,3,81,5,0.703,1,5.67,3,CLE,,3.68,1.21,R
Freddy Peralta,2024/8/22 00:00,5,0,0,3,2,2,92,5,0.703,0,5.67,1.67,STL,,3.68,1.21,R
Freddy Peralta,2024/8/28 00:00,6,0,0,2,3,8,105,6,0.701,1,5.67,0.33,SF,,3.68,1.21,R
Freddy Peralta,2024/9/2 00:00,5.1,3,3,6,2,3,102,5,0.703,1,5.37,1,STL,,3.68,1.21,R
Freddy Peralta,2024/9/8 00:00,4.2,3,3,7,2,4,86,6,0.704,1,5.1,2,COL,,3.68,1.21,R
Freddy Peralta,2024/9/13 00:00,5,1,1,6,4,5,103,5,0.777,0,4.77,2.33,AZ,,3.68,1.21,R
Freddy Peralta,2024/9/18 00:00,5,1,1,2,2,9,91,5,0.75,1,4.73,1.67,PHI,,3.68,1.21,R
Freddy Peralta,2024/9/25 00:00,5.1,2,2,2,2,7,96,7,0.672,0,5.03,1.33,PIT,,3.68,1.21,R
Freddy Peralta,2024/10/1 00:00,4,3,3,2,1,5,68,6,0.734,1,4.7,2,NYM,,3.68,1.21,R
Freddy Peralta,2024/10/3 00:00,1,0,0,0,0,0,13,2,0.734,1,3.37,1.67,NYM,,3.68,1.21,R
Garrett Crochet,2024/3/28 00:00,6,1,1,5,0,8,87,5,0.685,1,6,1,DET,,3.58,1.07,L
Garrett Crochet,2024/4/2 00:00,7,1,1,3,1,8,93,5,0.724,1,6.5,1,ATL,,3.58,1.07,L
Garrett Crochet,2024/4/7 00:00,5,2,2,3,0,5,77,5,0.71,0,6,1.33,KC,,3.58,1.07,L
Garrett Crochet,2024/4/13 00:00,4.2,5,5,4,3,10,92,6,0.693,1,5.4,2.67,CIN,,3.58,1.07,L
Garrett Crochet,2024/4/19 00:00,3,7,7,5,2,3,75,6,0.75,0,4.07,4.67,PHI,,3.58,1.07,L
Garrett Crochet,2024/4/24 00:00,4,5,5,7,2,6,87,5,0.726,0,3.73,5.67,MIN,,3.58,1.07,L
Garrett Crochet,2024/4/29 00:00,5,2,2,2,1,7,77,5,0.726,1,4,4.67,MIN,,3.58,1.07,L
Garrett Crochet,2024/5/5 00:00,6,1,1,3,0,6,88,6,0.703,0,5,2.67,STL,,3.58,1.07,L
Garrett Crochet,2024/5/10 00:00,6,0,0,5,0,11,97,5,0.703,1,5.67,1,CLE,,3.58,1.07,L
Garrett Crochet,2024/5/15 00:00,5,0,0,3,3,6,89,5,0.684,1,5.67,0.33,WSH,,3.58,1.07,L
Garrett Crochet,2024/5/21 00:00,6,0,0,2,1,4,85,6,0.703,0,5.67,0,TOR,,3.58,1.07,L
Garrett Crochet,2024/5/26 00:00,6,2,2,3,1,11,91,5,0.751,1,5.67,0.67,BAL,,3.58,1.07,L
Garrett Crochet,2024/6/1 00:00,6,1,1,5,1,8,103,6,0.729,0,6,1,MIL,,3.58,1.07,L
Garrett Crochet,2024/6/7 00:00,6,1,2,3,2,10,91,6,0.741,1,6,1.33,BOS,,3.58,1.07,L
Garrett Crochet,2024/6/13 00:00,7,1,1,2,2,13,102,6,0.687,0,6.33,1,SEA,,3.58,1.07,L
Garrett Crochet,2024/6/19 00:00,6,3,3,9,1,8,85,6,0.741,1,6.33,1.67,HOU,,3.58,1.07,L
Garrett Crochet,2024/6/24 00:00,5.2,0,0,5,0,6,91,5,0.781,1,6.07,1.33,LAD,,3.58,1.07,L
Garrett Crochet,2024/6/30 00:00,7,2,2,5,0,11,88,6,0.704,1,6.07,1.67,COL,,3.58,1.07,L
Garrett Crochet,2024/7/6 00:00,4,2,2,5,3,5,93,6,0.678,0,5.4,1.33,MIA,,3.58,1.07,L
Garrett Crochet,2024/7/12 00:00,2,0,0,0,0,4,28,6,0.672,1,4.33,1.33,PIT,,3.58,1.07,L
Garrett Crochet,2024/7/23 00:00,4,2,2,4,2,7,74,11,0.686,0,3.33,1.33,TEX,,3.58,1.07,L
Garrett Crochet,2024/7/28 00:00,3,3,5,6,1,3,64,5,0.687,1,3,1.67,SEA,,3.58,1.07,L
Garrett Crochet,2024/8/3 00:00,4,1,1,1,4,2,77,6,0.726,0,3.67,2,MIN,,3.58,1.07,L
Garrett Crochet,2024/8/9 00:00,2.1,7,7,9,0,5,67,6,0.71,1,3.03,3.67,CHC,,3.58,1.07,L
Garrett Crochet,2024/8/16 00:00,4,1,1,4,0,9,55,7,0.741,0,3.37,3,HOU,,3.58,1.07,L
Garrett Crochet,2024/8/21 00:00,4,2,2,4,1,4,57,5,0.701,0,3.37,3.33,SF,,3.58,1.07,L
Garrett Crochet,2024/9/1 00:00,3.1,1,1,3,0,8,57,11,0.734,1,3.7,1.33,NYM,,3.58,1.07,L
Garrett Crochet,2024/9/7 00:00,2,4,4,5,1,3,51,6,0.741,0,3.03,2.33,BOS,,3.58,1.07,L
Garrett Crochet,2024/9/13 00:00,4,1,1,3,0,4,56,6,0.694,1,3.03,2,OAK,,3.58,1.07,L
Garrett Crochet,2024/9/20 00:00,4,0,0,1,0,8,52,7,0.745,0,3.33,1.67,SD,,3.58,1.07,L
Garrett Crochet,2024/9/27 00:00,4,0,0,4,1,6,62,7,0.685,0,4,0.33,DET,,3.58,1.07,L
Garrett Whitlock,2024/3/31 00:00,5,1,1,3,0,8,81,5,0.687,0,5,1,SEA,,1.96,1.15,R
Garrett Whitlock,2024/4/6 00:00,4.1,0,0,4,4,4,101,6,0.671,0,4.55,0.5,LAA,,1.96,1.15,R
Garrett Whitlock,2024/4/11 00:00,5,1,1,4,2,4,85,5,0.751,1,4.7,0.67,BAL,,1.96,1.15,R
Garrett Whitlock,2024/4/16 00:00,4,2,2,3,1,1,54,5,0.703,1,4.37,1,CLE,,1.96,1.15,R
Gavin Stone,2024/3/31 00:00,5,3,3,7,1,6,85,5,0.703,1,5,3,STL,,3.53,1.21,R
Gavin Stone,2024/4/7 00:00,3,5,5,6,3,5,77,7,0.71,0,4,4,CHC,,3.53,1.21,R
Gavin Stone,2024/4/13 00:00,6.2,2,2,5,1,4,88,6,0.745,1,4.73,3.33,SD,,3.53,1.21,R
Gavin Stone,2024/4/20 00:00,3.1,2,2,4,5,1,72,7,0.734,1,4.1,3,NYM,,3.53,1.21,R
Gavin Stone,2024/4/26 00:00,7,1,1,2,2,2,94,6,0.703,0,5.43,1.67,TOR,,3.53,1.21,R
Gavin Stone,2024/5/3 00:00,6,1,1,5,1,5,86,7,0.724,1,5.37,1.33,ATL,,3.53,1.21,R
Gavin Stone,2024/5/8 00:00,7,1,1,6,0,4,89,5,0.678,1,6.67,1,MIA,,3.53,1.21,R
Gavin Stone,2024/5/14 00:00,6,1,1,5,3,2,90,6,0.701,0,6.33,1,SF,,3.53,1.21,R
Gavin Stone,2024/5/21 00:00,6,4,4,8,1,5,93,7,0.777,1,6.33,2,AZ,,3.53,1.21,R
Gavin Stone,2024/5/28 00:00,7,0,0,3,0,7,87,7,0.734,0,6.33,1.67,NYM,,3.53,1.21,R
Gavin Stone,2024/6/2 00:00,5,0,0,4,2,6,75,5,0.704,1,6,1.33,COL,,3.53,1.21,R
Gavin Stone,2024/6/8 00:00,5.2,2,2,8,2,6,101,6,0.761,0,5.73,0.67,NYY,,3.53,1.21,R
Gavin Stone,2024/6/14 00:00,7,3,3,4,2,3,94,6,0.71,1,5.73,1.67,KC,,3.53,1.21,R
Gavin Stone,2024/6/20 00:00,5.1,2,2,4,2,7,77,6,0.704,0,5.77,2.33,COL,,3.53,1.21,R
Gavin Stone,2024/6/26 00:00,9,0,0,4,0,7,103,6,0.618,0,7.03,1.67,CWS,,3.53,1.21,R
Gavin Stone,2024/7/3 00:00,3,4,4,7,3,3,77,7,0.777,1,5.7,2,AZ,,3.53,1.21,R
Gavin Stone,2024/7/10 00:00,4.2,4,4,9,0,3,77,7,0.75,0,5.4,2.67,PHI,,3.53,1.21,R
Gavin Stone,2024/7/19 00:00,5,1,1,6,0,3,80,9,0.741,1,4.07,3,BOS,,3.53,1.21,R
Gavin Stone,2024/7/26 00:00,6,4,4,9,2,3,99,7,0.741,0,5.07,3,HOU,,3.53,1.21,R
Gavin Stone,2024/8/2 00:00,4,5,5,8,1,5,84,7,0.694,0,5,3.33,OAK,,3.53,1.21,R
Gavin Stone,2024/8/7 00:00,4.2,3,3,6,1,2,84,5,0.75,1,4.73,4,PHI,,3.53,1.21,R
Gavin Stone,2024/8/13 00:00,5,1,1,3,0,6,86,6,0.729,0,4.4,3,MIL,,3.53,1.21,R
Gavin Stone,2024/8/19 00:00,7,0,0,2,2,10,90,6,0.687,1,5.4,1.33,SEA,,3.53,1.21,R
Gavin Stone,2024/8/25 00:00,7,1,1,3,2,7,80,6,0.669,1,6.33,0.67,TB,,3.53,1.21,R
Gavin Stone,2024/8/31 00:00,5,5,5,5,1,4,84,6,0.777,0,6.33,2,AZ,,3.53,1.21,R
Gavin Williams,2024/7/3 00:00,4,5,5,7,2,2,74,5,0.618,1,4,5,CWS,,4.86,1.37,R
Gavin Williams,2024/7/8 00:00,5.1,0,0,4,1,5,89,5,0.685,0,4.55,2.5,DET,,4.86,1.37,R
Gavin Williams,2024/7/13 00:00,5,1,2,3,3,2,94,5,0.669,0,4.7,2,TB,,4.86,1.37,R
Gavin Williams,2024/7/20 00:00,3.2,3,3,6,2,5,84,7,0.745,1,4.43,1.33,SD,,4.86,1.37,R
Gavin Williams,2024/7/25 00:00,6,3,3,6,2,9,105,5,0.685,1,4.73,2.33,DET,,4.86,1.37,R
Gavin Williams,2024/7/30 00:00,5,0,0,2,1,8,90,5,0.685,0,4.73,2,DET,,4.86,1.37,R
Gavin Williams,2024/8/4 00:00,4,6,6,8,2,8,86,5,0.751,1,5,3,BAL,,4.86,1.37,R
Gavin Williams,2024/8/10 00:00,6,1,1,4,0,3,73,6,0.726,0,5,2.33,MIN,,4.86,1.37,R
Gavin Williams,2024/8/16 00:00,4,5,5,6,2,5,92,6,0.729,0,4.67,4,MIL,,4.86,1.37,R
Gavin Williams,2024/8/22 00:00,4.1,3,3,4,4,5,98,6,0.761,0,4.7,3,NYY,,4.86,1.37,R
Gavin Williams,2024/8/27 00:00,5,2,2,3,2,6,83,5,0.71,1,4.37,3.33,KC,,4.86,1.37,R
Gavin Williams,2024/9/2 00:00,7,1,1,1,2,6,98,6,0.71,0,5.37,2,KC,,4.86,1.37,R
Gavin Williams,2024/9/7 00:00,0.2,5,5,2,3,0,37,5,0.781,0,4.07,2.67,LAD,,4.86,1.37,R
Gavin Williams,2024/9/12 00:00,5.1,3,3,7,2,5,90,5,0.669,1,4.1,3,TB,,4.86,1.37,R
Gavin Williams,2024/9/17 00:00,5,2,2,5,2,7,89,5,0.726,1,3.43,3.33,MIN,,4.86,1.37,R
Gavin Williams,2024/9/22 00:00,5.2,1,1,4,2,3,86,5,0.703,0,5.1,2,STL,,4.86,1.37,R
Gavin Williams,2024/10/18 00:00,2.1,3,3,3,0,4,40,26,0.761,1,4.1,2,NYY,,4.86,1.37,R
George Kirby,2024/3/29 00:00,6.2,0,0,2,2,8,99,5,0.741,1,6.2,0,BOS,,3.53,1.07,R
George Kirby,2024/4/3 00:00,3.2,8,8,10,0,2,72,5,0.703,1,4.7,4,CLE,,3.53,1.07,R
George Kirby,2024/4/9 00:00,4,5,5,8,0,3,87,6,0.703,0,4.47,4.33,TOR,,3.53,1.07,R
George Kirby,2024/4/15 00:00,6,2,2,5,0,6,89,6,0.693,1,4.4,5,CIN,,3.53,1.07,R
George Kirby,2024/4/21 00:00,5,0,0,5,1,7,88,6,0.704,0,5,2.33,COL,,3.53,1.07,R
George Kirby,2024/4/27 00:00,7,0,0,2,1,12,95,6,0.777,1,6,0.67,AZ,,3.53,1.07,R
George Kirby,2024/5/3 00:00,6,1,1,4,0,3,88,6,0.741,0,6,0.33,HOU,,3.53,1.07,R
George Kirby,2024/5/8 00:00,5,4,4,4,1,4,70,5,0.726,0,6,1.67,MIN,,3.53,1.07,R
George Kirby,2024/5/13 00:00,7,0,0,3,0,6,101,5,0.71,1,6,1.67,KC,,3.53,1.07,R
George Kirby,2024/5/19 00:00,6,5,5,9,0,3,83,6,0.751,0,6,3,BAL,,3.53,1.07,R
George Kirby,2024/5/24 00:00,6,5,5,6,1,3,82,5,0.684,0,6.33,3.33,WSH,,3.53,1.07,R
George Kirby,2024/5/29 00:00,6,1,1,6,0,8,94,5,0.741,1,6,3.67,HOU,,3.53,1.07,R
George Kirby,2024/6/4 00:00,5,2,2,6,1,9,94,6,0.694,0,5.67,2.67,OAK,,3.53,1.07,R
George Kirby,2024/6/9 00:00,7,1,1,5,0,4,96,5,0.71,0,6,1.33,KC,,3.53,1.07,R
George Kirby,2024/6/15 00:00,6,0,1,3,2,6,90,6,0.686,1,6,1,TEX,,3.53,1.07,R
George Kirby,2024/6/21 00:00,7,2,2,5,0,5,85,6,0.678,0,6.67,1,MIA,,3.53,1.07,R
George Kirby,2024/6/26 00:00,6,1,1,4,0,7,87,5,0.669,0,6.33,1,TB,,3.53,1.07,R
George Kirby,2024/7/2 00:00,6.1,2,2,7,1,5,95,6,0.751,1,6.37,1.67,BAL,,3.53,1.07,R
George Kirby,2024/7/7 00:00,6,3,3,7,1,8,93,5,0.703,1,6.03,2,TOR,,3.53,1.07,R
George Kirby,2024/7/13 00:00,6,1,2,3,2,7,92,6,0.671,0,6.03,2,LAA,,3.53,1.07,R
George Kirby,2024/7/20 00:00,6,1,1,4,0,6,100,7,0.741,1,6,1.67,HOU,,3.53,1.07,R
George Kirby,2024/7/26 00:00,7,0,0,6,1,7,88,6,0.618,0,6.33,0.67,CWS,,3.53,1.07,R
George Kirby,2024/7/31 00:00,5.1,2,2,7,1,2,95,5,0.741,0,6.03,1,BOS,,3.53,1.07,R
George Kirby,2024/8/7 00:00,5,3,3,7,1,7,97,7,0.685,1,5.7,1.67,DET,,3.53,1.07,R
George Kirby,2024/8/13 00:00,3.2,6,11,12,1,5,86,6,0.685,0,4.43,3.67,DET,,3.53,1.07,R
George Kirby,2024/8/18 00:00,6,2,2,4,2,5,97,5,0.672,0,4.73,3.67,PIT,,3.53,1.07,R
George Kirby,2024/8/24 00:00,4.2,3,3,9,1,3,95,6,0.701,1,4.47,3.67,SF,,3.53,1.07,R
George Kirby,2024/8/30 00:00,5.2,5,5,5,1,2,82,6,0.671,0,5.13,3.33,LAA,,3.53,1.07,R
George Kirby,2024/9/4 00:00,6,2,2,6,0,9,85,5,0.694,0,5.13,3.33,OAK,,3.53,1.07,R
George Kirby,2024/9/10 00:00,5,5,5,7,1,4,97,6,0.745,1,5.4,4,SD,,3.53,1.07,R
George Kirby,2024/9/15 00:00,7,0,0,1,0,3,85,5,0.686,1,6,2.33,TEX,,3.53,1.07,R
George Kirby,2024/9/20 00:00,6,2,2,5,0,4,85,5,0.686,0,6,2.33,TEX,,3.53,1.07,R
George Kirby,2024/9/25 00:00,6,1,1,4,1,6,96,5,0.741,0,6.33,1,HOU,,3.53,1.07,R
Gerrit Cole,2024/6/19 00:00,4,2,2,3,1,5,62,5,0.751,1,4,2,BAL,,3.41,1.13,R
Gerrit Cole,2024/6/25 00:00,4,6,6,7,4,0,72,6,0.734,0,4,4,NYM,,3.41,1.13,R
Gerrit Cole,2024/6/30 00:00,5,1,1,3,1,6,90,5,0.703,0,4.33,3,TOR,,3.41,1.13,R
Gerrit Cole,2024/7/6 00:00,4.1,4,4,7,2,8,90,6,0.741,1,4.37,3.67,BOS,,3.41,1.13,R
Gerrit Cole,2024/7/12 00:00,6,1,1,5,1,7,106,6,0.751,0,5.03,2,BAL,,3.41,1.13,R
Gerrit Cole,2024/7/19 00:00,6,1,1,6,1,8,103,7,0.669,1,5.37,2,TB,,3.41,1.13,R
Gerrit Cole,2024/7/24 00:00,5.2,6,6,8,2,4,100,5,0.734,1,5.73,2.67,NYM,,3.41,1.13,R
Gerrit Cole,2024/8/4 00:00,5.2,2,2,6,0,4,91,11,0.703,1,5.47,3,TOR,,3.41,1.13,R
Gerrit Cole,2024/8/10 00:00,5.1,1,1,6,2,10,90,6,0.686,1,5.17,3,TEX,,3.41,1.13,R
Gerrit Cole,2024/8/16 00:00,6,0,0,4,2,8,95,6,0.685,0,5.43,1,DET,,3.41,1.13,R
Gerrit Cole,2024/8/22 00:00,6,0,0,1,5,2,95,6,0.703,1,5.7,0.33,CLE,,3.41,1.13,R
Gerrit Cole,2024/8/27 00:00,5,3,3,6,1,7,91,5,0.684,0,5.67,1,WSH,,3.41,1.13,R
Gerrit Cole,2024/9/2 00:00,6,1,1,4,1,9,82,6,0.686,0,5.67,1.33,TEX,,3.41,1.13,R
Gerrit Cole,2024/9/8 00:00,6,0,2,3,1,7,99,6,0.71,0,5.67,1.33,CHC,,3.41,1.13,R
Gerrit Cole,2024/9/14 00:00,4.1,7,7,5,3,2,68,6,0.741,1,5.37,2.67,BOS,,3.41,1.13,R
Gerrit Cole,2024/9/20 00:00,9,1,1,2,1,7,99,6,0.694,0,6.37,2.67,OAK,,3.41,1.13,R
Gerrit Cole,2024/9/26 00:00,6.2,0,0,2,1,5,101,6,0.751,1,6.43,2.67,BAL,,3.41,1.13,R
Gerrit Cole,2024/10/5 00:00,5,3,4,7,2,4,80,9,0.71,1,6.73,1.33,KC,,3.41,1.13,R
Gerrit Cole,2024/10/10 00:00,7,1,1,6,0,4,87,5,0.71,0,6.07,1.33,KC,,3.41,1.13,R
Gerrit Cole,2024/10/15 00:00,4.1,2,2,6,4,4,89,5,0.703,1,5.37,2,CLE,,3.41,1.13,R
Gerrit Cole,2024/10/25 00:00,6,1,1,4,0,4,88,10,0.781,0,5.7,1.33,LAD,,3.41,1.13,R
Gerrit Cole,2024/10/30 00:00,6.2,0,5,4,4,6,108,5,0.781,1,5.43,1,LAD,,3.41,1.13,R
Gerson Garabito,2024/5/26 00:00,3.2,1,1,2,4,2,84,5,0.726,0,3.2,1,MIN,,4.78,1.33,R
Gerson Garabito,2024/6/1 00:00,1,0,0,2,1,1,22,6,0.678,0,2.1,0.5,MIA,,4.78,1.33,R
Gerson Garabito,2024/6/7 00:00,1,0,0,0,0,2,17,6,0.701,1,1.73,0.33,SF,,4.78,1.33,R
Gerson Garabito,2024/7/24 00:00,1,0,0,0,0,0,9,47,0.618,1,1,0,CWS,,4.78,1.33,R
Gerson Garabito,2024/7/30 00:00,2,0,0,0,1,0,29,6,0.703,0,1.33,0,STL,,4.78,1.33,R
Gerson Garabito,2024/8/4 00:00,1.1,0,0,1,0,1,21,5,0.741,1,1.37,0,BOS,,4.78,1.33,R
Gerson Garabito,2024/8/10 00:00,1.2,3,3,2,1,2,30,6,0.761,0,1.43,1,NYY,,4.78,1.33,R
Gerson Garabito,2024/8/12 00:00,0.1,1,2,2,0,0,12,2,0.741,0,0.8,1.33,BOS,,4.78,1.33,R
Gerson Garabito,2024/8/16 00:00,1,0,0,0,0,2,14,4,0.726,1,0.77,1.33,MIN,,4.78,1.33,R
Gerson Garabito,2024/8/18 00:00,4,0,0,0,1,3,46,2,0.726,1,1.7,0.33,MIN,,4.78,1.33,R
Gerson Garabito,2024/9/3 00:00,0.2,0,0,1,0,1,15,16,0.761,1,1.73,0,NYY,,4.78,1.33,R
Gerson Garabito,2024/9/6 00:00,2.2,2,2,3,1,1,51,3,0.671,1,2.13,0.67,LAA,,4.78,1.33,R
Gerson Garabito,2024/9/10 00:00,0.1,0,0,0,0,1,7,4,0.777,0,0.83,0.67,AZ,,4.78,1.33,R
Gerson Garabito,2024/9/12 00:00,0.1,2,2,1,1,1,13,2,0.687,0,0.8,1.33,SEA,,4.78,1.33,R
Gerson Garabito,2024/9/15 00:00,2,3,3,5,0,2,58,3,0.687,0,0.73,1.67,SEA,,4.78,1.33,R
Gerson Garabito,2024/9/19 00:00,1,1,1,1,0,0,19,4,0.703,1,1.03,2,TOR,,4.78,1.33,R
Gerson Garabito,2024/9/21 00:00,0.1,0,0,1,0,1,10,2,0.687,1,1.03,1.33,SEA,,4.78,1.33,R
Gerson Garabito,2024/9/28 00:00,2,1,1,2,2,2,35,7,0.671,0,1.03,0.67,LAA,,4.78,1.33,R
Gordon Graceffo,2024/6/29 00:00,4.1,1,1,3,2,4,67,5,0.693,1,4.1,1,CIN,,4.7,1.17,R
Gordon Graceffo,2024/7/10 00:00,3.1,3,3,4,0,2,38,11,0.71,1,3.6,2,KC,,4.7,1.17,R
Graham Ashcraft,2024/4/2 00:00,6,2,3,4,1,5,85,5,0.75,0,6,2,PHI,,5.24,1.5,R
Graham Ashcraft,2024/4/8 00:00,5.2,5,6,9,1,6,99,6,0.729,1,5.6,3.5,MIL,,5.24,1.5,R
Graham Ashcraft,2024/4/14 00:00,5.2,1,2,5,2,8,104,6,0.618,0,5.47,2.67,CWS,,5.24,1.5,R
Graham Ashcraft,2024/4/20 00:00,5,5,5,5,3,4,88,6,0.671,1,5.13,3.67,LAA,,5.24,1.5,R
Graham Ashcraft,2024/4/26 00:00,6.1,1,1,7,0,3,89,6,0.686,0,5.43,2.33,TEX,,5.24,1.5,R
Graham Ashcraft,2024/5/1 00:00,6,0,2,5,2,4,99,5,0.745,0,5.7,2,SD,,5.24,1.5,R
Graham Ashcraft,2024/5/8 00:00,5,3,3,6,3,2,86,7,0.777,1,5.7,1.33,AZ,,5.24,1.5,R
Graham Ashcraft,2024/5/13 00:00,4,3,3,7,3,3,94,5,0.777,0,5,2,AZ,,5.24,1.5,R
Graham Ashcraft,2024/5/18 00:00,5,3,3,3,3,5,106,5,0.781,0,4.67,3,LAD,,5.24,1.5,R
Graham Ashcraft,2024/5/24 00:00,5.1,5,5,8,1,3,89,6,0.781,1,4.7,3.67,LAD,,5.24,1.5,R
Graham Ashcraft,2024/5/31 00:00,4.2,3,3,5,2,4,83,7,0.71,0,4.77,3.67,CHC,,5.24,1.5,R
Graham Ashcraft,2024/6/5 00:00,3.2,4,4,6,0,2,73,5,0.704,0,4.17,4,COL,,5.24,1.5,R
Graham Ashcraft,2024/6/26 00:00,5.1,6,6,9,1,3,89,21,0.672,1,4.17,4.33,PIT,,5.24,1.5,R
Graham Ashcraft,2024/7/2 00:00,5,3,3,4,2,3,78,6,0.761,0,4.43,4.33,NYY,,5.24,1.5,R
Graham Ashcraft,2024/7/7 00:00,4.2,1,1,6,3,2,80,5,0.685,1,4.77,3.33,DET,,5.24,1.5,R
Grant Holmes,2024/6/16 00:00,3,0,0,2,0,2,34,5,0.669,1,3,0,TB,,3.56,1.19,R
Grant Holmes,2024/6/19 00:00,1,0,0,0,0,1,9,3,0.685,1,2,0,DET,,3.56,1.19,R
Grant Holmes,2024/6/21 00:00,1,0,0,1,0,0,5,2,0.761,0,1.67,0,NYY,,3.56,1.19,R
Grant Holmes,2024/6/26 00:00,2,2,2,4,1,2,39,5,0.703,0,1.33,0.67,STL,,3.56,1.19,R
Grant Holmes,2024/6/30 00:00,3,0,0,1,0,4,33,4,0.672,1,2,0.67,PIT,,3.56,1.19,R
Grant Holmes,2024/7/4 00:00,2.2,0,0,1,1,4,42,4,0.701,1,2.4,0.67,SF,,3.56,1.19,R
Grant Holmes,2024/7/8 00:00,3,0,0,0,1,0,30,4,0.777,0,2.73,0,AZ,,3.56,1.19,R
Grant Holmes,2024/7/11 00:00,1.1,0,0,1,1,1,20,3,0.777,0,2.1,0,AZ,,3.56,1.19,R
Grant Holmes,2024/7/20 00:00,3,3,3,4,1,2,44,9,0.703,1,2.37,1,STL,,3.56,1.19,R
Grant Holmes,2024/7/24 00:00,3.1,2,2,3,0,5,52,4,0.693,1,2.4,1.67,CIN,,3.56,1.19,R
Grant Holmes,2024/7/29 00:00,5,1,1,3,0,8,70,5,0.729,0,3.7,2,MIL,,3.56,1.19,R
Grant Holmes,2024/8/3 00:00,4.2,3,3,7,1,4,70,5,0.678,1,4.1,2,MIA,,3.56,1.19,R
Grant Holmes,2024/8/9 00:00,5,5,5,6,3,8,98,6,0.704,0,4.73,3,COL,,3.56,1.19,R
Grant Holmes,2024/8/14 00:00,7,2,2,8,1,6,95,5,0.701,0,5.4,3.33,SF,,3.56,1.19,R
Grant Holmes,2024/8/20 00:00,2,0,0,0,0,2,24,6,0.75,1,4.67,2.33,PHI,,3.56,1.19,R
Grant Holmes,2024/8/24 00:00,1,0,0,2,0,0,22,4,0.684,1,3.33,0.67,WSH,,3.56,1.19,R
Grant Holmes,2024/8/26 00:00,2,1,1,3,0,1,33,2,0.726,0,1.67,0.33,MIN,,3.56,1.19,R
Grant Holmes,2024/8/29 00:00,1.2,1,1,2,1,1,24,3,0.75,0,1.4,0.67,PHI,,3.56,1.19,R
Grant Holmes,2024/9/1 00:00,0,0,0,1,0,0,5,3,0.75,0,1.07,0.67,PHI,,3.56,1.19,R
Grant Holmes,2024/9/7 00:00,0.2,3,3,5,0,0,27,6,0.703,1,0.47,1.33,TOR,,3.56,1.19,R
Grant Holmes,2024/9/9 00:00,1.1,0,0,2,0,3,24,2,0.693,1,0.43,1,CIN,,3.56,1.19,R
Grant Holmes,2024/9/14 00:00,1,0,0,1,0,0,10,5,0.781,1,0.77,1,LAD,,3.56,1.19,R
Grant Holmes,2024/9/17 00:00,4,2,2,5,2,2,78,3,0.693,0,2.03,0.67,CIN,,3.56,1.19,R
Grant Holmes,2024/9/22 00:00,4,2,2,3,1,5,62,5,0.678,0,3,1.33,MIA,,3.56,1.19,R
Grant Holmes,2024/9/29 00:00,1.2,0,0,0,0,2,21,7,0.71,1,3.07,1.33,KC,,3.56,1.19,R
Grant Holmes,2024/9/30 00:00,4,0,0,1,1,7,53,1,0.734,1,3.07,0.67,NYM,,3.56,1.19,R
Grayson Rodriguez,2024/3/30 00:00,6,1,1,4,1,9,84,5,0.671,1,6,1,LAA,,3.86,1.24,R
Grayson Rodriguez,2024/4/5 00:00,6.1,2,2,6,2,7,97,6,0.672,0,6.05,1.5,PIT,,3.86,1.24,R
Grayson Rodriguez,2024/4/11 00:00,5.2,2,2,6,2,5,94,6,0.741,0,5.77,1.67,BOS,,3.86,1.24,R
Grayson Rodriguez,2024/4/16 00:00,6,2,2,4,3,6,87,5,0.726,1,5.77,2,MIN,,3.86,1.24,R
Grayson Rodriguez,2024/4/23 00:00,4.1,7,7,11,1,7,82,7,0.671,0,5.1,3.67,LAA,,3.86,1.24,R
Grayson Rodriguez,2024/4/29 00:00,5.2,0,0,5,3,3,101,6,0.761,1,5.1,3,NYY,,3.86,1.24,R
Grayson Rodriguez,2024/5/18 00:00,6,0,0,1,3,7,82,19,0.687,1,5.1,2.33,SEA,,3.86,1.24,R
Grayson Rodriguez,2024/5/23 00:00,5,2,2,3,5,7,94,5,0.618,0,5.4,0.67,CWS,,3.86,1.24,R
Grayson Rodriguez,2024/5/28 00:00,6,4,4,7,1,10,90,5,0.741,1,5.67,2,BOS,,3.86,1.24,R
Grayson Rodriguez,2024/6/3 00:00,6.2,1,2,7,0,4,86,6,0.703,0,5.73,2.33,TOR,,3.86,1.24,R
Grayson Rodriguez,2024/6/9 00:00,5.2,2,2,2,1,6,107,6,0.669,0,5.8,2.33,TB,,3.86,1.24,R
Grayson Rodriguez,2024/6/15 00:00,7,2,2,7,1,6,99,6,0.75,1,6.13,1.67,PHI,,3.86,1.24,R
Grayson Rodriguez,2024/6/21 00:00,5,7,7,9,2,8,94,6,0.741,0,5.73,3.67,HOU,,3.86,1.24,R
Grayson Rodriguez,2024/6/26 00:00,7,2,2,5,0,4,97,5,0.703,1,6.33,3.67,CLE,,3.86,1.24,R
Grayson Rodriguez,2024/7/2 00:00,6.1,0,0,2,4,8,104,6,0.687,0,6.03,3,SEA,,3.86,1.24,R
Grayson Rodriguez,2024/7/7 00:00,6,3,3,6,1,8,95,5,0.694,0,6.37,1.67,OAK,,3.86,1.24,R
Grayson Rodriguez,2024/7/13 00:00,5,6,6,8,1,7,91,6,0.761,1,5.7,3,NYY,,3.86,1.24,R
Grayson Rodriguez,2024/7/20 00:00,6,2,2,3,2,8,103,7,0.686,0,5.67,3.67,TEX,,3.86,1.24,R
Grayson Rodriguez,2024/7/26 00:00,5,2,2,7,0,2,96,6,0.745,1,5.33,3.33,SD,,3.86,1.24,R
Grayson Rodriguez,2024/7/31 00:00,6,3,4,6,3,8,96,5,0.703,1,5.67,2.33,TOR,,3.86,1.24,R
Griffin Canning,2024/3/30 00:00,5,5,5,7,1,2,96,5,0.751,0,5,5,BAL,,5.19,1.4,R
Griffin Canning,2024/4/5 00:00,4.2,4,4,5,3,4,91,6,0.741,1,4.6,4.5,BOS,,5.19,1.4,R
Griffin Canning,2024/4/13 00:00,4,6,7,9,0,6,70,8,0.741,0,4.4,5,BOS,,5.19,1.4,R
Griffin Canning,2024/4/18 00:00,5.1,2,2,4,1,4,84,5,0.669,0,4.43,4,TB,,5.19,1.4,R
Griffin Canning,2024/4/23 00:00,5,3,3,5,2,4,85,5,0.751,1,4.7,3.67,BAL,,5.19,1.4,R
Griffin Canning,2024/4/29 00:00,5,4,4,3,5,1,86,6,0.75,1,5.03,3,PHI,,5.19,1.4,R
Griffin Canning,2024/5/5 00:00,6,2,2,4,1,5,87,6,0.703,0,5.33,3,CLE,,5.19,1.4,R
Griffin Canning,2024/5/10 00:00,5.2,0,0,3,2,3,90,5,0.71,1,5.4,2,KC,,5.19,1.4,R
Griffin Canning,2024/5/15 00:00,6,1,1,5,3,5,99,5,0.703,1,5.73,1,STL,,5.19,1.4,R
Griffin Canning,2024/5/21 00:00,5,2,2,5,3,2,90,6,0.741,0,5.4,1,HOU,,5.19,1.4,R
Griffin Canning,2024/5/28 00:00,5,3,3,9,2,5,91,7,0.761,1,5.33,2,NYY,,5.19,1.4,R
Griffin Canning,2024/6/2 00:00,6.2,1,1,4,1,4,93,5,0.687,0,5.4,2,SEA,,5.19,1.4,R
Griffin Canning,2024/6/7 00:00,6.1,3,3,7,2,2,80,5,0.741,1,5.77,2.33,HOU,,5.19,1.4,R
Griffin Canning,2024/6/13 00:00,6,4,4,4,1,3,97,6,0.777,0,6.1,2.67,AZ,,5.19,1.4,R
Griffin Canning,2024/6/18 00:00,5,4,6,8,2,4,100,5,0.729,1,5.7,3.67,MIL,,5.19,1.4,R
Griffin Canning,2024/6/24 00:00,7,1,1,5,1,5,97,6,0.694,1,6,3,OAK,,5.19,1.4,R
Griffin Canning,2024/6/29 00:00,6,4,5,6,2,4,102,5,0.685,1,6,3,DET,,5.19,1.4,R
Griffin Canning,2024/7/5 00:00,4.1,4,4,6,2,4,89,6,0.71,0,5.7,3,CHC,,5.19,1.4,R
Griffin Canning,2024/7/10 00:00,4.1,2,2,7,2,3,78,5,0.686,1,4.73,3.33,TEX,,5.19,1.4,R
Griffin Canning,2024/7/19 00:00,3.1,6,6,6,2,3,62,9,0.694,0,3.77,4,OAK,,5.19,1.4,R
Griffin Canning,2024/7/24 00:00,5,1,1,4,3,6,94,5,0.687,0,4.07,3,SEA,,5.19,1.4,R
Griffin Canning,2024/7/30 00:00,6,6,6,6,2,6,97,6,0.704,1,4.7,4.33,COL,,5.19,1.4,R
Griffin Canning,2024/8/4 00:00,5,1,2,3,4,8,97,5,0.734,1,5.33,2.67,NYM,,5.19,1.4,R
Griffin Canning,2024/8/10 00:00,7,4,4,8,0,0,88,6,0.684,0,6,3.67,WSH,,5.19,1.4,R
Griffin Canning,2024/8/17 00:00,4.1,7,7,8,1,3,94,7,0.724,1,5.37,4,ATL,,5.19,1.4,R
Griffin Canning,2024/8/22 00:00,6,0,0,2,0,6,74,5,0.703,0,5.7,3.67,TOR,,5.19,1.4,R
Griffin Canning,2024/8/28 00:00,5,3,3,5,4,4,93,6,0.685,0,5.03,3.33,DET,,5.19,1.4,R
Griffin Canning,2024/9/4 00:00,6.2,1,1,4,4,7,98,7,0.781,1,5.73,1.33,LAD,,5.19,1.4,R
Griffin Canning,2024/9/10 00:00,5.2,9,10,9,3,4,105,6,0.726,0,5.47,4.33,MIN,,5.19,1.4,R
Griffin Canning,2024/9/17 00:00,6,0,0,3,2,6,88,7,0.618,1,5.8,3.33,CWS,,5.19,1.4,R
Griffin Canning,2024/9/22 00:00,4.1,4,4,6,3,3,87,5,0.741,0,5.1,4.33,HOU,,5.19,1.4,R
Griffin Canning,2024/9/28 00:00,5,2,2,4,2,4,89,6,0.686,1,5.03,2,TEX,,5.19,1.4,R
Hayden Birdsong,2024/6/26 00:00,4.2,3,3,6,3,5,97,5,0.71,1,4.2,3,CHC,,4.75,1.39,R
Hayden Birdsong,2024/7/2 00:00,5,2,2,4,2,5,87,6,0.724,0,4.6,2.5,ATL,,4.75,1.39,R
Hayden Birdsong,2024/7/7 00:00,4.2,2,2,5,2,5,85,5,0.703,0,4.47,2.33,CLE,,4.75,1.39,R
Hayden Birdsong,2024/7/13 00:00,5,1,2,2,3,3,80,6,0.726,1,4.73,1.67,MIN,,4.75,1.39,R
Hayden Birdsong,2024/7/21 00:00,6,2,2,2,2,12,98,8,0.704,0,5.07,1.67,COL,,4.75,1.39,R
Hayden Birdsong,2024/7/27 00:00,5,0,0,3,3,8,106,6,0.704,1,5.33,1,COL,,4.75,1.39,R
Hayden Birdsong,2024/8/6 00:00,2,7,7,5,3,1,66,10,0.684,0,4.33,3,WSH,,4.75,1.39,R
Hayden Birdsong,2024/8/11 00:00,4.1,5,5,5,1,5,85,5,0.685,1,3.7,4,DET,,4.75,1.39,R
Hayden Birdsong,2024/8/17 00:00,4.2,1,1,3,3,5,78,6,0.694,0,3.43,4.33,OAK,,4.75,1.39,R
Hayden Birdsong,2024/8/23 00:00,4,0,0,1,4,5,80,6,0.687,0,4.1,2,SEA,,4.75,1.39,R
Hayden Birdsong,2024/8/29 00:00,3.2,5,5,4,4,6,92,6,0.729,0,3.8,2,MIL,,4.75,1.39,R
Hayden Birdsong,2024/9/4 00:00,3,2,2,3,5,4,77,6,0.777,1,3.4,2.33,AZ,,4.75,1.39,R
Hayden Birdsong,2024/9/12 00:00,5,0,0,2,1,4,68,8,0.729,1,3.73,2.33,MIL,,4.75,1.39,R
Hayden Birdsong,2024/9/18 00:00,5.2,3,3,4,2,3,96,6,0.751,0,4.4,1.67,BAL,,4.75,1.39,R
Hayden Birdsong,2024/9/23 00:00,5,2,2,4,2,6,95,5,0.777,0,5.07,1.67,AZ,,4.75,1.39,R
Hayden Birdsong,2024/9/29 00:00,4.1,3,3,4,3,11,98,6,0.703,1,4.77,2.67,STL,,4.75,1.39,R
Hayden Wesneski,2024/4/17 00:00,4,0,0,1,0,2,43,5,0.777,0,4,0,AZ,,3.86,1.14,R
Hayden Wesneski,2024/4/25 00:00,2.1,0,0,0,0,1,20,8,0.741,1,3.05,0,HOU,,3.86,1.14,R
Hayden Wesneski,2024/4/28 00:00,4,1,2,5,1,3,63,3,0.741,0,3.37,0.33,BOS,,3.86,1.14,R
Hayden Wesneski,2024/5/3 00:00,6.1,0,0,3,2,8,90,5,0.729,1,4.07,0.33,MIL,,3.86,1.14,R
Hayden Wesneski,2024/5/8 00:00,6,3,3,7,1,3,94,5,0.745,1,5.37,1.33,SD,,3.86,1.14,R
Hayden Wesneski,2024/5/13 00:00,3,2,2,3,1,2,53,5,0.724,0,5.03,1.67,ATL,,3.86,1.14,R
Hayden Wesneski,2024/5/16 00:00,1.1,0,0,1,0,3,21,3,0.672,1,3.37,1.67,PIT,,3.86,1.14,R
Hayden Wesneski,2024/5/19 00:00,1.1,0,0,3,1,1,25,3,0.672,1,1.73,0.67,PIT,,3.86,1.14,R
Hayden Wesneski,2024/5/21 00:00,1,0,0,0,0,1,14,2,0.724,1,1.07,0,ATL,,3.86,1.14,R
Hayden Wesneski,2024/5/23 00:00,1.2,1,1,1,0,2,20,2,0.724,1,1.1,0.33,ATL,,3.86,1.14,R
Hayden Wesneski,2024/5/27 00:00,0.2,2,2,2,1,0,15,4,0.729,0,0.8,1,MIL,,3.86,1.14,R
Hayden Wesneski,2024/5/28 00:00,0.2,0,0,1,0,2,12,1,0.729,0,0.53,1,MIL,,3.86,1.14,R
Hayden Wesneski,2024/5/30 00:00,0.1,0,0,0,0,1,4,2,0.729,0,0.17,0.67,MIL,,3.86,1.14,R
Hayden Wesneski,2024/6/1 00:00,1,0,0,1,0,3,16,2,0.693,1,0.43,0,CIN,,3.86,1.14,R
Hayden Wesneski,2024/6/4 00:00,1,1,1,1,0,0,13,3,0.618,1,0.7,0.33,CWS,,3.86,1.14,R
Hayden Wesneski,2024/6/5 00:00,0.2,1,1,1,1,1,16,1,0.618,1,0.73,0.67,CWS,,3.86,1.14,R
Hayden Wesneski,2024/6/11 00:00,1.2,0,0,0,1,1,28,6,0.669,0,0.8,0.67,TB,,3.86,1.14,R
Hayden Wesneski,2024/6/14 00:00,1,1,1,1,0,0,16,3,0.703,1,0.8,0.67,STL,,3.86,1.14,R
Hayden Wesneski,2024/6/17 00:00,1,2,2,1,4,1,37,3,0.701,1,1.07,1,SF,,3.86,1.14,R
Hayden Wesneski,2024/6/21 00:00,2,1,1,2,2,2,40,4,0.734,1,1.33,1.33,NYM,,3.86,1.14,R
Hayden Wesneski,2024/6/26 00:00,4,3,3,2,1,7,72,5,0.701,0,2.33,2,SF,,3.86,1.14,R
Hayden Wesneski,2024/7/2 00:00,5,5,5,5,3,7,89,6,0.75,1,3.67,3,PHI,,3.86,1.14,R
Hayden Wesneski,2024/7/7 00:00,6.1,0,0,1,1,2,86,5,0.671,1,5.03,2.67,LAA,,3.86,1.14,R
Hayden Wesneski,2024/7/13 00:00,4,4,11,10,1,4,88,6,0.703,0,5.03,3,STL,,3.86,1.14,R
Hayden Wesneski,2024/7/19 00:00,1.1,0,0,1,0,1,24,6,0.777,1,3.73,1.33,AZ,,3.86,1.14,R
Hayden Wesneski,2024/9/21 00:00,2,0,0,0,0,4,25,64,0.684,1,2.37,1.33,WSH,,3.86,1.14,R
Hayden Wesneski,2024/9/24 00:00,2,2,2,2,0,4,30,3,0.75,0,1.7,0.67,PHI,,3.86,1.14,R
Hayden Wesneski,2024/9/29 00:00,2,0,0,1,0,1,22,5,0.693,1,2,0.67,CIN,,3.86,1.14,R
Hoby Milner,2024/3/30 00:00,0.2,1,1,1,0,0,4,5,0.734,0,0.2,1,NYM,,4.73,1.19,L
Hoby Milner,2024/4/2 00:00,1,0,0,0,1,1,19,3,0.726,1,0.6,0.5,MIN,,4.73,1.19,L
Hoby Milner,2024/4/3 00:00,0.2,1,1,2,0,0,9,1,0.726,1,0.47,0.67,MIN,,4.73,1.19,L
Hoby Milner,2024/4/6 00:00,0.2,1,1,1,0,0,8,3,0.687,1,0.47,0.67,SEA,,4.73,1.19,L
Hoby Milner,2024/4/10 00:00,1,0,0,0,0,0,7,4,0.693,0,0.47,0.67,CIN,,4.73,1.19,L
Hoby Milner,2024/4/13 00:00,1.1,0,0,0,0,1,15,3,0.751,0,0.77,0.33,BAL,,4.73,1.19,L
Hoby Milner,2024/4/14 00:00,1,1,1,3,1,0,28,1,0.751,0,1.03,0.33,BAL,,4.73,1.19,L
Hoby Milner,2024/4/16 00:00,1.1,0,0,0,0,3,21,2,0.745,1,1.07,0.33,SD,,4.73,1.19,L
Hoby Milner,2024/4/19 00:00,1,0,0,0,1,2,16,3,0.703,0,1.03,0.33,STL,,4.73,1.19,L
Hoby Milner,2024/4/20 00:00,1.1,0,0,0,0,1,17,1,0.703,0,1.07,0,STL,,4.73,1.19,L
Hoby Milner,2024/4/22 00:00,0.1,0,2,2,1,0,11,2,0.672,0,0.73,0,PIT,,4.73,1.19,L
Hoby Milner,2024/4/25 00:00,0.1,0,0,0,0,1,6,3,0.672,0,0.43,0,PIT,,4.73,1.19,L
Hoby Milner,2024/4/26 00:00,1,0,0,1,0,1,17,1,0.761,1,0.4,0,NYY,,4.73,1.19,L
Hoby Milner,2024/4/30 00:00,0.2,0,0,0,0,1,8,4,0.669,1,0.43,0,TB,,4.73,1.19,L
Hoby Milner,2024/5/4 00:00,1,0,0,1,0,2,17,4,0.71,0,0.73,0,CHC,,4.73,1.19,L
Hoby Milner,2024/5/6 00:00,1.2,0,0,1,0,1,15,2,0.71,0,0.8,0,KC,,4.73,1.19,L
Hoby Milner,2024/5/7 00:00,1.1,0,0,1,0,3,22,1,0.71,0,1.1,0,KC,,4.73,1.19,L
Hoby Milner,2024/5/9 00:00,1,0,0,0,0,1,17,2,0.703,1,1.1,0,STL,,4.73,1.19,L
Hoby Milner,2024/5/11 00:00,1,0,0,1,0,1,16,2,0.703,1,1.03,0,STL,,4.73,1.19,L
Hoby Milner,2024/5/12 00:00,1,0,0,0,0,1,17,1,0.703,1,1,0,STL,,4.73,1.19,L
Hoby Milner,2024/5/17 00:00,1,0,0,1,1,2,25,5,0.741,0,1,0,HOU,,4.73,1.19,L
Hoby Milner,2024/5/18 00:00,1.1,0,0,1,0,1,13,1,0.741,0,1.03,0,HOU,,4.73,1.19,L
Hoby Milner,2024/5/20 00:00,1.1,1,1,0,1,0,20,2,0.678,0,1.07,0.33,MIA,,4.73,1.19,L
Hoby Milner,2024/5/25 00:00,1.2,1,1,1,1,1,37,5,0.741,0,1.13,0.67,BOS,,4.73,1.19,L
Hoby Milner,2024/5/27 00:00,1,1,1,1,1,1,20,2,0.71,1,1.1,1,CHC,,4.73,1.19,L
Hoby Milner,2024/5/28 00:00,0.2,3,3,4,0,0,15,1,0.71,1,0.8,1.67,CHC,,4.73,1.19,L
Hoby Milner,2024/5/31 00:00,1.2,0,0,1,0,4,23,3,0.618,1,0.8,1.33,CWS,,4.73,1.19,L
Hoby Milner,2024/6/1 00:00,1,0,0,0,0,1,12,1,0.618,1,0.8,1,CWS,,4.73,1.19,L
Hoby Milner,2024/6/3 00:00,1.1,0,0,1,0,0,15,2,0.75,0,1.1,0,PHI,,4.73,1.19,L
Hoby Milner,2024/6/5 00:00,1,0,0,0,0,0,14,2,0.75,0,1.03,0,PHI,,4.73,1.19,L
Hoby Milner,2024/6/9 00:00,0,3,3,3,0,0,13,4,0.685,0,0.7,1,DET,,4.73,1.19,L
Hoby Milner,2024/6/12 00:00,1,3,3,3,0,2,18,3,0.703,1,0.67,2,TOR,,4.73,1.19,L
Hoby Milner,2024/6/14 00:00,0.2,0,0,0,0,0,6,2,0.693,1,0.4,2,CIN,,4.73,1.19,L
Hoby Milner,2024/6/17 00:00,1,0,0,1,0,2,17,3,0.671,0,0.73,1,LAA,,4.73,1.19,L
Hoby Milner,2024/6/20 00:00,1,1,1,2,1,1,22,3,0.745,0,0.73,0.33,SD,,4.73,1.19,L
Hoby Milner,2024/6/21 00:00,0.1,2,2,2,0,0,11,1,0.745,0,0.7,1,SD,,4.73,1.19,L
Hoby Milner,2024/6/25 00:00,2,1,1,2,0,2,28,4,0.686,1,1.03,1.33,TEX,,4.73,1.19,L
Hoby Milner,2024/7/1 00:00,2,1,1,2,0,1,21,6,0.704,0,1.37,1.33,COL,,4.73,1.19,L
Hoby Milner,2024/7/2 00:00,0.1,0,0,0,0,0,4,1,0.704,0,1.37,0.67,COL,,4.73,1.19,L
Hoby Milner,2024/7/5 00:00,0.1,0,0,2,0,1,11,3,0.781,0,0.73,0.33,LAD,,4.73,1.19,L
Hoby Milner,2024/7/9 00:00,1,1,1,1,0,1,17,4,0.672,1,0.4,0.33,PIT,,4.73,1.19,L
Hoby Milner,2024/7/12 00:00,2,1,1,1,1,2,37,3,0.684,1,1.03,0.67,WSH,,4.73,1.19,L
Hoby Milner,2024/7/14 00:00,1,1,1,2,0,0,15,2,0.684,1,1.33,1,WSH,,4.73,1.19,L
Hoby Milner,2024/7/22 00:00,2.1,0,0,2,1,2,32,8,0.71,0,1.7,0.67,CHC,,4.73,1.19,L
Hoby Milner,2024/7/26 00:00,1.2,0,0,2,0,2,28,4,0.678,1,1.43,0.33,MIA,,4.73,1.19,L
Hoby Milner,2024/7/28 00:00,1,0,0,0,0,2,11,2,0.678,1,1.43,0,MIA,,4.73,1.19,L
Hoby Milner,2024/7/29 00:00,0.2,0,0,0,1,1,13,1,0.724,1,0.8,0,ATL,,4.73,1.19,L
Hoby Milner,2024/7/31 00:00,0.1,0,0,0,0,0,5,2,0.724,1,0.43,0,ATL,,4.73,1.19,L
Hoby Milner,2024/8/2 00:00,1,0,0,0,1,1,20,2,0.684,0,0.43,0,WSH,,4.73,1.19,L
Hoby Milner,2024/8/4 00:00,0.1,3,3,4,0,1,20,2,0.684,0,0.4,1,WSH,,4.73,1.19,L
Hoby Milner,2024/8/8 00:00,1.2,2,2,3,1,1,28,4,0.724,0,0.77,1.67,ATL,,4.73,1.19,L
Hoby Milner,2024/9/4 00:00,0.1,0,0,1,0,1,8,27,0.703,1,0.47,1.67,STL,,4.73,1.19,L
Hoby Milner,2024/9/8 00:00,0.1,1,1,1,0,1,7,4,0.704,1,0.47,1,COL,,4.73,1.19,L
Hoby Milner,2024/9/11 00:00,1.2,0,0,0,0,2,20,3,0.701,0,0.47,0.33,SF,,4.73,1.19,L
Hoby Milner,2024/9/14 00:00,1.1,2,3,2,0,1,28,3,0.777,0,0.8,1,AZ,,4.73,1.19,L
Hoby Milner,2024/9/16 00:00,1.1,1,1,1,0,1,22,2,0.75,1,1.13,1,PHI,,4.73,1.19,L
Hoby Milner,2024/9/19 00:00,2,0,0,0,0,2,28,3,0.777,1,1.4,1,AZ,,4.73,1.19,L
Hoby Milner,2024/9/21 00:00,1.2,0,0,0,0,2,16,2,0.777,1,1.43,0.33,AZ,,4.73,1.19,L
Hoby Milner,2024/9/24 00:00,1,0,0,0,0,1,14,3,0.672,0,1.4,0,PIT,,4.73,1.19,L
Hoby Milner,2024/9/27 00:00,0.2,1,2,2,0,1,23,3,0.734,1,0.8,0.33,NYM,,4.73,1.19,L
Hoby Milner,2024/9/29 00:00,1.1,0,0,0,0,0,17,2,0.734,1,0.77,0.33,NYM,,4.73,1.19,L
Hogan Harris,2024/5/7 00:00,5.1,4,4,8,1,5,94,5,0.686,1,5.1,4,TEX,,2.86,1.35,L
Hogan Harris,2024/5/16 00:00,3.1,0,0,0,2,3,49,9,0.741,0,4.1,2,HOU,,2.86,1.35,L
Hogan Harris,2024/5/30 00:00,5.2,1,3,4,3,7,102,14,0.669,0,4.47,1.67,TB,,2.86,1.35,L
Hogan Harris,2024/6/7 00:00,6,0,0,3,2,3,91,8,0.703,1,4.77,0.33,TOR,,2.86,1.35,L
Hogan Harris,2024/6/12 00:00,5,2,2,4,1,5,83,5,0.745,0,5.4,1,SD,,2.86,1.35,L
Hogan Harris,2024/6/18 00:00,5,1,3,4,2,3,100,6,0.71,1,5.33,1,KC,,2.86,1.35,L
Hogan Harris,2024/6/23 00:00,6,3,3,5,2,2,83,5,0.726,1,5.33,2,MIN,,2.86,1.35,L
Hogan Harris,2024/6/29 00:00,3.1,3,3,10,1,3,73,6,0.777,0,4.7,2.33,AZ,,2.86,1.35,L
Hogan Harris,2024/7/5 00:00,5,2,3,5,3,4,103,6,0.751,1,4.7,2.67,BAL,,2.86,1.35,L
Hogan Harris,2024/7/12 00:00,3,2,2,3,6,0,70,7,0.75,0,3.7,2.33,PHI,,2.86,1.35,L
Hogan Harris,2024/7/22 00:00,6.2,0,0,7,2,7,93,10,0.741,1,4.73,1.33,HOU,,2.86,1.35,L
Hogan Harris,2024/8/29 00:00,2,0,0,1,1,0,25,38,0.693,0,3.73,0.67,CIN,,2.86,1.35,L
Hogan Harris,2024/9/3 00:00,3,0,0,0,2,3,37,5,0.687,1,3.73,0,SEA,,2.86,1.35,L
Hogan Harris,2024/9/6 00:00,1.2,1,1,1,1,3,28,3,0.685,1,2.07,0.33,DET,,2.86,1.35,L
Hogan Harris,2024/9/8 00:00,1,0,0,0,2,0,27,2,0.685,1,1.73,0.33,DET,,2.86,1.35,L
Hogan Harris,2024/9/10 00:00,2,0,1,1,0,3,22,2,0.741,0,1.4,0.33,HOU,,2.86,1.35,L
Hogan Harris,2024/9/14 00:00,0,1,1,1,0,0,4,4,0.618,0,1,0.33,CWS,,2.86,1.35,L
Hogan Harris,2024/9/16 00:00,3,3,3,5,1,3,51,2,0.71,0,1.67,1.33,CHC,,2.86,1.35,L
Hogan Harris,2024/9/21 00:00,2.1,0,0,3,0,1,40,5,0.761,1,1.7,1.33,NYY,,2.86,1.35,L
Hogan Harris,2024/9/25 00:00,2,0,0,0,1,5,30,4,0.686,1,2.37,1,TEX,,2.86,1.35,L
Hogan Harris,2024/9/27 00:00,1,0,0,0,0,1,8,2,0.687,0,1.7,0,SEA,,2.86,1.35,L
Hunter Bigge,2024/7/9 00:00,1,0,0,0,0,1,13,5,0.751,0,1,0,BAL,,2.6,1.27,R
Hunter Bigge,2024/7/12 00:00,0.1,1,1,1,2,0,24,3,0.703,0,0.55,0.5,STL,,2.6,1.27,R
Hunter Bigge,2024/7/13 00:00,1,0,0,0,0,2,13,1,0.703,0,0.7,0.33,STL,,2.6,1.27,R
Hunter Bigge,2024/7/20 00:00,1,0,0,2,0,2,21,7,0.777,1,0.7,0.33,AZ,,2.6,1.27,R
Hunter Bigge,2024/7/30 00:00,1,0,0,1,0,0,15,10,0.678,1,1,0,MIA,,2.6,1.27,R
Hunter Bigge,2024/8/2 00:00,1,0,0,0,0,2,19,3,0.741,0,1,0,HOU,,2.6,1.27,R
Hunter Bigge,2024/8/4 00:00,0.2,0,0,1,2,1,22,2,0.741,0,0.73,0,HOU,,2.6,1.27,R
Hunter Bigge,2024/8/7 00:00,1.1,0,0,0,0,0,11,3,0.703,0,0.77,0,STL,,2.6,1.27,R
Hunter Bigge,2024/8/31 00:00,1,0,0,3,0,1,19,24,0.745,1,0.77,0,SD,,2.6,1.27,R
Hunter Bigge,2024/9/2 00:00,1,0,0,1,0,0,17,2,0.726,1,1.03,0,MIN,,2.6,1.27,R
Hunter Bigge,2024/9/4 00:00,1.1,0,0,1,0,3,19,2,0.726,1,1.03,0,MIN,,2.6,1.27,R
Hunter Bigge,2024/9/7 00:00,1,0,0,0,0,2,11,3,0.751,0,1.03,0,BAL,,2.6,1.27,R
Hunter Bigge,2024/9/10 00:00,0.1,0,0,0,0,1,4,3,0.75,0,0.73,0,PHI,,2.6,1.27,R
Hunter Bigge,2024/9/14 00:00,1,2,2,3,0,2,23,4,0.703,0,0.7,0.67,CLE,,2.6,1.27,R
Hunter Bigge,2024/9/18 00:00,1,0,0,1,0,0,9,4,0.741,1,0.7,0.67,BOS,,2.6,1.27,R
Hunter Bigge,2024/9/20 00:00,1,0,0,0,0,2,15,2,0.703,1,1,0.67,TOR,,2.6,1.27,R
Hunter Bigge,2024/9/22 00:00,0.1,0,0,0,0,1,4,2,0.703,1,0.7,0,TOR,,2.6,1.27,R
Hunter Bigge,2024/9/26 00:00,1,2,2,2,1,2,26,4,0.685,0,0.7,0.67,DET,,2.6,1.27,R
Hunter Bigge,2024/9/29 00:00,1,0,0,1,0,2,15,3,0.741,0,0.7,0.67,BOS,,2.6,1.27,R
Hunter Brown,2024/3/30 00:00,4,0,1,4,2,5,88,5,0.761,1,4,0,NYY,,3.49,1.27,R
Hunter Brown,2024/4/5 00:00,3,5,5,8,4,3,80,6,0.686,0,3.5,2.5,TEX,,3.49,1.27,R
Hunter Brown,2024/4/11 00:00,0.2,9,9,11,1,0,40,6,0.71,0,2.4,4.67,KC,,3.49,1.27,R
Hunter Brown,2024/4/16 00:00,6,2,2,5,3,3,88,5,0.724,1,3.07,5.33,ATL,,3.49,1.27,R
Hunter Brown,2024/4/21 00:00,4,3,3,4,2,6,84,5,0.684,0,3.4,4.67,WSH,,3.49,1.27,R
Hunter Brown,2024/4/30 00:00,5.1,6,6,5,2,7,97,9,0.703,1,5.03,3.67,CLE,,3.49,1.27,R
Hunter Brown,2024/5/5 00:00,4.1,2,2,5,4,5,91,5,0.687,1,4.4,3.67,SEA,,3.49,1.27,R
Hunter Brown,2024/5/11 00:00,5,1,1,5,0,7,85,6,0.685,0,4.73,3,DET,,3.49,1.27,R
Hunter Brown,2024/5/17 00:00,5,4,4,4,3,5,93,6,0.729,1,4.7,2.33,MIL,,3.49,1.27,R
Hunter Brown,2024/5/22 00:00,6,2,2,2,3,3,96,5,0.671,1,5.33,2.33,LAA,,3.49,1.27,R
Hunter Brown,2024/5/28 00:00,6,1,1,4,0,9,87,6,0.687,0,5.67,2.33,SEA,,3.49,1.27,R
Hunter Brown,2024/6/2 00:00,6,3,3,5,1,7,95,5,0.726,1,6,2,MIN,,3.49,1.27,R
Hunter Brown,2024/6/8 00:00,6,0,0,2,4,7,98,6,0.671,0,6,1.33,LAA,,3.49,1.27,R
Hunter Brown,2024/6/14 00:00,7,0,0,5,0,9,96,6,0.685,1,6.33,1,DET,,3.49,1.27,R
Hunter Brown,2024/6/19 00:00,6,1,1,7,0,6,89,5,0.618,0,6.33,0.33,CWS,,3.49,1.27,R
Hunter Brown,2024/6/25 00:00,6,0,0,2,3,7,94,6,0.704,1,6.33,0.33,COL,,3.49,1.27,R
Hunter Brown,2024/7/1 00:00,6,0,0,2,3,5,99,6,0.703,0,6,0.33,TOR,,3.49,1.27,R
Hunter Brown,2024/7/6 00:00,6,7,7,12,1,6,105,5,0.726,0,6,2.33,MIN,,3.49,1.27,R
Hunter Brown,2024/7/12 00:00,6,2,2,5,2,5,93,6,0.686,1,6,3,TEX,,3.49,1.27,R
Hunter Brown,2024/7/19 00:00,6,0,0,4,3,5,102,7,0.687,0,6,3,SEA,,3.49,1.27,R
Hunter Brown,2024/7/24 00:00,6,1,1,8,1,8,97,5,0.694,0,6,1,OAK,,3.49,1.27,R
Hunter Brown,2024/7/30 00:00,5.2,4,5,9,2,8,102,6,0.672,1,5.73,1.67,PIT,,3.49,1.27,R
Hunter Brown,2024/8/5 00:00,6,1,1,3,2,4,97,6,0.686,0,5.73,2,TEX,,3.49,1.27,R
Hunter Brown,2024/8/11 00:00,5.1,2,2,5,2,9,95,6,0.741,0,5.43,2.33,BOS,,3.49,1.27,R
Hunter Brown,2024/8/17 00:00,7,1,1,4,2,6,102,6,0.618,1,6.03,1.33,CWS,,3.49,1.27,R
Hunter Brown,2024/8/23 00:00,6,1,2,3,2,6,107,6,0.751,0,6.03,1.33,BAL,,3.49,1.27,R
Hunter Brown,2024/8/29 00:00,6.2,0,2,2,2,4,97,6,0.71,1,6.4,0.67,KC,,3.49,1.27,R
Hunter Brown,2024/9/5 00:00,6,0,0,4,1,6,97,7,0.693,0,6.07,0.33,CIN,,3.49,1.27,R
Hunter Brown,2024/9/11 00:00,5,5,5,9,1,7,97,6,0.694,1,5.73,1.67,OAK,,3.49,1.27,R
Hunter Brown,2024/9/17 00:00,6,2,2,5,1,3,95,6,0.745,0,5.67,2.33,SD,,3.49,1.27,R
Hunter Brown,2024/9/23 00:00,6,1,1,3,3,8,103,6,0.687,1,5.67,2.67,SEA,,3.49,1.27,R
Hunter Brown,2024/10/2 00:00,5.2,1,1,2,2,9,99,9,0.685,1,5.73,1.33,DET,,3.49,1.27,R
Hunter Greene,2024/3/30 00:00,4.2,2,2,5,4,7,100,5,0.684,1,4.2,2,WSH,,2.75,1.02,R
Hunter Greene,2024/4/5 00:00,6,1,1,3,1,6,99,6,0.734,1,5.1,1.5,NYM,,2.75,1.02,R
Hunter Greene,2024/4/10 00:00,6,6,7,6,1,9,105,5,0.729,1,5.4,3,MIL,,2.75,1.02,R
Hunter Greene,2024/4/16 00:00,4,1,1,4,3,8,98,6,0.687,0,5.33,2.67,SEA,,2.75,1.02,R
Hunter Greene,2024/4/22 00:00,7,4,4,7,2,6,99,6,0.75,1,5.67,3.67,PHI,,2.75,1.02,R
Hunter Greene,2024/4/27 00:00,7,0,0,1,1,6,98,5,0.686,0,6,1.67,TEX,,2.75,1.02,R
Hunter Greene,2024/5/3 00:00,5.2,0,0,5,4,5,109,6,0.751,1,6.4,1.33,BAL,,2.75,1.02,R
Hunter Greene,2024/5/9 00:00,5,3,3,4,5,6,84,6,0.777,1,5.73,1,AZ,,2.75,1.02,R
Hunter Greene,2024/5/14 00:00,7,2,2,5,1,5,101,5,0.777,0,5.73,1.67,AZ,,2.75,1.02,R
Hunter Greene,2024/5/19 00:00,6.1,2,2,4,2,8,105,5,0.781,0,6.03,2.33,LAD,,2.75,1.02,R
Hunter Greene,2024/5/25 00:00,6,1,1,5,1,5,107,6,0.781,1,6.37,1.67,LAD,,2.75,1.02,R
Hunter Greene,2024/6/1 00:00,6,5,5,3,5,5,111,7,0.71,0,6.03,2.67,CHC,,2.75,1.02,R
Hunter Greene,2024/6/6 00:00,6.2,4,4,5,2,8,111,5,0.71,1,6.07,3.33,CHC,,2.75,1.02,R
Hunter Greene,2024/6/14 00:00,5,2,2,3,5,5,105,8,0.729,0,5.73,3.67,MIL,,2.75,1.02,R
Hunter Greene,2024/6/19 00:00,6.1,0,0,2,0,9,106,5,0.672,0,5.77,2,PIT,,2.75,1.02,R
Hunter Greene,2024/6/25 00:00,4,6,6,7,2,5,93,6,0.672,1,5.03,2.67,PIT,,2.75,1.02,R
Hunter Greene,2024/6/30 00:00,4.2,1,1,4,2,6,95,5,0.703,0,4.77,2.33,STL,,2.75,1.02,R
Hunter Greene,2024/7/6 00:00,7,0,0,3,2,7,104,6,0.685,1,5.07,2.33,DET,,2.75,1.02,R
Hunter Greene,2024/7/11 00:00,6,1,1,2,2,10,97,5,0.704,1,5.73,0.67,COL,,2.75,1.02,R
Hunter Greene,2024/7/22 00:00,7,0,0,2,3,7,112,11,0.724,0,6.67,0.33,ATL,,2.75,1.02,R
Hunter Greene,2024/7/28 00:00,7,0,0,2,1,5,100,6,0.669,0,6.67,0.33,TB,,2.75,1.02,R
Hunter Greene,2024/8/3 00:00,6,0,0,1,1,11,100,6,0.701,1,6.67,0,SF,,2.75,1.02,R
Hunter Greene,2024/8/8 00:00,6,3,3,6,2,5,108,5,0.678,0,6.33,1,MIA,,2.75,1.02,R
Hunter Greene,2024/8/13 00:00,7,1,1,4,1,8,106,5,0.703,1,6.33,1.33,STL,,2.75,1.02,R
Hunter Greene,2024/9/22 00:00,3,1,1,2,1,4,45,40,0.672,1,5.33,1.67,PIT,,2.75,1.02,R
Hunter Greene,2024/9/29 00:00,4,0,0,1,3,3,65,7,0.71,0,4.67,0.67,CHC,,2.75,1.02,R
Hurston Waldrep,2024/6/9 00:00,3.2,7,7,4,4,1,62,5,0.684,0,3.2,7,WSH,,16.71,2.43,R
Hurston Waldrep,2024/6/16 00:00,3.1,6,6,5,4,2,71,7,0.669,1,3.15,6.5,TB,,16.71,2.43,R
Jackson Rutledge,2024/5/14 00:00,1,1,1,2,0,1,14,5,0.618,0,1,1,CWS,,3.24,1.2,R
Jackson Rutledge,2024/7/12 00:00,4.2,2,2,3,2,6,89,59,0.729,0,2.6,1.5,MIL,,3.24,1.2,R
Jackson Rutledge,2024/9/29 00:00,2.2,0,0,3,0,2,36,79,0.75,1,2.47,1,PHI,,3.24,1.2,R
Jack Kochanowicz,2024/7/11 00:00,3,4,5,7,0,1,60,5,0.687,1,3,4,SEA,,3.99,1.19,R
Jack Kochanowicz,2024/7/20 00:00,4,7,7,7,3,4,74,9,0.694,0,3.5,5.5,OAK,,3.99,1.19,R
Jack Kochanowicz,2024/8/11 00:00,7.2,2,2,6,1,2,93,22,0.684,0,4.73,4.33,WSH,,3.99,1.19,R
Jack Kochanowicz,2024/8/18 00:00,6,2,2,7,3,0,85,7,0.724,1,5.73,3.67,ATL,,3.99,1.19,R
Jack Kochanowicz,2024/8/23 00:00,6,3,3,7,0,1,74,5,0.703,0,6.4,2.33,TOR,,3.99,1.19,R
Jack Kochanowicz,2024/8/29 00:00,6,0,0,5,0,4,73,6,0.685,0,6,1.67,DET,,3.99,1.19,R
Jack Kochanowicz,2024/9/5 00:00,6,3,3,8,1,0,93,7,0.686,0,6,2,TEX,,3.99,1.19,R
Jack Kochanowicz,2024/9/11 00:00,5.2,4,4,7,1,3,69,6,0.726,0,5.73,2.33,MIN,,3.99,1.19,R
Jack Kochanowicz,2024/9/18 00:00,7,1,1,5,0,5,79,7,0.618,1,6.07,2.67,CWS,,3.99,1.19,R
Jack Kochanowicz,2024/9/24 00:00,7,0,0,3,0,4,82,6,0.618,0,6.4,1.67,CWS,,3.99,1.19,R
Jack Kochanowicz,2024/9/29 00:00,7,3,3,6,1,1,77,5,0.686,1,7,1.33,TEX,,3.99,1.19,R
Jack Leiter,2024/4/18 00:00,3.2,7,7,8,3,3,85,5,0.685,0,3.2,7,DET,,8.83,1.71,R
Jack Leiter,2024/5/8 00:00,4,4,6,7,0,3,60,20,0.694,0,3.6,5.5,OAK,,8.83,1.71,R
Jack Leiter,2024/5/14 00:00,1.2,6,6,3,3,1,64,6,0.703,1,2.8,5.67,CLE,,8.83,1.71,R
Jack Leiter,2024/8/28 00:00,4,2,3,6,2,4,83,106,0.618,0,3.07,4,CWS,,8.83,1.71,R
Jack Leiter,2024/9/2 00:00,5,5,5,7,0,2,80,5,0.761,1,3.4,4.33,NYY,,8.83,1.71,R
Jack Leiter,2024/9/7 00:00,5,3,3,2,2,6,86,5,0.671,1,4.67,3.33,LAA,,8.83,1.71,R
Jack Leiter,2024/9/14 00:00,4,2,2,3,2,6,71,7,0.687,0,4.67,3.33,SEA,,8.83,1.71,R
Jack Leiter,2024/9/20 00:00,5,6,7,6,2,5,92,6,0.687,1,4.67,3.67,SEA,,8.83,1.71,R
Jack Leiter,2024/9/26 00:00,3.1,0,0,2,3,1,48,6,0.694,0,4.03,2.67,OAK,,8.83,1.71,R
Jacob deGrom,2024/9/13 00:00,3.2,0,0,4,0,4,61,5,0.687,0,3.2,0,SEA,,1.69,1.13,R
Jacob deGrom,2024/9/20 00:00,3,1,1,3,1,5,58,7,0.687,1,3.1,0.5,SEA,,1.69,1.13,R
Jacob deGrom,2024/9/27 00:00,4,1,1,4,0,5,53,7,0.671,0,3.4,0.67,LAA,,1.69,1.13,R
Jacob Lopez,2024/4/19 00:00,1,0,0,0,0,0,12,5,0.761,0,1,0,NYY,,5.23,1.16,L
Jacob Lopez,2024/4/30 00:00,3,5,5,3,3,1,67,11,0.729,0,2,2.5,MIL,,5.23,1.16,L
Jacob Lopez,2024/5/5 00:00,1.1,0,1,0,2,1,27,5,0.734,1,1.7,1.67,NYM,,5.23,1.16,L
Jacob Lopez,2024/8/25 00:00,5,1,1,2,2,6,72,112,0.781,0,3.03,2,LAD,,5.23,1.16,L
Jacob Waguespack,2024/3/31 00:00,1,2,2,1,4,2,40,5,0.703,1,1,2,TOR,,5.4,2.3,R
Jacob Waguespack,2024/4/5 00:00,2,2,2,3,1,3,42,5,0.704,0,1.5,2,COL,,5.4,2.3,R
Jacob Waguespack,2024/4/8 00:00,3,2,2,5,3,2,68,3,0.671,0,2,2,LAA,,5.4,2.3,R
Jacob Waguespack,2024/4/12 00:00,4,0,1,4,2,4,71,4,0.701,1,3,1.33,SF,,5.4,2.3,R
Jake Bloss,2024/6/21 00:00,3.2,2,2,6,1,2,76,5,0.751,1,3.2,2,BAL,,6.94,1.63,R
Jake Bloss,2024/7/11 00:00,4,2,2,4,1,4,82,20,0.678,1,3.6,2,MIA,,6.94,1.63,R
Jake Bloss,2024/7/23 00:00,4,5,5,6,1,5,77,12,0.694,0,3.73,3,OAK,,6.94,1.63,R
Jake Irvin,2024/3/31 00:00,5,3,3,7,2,4,80,5,0.693,0,5,3,CIN,,4.41,1.2,R
Jake Irvin,2024/4/6 00:00,6,4,4,5,1,5,93,6,0.75,1,5.5,3.5,PHI,,4.41,1.2,R
Jake Irvin,2024/4/12 00:00,6,1,1,1,2,5,74,6,0.694,0,5.67,2.67,OAK,,4.41,1.2,R
Jake Irvin,2024/4/17 00:00,6,0,0,4,1,6,73,5,0.781,0,6,1.67,LAD,,4.41,1.2,R
Jake Irvin,2024/4/24 00:00,4.2,6,6,12,1,3,103,7,0.781,1,5.4,2.33,LAD,,4.41,1.2,R
Jake Irvin,2024/4/29 00:00,6,2,2,4,0,3,84,5,0.678,0,5.4,2.67,MIA,,4.41,1.2,R
Jake Irvin,2024/5/4 00:00,5,0,4,5,1,4,107,5,0.703,1,5.07,2.67,TOR,,4.41,1.2,R
Jake Irvin,2024/5/11 00:00,7,2,2,4,0,6,103,7,0.741,0,6,1.33,BOS,,4.41,1.2,R
Jake Irvin,2024/5/17 00:00,5,4,4,5,1,2,93,6,0.75,0,5.67,2,PHI,,4.41,1.2,R
Jake Irvin,2024/5/22 00:00,6.1,2,2,5,0,6,84,5,0.726,1,6.03,2.67,MIN,,4.41,1.2,R
Jake Irvin,2024/5/28 00:00,6,0,0,2,2,10,90,6,0.724,0,5.7,2,ATL,,4.41,1.2,R
Jake Irvin,2024/6/2 00:00,6,2,2,5,1,6,98,5,0.703,0,6.03,1.33,CLE,,4.41,1.2,R
Jake Irvin,2024/6/7 00:00,6,0,0,4,2,4,96,5,0.724,1,6,0.67,ATL,,4.41,1.2,R
Jake Irvin,2024/6/12 00:00,6,1,1,6,1,5,98,5,0.685,0,6,1,DET,,4.41,1.2,R
Jake Irvin,2024/6/18 00:00,5,4,4,8,4,2,97,6,0.777,1,5.67,1.67,AZ,,4.41,1.2,R
Jake Irvin,2024/6/23 00:00,6,1,1,3,1,10,98,5,0.704,0,5.67,2,COL,,4.41,1.2,R
Jake Irvin,2024/6/29 00:00,6,1,1,1,3,5,96,6,0.669,0,5.67,2,TB,,4.41,1.2,R
Jake Irvin,2024/7/4 00:00,8,0,0,1,1,8,99,5,0.734,1,6.67,0.67,NYM,,4.41,1.2,R
Jake Irvin,2024/7/9 00:00,6,6,6,9,2,2,94,5,0.734,0,6.67,2.33,NYM,,4.41,1.2,R
Jake Irvin,2024/7/14 00:00,4,6,7,9,3,3,86,5,0.729,0,6,4,MIL,,4.41,1.2,R
Jake Irvin,2024/7/21 00:00,7,2,2,5,0,7,100,7,0.693,1,5.67,4.67,CIN,,4.41,1.2,R
Jake Irvin,2024/7/27 00:00,5.1,2,2,4,1,5,96,6,0.703,0,5.37,3.33,STL,,4.41,1.2,R
Jake Irvin,2024/8/2 00:00,5.2,4,4,6,2,4,110,6,0.729,1,5.77,2.67,MIL,,4.41,1.2,R
Jake Irvin,2024/8/7 00:00,5,5,5,8,1,4,94,5,0.701,1,5.1,3.67,SF,,4.41,1.2,R
Jake Irvin,2024/8/13 00:00,6,2,2,7,1,3,100,6,0.751,0,5.4,3.67,BAL,,4.41,1.2,R
Jake Irvin,2024/8/18 00:00,6,4,4,8,1,5,100,5,0.75,0,5.67,3.67,PHI,,4.41,1.2,R
Jake Irvin,2024/8/24 00:00,5.1,2,2,5,3,3,83,6,0.724,0,5.7,2.67,ATL,,4.41,1.2,R
Jake Irvin,2024/8/30 00:00,4.2,7,7,8,2,6,103,6,0.71,1,5.1,4.33,CHC,,4.41,1.2,R
Jake Irvin,2024/9/5 00:00,5,6,6,7,3,4,87,6,0.672,0,4.77,5,PIT,,4.41,1.2,R
Jake Irvin,2024/9/11 00:00,6,1,1,2,1,5,84,6,0.724,1,5.07,4.67,ATL,,4.41,1.2,R
Jake Irvin,2024/9/16 00:00,7.1,1,1,4,1,5,94,5,0.734,0,6.03,2.67,NYM,,4.41,1.2,R
Jake Irvin,2024/9/22 00:00,4,5,5,4,4,3,83,6,0.71,0,5.7,2.33,CHC,,4.41,1.2,R
Jake Irvin,2024/9/29 00:00,4.1,6,6,5,3,3,66,7,0.75,1,5.07,4,PHI,,4.41,1.2,R
Jake Woodford,2024/5/28 00:00,4.1,3,3,5,2,4,86,5,0.703,1,4.1,3,TOR,,7.97,1.63,R
Jake Woodford,2024/6/6 00:00,4,7,7,10,3,3,87,9,0.741,1,4.05,5,BOS,,7.97,1.63,R
Jake Woodford,2024/7/31 00:00,5,0,3,2,0,3,71,55,0.741,0,4.37,3.33,HOU,,7.97,1.63,R
Jake Woodford,2024/8/4 00:00,1.1,1,1,1,0,1,12,4,0.777,1,3.37,2.67,AZ,,7.97,1.63,R
Jake Woodford,2024/8/6 00:00,2.1,3,3,3,0,1,41,2,0.745,1,2.73,1.33,SD,,7.97,1.63,R
Jake Woodford,2024/8/12 00:00,6,1,1,3,0,2,74,6,0.745,0,3.07,1.67,SD,,7.97,1.63,R
Jake Woodford,2024/8/18 00:00,4,5,7,9,1,4,91,6,0.687,1,4.03,3,SEA,,7.97,1.63,R
Jake Woodford,2024/8/24 00:00,3.1,7,8,7,3,3,74,6,0.693,1,4.37,4.33,CIN,,7.97,1.63,R
Jake Woodford,2024/9/18 00:00,4.2,4,4,8,0,5,82,25,0.703,0,3.77,5.33,STL,,7.97,1.63,R
Jakob Junis,2024/4/2 00:00,4,1,1,3,1,4,47,5,0.726,1,4,1,MIN,,2.69,0.85,R
Jakob Junis,2024/6/22 00:00,3,2,2,4,0,2,39,81,0.745,0,3.5,1.5,SD,,2.69,0.85,R
Jakob Junis,2024/6/26 00:00,2,0,0,1,1,3,36,4,0.686,1,3,1,TEX,,2.69,0.85,R
Jakob Junis,2024/6/30 00:00,2,0,0,0,1,1,28,4,0.71,1,2.33,0.67,CHC,,2.69,0.85,R
Jakob Junis,2024/7/3 00:00,2,0,0,2,1,2,35,3,0.704,0,2,0,COL,,2.69,0.85,R
Jakob Junis,2024/7/7 00:00,2.2,2,2,3,0,3,42,4,0.781,0,2.07,0.67,LAD,,2.69,0.85,R
Jakob Junis,2024/7/13 00:00,3.1,1,1,2,0,1,36,6,0.684,1,2.43,1,WSH,,2.69,0.85,R
Jakob Junis,2024/7/20 00:00,2,1,3,2,0,1,29,7,0.726,0,2.43,1.33,MIN,,2.69,0.85,R
Jakob Junis,2024/7/24 00:00,3,0,0,1,1,1,44,4,0.71,0,2.7,0.67,CHC,,2.69,0.85,R
Jakob Junis,2024/7/28 00:00,2,0,0,2,0,1,27,4,0.678,1,2.33,0.33,MIA,,2.69,0.85,R
Jakob Junis,2024/7/31 00:00,1.1,3,3,4,1,2,37,3,0.71,1,2.03,1,CHC,,2.69,0.85,R
Jakob Junis,2024/8/5 00:00,1.2,3,3,6,0,1,43,5,0.678,0,1.43,2,MIA,,2.69,0.85,R
Jakob Junis,2024/8/7 00:00,1,0,0,2,0,0,11,2,0.678,0,1.1,2,MIA,,2.69,0.85,R
Jakob Junis,2024/8/9 00:00,1,0,0,0,0,0,8,2,0.729,0,1.07,1,MIL,,2.69,0.85,R
Jakob Junis,2024/8/12 00:00,2.1,0,0,0,0,3,21,3,0.703,1,1.37,0,STL,,2.69,0.85,R
Jakob Junis,2024/8/17 00:00,1,0,0,0,0,1,11,5,0.71,1,1.37,0,KC,,2.69,0.85,R
Jakob Junis,2024/8/20 00:00,1.2,0,0,0,0,1,13,3,0.703,0,1.43,0,TOR,,2.69,0.85,R
Jakob Junis,2024/8/22 00:00,2.1,2,2,5,0,3,47,2,0.672,0,1.43,0.67,PIT,,2.69,0.85,R
Jakob Junis,2024/8/27 00:00,4,0,0,0,0,3,43,5,0.694,1,2.43,0.67,OAK,,2.69,0.85,R
Jakob Junis,2024/9/1 00:00,3.2,1,1,2,0,1,62,5,0.729,1,3.1,1,MIL,,2.69,0.85,R
Jakob Junis,2024/9/7 00:00,5,0,0,1,1,5,73,6,0.734,0,4.07,0.33,NYM,,2.69,0.85,R
Jakob Junis,2024/9/12 00:00,5,1,1,3,0,3,69,5,0.703,0,4.4,0.67,STL,,2.69,0.85,R
Jakob Junis,2024/9/18 00:00,6,1,1,2,0,6,70,6,0.724,1,5.33,0.67,ATL,,2.69,0.85,R
Jakob Junis,2024/9/25 00:00,5,2,2,4,1,3,72,7,0.703,0,5.33,1.33,CLE,,2.69,0.85,R
Jameson Taillon,2024/4/19 00:00,5,1,1,3,0,4,73,5,0.678,1,5,1,MIA,,3.27,1.13,R
Jameson Taillon,2024/4/24 00:00,5.2,1,2,7,2,4,89,5,0.741,1,5.1,1,HOU,,3.27,1.13,R
Jameson Taillon,2024/4/29 00:00,7.1,1,1,4,1,1,78,5,0.734,0,5.77,1,NYM,,3.27,1.13,R
Jameson Taillon,2024/5/4 00:00,6,0,0,2,2,7,99,5,0.729,1,6.1,0.67,MIL,,3.27,1.13,R
Jameson Taillon,2024/5/14 00:00,4,2,7,7,3,2,85,10,0.724,0,5.7,1,ATL,,3.27,1.13,R
Jameson Taillon,2024/5/19 00:00,4.2,3,3,6,2,4,92,5,0.672,1,4.73,1.67,PIT,,3.27,1.13,R
Jameson Taillon,2024/5/25 00:00,5.2,3,3,9,1,3,105,6,0.703,0,4.47,2.67,STL,,3.27,1.13,R
Jameson Taillon,2024/5/30 00:00,6,3,3,6,1,4,87,5,0.729,0,5.13,3,MIL,,3.27,1.13,R
Jameson Taillon,2024/6/5 00:00,5,5,5,10,1,6,75,6,0.618,1,5.4,3.67,CWS,,3.27,1.13,R
Jameson Taillon,2024/6/11 00:00,6,0,0,4,1,5,91,6,0.669,0,5.67,2.67,TB,,3.27,1.13,R
Jameson Taillon,2024/6/16 00:00,6,2,2,7,2,3,93,5,0.703,1,5.67,2.33,STL,,3.27,1.13,R
Jameson Taillon,2024/6/22 00:00,7,1,1,6,0,10,93,6,0.734,1,6.33,1,NYM,,3.27,1.13,R
Jameson Taillon,2024/6/28 00:00,6,3,4,4,1,5,90,6,0.729,0,6.33,2,MIL,,3.27,1.13,R
Jameson Taillon,2024/7/4 00:00,7,2,2,4,0,7,88,6,0.75,1,6.67,2,PHI,,3.27,1.13,R
Jameson Taillon,2024/7/9 00:00,6,2,2,4,1,7,88,5,0.751,0,6.33,2.33,BAL,,3.27,1.13,R
Jameson Taillon,2024/7/14 00:00,5.2,3,3,7,0,3,83,5,0.703,0,6.07,2.33,STL,,3.27,1.13,R
Jameson Taillon,2024/7/23 00:00,7.1,1,1,4,3,3,94,9,0.729,1,6.1,2,MIL,,3.27,1.13,R
Jameson Taillon,2024/7/29 00:00,4.1,6,6,6,1,4,81,6,0.693,0,5.47,3.33,CIN,,3.27,1.13,R
Jameson Taillon,2024/8/3 00:00,6,1,1,6,0,4,88,5,0.703,1,5.73,2.67,STL,,3.27,1.13,R
Jameson Taillon,2024/8/9 00:00,5,5,5,9,0,4,95,6,0.618,0,5.03,4,CWS,,3.27,1.13,R
Jameson Taillon,2024/8/14 00:00,6,4,4,5,2,6,90,5,0.703,0,5.67,3.33,CLE,,3.27,1.13,R
Jameson Taillon,2024/8/21 00:00,5,4,4,6,2,5,96,7,0.685,1,5.33,4.33,DET,,3.27,1.13,R
Jameson Taillon,2024/8/26 00:00,6.2,4,4,8,0,3,90,5,0.672,0,5.73,4,PIT,,3.27,1.13,R
Jameson Taillon,2024/9/2 00:00,7,0,0,3,1,3,89,7,0.672,1,6.07,2.67,PIT,,3.27,1.13,R
Jameson Taillon,2024/9/8 00:00,6,1,1,6,1,6,97,6,0.761,1,6.4,1.67,NYY,,3.27,1.13,R
Jameson Taillon,2024/9/14 00:00,6,2,2,5,1,6,85,6,0.704,0,6.33,1,COL,,3.27,1.13,R
Jameson Taillon,2024/9/20 00:00,6,0,0,2,2,4,80,6,0.684,1,6,1,WSH,,3.27,1.13,R
Jameson Taillon,2024/9/27 00:00,7,0,0,4,2,2,89,7,0.693,1,6.33,0.67,CIN,,3.27,1.13,R
James Paxton,2024/4/1 00:00,5,0,0,4,5,5,97,5,0.701,1,5,0,SF,,4.4,1.45,L
James Paxton,2024/4/8 00:00,6,2,2,3,1,4,86,7,0.726,0,5.5,1,MIN,,4.4,1.45,L
James Paxton,2024/4/14 00:00,5,3,3,3,8,1,95,6,0.745,1,5.33,1.67,SD,,4.4,1.45,L
James Paxton,2024/4/23 00:00,4.2,1,1,5,3,1,89,9,0.684,0,5.07,2,WSH,,4.4,1.45,L
James Paxton,2024/4/29 00:00,5,4,4,6,5,4,96,6,0.777,0,4.73,2.67,AZ,,4.4,1.45,L
James Paxton,2024/5/5 00:00,6.2,1,1,5,2,3,84,6,0.724,1,5.13,2,ATL,,4.4,1.45,L
James Paxton,2024/5/11 00:00,6,0,0,4,0,4,95,6,0.745,0,5.73,1.67,SD,,4.4,1.45,L
James Paxton,2024/5/17 00:00,6,3,3,7,0,2,92,6,0.693,1,6.07,1.33,CIN,,4.4,1.45,L
James Paxton,2024/5/24 00:00,4.2,5,5,5,4,4,95,7,0.693,0,5.4,2.67,CIN,,4.4,1.45,L
James Paxton,2024/5/29 00:00,3,0,0,2,0,3,50,5,0.734,0,4.4,2.67,NYM,,4.4,1.45,L
James Paxton,2024/6/5 00:00,1.2,6,7,6,2,2,45,7,0.672,0,2.8,3.67,PIT,,4.4,1.45,L
James Paxton,2024/6/11 00:00,6,1,1,2,2,2,87,6,0.686,1,3.4,2.33,TEX,,4.4,1.45,L
James Paxton,2024/6/17 00:00,7,1,1,2,1,8,91,6,0.704,0,4.73,2.67,COL,,4.4,1.45,L
James Paxton,2024/6/24 00:00,5,0,0,3,3,6,91,7,0.618,0,6,0.67,CWS,,4.4,1.45,L
James Paxton,2024/6/30 00:00,4,9,9,12,2,4,89,6,0.701,0,5.33,3.33,SF,,4.4,1.45,L
James Paxton,2024/7/6 00:00,5,2,2,4,2,3,83,6,0.729,1,4.67,3.67,MIL,,4.4,1.45,L
James Paxton,2024/7/12 00:00,3.2,3,3,5,4,1,81,6,0.685,0,4.07,4.67,DET,,4.4,1.45,L
James Paxton,2024/7/21 00:00,5,3,3,4,4,7,95,9,0.741,1,4.4,2.67,BOS,,4.4,1.45,L
James Paxton,2024/7/30 00:00,4.1,3,6,6,1,5,72,9,0.687,1,4.1,3,SEA,,4.4,1.45,L
James Paxton,2024/8/5 00:00,6,2,2,5,1,4,90,6,0.71,0,5.03,2.67,KC,,4.4,1.45,L
James Paxton,2024/8/11 00:00,0.2,0,0,2,0,0,5,6,0.741,1,3.43,1.67,HOU,,4.4,1.45,L
Jared Jones,2024/3/30 00:00,5.2,3,3,3,2,10,89,5,0.678,0,5.2,3,MIA,,4.14,1.19,R
Jared Jones,2024/4/5 00:00,6,2,2,6,0,7,80,6,0.751,1,5.6,2.5,BAL,,4.14,1.19,R
Jared Jones,2024/4/11 00:00,6.1,3,3,6,0,8,85,6,0.75,0,5.77,2.67,PHI,,4.14,1.19,R
Jared Jones,2024/4/16 00:00,5,0,0,1,0,7,59,5,0.734,0,5.7,1.67,NYM,,4.14,1.19,R
Jared Jones,2024/4/22 00:00,6,1,1,4,2,7,91,6,0.729,1,5.7,1.33,MIL,,4.14,1.19,R
Jared Jones,2024/4/28 00:00,5,3,3,6,1,3,83,6,0.701,0,5.33,1.33,SF,,4.14,1.19,R
Jared Jones,2024/5/4 00:00,7,0,0,1,0,10,96,6,0.704,1,6,1.33,COL,,4.14,1.19,R
Jared Jones,2024/5/10 00:00,6,2,3,7,2,4,87,6,0.71,1,6,1.67,CHC,,4.14,1.19,R
Jared Jones,2024/5/16 00:00,6,3,3,7,0,7,91,6,0.71,0,6.33,1.67,CHC,,4.14,1.19,R
Jared Jones,2024/5/22 00:00,6,3,3,6,3,5,93,6,0.701,1,6,2.67,SF,,4.14,1.19,R
Jared Jones,2024/5/29 00:00,4.1,5,7,5,2,2,83,7,0.685,0,5.37,3.67,DET,,4.14,1.19,R
Jared Jones,2024/6/4 00:00,6,0,0,3,3,6,100,6,0.781,1,5.37,2.67,LAD,,4.14,1.19,R
Jared Jones,2024/6/9 00:00,5,2,3,6,3,3,84,5,0.726,1,5.03,2.33,MIN,,4.14,1.19,R
Jared Jones,2024/6/15 00:00,4.2,6,6,6,4,6,85,6,0.704,0,5.07,2.67,COL,,4.14,1.19,R
Jared Jones,2024/6/22 00:00,7,2,2,3,3,8,94,7,0.669,1,5.4,3.33,TB,,4.14,1.19,R
Jared Jones,2024/7/3 00:00,5,1,1,4,2,5,78,11,0.703,1,5.4,3,STL,,4.14,1.19,R
Jared Jones,2024/8/27 00:00,4,5,5,5,3,4,83,55,0.71,1,5.33,2.67,CHC,,4.14,1.19,R
Jared Jones,2024/9/2 00:00,6.1,3,3,6,1,4,87,6,0.71,0,5.03,3,CHC,,4.14,1.19,R
Jared Jones,2024/9/8 00:00,7,2,2,4,0,9,92,6,0.684,1,5.7,3.33,WSH,,4.14,1.19,R
Jared Jones,2024/9/15 00:00,4,2,2,6,3,5,97,7,0.71,1,5.7,2.33,KC,,4.14,1.19,R
Jared Jones,2024/9/21 00:00,5,6,6,6,3,5,90,6,0.693,0,5.33,3.33,CIN,,4.14,1.19,R
Jared Jones,2024/9/27 00:00,4.1,2,2,5,2,7,85,6,0.761,0,4.37,3.33,NYY,,4.14,1.19,R
Jared Koenig,2024/4/15 00:00,2,0,0,3,0,1,31,5,0.745,1,2,0,SD,,2.47,1.24,L
Jared Koenig,2024/4/16 00:00,1.2,0,0,0,0,1,16,1,0.745,1,1.6,0,SD,,2.47,1.24,L
Jared Koenig,2024/4/23 00:00,2,1,1,3,0,1,28,7,0.672,0,1.73,0.33,PIT,,2.47,1.24,L
Jared Koenig,2024/4/25 00:00,1,0,0,2,1,0,18,2,0.672,0,1.4,0.33,PIT,,2.47,1.24,L
Jared Koenig,2024/4/26 00:00,2,0,1,1,1,1,26,1,0.761,1,1.67,0.33,NYY,,2.47,1.24,L
Jared Koenig,2024/5/4 00:00,1,0,0,0,0,1,11,8,0.71,0,1.33,0,CHC,,2.47,1.24,L
Jared Koenig,2024/5/6 00:00,0.1,3,3,1,1,1,16,2,0.71,0,1.03,1,KC,,2.47,1.24,L
Jared Koenig,2024/5/7 00:00,1.1,0,0,2,0,0,19,1,0.71,0,0.73,1,KC,,2.47,1.24,L
Jared Koenig,2024/5/9 00:00,2,0,0,1,0,2,30,2,0.703,1,1.07,1,STL,,2.47,1.24,L
Jared Koenig,2024/5/12 00:00,2,1,1,3,0,2,28,3,0.703,1,1.7,0.33,STL,,2.47,1.24,L
Jared Koenig,2024/5/15 00:00,1,1,1,1,0,1,14,3,0.672,1,1.67,0.67,PIT,,2.47,1.24,L
Jared Koenig,2024/5/17 00:00,1,0,0,1,0,0,14,2,0.741,0,1.33,0.67,HOU,,2.47,1.24,L
Jared Koenig,2024/5/20 00:00,2.2,0,0,1,1,0,43,3,0.678,0,1.4,0.33,MIA,,2.47,1.24,L
Jared Koenig,2024/5/24 00:00,0.2,0,0,1,1,1,12,4,0.741,0,1.13,0,BOS,,2.47,1.24,L
Jared Koenig,2024/5/25 00:00,1.1,0,0,0,0,3,15,1,0.741,0,1.17,0,BOS,,2.47,1.24,L
Jared Koenig,2024/5/28 00:00,0.1,0,0,0,0,1,4,3,0.71,1,0.47,0,CHC,,2.47,1.24,L
Jared Koenig,2024/5/29 00:00,2,0,0,1,1,3,37,1,0.71,1,1.07,0,CHC,,2.47,1.24,L
Jared Koenig,2024/6/1 00:00,1,0,0,1,0,1,15,3,0.618,1,1.03,0,CWS,,2.47,1.24,L
Jared Koenig,2024/6/3 00:00,1,0,0,0,0,0,5,2,0.75,0,1.33,0,PHI,,2.47,1.24,L
Jared Koenig,2024/6/4 00:00,1.1,0,0,1,0,2,15,1,0.75,0,1.03,0,PHI,,2.47,1.24,L
Jared Koenig,2024/6/8 00:00,1.2,0,0,0,0,2,28,4,0.685,0,1.1,0,DET,,2.47,1.24,L
Jared Koenig,2024/6/11 00:00,2,0,0,0,0,2,15,3,0.703,1,1.43,0,TOR,,2.47,1.24,L
Jared Koenig,2024/6/15 00:00,0.2,0,0,1,0,0,9,4,0.693,1,1.13,0,CIN,,2.47,1.24,L
Jared Koenig,2024/6/16 00:00,0.2,1,1,1,0,1,8,1,0.693,1,0.8,0.33,CIN,,2.47,1.24,L
Jared Koenig,2024/6/20 00:00,1.1,0,0,0,0,1,12,4,0.745,0,0.5,0.33,SD,,2.47,1.24,L
Jared Koenig,2024/6/21 00:00,0.2,0,0,2,1,1,20,1,0.745,0,0.5,0.33,SD,,2.47,1.24,L
Jared Koenig,2024/6/24 00:00,1,0,0,0,3,2,31,3,0.686,1,0.77,0,TEX,,2.47,1.24,L
Jared Koenig,2024/6/26 00:00,1,0,0,0,1,2,13,2,0.686,1,0.73,0,TEX,,2.47,1.24,L
Jared Koenig,2024/6/28 00:00,1.1,0,0,0,0,3,18,2,0.71,1,1.03,0,CHC,,2.47,1.24,L
Jared Koenig,2024/7/21 00:00,1,0,0,1,1,1,24,23,0.726,0,1.03,0,MIN,,2.47,1.24,L
Jared Koenig,2024/7/23 00:00,1,0,0,2,1,0,30,2,0.71,0,1.03,0,CHC,,2.47,1.24,L
Jared Koenig,2024/7/27 00:00,1,3,3,2,1,1,18,4,0.678,1,1,1,MIA,,2.47,1.24,L
Jared Koenig,2024/7/31 00:00,0.2,0,2,1,1,1,17,4,0.724,1,0.73,1,ATL,,2.47,1.24,L
Jared Koenig,2024/8/2 00:00,1,0,0,1,0,0,12,2,0.684,0,0.73,1,WSH,,2.47,1.24,L
Jared Koenig,2024/8/7 00:00,1,0,0,1,0,3,18,5,0.724,0,0.73,0,ATL,,2.47,1.24,L
Jared Koenig,2024/8/9 00:00,1,0,0,2,0,1,21,2,0.693,1,1,0,CIN,,2.47,1.24,L
Jared Koenig,2024/8/14 00:00,0.2,1,1,3,0,2,24,5,0.781,1,0.73,0.33,LAD,,2.47,1.24,L
Jared Koenig,2024/8/17 00:00,1,0,0,0,0,3,15,3,0.703,1,0.73,0.33,CLE,,2.47,1.24,L
Jared Koenig,2024/8/18 00:00,1,0,0,0,0,0,12,1,0.703,1,0.73,0.33,CLE,,2.47,1.24,L
Jared Koenig,2024/8/20 00:00,0.1,0,0,0,0,1,3,2,0.703,0,0.7,0,STL,,2.47,1.24,L
Jared Koenig,2024/8/22 00:00,1,0,0,0,1,1,20,2,0.703,0,0.7,0,STL,,2.47,1.24,L
Jared Koenig,2024/8/24 00:00,0.1,0,0,1,1,1,13,2,0.694,0,0.4,0,OAK,,2.47,1.24,L
Jared Koenig,2024/8/27 00:00,0.1,0,0,0,0,1,7,3,0.701,1,0.4,0,SF,,2.47,1.24,L
Jared Koenig,2024/8/28 00:00,0.2,2,2,3,0,2,23,1,0.701,1,0.13,0.67,SF,,2.47,1.24,L
Jared Koenig,2024/8/30 00:00,1,0,0,1,1,0,13,2,0.693,0,0.43,0.67,CIN,,2.47,1.24,L
Jared Koenig,2024/9/1 00:00,1,0,0,0,0,0,18,2,0.693,0,0.73,0.67,CIN,,2.47,1.24,L
Jared Koenig,2024/9/3 00:00,1,0,1,1,0,1,18,2,0.703,1,1,0,STL,,2.47,1.24,L
Jared Koenig,2024/9/7 00:00,2,1,1,2,0,2,26,4,0.704,1,1.33,0.33,COL,,2.47,1.24,L
Jared Koenig,2024/9/13 00:00,1,0,0,0,0,1,14,6,0.777,0,1.33,0.33,AZ,,2.47,1.24,L
Jared Koenig,2024/9/15 00:00,1,2,3,4,0,0,29,2,0.777,0,1.33,1,AZ,,2.47,1.24,L
Jared Koenig,2024/9/18 00:00,1.1,0,0,0,0,2,12,3,0.75,1,1.03,0.67,PHI,,2.47,1.24,L
Jared Koenig,2024/9/20 00:00,0.2,0,0,0,3,1,26,2,0.777,1,0.77,0.67,AZ,,2.47,1.24,L
Jared Koenig,2024/9/22 00:00,1,1,1,1,1,0,21,2,0.777,1,0.77,0.33,AZ,,2.47,1.24,L
Jared Koenig,2024/9/26 00:00,1,0,0,0,1,0,14,4,0.672,0,0.73,0.33,PIT,,2.47,1.24,L
Jared Koenig,2024/9/28 00:00,1,0,0,1,0,2,19,2,0.734,1,1,0.33,NYM,,2.47,1.24,L
Jared Koenig,2024/10/2 00:00,0.2,0,0,1,0,0,7,4,0.734,1,0.73,0,NYM,,2.47,1.24,L
Jared Shuster,2024/4/8 00:00,3,0,0,3,0,2,45,5,0.703,0,3,0,CLE,,4.3,1.46,L
Jared Shuster,2024/4/12 00:00,3.1,1,1,2,2,2,58,4,0.693,1,3.05,0.5,CIN,,4.3,1.46,L
Jared Shuster,2024/5/3 00:00,3.1,0,0,1,1,2,55,21,0.703,0,3.07,0.33,STL,,4.3,1.46,L
Jared Shuster,2024/5/6 00:00,2.1,3,3,4,1,0,47,3,0.669,0,2.77,1.33,TB,,4.3,1.46,L
Jared Shuster,2024/5/11 00:00,2,0,0,0,1,2,27,5,0.703,1,2.4,1,CLE,,4.3,1.46,L
Jared Shuster,2024/5/15 00:00,2,0,0,0,0,1,24,4,0.684,1,2.03,1,WSH,,4.3,1.46,L
Jared Shuster,2024/5/19 00:00,2,0,0,0,0,2,26,4,0.761,0,2,0,NYY,,4.3,1.46,L
Jared Shuster,2024/5/23 00:00,2.1,3,3,5,2,1,49,4,0.751,1,2.03,1,BAL,,4.3,1.46,L
Jared Shuster,2024/5/27 00:00,3,0,0,1,2,1,38,4,0.703,1,2.37,1,TOR,,4.3,1.46,L
Jared Shuster,2024/5/31 00:00,1.1,2,2,5,1,1,38,4,0.729,0,2.07,1.67,MIL,,4.3,1.46,L
Jared Shuster,2024/6/5 00:00,0.1,0,0,1,1,0,15,5,0.71,0,1.4,0.67,CHC,,4.3,1.46,L
Jared Shuster,2024/6/6 00:00,1.1,2,2,3,2,1,38,1,0.741,1,0.77,1.33,BOS,,4.3,1.46,L
Jared Shuster,2024/6/14 00:00,1,0,0,0,0,0,13,8,0.777,0,0.73,0.67,AZ,,4.3,1.46,L
Jared Shuster,2024/6/16 00:00,1,0,0,1,0,1,11,2,0.777,0,1.03,0.67,AZ,,4.3,1.46,L
Jared Shuster,2024/6/23 00:00,2.2,1,1,3,2,3,64,7,0.685,0,1.4,0.33,DET,,4.3,1.46,L
Jared Shuster,2024/6/27 00:00,3,0,0,1,1,2,34,4,0.724,1,2.07,0.33,ATL,,4.3,1.46,L
Jared Shuster,2024/6/30 00:00,0.1,0,0,0,0,0,3,3,0.704,1,1.77,0.33,COL,,4.3,1.46,L
Jared Shuster,2024/7/4 00:00,2,2,2,4,0,2,40,4,0.703,0,1.7,0.67,CLE,,4.3,1.46,L
Jared Shuster,2024/7/8 00:00,1,1,2,2,0,0,22,4,0.726,1,1.03,1,MIN,,4.3,1.46,L
Jared Shuster,2024/7/12 00:00,1,0,0,1,1,2,24,4,0.672,1,1.33,1,PIT,,4.3,1.46,L
Jared Shuster,2024/7/14 00:00,1.2,0,0,1,1,0,22,2,0.672,1,1.07,0.33,PIT,,4.3,1.46,L
Jared Shuster,2024/7/24 00:00,1,6,6,5,1,0,35,10,0.686,0,1.07,2,TEX,,4.3,1.46,L
Jared Shuster,2024/7/26 00:00,4,2,2,3,2,3,68,2,0.687,1,2.07,2.67,SEA,,4.3,1.46,L
Jared Shuster,2024/7/30 00:00,1,0,0,1,0,0,16,4,0.71,1,2,2.67,KC,,4.3,1.46,L
Jared Shuster,2024/8/3 00:00,0.1,0,0,1,0,0,7,4,0.726,0,1.7,0.67,MIN,,4.3,1.46,L
Jared Shuster,2024/8/5 00:00,2,1,1,0,2,2,32,2,0.694,0,1.03,0.33,OAK,,4.3,1.46,L
Jared Shuster,2024/8/10 00:00,2,1,1,3,0,1,37,5,0.71,1,1.37,0.67,CHC,,4.3,1.46,L
Jared Shuster,2024/8/13 00:00,2,0,0,1,2,0,29,3,0.761,1,2,0.67,NYY,,4.3,1.46,L
Jared Shuster,2024/8/17 00:00,2,1,1,4,1,2,43,4,0.741,0,2,0.67,HOU,,4.3,1.46,L
Jared Shuster,2024/8/23 00:00,1.1,1,1,1,1,2,31,6,0.685,1,1.7,0.67,DET,,4.3,1.46,L
Jared Shuster,2024/8/26 00:00,1.1,4,4,4,1,3,41,3,0.685,1,1.4,2,DET,,4.3,1.46,L
Jared Shuster,2024/8/28 00:00,1.2,0,0,1,0,0,21,2,0.686,1,1.13,1.67,TEX,,4.3,1.46,L
Jared Shuster,2024/9/1 00:00,2,0,0,3,0,1,33,4,0.734,1,1.43,1.33,NYM,,4.3,1.46,L
Jared Shuster,2024/9/3 00:00,2.1,0,1,1,1,5,48,2,0.751,0,1.77,0,BAL,,4.3,1.46,L
Jared Shuster,2024/9/9 00:00,2.2,3,3,5,0,5,47,6,0.703,1,2.1,1,CLE,,4.3,1.46,L
Jared Shuster,2024/9/15 00:00,1.2,0,0,1,0,2,15,6,0.694,1,1.83,1,OAK,,4.3,1.46,L
Jared Shuster,2024/9/18 00:00,3,0,0,1,0,1,39,3,0.671,0,2.13,1,LAA,,4.3,1.46,L
Jared Shuster,2024/9/25 00:00,1,0,0,0,1,0,11,7,0.671,1,1.73,0,LAA,,4.3,1.46,L
Jared Shuster,2024/9/27 00:00,2,1,2,1,3,4,44,2,0.685,0,2,0.33,DET,,4.3,1.46,L
Javier Assad,2024/4/2 00:00,6,0,0,4,1,5,89,5,0.704,1,6,0,COL,,3.73,1.4,R
Javier Assad,2024/4/8 00:00,5,2,2,3,3,7,104,6,0.745,0,5.5,1,SD,,3.73,1.4,R
Javier Assad,2024/4/14 00:00,5.2,2,2,4,1,6,87,6,0.687,0,5.4,1.33,SEA,,3.73,1.4,R
Javier Assad,2024/4/20 00:00,4.2,1,1,3,3,3,87,6,0.678,1,4.8,1.67,MIA,,3.73,1.4,R
Javier Assad,2024/4/25 00:00,5.2,1,1,4,1,5,85,5,0.741,1,4.87,1.33,HOU,,3.73,1.4,R
Javier Assad,2024/4/30 00:00,5,1,1,5,0,1,78,5,0.734,0,4.8,1,NYM,,3.73,1.4,R
Javier Assad,2024/5/5 00:00,6,0,0,4,3,4,94,5,0.729,1,5.4,0.67,MIL,,3.73,1.4,R
Javier Assad,2024/5/10 00:00,4.1,1,2,4,2,4,89,5,0.672,0,5.03,0.67,PIT,,3.73,1.4,R
Javier Assad,2024/5/15 00:00,6,0,0,4,1,7,86,5,0.724,0,5.37,0.33,ATL,,3.73,1.4,R
Javier Assad,2024/5/21 00:00,4.2,2,3,4,5,4,102,6,0.724,1,4.77,1,ATL,,3.73,1.4,R
Javier Assad,2024/5/26 00:00,5,4,4,5,3,8,81,5,0.703,0,5.07,2,STL,,3.73,1.4,R
Javier Assad,2024/5/31 00:00,5.1,2,2,5,3,7,98,5,0.693,1,4.77,2.67,CIN,,3.73,1.4,R
Javier Assad,2024/6/6 00:00,5.2,5,5,7,2,7,92,6,0.693,0,5.1,3.67,CIN,,3.73,1.4,R
Javier Assad,2024/6/12 00:00,4.2,2,2,5,2,4,90,6,0.669,0,4.83,3,TB,,3.73,1.4,R
Javier Assad,2024/6/17 00:00,5,1,1,5,2,7,92,5,0.701,1,4.8,2.67,SF,,3.73,1.4,R
Javier Assad,2024/6/23 00:00,4.1,4,4,7,1,0,90,6,0.734,1,4.43,2.33,NYM,,3.73,1.4,R
Javier Assad,2024/7/13 00:00,2.1,3,3,7,2,0,44,20,0.703,0,3.73,2.67,STL,,3.73,1.4,R
Javier Assad,2024/7/22 00:00,3.1,0,0,1,6,2,76,9,0.729,1,3.1,2.33,MIL,,3.73,1.4,R
Javier Assad,2024/7/28 00:00,6,3,3,5,1,5,81,6,0.71,0,3.73,2,KC,,3.73,1.4,R
Javier Assad,2024/8/2 00:00,4,1,1,4,3,3,97,5,0.703,1,4.37,1.33,STL,,3.73,1.4,R
Javier Assad,2024/8/7 00:00,4,2,2,3,2,1,75,5,0.726,1,4.67,2,MIN,,3.73,1.4,R
Javier Assad,2024/8/13 00:00,4.2,1,1,5,2,2,85,6,0.703,0,4.07,1.33,CLE,,3.73,1.4,R
Javier Assad,2024/8/20 00:00,5.2,1,1,6,1,7,95,7,0.685,1,4.47,1.33,DET,,3.73,1.4,R
Javier Assad,2024/8/25 00:00,7,3,3,6,1,3,87,5,0.678,0,5.47,1.67,MIA,,3.73,1.4,R
Javier Assad,2024/8/31 00:00,6,3,3,8,2,4,90,6,0.684,0,6.07,2.33,WSH,,3.73,1.4,R
Javier Assad,2024/9/7 00:00,5.2,1,2,3,3,5,90,7,0.761,1,6.07,2.33,NYY,,3.73,1.4,R
Javier Assad,2024/9/13 00:00,6,4,4,7,3,5,93,6,0.704,0,5.73,2.67,COL,,3.73,1.4,R
Javier Assad,2024/9/19 00:00,5,3,3,7,1,5,91,6,0.684,1,5.4,2.67,WSH,,3.73,1.4,R
Javier Assad,2024/9/25 00:00,4.1,8,8,8,3,3,90,6,0.75,0,5.03,5,PHI,,3.73,1.4,R
Jeffrey Springs,2024/7/30 00:00,3.2,2,2,6,1,3,76,5,0.678,1,3.2,2,MIA,,3.27,1.36,L
Jeffrey Springs,2024/8/6 00:00,5,4,4,6,3,3,87,7,0.703,0,4.1,3,STL,,3.27,1.36,L
Jeffrey Springs,2024/8/11 00:00,5,1,1,6,0,8,83,5,0.751,1,4.4,2.33,BAL,,3.27,1.36,L
Jeffrey Springs,2024/8/17 00:00,5,1,1,4,1,7,76,6,0.777,1,5,2,AZ,,3.27,1.36,L
Jeffrey Springs,2024/8/22 00:00,3.1,3,3,7,2,3,82,5,0.694,0,4.37,1.67,OAK,,3.27,1.36,L
Jeffrey Springs,2024/8/27 00:00,5,0,0,1,2,9,79,5,0.687,0,4.37,1.33,SEA,,3.27,1.36,L
Jeffrey Springs,2024/9/3 00:00,6,1,1,4,2,4,82,7,0.726,1,4.7,1.33,MIN,,3.27,1.36,L
Joan Adon,2024/4/9 00:00,4,1,1,3,3,2,72,5,0.701,0,4,1,SF,,6.75,1.5,R
Joan Adon,2024/7/8 00:00,1,2,2,3,0,1,17,90,0.703,1,2.5,1.5,STL,,6.75,1.5,R
Joan Adon,2024/7/30 00:00,1.1,1,1,1,0,0,16,22,0.777,0,2.03,1.33,AZ,,6.75,1.5,R
Joan Adon,2024/8/3 00:00,0.2,2,2,2,0,1,16,4,0.729,1,0.77,1.67,MIL,,6.75,1.5,R
Joan Adon,2024/8/7 00:00,1,0,0,0,0,0,6,4,0.701,1,0.77,1,SF,,6.75,1.5,R
Joan Adon,2024/8/8 00:00,0.1,0,0,1,0,0,10,1,0.701,1,0.43,0.67,SF,,6.75,1.5,R
Joan Adon,2024/8/17 00:00,1.1,0,0,0,0,1,17,9,0.75,0,0.73,0,PHI,,6.75,1.5,R
Joan Adon,2024/8/22 00:00,1,2,2,2,1,1,24,5,0.704,1,0.73,0.67,COL,,6.75,1.5,R
Joey Cantillo,2024/7/28 00:00,3.1,3,3,4,3,3,75,5,0.75,0,3.1,3,PHI,,4.89,1.29,L
Joey Cantillo,2024/8/3 00:00,4,3,3,6,0,4,88,6,0.751,1,3.55,3,BAL,,4.89,1.29,L
Joey Cantillo,2024/8/9 00:00,5.2,3,3,5,3,2,86,6,0.726,0,4.1,3,MIN,,4.89,1.29,L
Joey Cantillo,2024/8/21 00:00,4,7,7,6,3,5,88,12,0.761,0,4.4,4.33,NYY,,4.89,1.29,L
Joey Cantillo,2024/8/26 00:00,1.2,0,0,0,0,1,18,5,0.71,1,3.47,3.33,KC,,4.89,1.29,L
Joey Cantillo,2024/9/9 00:00,7,1,1,2,0,10,99,14,0.618,0,4.07,2.67,CWS,,4.89,1.29,L
Joey Cantillo,2024/9/14 00:00,5,0,0,3,1,6,78,5,0.669,1,4.4,0.33,TB,,4.89,1.29,L
Joey Cantillo,2024/9/19 00:00,4.1,1,2,3,3,6,86,5,0.726,1,5.37,0.67,MIN,,4.89,1.29,L
Joey Cantillo,2024/9/27 00:00,3.2,3,3,6,2,7,93,8,0.741,1,4.1,1.33,HOU,,4.89,1.29,L
Joey Cantillo,2024/10/9 00:00,1,0,0,0,0,1,15,12,0.685,0,2.77,1.33,DET,,4.89,1.29,L
Joey Cantillo,2024/10/14 00:00,0.1,1,1,0,3,1,21,5,0.761,0,1.43,1.33,NYY,,4.89,1.29,L
Joey Cantillo,2024/10/18 00:00,1,0,0,0,1,1,12,4,0.761,1,0.7,0.33,NYY,,4.89,1.29,L
Joey Estes,2024/5/11 00:00,5,1,1,2,0,5,61,5,0.687,0,5,1,SEA,,5.01,1.23,R
Joey Estes,2024/5/16 00:00,3.2,8,8,8,4,4,89,5,0.741,0,4.1,4.5,HOU,,5.01,1.23,R
Joey Estes,2024/5/23 00:00,7,4,4,7,0,6,93,7,0.704,1,5.07,4.33,COL,,5.01,1.23,R
Joey Estes,2024/5/29 00:00,5,1,1,2,2,5,87,6,0.669,0,5.07,4.33,TB,,5.01,1.23,R
Joey Estes,2024/6/5 00:00,6.1,0,0,1,0,5,78,7,0.687,1,6.03,1.67,SEA,,5.01,1.23,R
Joey Estes,2024/6/10 00:00,5,3,3,8,2,3,96,5,0.745,0,5.37,1.33,SD,,5.01,1.23,R
Joey Estes,2024/6/16 00:00,2.2,6,6,8,1,2,65,6,0.726,0,4.43,3,MIN,,5.01,1.23,R
Joey Estes,2024/6/21 00:00,6,2,2,5,1,1,79,5,0.726,1,4.4,3.67,MIN,,5.01,1.23,R
Joey Estes,2024/6/26 00:00,5.2,2,2,3,2,8,87,5,0.671,0,4.47,3.33,LAA,,5.01,1.23,R
Joey Estes,2024/7/3 00:00,9,0,0,5,1,4,92,7,0.671,1,6.73,1.33,LAA,,5.01,1.23,R
Joey Estes,2024/7/9 00:00,1.2,8,8,7,1,1,55,6,0.741,0,5.13,3.33,BOS,,5.01,1.23,R
Joey Estes,2024/7/14 00:00,6,2,3,4,1,5,91,5,0.75,0,5.4,3.33,PHI,,5.01,1.23,R
Joey Estes,2024/7/21 00:00,5.2,2,2,8,2,4,97,7,0.671,1,4.13,4,LAA,,5.01,1.23,R
Joey Estes,2024/7/26 00:00,2.2,0,0,2,2,0,39,5,0.671,0,4.47,1.33,LAA,,5.01,1.23,R
Joey Estes,2024/8/2 00:00,6,2,2,2,2,6,78,7,0.781,1,4.47,1.33,LAD,,5.01,1.23,R
Joey Estes,2024/8/7 00:00,5,2,2,6,0,4,96,5,0.618,1,4.4,1.33,CWS,,5.01,1.23,R
Joey Estes,2024/8/14 00:00,5.1,3,3,7,0,3,88,7,0.734,0,5.37,2.33,NYM,,5.01,1.23,R
Joey Estes,2024/8/20 00:00,7.2,1,1,3,1,5,94,6,0.669,1,5.77,2,TB,,5.01,1.23,R
Joey Estes,2024/8/25 00:00,5.2,2,2,2,1,5,82,5,0.729,1,5.83,2,MIL,,5.01,1.23,R
Joey Estes,2024/8/31 00:00,6,2,2,6,0,7,84,6,0.686,0,6.13,1.67,TEX,,5.01,1.23,R
Joey Estes,2024/9/5 00:00,4,4,4,6,0,3,92,5,0.687,1,5.07,2.67,SEA,,5.01,1.23,R
Joey Estes,2024/9/11 00:00,6.2,2,3,7,1,2,84,6,0.741,0,5.4,2.67,HOU,,5.01,1.23,R
Joey Estes,2024/9/16 00:00,1,6,6,9,0,1,56,5,0.71,0,3.73,4,CHC,,5.01,1.23,R
Joey Estes,2024/9/22 00:00,4,5,5,7,1,1,85,6,0.761,1,3.73,4.33,NYY,,5.01,1.23,R
Joey Estes,2024/9/28 00:00,5,3,3,5,2,2,79,6,0.687,0,3.33,4.67,SEA,,5.01,1.23,R
Joey Lucchesi,2024/5/15 00:00,4.1,5,5,5,4,2,68,5,0.75,0,4.1,5,PHI,,5.23,1.55,L
Joey Lucchesi,2024/9/30 00:00,6,1,1,3,4,5,111,138,0.724,0,5.05,3,ATL,,5.23,1.55,L
Joe Boyle,2024/4/1 00:00,2.2,7,8,8,4,4,84,5,0.741,1,2.2,7,BOS,,6.42,1.72,R
Joe Boyle,2024/4/7 00:00,5,0,0,2,3,6,87,6,0.685,0,3.6,3.5,DET,,6.42,1.72,R
Joe Boyle,2024/4/13 00:00,5,1,1,5,1,5,86,6,0.684,1,4.07,2.67,WSH,,6.42,1.72,R
Joe Boyle,2024/4/19 00:00,6,7,7,5,4,3,87,6,0.703,0,5.33,2.67,CLE,,6.42,1.72,R
Joe Boyle,2024/4/24 00:00,3,2,2,3,4,6,85,5,0.761,0,4.67,3.33,NYY,,6.42,1.72,R
Joe Boyle,2024/4/29 00:00,5,1,1,1,4,4,91,5,0.672,1,4.67,3.33,PIT,,6.42,1.72,R
Joe Boyle,2024/5/5 00:00,1,4,4,1,3,1,35,6,0.678,1,3,2.33,MIA,,6.42,1.72,R
Joe Boyle,2024/8/13 00:00,4,4,4,7,3,6,85,100,0.734,0,3.33,3,NYM,,6.42,1.72,R
Joe Boyle,2024/8/19 00:00,6,0,0,2,3,6,104,6,0.669,1,3.67,2.67,TB,,6.42,1.72,R
Joe Boyle,2024/8/24 00:00,5,5,5,5,4,8,104,5,0.729,1,5,3,MIL,,6.42,1.72,R
Joe Boyle,2024/8/29 00:00,0.1,3,3,0,3,0,23,5,0.693,0,3.7,2.67,CIN,,6.42,1.72,R
Joe Boyle,2024/9/25 00:00,3,0,0,2,2,5,60,27,0.686,1,2.7,2.67,TEX,,6.42,1.72,R
Joe Boyle,2024/9/29 00:00,1.2,0,0,1,2,2,35,4,0.687,0,1.43,1,SEA,,6.42,1.72,R
Joe Mantiply,2024/3/29 00:00,1,2,2,3,0,2,21,5,0.704,1,1,2,COL,,3.92,1.17,L
Joe Mantiply,2024/4/1 00:00,1.2,0,0,1,0,1,19,3,0.761,1,1.1,1,NYY,,3.92,1.17,L
Joe Mantiply,2024/4/3 00:00,1,0,0,0,0,1,14,2,0.761,1,1.07,0.67,NYY,,3.92,1.17,L
Joe Mantiply,2024/4/5 00:00,1,0,0,0,1,0,16,2,0.724,0,1.07,0,ATL,,3.92,1.17,L
Joe Mantiply,2024/4/8 00:00,0.1,0,0,1,1,0,8,3,0.704,0,0.7,0,COL,,3.92,1.17,L
Joe Mantiply,2024/4/10 00:00,0.1,0,0,0,0,0,3,2,0.704,0,0.4,0,COL,,3.92,1.17,L
Joe Mantiply,2024/4/12 00:00,0.2,1,1,2,0,1,18,2,0.703,1,0.13,0.33,STL,,3.92,1.17,L
Joe Mantiply,2024/4/14 00:00,1.1,0,0,0,1,1,18,2,0.703,1,0.47,0.33,STL,,3.92,1.17,L
Joe Mantiply,2024/4/15 00:00,0.1,0,0,0,0,0,5,1,0.71,1,0.47,0.33,CHC,,3.92,1.17,L
Joe Mantiply,2024/4/17 00:00,0.1,2,2,3,1,0,14,2,0.71,1,0.43,0.67,CHC,,3.92,1.17,L
Joe Mantiply,2024/4/20 00:00,0.2,0,0,1,0,0,5,3,0.701,0,0.13,0.67,SF,,3.92,1.17,L
Joe Mantiply,2024/4/22 00:00,0.1,0,0,0,0,0,3,2,0.703,0,0.13,0.67,STL,,3.92,1.17,L
Joe Mantiply,2024/4/27 00:00,1,0,0,0,0,1,9,5,0.687,0,0.43,0,SEA,,3.92,1.17,L
Joe Mantiply,2024/4/28 00:00,1,0,0,0,0,1,11,1,0.687,0,0.7,0,SEA,,3.92,1.17,L
Joe Mantiply,2024/4/30 00:00,1.2,1,1,2,0,2,24,2,0.781,1,1.07,0.33,LAD,,3.92,1.17,L
Joe Mantiply,2024/5/5 00:00,1,0,0,1,0,1,10,5,0.745,1,1.07,0.33,SD,,3.92,1.17,L
Joe Mantiply,2024/5/7 00:00,1,0,0,0,0,1,15,2,0.693,0,1.07,0.33,CIN,,3.92,1.17,L
Joe Mantiply,2024/5/8 00:00,0.2,0,0,0,0,1,11,1,0.693,0,0.73,0,CIN,,3.92,1.17,L
Joe Mantiply,2024/5/11 00:00,1,0,0,0,0,0,9,3,0.751,0,0.73,0,BAL,,3.92,1.17,L
Joe Mantiply,2024/5/13 00:00,1,0,0,1,1,1,16,2,0.693,1,0.73,0,CIN,,3.92,1.17,L
Joe Mantiply,2024/5/18 00:00,0,3,3,2,1,0,5,5,0.685,1,0.67,1,DET,,3.92,1.17,L
Joe Mantiply,2024/5/20 00:00,1,0,0,0,0,0,7,2,0.781,0,0.67,1,LAD,,3.92,1.17,L
Joe Mantiply,2024/5/21 00:00,0.2,0,0,0,0,0,4,1,0.781,0,0.4,1,LAD,,3.92,1.17,L
Joe Mantiply,2024/5/22 00:00,0.1,0,0,0,0,0,1,1,0.781,0,0.43,0,LAD,,3.92,1.17,L
Joe Mantiply,2024/5/25 00:00,0.2,0,0,0,0,2,10,3,0.678,1,0.17,0,MIA,,3.92,1.17,L
Joe Mantiply,2024/5/30 00:00,0.2,1,1,1,0,1,9,5,0.734,0,0.17,0.33,NYM,,3.92,1.17,L
Joe Mantiply,2024/6/4 00:00,0.1,0,0,0,0,0,2,5,0.701,1,0.17,0.33,SF,,3.92,1.17,L
Joe Mantiply,2024/6/6 00:00,1.1,0,0,1,0,1,23,2,0.745,0,0.47,0.33,SD,,3.92,1.17,L
Joe Mantiply,2024/6/9 00:00,1.1,0,0,0,0,1,21,3,0.745,0,0.77,0,SD,,3.92,1.17,L
Joe Mantiply,2024/6/12 00:00,1,0,0,0,1,1,15,3,0.671,1,1.07,0,LAA,,3.92,1.17,L
Joe Mantiply,2024/6/14 00:00,1,0,0,1,0,1,15,2,0.618,1,1.03,0,CWS,,3.92,1.17,L
Joe Mantiply,2024/6/16 00:00,0.2,3,3,3,1,1,32,2,0.618,1,0.73,1,CWS,,3.92,1.17,L
Joe Mantiply,2024/6/19 00:00,1,0,0,0,0,2,13,3,0.684,0,0.73,1,WSH,,3.92,1.17,L
Joe Mantiply,2024/6/21 00:00,0.2,0,0,1,1,0,7,2,0.75,0,0.47,1,PHI,,3.92,1.17,L
Joe Mantiply,2024/6/23 00:00,0.2,1,1,2,0,0,16,2,0.75,0,0.47,0.33,PHI,,3.92,1.17,L
Joe Mantiply,2024/6/27 00:00,1,0,0,0,0,1,8,4,0.726,1,0.47,0.33,MIN,,3.92,1.17,L
Joe Mantiply,2024/6/30 00:00,1,0,0,0,0,1,7,3,0.694,1,0.73,0.33,OAK,,3.92,1.17,L
Joe Mantiply,2024/7/2 00:00,0.2,1,1,1,0,0,11,2,0.781,0,0.73,0.33,LAD,,3.92,1.17,L
Joe Mantiply,2024/7/3 00:00,1.1,0,0,0,0,1,16,1,0.781,0,0.77,0.33,LAD,,3.92,1.17,L
Joe Mantiply,2024/7/6 00:00,0.2,2,2,4,0,0,19,3,0.745,0,0.5,1,SD,,3.92,1.17,L
Joe Mantiply,2024/7/7 00:00,0.1,0,0,0,0,0,6,1,0.745,0,0.47,0.67,SD,,3.92,1.17,L
Joe Mantiply,2024/7/9 00:00,0.2,0,0,1,1,1,11,2,0.724,1,0.17,0.67,ATL,,3.92,1.17,L
Joe Mantiply,2024/7/10 00:00,1,0,0,1,0,1,13,1,0.724,1,0.43,0,ATL,,3.92,1.17,L
Joe Mantiply,2024/7/14 00:00,1,0,0,1,0,1,11,4,0.703,1,0.73,0,TOR,,3.92,1.17,L
Joe Mantiply,2024/7/21 00:00,0.1,0,1,1,1,0,2,7,0.71,0,0.7,0,CHC,,3.92,1.17,L
Joe Mantiply,2024/7/23 00:00,0.2,0,0,1,0,0,10,2,0.71,0,0.43,0,KC,,3.92,1.17,L
Joe Mantiply,2024/7/24 00:00,1,0,0,0,0,1,17,1,0.71,0,0.43,0,KC,,3.92,1.17,L
Joe Mantiply,2024/7/28 00:00,0.1,1,1,2,0,0,12,4,0.672,1,0.43,0.33,PIT,,3.92,1.17,L
Joe Mantiply,2024/7/29 00:00,1,0,0,1,0,0,11,1,0.684,1,0.7,0.33,WSH,,3.92,1.17,L
Joe Mantiply,2024/8/3 00:00,1.2,0,0,1,0,2,15,5,0.672,0,0.77,0.33,PIT,,3.92,1.17,L
Joe Mantiply,2024/8/7 00:00,0.2,0,0,0,0,1,11,4,0.703,0,0.8,0,CLE,,3.92,1.17,L
Joe Mantiply,2024/8/7 00:00,0.2,0,0,0,0,1,11,0,0.703,0,0.53,0,CLE,,3.92,1.17,L
Joe Mantiply,2024/8/10 00:00,1,0,0,0,0,1,13,3,0.75,1,0.47,0,PHI,,3.92,1.17,L
Joe Mantiply,2024/8/11 00:00,1,0,0,0,1,1,11,1,0.75,1,0.73,0,PHI,,3.92,1.17,L
Joe Mantiply,2024/8/13 00:00,1,0,0,0,0,1,11,2,0.704,1,1,0,COL,,3.92,1.17,L
Joe Mantiply,2024/8/17 00:00,1,0,0,1,0,0,11,4,0.669,0,1,0,TB,,3.92,1.17,L
Joe Mantiply,2024/8/18 00:00,1,0,0,0,2,2,14,1,0.669,0,1,0,TB,,3.92,1.17,L
Joe Mantiply,2024/8/21 00:00,0.1,1,1,2,0,0,12,3,0.678,0,0.7,0.33,MIA,,3.92,1.17,L
Joe Mantiply,2024/8/23 00:00,1,0,0,1,0,1,23,2,0.741,0,0.7,0.33,BOS,,3.92,1.17,L
Joe Mantiply,2024/8/25 00:00,1,0,0,1,0,1,10,2,0.741,0,0.7,0.33,BOS,,3.92,1.17,L
Joe Mantiply,2024/8/30 00:00,0.2,2,2,0,2,1,13,5,0.781,1,0.73,0.67,LAD,,3.92,1.17,L
Joe Mantiply,2024/8/31 00:00,1,0,0,0,0,1,12,1,0.781,1,0.73,0.67,LAD,,3.92,1.17,L
Joe Mantiply,2024/9/1 00:00,0.1,0,0,0,0,1,6,1,0.781,1,0.43,0.67,LAD,,3.92,1.17,L
Joe Mantiply,2024/9/5 00:00,0.1,0,0,1,0,0,11,4,0.701,0,0.4,0,SF,,3.92,1.17,L
Joe Mantiply,2024/9/6 00:00,0.1,0,0,0,0,0,4,1,0.741,0,0.1,0,HOU,,3.92,1.17,L
Joe Mantiply,2024/9/7 00:00,0.2,0,0,0,0,1,8,1,0.741,0,0.13,0,HOU,,3.92,1.17,L
Joe Mantiply,2024/9/13 00:00,1,0,0,0,1,1,14,6,0.729,1,0.43,0,MIL,,3.92,1.17,L
Joe Mantiply,2024/9/15 00:00,0.1,0,0,0,0,1,3,2,0.729,1,0.43,0,MIL,,3.92,1.17,L
Joe Mantiply,2024/9/17 00:00,0.1,0,0,1,0,0,5,2,0.704,0,0.4,0,COL,,3.92,1.17,L
Joe Mantiply,2024/9/18 00:00,1,2,2,3,0,0,12,1,0.704,0,0.4,0.67,COL,,3.92,1.17,L
Joe Mantiply,2024/9/21 00:00,2,0,0,0,0,4,25,3,0.729,0,1.03,0.67,MIL,,3.92,1.17,L
Joe Mantiply,2024/9/22 00:00,0.2,3,3,2,1,0,21,1,0.729,0,1.07,1.67,MIL,,3.92,1.17,L
Joe Mantiply,2024/9/27 00:00,0.1,0,0,0,0,0,3,5,0.745,1,0.77,1,SD,,3.92,1.17,L
Joe Mantiply,2024/9/28 00:00,0.2,0,0,0,0,1,5,1,0.745,1,0.17,1,SD,,3.92,1.17,L
Joe Mantiply,2024/9/29 00:00,0.2,0,0,0,0,1,11,1,0.745,1,0.17,0,SD,,3.92,1.17,L
Joe Musgrove,2024/3/29 00:00,5.2,4,4,8,1,3,84,5,0.701,1,5.2,4,SF,,3.88,1.17,R
Joe Musgrove,2024/4/3 00:00,6,1,1,5,1,7,88,5,0.703,1,5.6,2.5,STL,,3.88,1.17,R
Joe Musgrove,2024/4/9 00:00,4,4,4,5,3,5,85,6,0.71,1,5.07,3,CHC,,3.88,1.17,R
Joe Musgrove,2024/4/15 00:00,6,3,3,7,4,3,94,6,0.729,0,5.33,2.67,MIL,,3.88,1.17,R
Joe Musgrove,2024/4/21 00:00,7,3,3,5,0,3,99,6,0.703,1,5.67,3.33,TOR,,3.88,1.17,R
Joe Musgrove,2024/4/26 00:00,3.2,7,7,8,2,4,90,5,0.75,1,5.4,4.33,PHI,,3.88,1.17,R
Joe Musgrove,2024/5/1 00:00,6,2,2,4,0,9,87,5,0.693,1,5.4,4,CIN,,3.88,1.17,R
Joe Musgrove,2024/5/21 00:00,3,1,2,3,2,3,66,20,0.693,0,4.07,3.33,CIN,,3.88,1.17,R
Joe Musgrove,2024/5/26 00:00,5.1,1,1,6,0,5,87,5,0.761,1,4.7,1.33,NYY,,3.88,1.17,R
Joe Musgrove,2024/8/12 00:00,4.1,0,0,2,1,1,63,78,0.672,1,4.07,0.67,PIT,,3.88,1.17,R
Joe Musgrove,2024/8/18 00:00,4.1,1,1,3,2,6,73,6,0.704,0,4.43,0.67,COL,,3.88,1.17,R
Joe Musgrove,2024/8/23 00:00,7,0,0,1,0,9,75,5,0.734,1,5.07,0.33,NYM,,3.88,1.17,R
Joe Musgrove,2024/8/28 00:00,6,3,3,7,1,3,94,5,0.703,0,5.7,1.33,STL,,3.88,1.17,R
Joe Musgrove,2024/9/2 00:00,6,0,0,3,2,8,94,5,0.685,1,6.33,1,DET,,3.88,1.17,R
Joe Musgrove,2024/9/8 00:00,4.1,6,6,8,1,7,74,6,0.701,1,5.37,3,SF,,3.88,1.17,R
Joe Musgrove,2024/9/14 00:00,6,0,0,3,0,8,91,6,0.701,0,5.37,2,SF,,3.88,1.17,R
Joe Musgrove,2024/9/20 00:00,6,0,0,4,0,9,93,6,0.618,1,5.37,2,CWS,,3.88,1.17,R
Joe Musgrove,2024/9/26 00:00,6.1,2,2,5,1,6,85,6,0.781,0,6.03,0.67,LAD,,3.88,1.17,R
Joe Musgrove,2024/10/2 00:00,3.2,1,1,1,0,4,41,6,0.724,1,5.1,1,ATL,,3.88,1.17,R
Joe Ross,2024/4/3 00:00,3.2,0,0,2,5,3,73,5,0.726,1,3.2,0,MIN,,3.77,1.36,R
Joe Ross,2024/4/9 00:00,6.1,2,3,5,1,7,87,6,0.693,0,4.65,1,CIN,,3.77,1.36,R
Joe Ross,2024/4/15 00:00,4.2,6,7,9,2,4,80,6,0.745,1,4.5,2.67,SD,,3.77,1.36,R
Joe Ross,2024/4/22 00:00,5.1,1,2,6,1,4,79,7,0.672,0,5.13,3,PIT,,3.77,1.36,R
Joe Ross,2024/4/27 00:00,5,6,7,8,3,5,99,5,0.761,1,4.77,4.33,NYY,,3.77,1.36,R
Joe Ross,2024/5/3 00:00,6,1,1,6,0,4,86,6,0.71,0,5.37,2.67,CHC,,3.77,1.36,R
Joe Ross,2024/5/8 00:00,5,3,3,3,2,2,67,5,0.71,0,5.33,3.33,KC,,3.77,1.36,R
Joe Ross,2024/5/14 00:00,5,2,2,2,1,6,91,6,0.672,1,5.33,2,PIT,,3.77,1.36,R
Joe Ross,2024/5/20 00:00,1,0,0,1,1,0,15,6,0.678,0,3.67,1.67,MIA,,3.77,1.36,R
Joe Ross,2024/7/30 00:00,5,5,5,8,2,4,87,71,0.724,1,3.67,2.33,ATL,,3.77,1.36,R
Joe Ross,2024/8/6 00:00,2,0,0,1,1,1,33,7,0.724,0,2.67,1.67,ATL,,3.77,1.36,R
Joe Ross,2024/8/11 00:00,3,1,1,1,2,3,42,5,0.693,1,3.33,2,CIN,,3.77,1.36,R
Joe Ross,2024/8/13 00:00,1,0,0,1,0,1,16,2,0.781,1,2,0.33,LAD,,3.77,1.36,R
Joe Ross,2024/8/21 00:00,2,0,0,2,0,2,35,8,0.703,0,2,0.33,STL,,3.77,1.36,R
Joe Ross,2024/8/23 00:00,1,0,0,1,0,0,12,2,0.694,0,1.33,0,OAK,,3.77,1.36,R
Joe Ross,2024/8/27 00:00,2,0,0,1,0,1,29,4,0.701,1,1.67,0,SF,,3.77,1.36,R
Joe Ross,2024/8/30 00:00,2,0,0,1,0,3,26,3,0.693,0,1.67,0,CIN,,3.77,1.36,R
Joe Ross,2024/9/2 00:00,2,0,0,0,1,4,32,3,0.703,1,2,0,STL,,3.77,1.36,R
Joe Ross,2024/9/8 00:00,3,0,0,3,0,1,32,6,0.704,1,2.33,0,COL,,3.77,1.36,R
Joe Ross,2024/9/15 00:00,2.1,0,0,1,3,4,50,7,0.777,0,2.37,0,AZ,,3.77,1.36,R
Joe Ross,2024/9/18 00:00,0.2,0,0,1,1,1,24,3,0.75,1,1.77,0,PHI,,3.77,1.36,R
Joe Ross,2024/9/19 00:00,0.2,2,2,3,0,0,10,1,0.777,1,0.83,0.67,AZ,,3.77,1.36,R
Joe Ross,2024/9/21 00:00,1.1,2,2,3,1,2,30,2,0.777,1,0.5,1.33,AZ,,3.77,1.36,R
Joe Ross,2024/9/24 00:00,1,0,0,1,1,1,24,3,0.672,0,0.77,1.33,PIT,,3.77,1.36,R
Joe Ross,2024/9/27 00:00,3,0,0,2,1,3,38,3,0.734,1,1.7,0.67,NYM,,3.77,1.36,R
Joe Ross,2024/10/2 00:00,1.1,0,0,0,1,0,12,5,0.734,1,1.7,0,NYM,,3.77,1.36,R
Joe Ross,2024/10/3 00:00,0.1,0,0,0,0,0,1,1,0.734,1,1.4,0,NYM,,3.77,1.36,R
Joe Ryan,2024/3/30 00:00,5.1,1,1,3,1,5,81,5,0.71,0,5.1,1,KC,,3.6,0.99,R
Joe Ryan,2024/4/6 00:00,6,3,3,5,0,7,90,7,0.703,1,5.55,2,CLE,,3.6,0.99,R
Joe Ryan,2024/4/13 00:00,6,1,3,6,1,12,96,7,0.685,0,5.7,1.67,DET,,3.6,0.99,R
Joe Ryan,2024/4/19 00:00,5.1,3,4,7,1,6,93,6,0.685,1,5.7,2.33,DET,,3.6,0.99,R
Joe Ryan,2024/4/24 00:00,6,3,3,4,1,8,92,5,0.618,1,5.7,2.33,CWS,,3.6,0.99,R
Joe Ryan,2024/4/29 00:00,6,2,2,6,1,3,86,5,0.618,0,5.7,2.67,CWS,,3.6,0.99,R
Joe Ryan,2024/5/5 00:00,6,3,3,4,1,5,95,6,0.741,1,6,2.67,BOS,,3.6,0.99,R
Joe Ryan,2024/5/10 00:00,7,1,1,6,0,7,104,5,0.703,0,6.33,2,TOR,,3.6,0.99,R
Joe Ryan,2024/5/16 00:00,5.1,4,4,6,1,5,93,6,0.761,1,6.03,2.67,NYY,,3.6,0.99,R
Joe Ryan,2024/5/21 00:00,7,0,0,3,2,6,95,5,0.684,0,6.37,1.67,WSH,,3.6,0.99,R
Joe Ryan,2024/5/27 00:00,7,1,1,4,0,9,99,6,0.71,1,6.37,1.67,KC,,3.6,0.99,R
Joe Ryan,2024/6/1 00:00,5,5,5,8,2,4,95,5,0.741,0,6.33,2,HOU,,3.6,0.99,R
Joe Ryan,2024/6/7 00:00,7,2,2,2,2,8,92,6,0.672,0,6.33,2.67,PIT,,3.6,0.99,R
Joe Ryan,2024/6/13 00:00,7,2,2,3,1,5,95,6,0.694,1,6.33,3,OAK,,3.6,0.99,R
Joe Ryan,2024/6/19 00:00,6,1,1,6,1,5,94,6,0.669,1,6.67,1.67,TB,,3.6,0.99,R
Joe Ryan,2024/6/25 00:00,6,4,4,6,0,5,86,6,0.777,0,6.33,2.33,AZ,,3.6,0.99,R
Joe Ryan,2024/6/30 00:00,5.2,1,2,6,0,10,99,5,0.687,0,5.73,2,SEA,,3.6,0.99,R
Joe Ryan,2024/7/6 00:00,5.2,3,3,5,1,8,110,6,0.741,1,5.47,2.67,HOU,,3.6,0.99,R
Joe Ryan,2024/7/12 00:00,5.1,5,5,6,3,6,98,6,0.701,0,5.17,3,SF,,3.6,0.99,R
Joe Ryan,2024/7/21 00:00,6,4,4,7,0,6,88,9,0.729,1,5.43,4,MIL,,3.6,0.99,R
Joe Ryan,2024/7/27 00:00,6,2,3,3,1,8,89,6,0.685,0,5.7,3.67,DET,,3.6,0.99,R
Joe Ryan,2024/8/2 00:00,6.1,2,2,3,3,7,103,6,0.618,1,6.03,2.67,CWS,,3.6,0.99,R
Joe Ryan,2024/8/7 00:00,2,1,1,1,0,2,29,5,0.71,0,4.7,1.67,CHC,,3.6,0.99,R
Johnny Cueto,2024/8/21 00:00,6.1,3,3,8,2,1,84,5,0.71,0,6.1,3,KC,,7.15,1.5,R
Johnny Cueto,2024/8/27 00:00,5,6,6,6,1,5,83,6,0.685,0,5.55,4.5,DET,,7.15,1.5,R
John Means,2024/5/4 00:00,7,0,0,3,0,8,85,5,0.693,0,7,0,CIN,,2.61,0.87,L
John Means,2024/5/11 00:00,4.2,4,4,6,0,3,89,7,0.777,1,5.6,2,AZ,,2.61,0.87,L
John Means,2024/5/17 00:00,6,2,2,6,0,4,95,6,0.687,1,5.73,2,SEA,,2.61,0.87,L
John Means,2024/5/22 00:00,3,0,0,1,2,1,51,5,0.703,0,4.4,2,STL,,2.61,0.87,L
Jonathan Bowlan,2024/4/29 00:00,2.2,4,4,6,3,3,68,5,0.703,0,2.2,4,TOR,,13.5,3.38,R
Jonathan Cannon,2024/4/17 00:00,5,1,1,3,1,3,79,5,0.71,1,5,1,KC,,4.49,1.33,R
Jonathan Cannon,2024/4/22 00:00,3.2,6,6,9,1,5,75,5,0.726,0,4.1,3.5,MIN,,4.49,1.33,R
Jonathan Cannon,2024/4/27 00:00,5,4,4,8,2,5,102,5,0.669,1,4.4,3.67,TB,,4.49,1.33,R
Jonathan Cannon,2024/6/7 00:00,3,0,0,3,0,4,60,41,0.741,1,3.73,3.33,BOS,,4.49,1.33,R
Jonathan Cannon,2024/6/12 00:00,7,1,1,4,1,7,104,5,0.687,0,5,1.67,SEA,,4.49,1.33,R
Jonathan Cannon,2024/6/18 00:00,8.2,0,0,7,1,4,106,6,0.741,1,6.07,0.33,HOU,,4.49,1.33,R
Jonathan Cannon,2024/6/23 00:00,1,5,8,7,0,1,42,5,0.685,0,5.4,2,DET,,4.49,1.33,R
Jonathan Cannon,2024/6/29 00:00,5.2,3,3,3,1,3,89,6,0.704,1,4.8,2.67,COL,,4.49,1.33,R
Jonathan Cannon,2024/7/7 00:00,6,1,1,3,4,3,89,8,0.678,0,4.07,3,MIA,,4.49,1.33,R
Jonathan Cannon,2024/7/12 00:00,6,4,4,7,2,4,92,5,0.672,1,5.73,2.67,PIT,,4.49,1.33,R
Jonathan Cannon,2024/7/20 00:00,6,4,4,8,0,4,91,8,0.71,0,6,3,KC,,4.49,1.33,R
Jonathan Cannon,2024/7/25 00:00,6,2,2,8,2,1,95,5,0.686,0,6,3.33,TEX,,4.49,1.33,R
Jonathan Cannon,2024/7/30 00:00,7,1,1,1,3,2,94,5,0.71,1,6.33,2.33,KC,,4.49,1.33,R
Jonathan Cannon,2024/8/6 00:00,6,1,1,6,2,5,96,7,0.694,0,6.33,1.33,OAK,,4.49,1.33,R
Jonathan Cannon,2024/8/13 00:00,4.2,3,3,5,3,4,95,7,0.761,1,5.73,1.67,NYY,,4.49,1.33,R
Jonathan Cannon,2024/8/19 00:00,6,5,5,8,1,4,90,6,0.701,0,5.4,3,SF,,4.49,1.33,R
Jonathan Cannon,2024/8/25 00:00,4,5,5,8,4,4,93,6,0.685,1,4.73,4.33,DET,,4.49,1.33,R
Jonathan Cannon,2024/8/30 00:00,5,4,4,5,4,3,92,5,0.734,1,5,4.67,NYM,,4.49,1.33,R
Jonathan Cannon,2024/9/4 00:00,5.2,1,1,5,1,4,95,5,0.751,0,4.73,3.33,BAL,,4.49,1.33,R
Jonathan Cannon,2024/9/10 00:00,5.1,3,3,7,1,4,91,6,0.703,1,5.1,2.67,CLE,,4.49,1.33,R
Jonathan Cannon,2024/9/16 00:00,6.2,4,4,3,2,7,100,6,0.671,0,5.5,2.67,LAA,,4.49,1.33,R
Jonathan Cannon,2024/9/24 00:00,6,0,0,3,1,7,78,8,0.671,1,5.77,2.33,LAA,,4.49,1.33,R
Jonathan Cannon,2024/9/29 00:00,5,4,4,4,3,3,80,5,0.685,0,5.73,2.67,DET,,4.49,1.33,R
Jon Gray,2024/3/31 00:00,3.2,5,5,7,3,2,68,5,0.71,1,3.2,5,CHC,,4.47,1.31,R
Jon Gray,2024/4/6 00:00,3.2,0,2,5,3,3,84,6,0.741,1,3.2,2.5,HOU,,4.47,1.31,R
Jon Gray,2024/4/11 00:00,5,1,1,3,1,9,91,5,0.694,1,3.8,2,OAK,,4.47,1.31,R
Jon Gray,2024/4/16 00:00,6,1,2,3,3,7,97,5,0.685,0,4.73,0.67,DET,,4.47,1.31,R
Jon Gray,2024/4/20 00:00,1.2,0,0,0,0,4,24,4,0.724,0,4.07,0.67,ATL,,4.47,1.31,R
Jon Gray,2024/4/24 00:00,4.2,1,1,7,1,7,93,4,0.687,1,3.8,0.67,SEA,,4.47,1.31,R
Jon Gray,2024/4/30 00:00,8,1,1,3,0,3,98,6,0.684,1,4.47,0.67,WSH,,4.47,1.31,R
Jon Gray,2024/5/5 00:00,7,2,2,7,0,7,99,5,0.71,0,6.4,1.33,KC,,4.47,1.31,R
Jon Gray,2024/5/10 00:00,6,1,1,8,1,7,91,5,0.704,0,7,1.33,COL,,4.47,1.31,R
Jon Gray,2024/5/15 00:00,6.1,0,0,4,2,3,94,5,0.703,1,6.37,1,CLE,,4.47,1.31,R
Jon Gray,2024/5/21 00:00,5,2,2,4,3,4,75,6,0.75,0,5.7,1,PHI,,4.47,1.31,R
Jon Gray,2024/6/8 00:00,2.1,0,0,1,1,4,37,18,0.701,1,4.4,0.67,SF,,4.47,1.31,R
Jon Gray,2024/6/12 00:00,3,1,1,4,1,3,65,4,0.781,0,3.37,1,LAD,,4.47,1.31,R
Jon Gray,2024/6/17 00:00,3,9,9,11,0,2,55,5,0.734,1,2.7,3.33,NYM,,4.47,1.31,R
Jon Gray,2024/6/22 00:00,6,0,0,2,0,3,72,5,0.71,1,4,3.33,KC,,4.47,1.31,R
Jon Gray,2024/6/27 00:00,5,8,8,9,1,1,73,5,0.751,0,4.67,5.67,BAL,,4.47,1.31,R
Jon Gray,2024/7/3 00:00,4,3,3,7,2,2,77,6,0.745,1,5,3.67,SD,,4.47,1.31,R
Jon Gray,2024/7/8 00:00,5,3,3,5,1,2,78,5,0.671,0,4.67,4.67,LAA,,4.47,1.31,R
Jon Gray,2024/7/19 00:00,1,0,0,1,0,0,20,11,0.751,1,3.33,2,BAL,,4.47,1.31,R
Jon Gray,2024/7/23 00:00,7.2,1,1,4,0,5,80,4,0.618,1,4.4,1.33,CWS,,4.47,1.31,R
Jon Gray,2024/8/20 00:00,2,1,1,2,1,2,27,28,0.672,1,3.4,0.67,PIT,,4.47,1.31,R
Jon Gray,2024/8/24 00:00,2,7,7,7,2,1,53,4,0.703,0,3.73,3,CLE,,4.47,1.31,R
Jon Gray,2024/8/30 00:00,4.2,4,4,3,2,5,72,6,0.694,1,2.73,4,OAK,,4.47,1.31,R
Jordan Hicks,2024/3/30 00:00,5,0,0,3,1,6,81,5,0.745,0,5,0,SD,,4.1,1.45,R
Jordan Hicks,2024/4/5 00:00,7,1,2,5,0,5,91,6,0.745,1,6,0.5,SD,,4.1,1.45,R
Jordan Hicks,2024/4/10 00:00,6,1,1,4,2,2,79,5,0.684,1,6,0.67,WSH,,4.1,1.45,R
Jordan Hicks,2024/4/16 00:00,5,2,2,3,3,5,86,6,0.678,0,6,1.33,MIA,,4.1,1.45,R
Jordan Hicks,2024/4/21 00:00,5,1,1,1,4,0,96,5,0.777,1,5.33,1.33,AZ,,4.1,1.45,R
Jordan Hicks,2024/4/27 00:00,6,1,1,5,0,9,88,6,0.672,1,5.33,1.33,PIT,,4.1,1.45,R
Jordan Hicks,2024/5/3 00:00,4,2,4,4,4,3,88,6,0.75,0,5,1.33,PHI,,4.1,1.45,R
Jordan Hicks,2024/5/8 00:00,5,3,3,7,2,5,92,5,0.704,0,5,2,COL,,4.1,1.45,R
Jordan Hicks,2024/5/13 00:00,5,2,2,7,0,4,93,5,0.781,1,4.67,2.33,LAD,,4.1,1.45,R
Jordan Hicks,2024/5/19 00:00,5,1,1,3,1,1,72,6,0.704,1,5,2,COL,,4.1,1.45,R
Jordan Hicks,2024/5/25 00:00,5,1,1,2,2,8,87,6,0.734,0,5,1.33,NYM,,4.1,1.45,R
Jordan Hicks,2024/5/31 00:00,5.1,4,5,7,0,4,101,6,0.761,1,5.03,2,NYY,,4.1,1.45,R
Jordan Hicks,2024/6/5 00:00,3.2,2,2,6,4,7,92,5,0.777,0,4.43,2.33,AZ,,4.1,1.45,R
Jordan Hicks,2024/6/11 00:00,4.2,3,3,5,1,5,73,6,0.741,1,4.17,3,HOU,,4.1,1.45,R
Jordan Hicks,2024/6/17 00:00,5,0,0,4,4,4,87,6,0.71,0,4.13,1.67,CHC,,4.1,1.45,R
Jordan Hicks,2024/6/22 00:00,4,5,5,6,3,1,88,5,0.703,0,4.4,2.67,STL,,4.1,1.45,R
Jordan Hicks,2024/6/27 00:00,5,3,3,5,2,7,94,5,0.71,1,4.67,2.67,CHC,,4.1,1.45,R
Jordan Hicks,2024/7/3 00:00,5,3,3,8,2,6,89,6,0.724,0,4.67,3.67,ATL,,4.1,1.45,R
Jordan Hicks,2024/7/11 00:00,4.1,5,5,8,1,1,88,8,0.703,1,4.7,3.67,TOR,,4.1,1.45,R
Jordan Hicks,2024/7/23 00:00,3.2,4,4,3,5,7,92,12,0.781,0,4.1,4,LAD,,4.1,1.45,R
Jordan Hicks,2024/7/28 00:00,2,2,2,3,0,1,35,5,0.704,1,3.1,3.67,COL,,4.1,1.45,R
Jordan Hicks,2024/8/3 00:00,2,0,0,1,1,1,31,6,0.693,0,2.4,2,CIN,,4.1,1.45,R
Jordan Hicks,2024/8/8 00:00,1,0,0,1,1,0,15,5,0.684,0,1.67,0.67,WSH,,4.1,1.45,R
Jordan Hicks,2024/8/11 00:00,1,0,0,2,0,1,17,3,0.685,1,1.33,0,DET,,4.1,1.45,R
Jordan Hicks,2024/8/13 00:00,1,0,0,1,0,1,14,2,0.724,1,1,0,ATL,,4.1,1.45,R
Jordan Hicks,2024/8/17 00:00,1,0,0,1,1,0,19,4,0.694,0,1,0,OAK,,4.1,1.45,R
Jordan Hicks,2024/8/19 00:00,1,0,0,2,0,0,22,2,0.618,1,1,0,CWS,,4.1,1.45,R
Jordan Hicks,2024/8/24 00:00,0.2,1,1,1,2,1,20,5,0.687,0,0.73,0.33,SEA,,4.1,1.45,R
Jordan Hicks,2024/9/14 00:00,1.1,3,3,4,1,1,29,21,0.745,1,0.77,1.33,SD,,4.1,1.45,R
Jordan Montgomery,2024/4/19 00:00,6,1,1,4,0,3,79,5,0.701,0,6,1,SF,,6.23,1.65,L
Jordan Montgomery,2024/4/24 00:00,7,3,3,7,1,4,87,5,0.703,0,6.5,2,STL,,6.23,1.65,L
Jordan Montgomery,2024/5/1 00:00,3,6,6,6,3,1,63,7,0.781,1,5.33,3.33,LAD,,6.23,1.65,L
Jordan Montgomery,2024/5/8 00:00,7,2,2,7,2,2,95,7,0.693,0,5.67,3.67,CIN,,6.23,1.65,L
Jordan Montgomery,2024/5/13 00:00,5.1,3,3,7,3,7,101,5,0.693,1,5.03,3.67,CIN,,6.23,1.65,L
Jordan Montgomery,2024/5/19 00:00,6,4,4,5,2,3,92,6,0.685,1,6.03,3,DET,,6.23,1.65,L
Jordan Montgomery,2024/5/25 00:00,6,2,2,9,1,4,77,6,0.678,1,5.7,3,MIA,,6.23,1.65,L
Jordan Montgomery,2024/5/31 00:00,4,8,8,10,3,4,83,6,0.734,0,5.33,4.67,NYM,,6.23,1.65,L
Jordan Montgomery,2024/6/5 00:00,2,6,6,7,3,1,61,5,0.701,1,4,5.33,SF,,6.23,1.65,L
Jordan Montgomery,2024/6/11 00:00,5.2,3,3,6,1,3,87,6,0.671,1,3.73,5.67,LAA,,6.23,1.65,L
Jordan Montgomery,2024/6/16 00:00,5,0,1,4,2,7,84,5,0.618,1,4.07,3,CWS,,6.23,1.65,L
Jordan Montgomery,2024/6/21 00:00,6,2,2,5,1,5,83,5,0.75,0,5.4,1.67,PHI,,6.23,1.65,L
Jordan Montgomery,2024/6/27 00:00,2.2,7,8,10,1,1,74,6,0.726,1,4.4,3,MIN,,6.23,1.65,L
Jordan Montgomery,2024/7/23 00:00,5,1,1,3,1,2,67,26,0.71,0,4.4,3.33,KC,,6.23,1.65,L
Jordan Montgomery,2024/7/29 00:00,4,6,6,9,3,1,78,6,0.684,1,3.73,4.67,WSH,,6.23,1.65,L
Jordan Montgomery,2024/8/3 00:00,3,1,1,1,2,3,53,5,0.672,0,4,2.67,PIT,,6.23,1.65,L
Jordan Montgomery,2024/8/8 00:00,5.2,4,4,8,3,4,92,5,0.75,1,4.07,3.67,PHI,,6.23,1.65,L
Jordan Montgomery,2024/8/14 00:00,6,3,3,5,3,8,106,6,0.704,1,4.73,2.67,COL,,6.23,1.65,L
Jordan Montgomery,2024/8/21 00:00,5.2,6,6,10,1,4,88,7,0.678,0,5.47,4.33,MIA,,6.23,1.65,L
Jordan Montgomery,2024/8/27 00:00,4.1,0,0,5,1,2,70,6,0.734,1,5.1,3,NYM,,6.23,1.65,L
Jordan Montgomery,2024/9/2 00:00,2.2,3,3,3,1,1,43,6,0.781,1,3.83,3,LAD,,6.23,1.65,L
Jordan Montgomery,2024/9/6 00:00,3,4,4,4,1,3,60,4,0.741,0,3.1,2.33,HOU,,6.23,1.65,L
Jordan Montgomery,2024/9/11 00:00,3,0,0,2,1,0,38,5,0.686,1,2.73,2.33,TEX,,6.23,1.65,L
Jordan Montgomery,2024/9/17 00:00,4.2,3,3,6,2,4,79,6,0.704,0,3.4,2.33,COL,,6.23,1.65,L
Jordan Montgomery,2024/9/22 00:00,4.1,3,3,6,2,6,91,5,0.729,0,3.77,2,MIL,,6.23,1.65,L
Jordan Wicks,2024/3/31 00:00,4,2,5,5,3,6,85,5,0.686,0,4,2,TEX,,5.48,1.63,L
Jordan Wicks,2024/4/6 00:00,4.2,2,2,6,1,7,100,6,0.781,1,4.1,2,LAD,,5.48,1.63,L
Jordan Wicks,2024/4/12 00:00,4,4,4,5,4,6,94,6,0.687,0,4.07,2.67,SEA,,5.48,1.63,L
Jordan Wicks,2024/4/17 00:00,4.1,2,2,5,1,5,74,5,0.777,0,4.1,2.67,AZ,,5.48,1.63,L
Jordan Wicks,2024/4/23 00:00,6,2,2,5,0,4,86,6,0.741,1,4.7,2.67,HOU,,5.48,1.63,L
Jordan Wicks,2024/6/8 00:00,3.1,1,1,3,1,2,52,46,0.693,0,4.4,1.67,CIN,,5.48,1.63,L
Jordan Wicks,2024/6/14 00:00,1.2,0,0,2,0,2,28,6,0.703,1,3.43,1,STL,,5.48,1.63,L
Jordan Wicks,2024/9/1 00:00,5,1,1,4,0,0,69,79,0.684,0,3.1,0.67,WSH,,5.48,1.63,L
Jordan Wicks,2024/9/6 00:00,5,3,3,5,4,4,95,5,0.761,1,3.73,1.33,NYY,,5.48,1.63,L
Jordan Wicks,2024/9/11 00:00,3,7,7,8,4,2,78,5,0.781,0,4.33,3.67,LAD,,5.48,1.63,L
Jordan Wicks,2024/9/17 00:00,5,4,4,7,2,4,91,6,0.694,1,4.33,4.67,OAK,,5.48,1.63,L
Jose Quintana,2024/3/29 00:00,4.2,2,2,6,2,4,85,5,0.729,1,4.2,2,MIL,,3.75,1.25,L
Jose Quintana,2024/4/5 00:00,5.2,1,1,5,4,4,102,7,0.693,0,4.7,1.5,CIN,,3.75,1.25,L
Jose Quintana,2024/4/11 00:00,5.1,3,3,5,2,4,100,6,0.724,0,4.83,2,ATL,,3.75,1.25,L
Jose Quintana,2024/4/16 00:00,5,1,1,4,3,4,93,5,0.672,1,5.1,1.67,PIT,,3.75,1.25,L
Jose Quintana,2024/4/22 00:00,5,5,5,7,3,4,91,6,0.701,0,5.03,3,SF,,3.75,1.25,L
Jose Quintana,2024/4/28 00:00,8,1,1,3,1,3,99,6,0.703,1,6,2.33,STL,,3.75,1.25,L
Jose Quintana,2024/5/3 00:00,2.2,8,8,10,1,2,65,5,0.669,0,5.07,4.67,TB,,3.75,1.25,L
Jose Quintana,2024/5/10 00:00,5,4,4,6,2,3,85,7,0.724,1,5.07,4.33,ATL,,3.75,1.25,L
Jose Quintana,2024/5/16 00:00,5.1,2,2,4,0,4,81,6,0.75,0,4.1,4.67,PHI,,3.75,1.25,L
Jose Quintana,2024/5/22 00:00,6,3,3,4,0,4,70,6,0.703,0,5.37,3,CLE,,3.75,1.25,L
Jose Quintana,2024/5/28 00:00,6,3,3,8,0,3,89,6,0.781,1,5.7,2.67,LAD,,3.75,1.25,L
Jose Quintana,2024/6/2 00:00,4,3,3,4,3,4,84,5,0.777,1,5.33,3,AZ,,3.75,1.25,L
Jose Quintana,2024/6/9 00:00,3.2,3,3,6,2,1,69,7,0.75,0,4.4,3,PHI,,3.75,1.25,L
Jose Quintana,2024/6/15 00:00,6,1,1,2,2,6,88,6,0.745,1,4.4,2.33,SD,,3.75,1.25,L
Jose Quintana,2024/6/21 00:00,6.1,0,1,4,1,8,103,6,0.71,0,5.1,1.33,CHC,,3.75,1.25,L
Jose Quintana,2024/6/28 00:00,4,2,2,6,3,7,93,7,0.741,1,5.37,1,HOU,,3.75,1.25,L
Jose Quintana,2024/7/4 00:00,7,0,0,4,3,1,95,6,0.684,0,5.7,0.67,WSH,,3.75,1.25,L
Jose Quintana,2024/7/9 00:00,7,0,0,1,1,5,103,5,0.684,1,6,0.67,WSH,,3.75,1.25,L
Jose Quintana,2024/7/14 00:00,5.2,5,5,6,1,8,86,5,0.704,1,6.4,1.67,COL,,3.75,1.25,L
Jose Quintana,2024/7/23 00:00,5,1,1,3,5,6,94,9,0.761,0,5.73,2,NYY,,3.75,1.25,L
Jose Quintana,2024/7/29 00:00,6,1,1,5,1,5,97,6,0.726,1,5.4,2.33,MIN,,3.75,1.25,L
Jose Quintana,2024/8/4 00:00,5,3,3,3,4,4,96,6,0.671,0,5.33,1.67,LAA,,3.75,1.25,L
Jose Quintana,2024/8/9 00:00,6.2,5,5,4,2,8,100,5,0.687,0,5.73,3,SEA,,3.75,1.25,L
Jose Quintana,2024/8/15 00:00,4,4,4,7,4,1,92,6,0.694,1,5.07,4,OAK,,3.75,1.25,L
Jose Quintana,2024/8/20 00:00,5,7,7,8,2,3,90,5,0.751,1,5.07,5.33,BAL,,3.75,1.25,L
Jose Quintana,2024/8/25 00:00,6.1,0,0,4,2,0,95,5,0.745,0,5.03,3.67,SD,,3.75,1.25,L
Jose Quintana,2024/8/31 00:00,5,1,2,6,3,6,98,6,0.618,0,5.37,2.67,CWS,,3.75,1.25,L
Jose Quintana,2024/9/7 00:00,6.2,0,0,5,2,6,100,7,0.693,1,5.77,0.33,CIN,,3.75,1.25,L
Jose Quintana,2024/9/13 00:00,7,0,0,3,0,4,94,6,0.75,0,6.07,0.33,PHI,,3.75,1.25,L
Jose Quintana,2024/9/18 00:00,7,0,0,2,2,4,90,5,0.684,1,6.73,0,WSH,,3.75,1.25,L
Jose Quintana,2024/9/28 00:00,4.1,2,2,5,2,9,92,10,0.729,0,6.03,0.67,MIL,,3.75,1.25,L
Jose Quintana,2024/10/3 00:00,6,0,0,4,1,5,94,5,0.729,0,5.7,0.67,MIL,,3.75,1.25,L
Jose Quintana,2024/10/9 00:00,5,0,1,2,2,6,90,6,0.75,1,5.03,0.67,PHI,,3.75,1.25,L
Jose Quintana,2024/10/17 00:00,3.1,5,5,5,4,2,83,8,0.781,1,4.7,1.67,LAD,,3.75,1.25,L
Josh Fleming,2024/3/28 00:00,0.1,0,0,0,0,0,1,5,0.678,0,0.1,0,MIA,,4.02,1.53,L
Josh Fleming,2024/3/29 00:00,3,1,1,2,1,3,58,1,0.678,0,1.55,0.5,MIA,,4.02,1.53,L
Josh Fleming,2024/4/3 00:00,1.2,0,0,1,0,2,26,5,0.684,0,1.43,0.33,WSH,,4.02,1.53,L
Josh Fleming,2024/4/6 00:00,0.1,0,0,0,0,0,2,3,0.751,1,1.43,0.33,BAL,,4.02,1.53,L
Josh Fleming,2024/4/8 00:00,1.1,0,1,2,1,0,28,2,0.685,1,0.8,0,DET,,4.02,1.53,L
Josh Fleming,2024/4/12 00:00,0.2,1,1,1,1,0,15,4,0.75,0,0.47,0.33,PHI,,4.02,1.53,L
Josh Fleming,2024/4/14 00:00,1,0,0,0,0,1,5,2,0.75,0,0.77,0.33,PHI,,4.02,1.53,L
Josh Fleming,2024/4/17 00:00,0.1,0,0,1,0,0,7,3,0.734,0,0.43,0.33,NYM,,4.02,1.53,L
Josh Fleming,2024/4/19 00:00,0.2,0,0,1,0,0,10,2,0.741,1,0.43,0,BOS,,4.02,1.53,L
Josh Fleming,2024/4/21 00:00,1,0,0,0,0,1,13,2,0.741,1,0.43,0,BOS,,4.02,1.53,L
Josh Fleming,2024/4/24 00:00,2.1,0,2,1,2,1,39,3,0.729,1,1.1,0,MIL,,4.02,1.53,L
Josh Fleming,2024/4/27 00:00,1.1,0,0,0,0,0,17,3,0.701,0,1.4,0,SF,,4.02,1.53,L
Josh Fleming,2024/4/30 00:00,2,2,2,2,1,2,30,3,0.694,0,1.73,0.67,OAK,,4.02,1.53,L
Josh Fleming,2024/5/7 00:00,1,2,2,3,1,2,28,7,0.671,1,1.37,1.33,LAA,,4.02,1.53,L
Josh Fleming,2024/5/10 00:00,1,0,0,3,0,0,17,3,0.71,1,1.33,1.33,CHC,,4.02,1.53,L
Josh Fleming,2024/5/11 00:00,0,1,1,1,1,0,11,1,0.71,1,0.67,1,CHC,,4.02,1.53,L
Josh Fleming,2024/5/13 00:00,1,5,6,5,1,1,40,2,0.729,0,0.67,2,MIL,,4.02,1.53,L
Josh Fleming,2024/6/16 00:00,4,0,0,4,0,2,52,34,0.704,0,1.67,2,COL,,4.02,1.53,L
Josh Fleming,2024/6/21 00:00,0.1,0,0,0,0,0,2,5,0.669,1,1.7,1.67,TB,,4.02,1.53,L
Josh Fleming,2024/6/24 00:00,1,0,0,0,1,0,16,3,0.693,0,1.7,0,CIN,,4.02,1.53,L
Josh Fleming,2024/6/25 00:00,1,1,1,3,0,1,15,1,0.693,0,0.7,0.33,CIN,,4.02,1.53,L
Josh Fleming,2024/7/2 00:00,1,0,0,1,0,0,10,7,0.703,1,1,0.33,STL,,4.02,1.53,L
Josh Fleming,2024/7/6 00:00,2,0,0,0,0,1,27,4,0.734,1,1.33,0.33,NYM,,4.02,1.53,L
Josh Fleming,2024/7/9 00:00,1,0,0,0,3,0,24,3,0.729,0,1.33,0,MIL,,4.02,1.53,L
Josh Fleming,2024/7/21 00:00,2,1,1,3,1,0,41,12,0.75,1,1.67,0.33,PHI,,4.02,1.53,L
Josh Winckowski,2024/3/29 00:00,2,0,0,1,2,4,41,5,0.687,0,2,0,SEA,,4.14,1.41,R
Josh Winckowski,2024/4/2 00:00,2,0,0,0,1,3,15,4,0.694,0,2,0,OAK,,4.14,1.41,R
Josh Winckowski,2024/4/5 00:00,1,0,4,2,0,2,25,3,0.671,0,1.67,0,LAA,,4.14,1.41,R
Josh Winckowski,2024/4/9 00:00,2.2,3,4,9,1,4,65,4,0.751,1,1.73,1,BAL,,4.14,1.41,R
Josh Winckowski,2024/4/13 00:00,2,0,0,0,1,2,28,4,0.671,1,1.73,1,LAA,,4.14,1.41,R
Josh Winckowski,2024/4/15 00:00,1,1,2,2,1,1,25,2,0.703,1,1.73,1.33,CLE,,4.14,1.41,R
Josh Winckowski,2024/4/16 00:00,1,2,3,2,2,1,26,1,0.703,1,1.33,1,CLE,,4.14,1.41,R
Josh Winckowski,2024/4/21 00:00,3.1,1,1,3,0,1,46,5,0.672,0,1.7,1.33,PIT,,4.14,1.41,R
Josh Winckowski,2024/4/27 00:00,3,0,0,3,0,1,52,6,0.71,1,2.37,1,CHC,,4.14,1.41,R
Josh Winckowski,2024/5/2 00:00,4.1,1,1,2,2,0,53,5,0.701,1,3.4,0.67,SF,,4.14,1.41,R
Josh Winckowski,2024/5/5 00:00,1,1,1,2,0,0,12,3,0.726,0,2.7,0.67,MIN,,4.14,1.41,R
Josh Winckowski,2024/5/8 00:00,1,0,0,1,1,0,27,3,0.724,0,2.03,0.67,ATL,,4.14,1.41,R
Josh Winckowski,2024/6/25 00:00,6,2,2,6,1,8,91,48,0.703,1,2.67,1,TOR,,4.14,1.41,R
Josh Winckowski,2024/6/30 00:00,5,0,0,4,0,1,58,5,0.745,1,4,0.67,SD,,4.14,1.41,R
Josh Winckowski,2024/7/6 00:00,3.2,3,3,5,2,4,66,6,0.761,0,4.73,1.67,NYY,,4.14,1.41,R
Josh Winckowski,2024/7/10 00:00,2.1,1,1,2,1,1,38,4,0.694,1,3.43,1.33,OAK,,4.14,1.41,R
Josh Winckowski,2024/7/20 00:00,1,0,0,2,1,0,15,10,0.781,0,2.1,1.33,LAD,,4.14,1.41,R
Josh Winckowski,2024/7/22 00:00,1,1,1,2,1,0,25,2,0.704,0,1.37,0.67,COL,,4.14,1.41,R
Josh Winckowski,2024/7/26 00:00,0.2,0,0,0,0,0,9,4,0.761,1,0.73,0.33,NYY,,4.14,1.41,R
Josh Winckowski,2024/7/27 00:00,0.1,1,1,0,2,0,18,1,0.761,1,0.43,0.67,NYY,,4.14,1.41,R
Josh Winckowski,2024/7/31 00:00,1,0,0,0,0,1,15,4,0.687,1,0.43,0.33,SEA,,4.14,1.41,R
Josh Winckowski,2024/8/2 00:00,0.2,1,1,1,0,1,9,2,0.686,0,0.43,0.67,TEX,,4.14,1.41,R
Josh Winckowski,2024/8/4 00:00,1,0,0,0,0,1,7,2,0.686,0,0.73,0.33,TEX,,4.14,1.41,R
Josh Winckowski,2024/8/7 00:00,2.2,1,1,1,1,1,39,3,0.71,0,1.13,0.67,KC,,4.14,1.41,R
Josh Winckowski,2024/8/10 00:00,3,1,1,2,0,1,38,3,0.741,1,2.07,0.67,HOU,,4.14,1.41,R
Josh Winckowski,2024/8/12 00:00,1,0,1,0,0,0,11,2,0.686,1,2.07,0.67,TEX,,4.14,1.41,R
Josh Winckowski,2024/8/14 00:00,1,3,3,3,0,1,14,2,0.686,1,1.67,1.33,TEX,,4.14,1.41,R
Josh Winckowski,2024/8/21 00:00,1,0,0,1,0,0,12,7,0.741,0,1,1,HOU,,4.14,1.41,R
Josh Winckowski,2024/8/23 00:00,3,6,6,8,1,3,55,2,0.777,1,1.67,3,AZ,,4.14,1.41,R
Josh Winckowski,2024/9/2 00:00,3,0,0,1,1,4,48,10,0.734,0,2.33,2,NYM,,4.14,1.41,R
Josh Winckowski,2024/9/6 00:00,1,0,0,0,0,0,11,4,0.618,1,2.33,2,CWS,,4.14,1.41,R
Josh Winckowski,2024/9/9 00:00,3,1,1,2,1,3,45,3,0.751,1,2.33,0.33,BAL,,4.14,1.41,R
Josh Winckowski,2024/9/12 00:00,0,0,1,1,0,0,5,3,0.761,0,1.33,0.33,NYY,,4.14,1.41,R
Josh Winckowski,2024/9/14 00:00,1,0,0,1,1,1,30,2,0.761,0,1.33,0.33,NYY,,4.14,1.41,R
Josh Winckowski,2024/9/17 00:00,3.1,3,3,5,1,4,61,3,0.669,0,1.37,1,TB,,4.14,1.41,R
Josh Winckowski,2024/9/20 00:00,1,0,0,1,0,0,13,3,0.726,1,1.7,1,MIN,,4.14,1.41,R
Josh Winckowski,2024/9/22 00:00,1.1,0,0,0,1,1,25,2,0.726,1,1.73,1,MIN,,4.14,1.41,R
Josh Winckowski,2024/9/25 00:00,1.2,2,2,4,0,3,41,3,0.703,0,1.1,0.67,TOR,,4.14,1.41,R
Josh Winckowski,2024/9/29 00:00,1,0,0,2,0,2,17,4,0.669,1,1.1,0.67,TB,,4.14,1.41,R
Josiah Gray,2024/3/28 00:00,4,7,7,8,2,6,80,5,0.693,0,4,7,CIN,,14.04,2.4,R
Josiah Gray,2024/4/4 00:00,4.1,6,6,7,3,3,96,7,0.672,1,4.05,6.5,PIT,,14.04,2.4,R
JP Sears,2024/3/30 00:00,3.2,5,5,6,2,1,83,5,0.703,1,3.2,5,CLE,,4.38,1.22,L
JP Sears,2024/4/5 00:00,5.2,4,4,6,1,1,91,6,0.685,0,4.2,4.5,DET,,4.38,1.22,L
JP Sears,2024/4/11 00:00,6.1,0,0,1,3,5,88,6,0.686,0,4.83,3,TEX,,4.38,1.22,L
JP Sears,2024/4/16 00:00,5,1,1,2,3,2,82,5,0.703,1,5.43,1.67,STL,,4.38,1.22,L
JP Sears,2024/4/22 00:00,6,0,0,3,1,7,91,6,0.761,0,5.7,0.33,NYY,,4.38,1.22,L
JP Sears,2024/4/27 00:00,6.1,7,7,8,1,8,98,5,0.751,0,5.7,2.67,BAL,,4.38,1.22,L
JP Sears,2024/5/3 00:00,6.1,0,0,4,1,6,95,6,0.678,1,6.07,2.33,MIA,,4.38,1.22,L
JP Sears,2024/5/8 00:00,5.2,4,4,8,1,3,88,5,0.686,1,5.8,3.67,TEX,,4.38,1.22,L
JP Sears,2024/5/14 00:00,5,1,1,5,1,2,100,6,0.741,0,5.43,1.67,HOU,,4.38,1.22,L
JP Sears,2024/5/19 00:00,4.1,4,4,5,2,4,65,5,0.71,0,4.77,3,KC,,4.38,1.22,L
JP Sears,2024/5/25 00:00,6,0,1,2,1,1,68,6,0.741,1,5.03,1.67,HOU,,4.38,1.22,L
JP Sears,2024/5/31 00:00,7,4,4,6,2,5,97,6,0.724,0,5.7,2.67,ATL,,4.38,1.22,L
JP Sears,2024/6/6 00:00,6,2,2,3,2,8,101,6,0.687,1,6.33,2,SEA,,4.38,1.22,L
JP Sears,2024/6/11 00:00,5,3,3,7,3,1,80,5,0.745,0,6,3,SD,,4.38,1.22,L
JP Sears,2024/6/16 00:00,4.1,4,4,9,4,1,95,5,0.726,0,5.03,3,MIN,,4.38,1.22,L
JP Sears,2024/6/22 00:00,1.1,8,8,9,0,1,50,6,0.726,1,3.4,5,MIN,,4.38,1.22,L
JP Sears,2024/6/28 00:00,6,3,3,5,1,6,83,6,0.777,0,3.73,5,AZ,,4.38,1.22,L
JP Sears,2024/7/4 00:00,5,0,0,2,1,6,95,6,0.671,1,4.03,3.67,LAA,,4.38,1.22,L
JP Sears,2024/7/10 00:00,5.2,1,1,4,2,8,114,6,0.741,0,5.4,1.33,BOS,,4.38,1.22,L
JP Sears,2024/7/19 00:00,5.2,2,3,9,0,4,81,9,0.671,1,5.13,1,LAA,,4.38,1.22,L
JP Sears,2024/7/24 00:00,6,7,8,9,0,3,82,5,0.741,1,5.47,3.33,HOU,,4.38,1.22,L
JP Sears,2024/7/30 00:00,7,0,0,3,1,9,95,6,0.701,0,6.07,3,SF,,4.38,1.22,L
JP Sears,2024/8/5 00:00,7,1,1,3,1,5,89,6,0.618,1,6.67,2.67,CWS,,4.38,1.22,L
JP Sears,2024/8/11 00:00,7,3,3,3,3,4,97,6,0.703,0,7,1.33,TOR,,4.38,1.22,L
JP Sears,2024/8/18 00:00,7.2,1,1,7,0,9,105,7,0.701,1,7.07,1.67,SF,,4.38,1.22,L
JP Sears,2024/8/23 00:00,3.2,5,7,9,1,3,90,5,0.729,1,5.8,3,MIL,,4.38,1.22,L
JP Sears,2024/8/30 00:00,7,1,1,5,2,4,97,7,0.686,0,5.8,2.33,TEX,,4.38,1.22,L
JP Sears,2024/9/4 00:00,6,5,5,5,1,5,94,5,0.687,1,5.4,3.67,SEA,,4.38,1.22,L
JP Sears,2024/9/10 00:00,6,0,0,4,2,1,82,6,0.741,0,6.33,2,HOU,,4.38,1.22,L
JP Sears,2024/9/15 00:00,6.1,4,4,7,1,4,86,5,0.618,0,6.03,3,CWS,,4.38,1.22,L
JP Sears,2024/9/21 00:00,5,6,6,9,2,6,93,6,0.761,1,5.7,3.33,NYY,,4.38,1.22,L
JP Sears,2024/9/27 00:00,6,2,2,4,3,4,102,6,0.687,0,5.7,4,SEA,,4.38,1.22,L
Julian Aguiar,2024/8/19 00:00,4,2,2,4,1,2,57,5,0.703,0,4,2,TOR,,6.25,1.33,R
Julian Aguiar,2024/8/24 00:00,6,2,2,3,2,4,91,5,0.672,0,5,2,PIT,,6.25,1.33,R
Julian Aguiar,2024/8/29 00:00,4,6,6,10,1,1,78,5,0.694,1,4.67,3.33,OAK,,6.25,1.33,R
Julian Aguiar,2024/9/2 00:00,2.2,2,2,2,2,2,53,4,0.741,1,4.07,3.33,HOU,,6.25,1.33,R
Julian Aguiar,2024/9/8 00:00,4.2,0,0,2,2,2,90,6,0.734,0,3.47,2.67,NYM,,6.25,1.33,R
Julian Aguiar,2024/9/13 00:00,6.1,3,3,3,2,4,86,5,0.726,0,4.17,1.67,MIN,,6.25,1.33,R
Julian Aguiar,2024/9/19 00:00,4,7,7,6,2,4,75,6,0.724,1,4.77,3.33,ATL,,6.25,1.33,R
Justin Steele,2024/3/28 00:00,4.2,1,1,3,1,6,67,5,0.686,0,4.2,1,TEX,,3.07,1.1,L
Justin Steele,2024/5/6 00:00,4.2,0,0,3,1,2,68,39,0.745,1,4.2,0.5,SD,,3.07,1.1,L
Justin Steele,2024/5/11 00:00,4,6,6,6,2,3,74,5,0.672,0,4.13,2.33,PIT,,3.07,1.1,L
Justin Steele,2024/5/16 00:00,5.2,4,5,6,1,7,88,5,0.672,1,4.47,3.33,PIT,,3.07,1.1,L
Justin Steele,2024/5/22 00:00,6.1,5,5,6,1,5,93,6,0.724,1,5.1,5,ATL,,3.07,1.1,L
Justin Steele,2024/5/27 00:00,7,0,0,3,1,8,93,5,0.729,0,6.1,3,MIL,,3.07,1.1,L
Justin Steele,2024/6/1 00:00,5,1,5,7,4,5,98,5,0.693,1,6.03,2,CIN,,3.07,1.1,L
Justin Steele,2024/6/7 00:00,7,1,3,5,1,7,90,6,0.693,0,6.33,0.67,CIN,,3.07,1.1,L
Justin Steele,2024/6/13 00:00,6,0,0,3,1,5,93,6,0.669,0,6,0.67,TB,,3.07,1.1,L
Justin Steele,2024/6/18 00:00,6.2,2,2,4,2,8,96,5,0.701,1,6.4,1,SF,,3.07,1.1,L
Justin Steele,2024/6/24 00:00,7.1,2,2,6,1,9,106,6,0.701,0,6.43,1.33,SF,,3.07,1.1,L
Justin Steele,2024/6/29 00:00,6,3,3,7,0,5,88,5,0.729,0,6.43,2.33,MIL,,3.07,1.1,L
Justin Steele,2024/7/5 00:00,9,1,1,2,2,7,95,6,0.671,1,7.37,2,LAA,,3.07,1.1,L
Justin Steele,2024/7/11 00:00,7,0,0,3,0,4,70,6,0.751,0,7.33,1.33,BAL,,3.07,1.1,L
Justin Steele,2024/7/19 00:00,4.2,5,5,9,2,6,94,8,0.777,1,6.73,2,AZ,,3.07,1.1,L
Justin Steele,2024/7/24 00:00,5.1,2,2,6,3,4,98,5,0.729,1,5.43,2.33,MIL,,3.07,1.1,L
Justin Steele,2024/7/30 00:00,5,5,5,6,4,7,93,6,0.693,0,4.77,4,CIN,,3.07,1.1,L
Justin Steele,2024/8/4 00:00,6.2,2,2,4,2,6,99,5,0.703,1,5.43,3,STL,,3.07,1.1,L
Justin Steele,2024/8/10 00:00,6,0,1,6,2,8,101,6,0.618,0,5.73,2.33,CWS,,3.07,1.1,L
Justin Steele,2024/8/17 00:00,2,0,0,0,1,3,36,7,0.703,1,4.73,0.67,TOR,,3.07,1.1,L
Justin Steele,2024/8/22 00:00,7,2,2,4,0,10,94,5,0.685,1,5,0.67,DET,,3.07,1.1,L
Justin Steele,2024/8/27 00:00,5,2,2,6,2,6,93,5,0.672,0,4.67,1.33,PIT,,3.07,1.1,L
Justin Steele,2024/9/18 00:00,2.2,0,0,2,3,1,57,22,0.694,1,4.73,1.33,OAK,,3.07,1.1,L
Justin Steele,2024/9/24 00:00,4,2,2,4,0,3,62,6,0.75,0,3.73,1.33,PHI,,3.07,1.1,L
Justin Verlander,2024/4/19 00:00,6,2,2,4,0,4,78,5,0.684,0,6,2,WSH,,5.48,1.38,R
Justin Verlander,2024/4/25 00:00,4.1,0,0,3,4,7,95,6,0.71,0,5.05,1,CHC,,5.48,1.38,R
Justin Verlander,2024/5/1 00:00,7,2,2,6,3,2,97,6,0.703,1,5.7,1.33,CLE,,5.48,1.38,R
Justin Verlander,2024/5/7 00:00,5,7,7,8,3,2,97,6,0.761,0,5.37,3,NYY,,5.48,1.38,R
Justin Verlander,2024/5/12 00:00,7,0,0,2,2,8,95,5,0.685,0,6.33,3,DET,,5.48,1.38,R
Justin Verlander,2024/5/18 00:00,4.2,4,4,4,2,3,98,6,0.729,1,5.4,3.67,MIL,,5.48,1.38,R
Justin Verlander,2024/5/24 00:00,6,1,2,8,0,9,99,6,0.694,0,5.73,1.67,OAK,,5.48,1.38,R
Justin Verlander,2024/5/29 00:00,7,1,1,3,1,9,98,5,0.687,0,5.73,2,SEA,,5.48,1.38,R
Justin Verlander,2024/6/3 00:00,5,4,4,7,2,4,104,5,0.703,1,6,2,STL,,5.48,1.38,R
Justin Verlander,2024/6/9 00:00,5,4,4,7,0,3,101,6,0.671,0,5.67,3,LAA,,5.48,1.38,R
Justin Verlander,2024/8/21 00:00,5,2,2,4,1,6,76,73,0.741,1,5,3.33,BOS,,5.48,1.38,R
Justin Verlander,2024/8/27 00:00,5,4,4,7,1,3,90,6,0.75,0,5,3.33,PHI,,5.48,1.38,R
Justin Verlander,2024/9/2 00:00,4.2,5,5,8,4,3,107,6,0.693,0,4.73,3.67,CIN,,5.48,1.38,R
Justin Verlander,2024/9/8 00:00,3,8,8,8,1,0,75,6,0.777,1,4.07,5.67,AZ,,5.48,1.38,R
Justin Verlander,2024/9/14 00:00,5,2,2,4,2,2,89,6,0.671,0,4.07,5,LAA,,5.48,1.38,R
Justin Verlander,2024/9/20 00:00,4.2,6,6,8,1,4,86,6,0.671,1,4.07,5.33,LAA,,5.48,1.38,R
Justin Verlander,2024/9/28 00:00,6,3,3,7,0,5,95,8,0.703,0,5.07,3.67,CLE,,5.48,1.38,R
Justin Wrobleski,2024/7/7 00:00,5,4,4,5,2,4,76,5,0.729,1,5,4,MIL,,5.7,1.38,L
Justin Wrobleski,2024/7/13 00:00,5,3,4,5,2,4,84,6,0.685,0,5,3.5,DET,,5.7,1.38,L
Justin Wrobleski,2024/7/20 00:00,4.1,0,0,3,2,5,83,7,0.741,1,4.7,2.33,BOS,,5.7,1.38,L
Justin Wrobleski,2024/7/27 00:00,5.2,2,2,4,1,2,82,7,0.741,0,4.77,1.67,HOU,,5.7,1.38,L
Justin Wrobleski,2024/8/16 00:00,5,4,4,4,2,3,79,20,0.703,0,4.77,2,STL,,5.7,1.38,L
Justin Wrobleski,2024/9/1 00:00,5.1,10,10,10,2,2,99,16,0.777,0,5.1,5.33,AZ,,5.7,1.38,L
Justin Wrobleski,2024/9/7 00:00,2,0,0,1,3,2,40,6,0.703,1,4.03,4.67,CLE,,5.7,1.38,L
Justin Wrobleski,2024/9/28 00:00,4,0,0,2,2,4,49,21,0.704,0,3.7,3.33,COL,,5.7,1.38,L
Keaton Winn,2024/4/1 00:00,5,3,3,4,1,6,89,5,0.781,0,5,3,LAD,,7.16,1.37,R
Keaton Winn,2024/4/6 00:00,6,4,4,3,3,1,80,5,0.745,1,5.5,3.5,SD,,7.16,1.37,R
Keaton Winn,2024/4/12 00:00,5,2,2,5,3,6,89,6,0.669,0,5.33,3,TB,,7.16,1.37,R
Keaton Winn,2024/4/17 00:00,6,1,1,4,1,4,81,5,0.678,0,5.67,2.33,MIA,,7.16,1.37,R
Keaton Winn,2024/4/22 00:00,6,1,1,4,1,6,87,5,0.734,1,5.67,1.33,NYM,,7.16,1.37,R
Keaton Winn,2024/4/28 00:00,6,1,1,3,1,5,80,6,0.672,1,6,1,PIT,,7.16,1.37,R
Keaton Winn,2024/5/4 00:00,0.2,5,5,4,2,0,39,6,0.75,0,4.07,2.33,PHI,,7.16,1.37,R
Keaton Winn,2024/5/9 00:00,3.2,7,7,8,0,1,51,5,0.704,0,3.13,4.33,COL,,7.16,1.37,R
Keaton Winn,2024/5/14 00:00,4,5,5,5,3,4,78,5,0.781,1,2.47,5.67,LAD,,7.16,1.37,R
Keaton Winn,2024/6/9 00:00,4.1,7,7,6,2,7,69,26,0.686,0,3.77,6.33,TEX,,7.16,1.37,R
Keaton Winn,2024/6/15 00:00,6,3,3,5,2,6,91,6,0.671,1,4.7,5,LAA,,7.16,1.37,R
Keaton Winn,2024/6/20 00:00,2.2,5,5,5,1,2,43,5,0.703,0,4.1,5,STL,,7.16,1.37,R
Keider Montero,2024/5/29 00:00,4.1,4,4,5,1,5,87,5,0.672,1,4.1,4,PIT,,4.76,1.33,R
Keider Montero,2024/6/26 00:00,4.1,5,5,5,3,6,94,28,0.75,1,4.1,4.5,PHI,,4.76,1.33,R
Keider Montero,2024/7/3 00:00,6.1,2,2,6,1,4,80,7,0.726,0,4.77,3.67,MIN,,4.76,1.33,R
Keider Montero,2024/7/8 00:00,6.1,0,0,3,1,4,73,5,0.703,1,5.43,2.33,CLE,,4.76,1.33,R
Keider Montero,2024/7/13 00:00,5,5,5,7,4,4,92,5,0.781,1,5.73,2.33,LAD,,4.76,1.33,R
Keider Montero,2024/7/21 00:00,5.1,5,5,8,0,3,72,8,0.703,0,5.4,3.33,TOR,,4.76,1.33,R
Keider Montero,2024/7/26 00:00,5,5,6,8,1,5,96,5,0.726,1,5.03,5,MIN,,4.76,1.33,R
Keider Montero,2024/8/1 00:00,7,4,4,6,1,3,88,6,0.71,1,5.7,4.67,KC,,4.76,1.33,R
Keider Montero,2024/8/6 00:00,6,1,1,4,1,8,85,5,0.687,0,6,3.33,SEA,,4.76,1.33,R
Keider Montero,2024/8/11 00:00,5,4,4,5,4,2,85,5,0.701,0,6,3,SF,,4.76,1.33,R
Keider Montero,2024/8/17 00:00,5,0,0,2,2,5,87,6,0.761,1,5.33,1.67,NYY,,4.76,1.33,R
Keider Montero,2024/8/23 00:00,5,2,2,6,2,4,88,6,0.618,0,5,2,CWS,,4.76,1.33,R
Keider Montero,2024/8/29 00:00,5,3,3,5,3,5,89,6,0.671,1,5,1.67,LAA,,4.76,1.33,R
Keider Montero,2024/9/4 00:00,4.1,5,5,7,2,2,71,6,0.745,0,4.7,3.33,SD,,4.76,1.33,R
Keider Montero,2024/9/10 00:00,9,0,0,3,0,5,96,6,0.704,1,6.03,2.67,COL,,4.76,1.33,R
Keider Montero,2024/9/15 00:00,5,0,0,5,1,1,63,5,0.751,1,6.03,1.67,BAL,,4.76,1.33,R
Keider Montero,2024/9/20 00:00,4.2,5,5,7,1,7,82,5,0.751,0,6.07,1.67,BAL,,4.76,1.33,R
Keider Montero,2024/9/25 00:00,2.2,1,1,4,2,2,55,5,0.669,1,3.8,2,TB,,4.76,1.33,R
Keider Montero,2024/9/29 00:00,3,1,2,4,1,2,56,4,0.618,1,3.13,2.33,CWS,,4.76,1.33,R
Keider Montero,2024/10/5 00:00,2,0,0,1,0,3,25,6,0.703,0,2.4,0.67,CLE,,4.76,1.33,R
Keider Montero,2024/10/9 00:00,1,0,0,0,0,0,6,4,0.703,1,2,0.33,CLE,,4.76,1.33,R
Kenny Rosenberg,2024/7/11 00:00,6,6,6,8,3,4,95,5,0.687,1,6,6,SEA,,6,1.5,L
Kenny Rosenberg,2024/7/20 00:00,4,1,1,4,1,3,69,9,0.694,0,5,3.5,OAK,,6,1.5,L
Kenny Rosenberg,2024/7/25 00:00,3.1,6,6,6,1,1,65,5,0.694,1,4.37,4.33,OAK,,6,1.5,L
Kenny Rosenberg,2024/8/13 00:00,5,1,1,2,2,4,78,19,0.703,1,4.03,2.67,TOR,,6,1.5,L
Kenny Rosenberg,2024/9/18 00:00,1.1,0,1,1,0,1,17,36,0.618,1,3.07,2.33,CWS,,6,1.5,L
Kenny Rosenberg,2024/9/20 00:00,1.1,2,2,3,1,0,31,2,0.741,0,2.4,1,HOU,,6,1.5,L
Kenny Rosenberg,2024/9/26 00:00,3,0,0,4,0,4,48,6,0.618,0,1.73,0.67,CWS,,6,1.5,L
Kenta Maeda,2024/3/30 00:00,3.1,6,6,7,1,2,71,5,0.618,0,3.1,6,CWS,,6.09,1.38,R
Kenta Maeda,2024/4/6 00:00,5.2,3,3,2,4,3,87,7,0.694,1,4.15,4.5,OAK,,6.09,1.38,R
Kenta Maeda,2024/4/13 00:00,6,1,2,5,0,5,87,7,0.726,1,4.77,3.33,MIN,,6.09,1.38,R
Kenta Maeda,2024/4/18 00:00,2.2,5,6,7,2,2,63,5,0.686,1,4.47,3,TEX,,6.09,1.38,R
Kenta Maeda,2024/4/23 00:00,5,0,0,3,0,5,88,5,0.669,0,4.4,2,TB,,6.09,1.38,R
Kenta Maeda,2024/5/1 00:00,6,1,1,4,0,5,79,8,0.703,1,4.4,2,STL,,6.09,1.38,R
Kenta Maeda,2024/5/7 00:00,2,7,7,5,3,1,59,6,0.703,0,4.33,2.67,CLE,,6.09,1.38,R
Kenta Maeda,2024/5/24 00:00,5,0,0,4,0,1,74,17,0.703,1,4.33,2.67,TOR,,6.09,1.38,R
Kenta Maeda,2024/5/31 00:00,4.2,5,5,8,2,6,85,7,0.741,0,3.73,4,BOS,,6.09,1.38,R
Kenta Maeda,2024/6/11 00:00,4,1,1,1,4,5,77,11,0.684,1,4.4,2,WSH,,6.09,1.38,R
Kenta Maeda,2024/6/16 00:00,5,4,4,5,2,1,94,5,0.741,0,4.4,3.33,HOU,,6.09,1.38,R
Kenta Maeda,2024/6/22 00:00,4.2,3,3,8,0,5,92,6,0.618,1,4.4,2.67,CWS,,6.09,1.38,R
Kenta Maeda,2024/6/28 00:00,5.1,2,2,6,1,4,87,6,0.671,0,4.77,3,LAA,,6.09,1.38,R
Kenta Maeda,2024/7/4 00:00,3.2,9,9,9,3,3,88,6,0.726,0,4.17,4.67,MIN,,6.09,1.38,R
Kenta Maeda,2024/7/9 00:00,2.2,6,6,7,1,2,49,5,0.703,1,3.5,5.67,CLE,,6.09,1.38,R
Kenta Maeda,2024/7/14 00:00,3.2,0,0,1,0,5,55,5,0.781,1,2.87,5,LAD,,6.09,1.38,R
Kenta Maeda,2024/7/20 00:00,2,3,3,3,0,1,43,6,0.703,0,2.47,3,TOR,,6.09,1.38,R
Kenta Maeda,2024/7/28 00:00,5,1,1,5,0,4,83,8,0.726,1,3.4,1.33,MIN,,6.09,1.38,R
Kenta Maeda,2024/8/3 00:00,3.2,3,3,6,1,4,69,6,0.71,1,3.4,2.33,KC,,6.09,1.38,R
Kenta Maeda,2024/8/9 00:00,4.2,2,2,4,0,2,72,6,0.701,0,4.13,2,SF,,6.09,1.38,R
Kenta Maeda,2024/8/15 00:00,5.2,0,0,1,1,5,84,6,0.687,1,4.2,1.67,SEA,,6.09,1.38,R
Kenta Maeda,2024/8/22 00:00,5,6,6,9,2,5,89,7,0.71,0,4.8,2.67,CHC,,6.09,1.38,R
Kenta Maeda,2024/8/28 00:00,4.1,0,2,4,2,5,81,6,0.671,1,4.77,2,LAA,,6.09,1.38,R
Kenta Maeda,2024/9/5 00:00,1.2,0,0,0,0,1,22,8,0.745,0,3.43,2,SD,,6.09,1.38,R
Kenta Maeda,2024/9/8 00:00,2,0,0,3,0,2,26,3,0.694,0,2.43,0,OAK,,6.09,1.38,R
Kenta Maeda,2024/9/14 00:00,2,3,3,2,1,2,40,6,0.751,1,1.73,1,BAL,,6.09,1.38,R
Kenta Maeda,2024/9/20 00:00,2.1,0,0,0,0,5,23,6,0.751,0,2.03,1,BAL,,6.09,1.38,R
Kenta Maeda,2024/9/29 00:00,4.2,5,5,5,1,5,89,9,0.618,1,2.77,2.67,CWS,,6.09,1.38,R
Kevin Gausman,2024/3/31 00:00,4.1,1,1,2,0,6,69,5,0.669,0,4.1,1,TB,,3.83,1.22,R
Kevin Gausman,2024/4/6 00:00,1.1,5,6,4,2,0,51,6,0.761,0,2.6,3,NYY,,3.83,1.22,R
Kevin Gausman,2024/4/12 00:00,3.2,6,6,10,0,4,78,6,0.704,1,2.8,4,COL,,3.83,1.22,R
Kevin Gausman,2024/4/17 00:00,5,1,1,4,3,6,101,5,0.761,1,3.1,4,NYY,,3.83,1.22,R
Kevin Gausman,2024/4/23 00:00,6.2,0,3,7,1,2,99,6,0.71,0,4.8,2.33,KC,,3.83,1.22,R
Kevin Gausman,2024/4/28 00:00,7,1,1,5,0,5,93,5,0.781,1,6.07,0.67,LAD,,3.83,1.22,R
Kevin Gausman,2024/5/4 00:00,5.1,0,0,3,2,8,112,6,0.684,0,6.1,0.33,WSH,,3.83,1.22,R
Kevin Gausman,2024/5/11 00:00,3,6,7,10,2,6,86,7,0.726,1,5.03,2.33,MIN,,3.83,1.22,R
Kevin Gausman,2024/5/18 00:00,6,3,3,8,1,6,102,7,0.669,1,4.7,3,TB,,3.83,1.22,R
Kevin Gausman,2024/5/23 00:00,6,1,1,3,2,10,98,5,0.685,0,5,3.33,DET,,3.83,1.22,R
Kevin Gausman,2024/5/28 00:00,6,1,1,4,1,3,87,5,0.618,0,6,1.67,CWS,,3.83,1.22,R
Kevin Gausman,2024/6/3 00:00,6.1,6,6,6,1,3,97,6,0.751,1,6.03,2.67,BAL,,3.83,1.22,R
Kevin Gausman,2024/6/8 00:00,9,0,0,5,1,10,109,5,0.694,0,7.03,2.33,OAK,,3.83,1.22,R
Kevin Gausman,2024/6/14 00:00,5.1,3,3,8,0,6,99,6,0.703,1,6.73,3,CLE,,3.83,1.22,R
Kevin Gausman,2024/6/19 00:00,5.2,4,5,6,3,4,97,5,0.741,1,6.43,2.33,BOS,,3.83,1.22,R
Kevin Gausman,2024/6/25 00:00,6,3,4,5,1,5,96,6,0.741,0,5.43,3.33,BOS,,3.83,1.22,R
Kevin Gausman,2024/6/30 00:00,4.1,7,7,7,5,7,108,5,0.761,1,5.1,4.67,NYY,,3.83,1.22,R
Kevin Gausman,2024/7/5 00:00,6,2,2,6,2,10,104,5,0.687,0,5.37,4,SEA,,3.83,1.22,R
Kevin Gausman,2024/7/11 00:00,7,2,2,6,0,3,98,6,0.701,0,5.7,3.67,SF,,3.83,1.22,R
Kevin Gausman,2024/7/21 00:00,6.2,4,4,5,3,5,97,10,0.685,1,6.4,2.67,DET,,3.83,1.22,R
Kevin Gausman,2024/7/27 00:00,9,3,3,4,3,8,118,6,0.686,1,7.4,3,TEX,,3.83,1.22,R
Kevin Gausman,2024/8/2 00:00,4.2,4,5,8,3,2,93,6,0.761,0,6.47,3.67,NYY,,3.83,1.22,R
Kevin Gausman,2024/8/8 00:00,8,2,2,3,3,2,100,6,0.751,1,7.07,3,BAL,,3.83,1.22,R
Kevin Gausman,2024/8/13 00:00,7,0,0,6,2,5,106,5,0.671,0,6.4,2,LAA,,3.83,1.22,R
Kevin Gausman,2024/8/19 00:00,5,3,4,5,2,5,100,6,0.693,1,6.67,1.67,CIN,,3.83,1.22,R
Kevin Gausman,2024/8/25 00:00,7,1,1,2,0,10,94,6,0.671,1,6.33,1.33,LAA,,3.83,1.22,R
Kevin Gausman,2024/8/30 00:00,5.2,2,2,4,4,4,103,5,0.726,0,5.73,2,MIN,,3.83,1.22,R
Kevin Gausman,2024/9/6 00:00,6,3,3,6,3,5,109,7,0.724,0,6.07,2,ATL,,3.83,1.22,R
Kevin Gausman,2024/9/13 00:00,7,2,2,9,2,3,104,7,0.703,1,6.07,2.33,STL,,3.83,1.22,R
Kevin Gausman,2024/9/19 00:00,5,0,0,0,1,6,58,6,0.686,0,6,1.67,TEX,,3.83,1.22,R
Kevin Gausman,2024/9/25 00:00,6,1,1,4,3,3,93,6,0.741,1,6,1,BOS,,3.83,1.22,R
Kodai Senga,2024/7/26 00:00,5.1,2,2,2,1,9,73,5,0.724,1,5.1,2,ATL,,3.38,0.56,R
Kodai Senga,2024/10/5 00:00,2,1,1,1,1,3,31,71,0.75,0,3.55,1.5,PHI,,3.38,0.56,R
Kodai Senga,2024/10/13 00:00,1.1,3,3,2,4,0,30,8,0.781,0,2.73,2,LAD,,3.38,0.56,R
Kodai Senga,2024/10/20 00:00,1.2,3,3,3,2,1,34,7,0.781,0,1.43,2.33,LAD,,3.38,0.56,R
Kolby Allard,2024/7/28 00:00,4,3,3,6,0,1,63,5,0.703,1,4,3,CLE,,5,1.56,L
Kolby Allard,2024/8/3 00:00,4,1,1,2,2,4,65,6,0.687,0,4,2,SEA,,5,1.56,L
Kolby Allard,2024/8/8 00:00,5,1,1,6,0,3,59,5,0.777,0,4.33,1.67,AZ,,5,1.56,L
Kolby Allard,2024/8/25 00:00,5,2,2,8,0,5,81,17,0.71,0,4.67,1.33,KC,,5,1.56,L
Kolby Allard,2024/9/14 00:00,3,4,4,6,3,3,67,20,0.734,1,4.33,2.33,NYM,,5,1.56,L
Kolby Allard,2024/9/19 00:00,2,0,0,1,2,2,30,5,0.734,0,3.33,2,NYM,,5,1.56,L
Kolby Allard,2024/9/24 00:00,4,4,4,5,1,5,71,5,0.71,1,3,2.67,CHC,,5,1.56,L
Kumar Rocker,2024/9/12 00:00,4,1,1,3,2,7,74,5,0.687,0,4,1,SEA,,3.86,1.54,R
Kumar Rocker,2024/9/19 00:00,3,1,2,2,4,5,71,7,0.703,1,3.5,1,TOR,,3.86,1.54,R
Kumar Rocker,2024/9/26 00:00,4.2,3,3,7,0,2,73,7,0.694,0,3.73,1.67,OAK,,3.86,1.54,R
Kutter Crawford,2024/3/30 00:00,6,0,1,3,1,7,84,5,0.687,0,6,0,SEA,,4.36,1.12,R
Kutter Crawford,2024/4/5 00:00,4.2,1,1,2,3,5,90,6,0.671,0,5.1,0.5,LAA,,4.36,1.12,R
Kutter Crawford,2024/4/10 00:00,5,0,0,2,4,6,86,5,0.751,1,5.07,0.33,BAL,,4.36,1.12,R
Kutter Crawford,2024/4/15 00:00,5.2,0,0,2,0,6,92,5,0.703,1,4.8,0.33,CLE,,4.36,1.12,R
Kutter Crawford,2024/4/20 00:00,6,1,1,7,3,6,100,5,0.672,0,5.4,0.33,PIT,,4.36,1.12,R
Kutter Crawford,2024/4/26 00:00,6,3,4,10,0,4,85,6,0.71,1,5.73,1.33,CHC,,4.36,1.12,R
Kutter Crawford,2024/5/1 00:00,7,2,2,4,2,6,92,5,0.701,1,6.33,2,SF,,4.36,1.12,R
Kutter Crawford,2024/5/7 00:00,6,2,2,5,2,6,87,6,0.724,0,6.33,2.33,ATL,,4.36,1.12,R
Kutter Crawford,2024/5/13 00:00,6,4,4,7,1,6,101,6,0.669,1,6.33,2.67,TB,,4.36,1.12,R
Kutter Crawford,2024/5/18 00:00,5.2,1,1,6,2,5,99,5,0.703,0,5.73,2.33,STL,,4.36,1.12,R
Kutter Crawford,2024/5/24 00:00,4.1,6,6,7,2,4,89,6,0.729,1,5.1,3.67,MIL,,4.36,1.12,R
Kutter Crawford,2024/5/29 00:00,6,5,5,4,2,5,96,5,0.751,0,5.1,4,BAL,,4.36,1.12,R
Kutter Crawford,2024/6/4 00:00,6,4,6,5,2,5,87,6,0.724,1,5.37,5,ATL,,4.36,1.12,R
Kutter Crawford,2024/6/11 00:00,6,2,4,6,1,8,88,7,0.75,1,6,3.67,PHI,,4.36,1.12,R
Kutter Crawford,2024/6/16 00:00,6,3,3,3,1,9,84,5,0.761,1,6,3,NYY,,4.36,1.12,R
Kutter Crawford,2024/6/21 00:00,6.1,3,5,5,2,7,83,5,0.693,0,6.03,2.67,CIN,,4.36,1.12,R
Kutter Crawford,2024/6/26 00:00,1.1,0,0,0,2,2,22,5,0.703,1,4.4,2,TOR,,4.36,1.12,R
Kutter Crawford,2024/7/2 00:00,6,1,1,3,0,7,72,6,0.678,0,4.4,1.33,MIA,,4.36,1.12,R
Kutter Crawford,2024/7/7 00:00,7,0,0,4,0,4,68,5,0.761,0,4.7,0.33,NYY,,4.36,1.12,R
Kutter Crawford,2024/7/13 00:00,7,0,0,3,1,4,96,6,0.71,1,6.67,0.33,KC,,4.36,1.12,R
Kutter Crawford,2024/7/21 00:00,5,6,6,7,0,2,76,8,0.781,0,6.33,2,LAD,,4.36,1.12,R
Kutter Crawford,2024/7/27 00:00,4.2,5,5,8,0,5,78,6,0.761,1,5.4,3.67,NYY,,4.36,1.12,R
Kutter Crawford,2024/8/2 00:00,5.1,5,5,6,1,5,95,6,0.686,0,4.77,5.33,TEX,,4.36,1.12,R
Kutter Crawford,2024/8/7 00:00,3.2,6,6,5,4,3,85,5,0.71,0,4.17,5.33,KC,,4.36,1.12,R
Kutter Crawford,2024/8/13 00:00,5.1,4,4,3,1,4,67,6,0.686,1,4.47,5,TEX,,4.36,1.12,R
Kutter Crawford,2024/8/18 00:00,5.1,3,3,2,1,4,75,5,0.751,0,4.47,4.33,BAL,,4.36,1.12,R
Kutter Crawford,2024/8/24 00:00,5,2,2,3,2,3,88,6,0.777,1,5.07,3,AZ,,4.36,1.12,R
Kutter Crawford,2024/8/29 00:00,6.2,2,2,6,2,3,96,5,0.703,1,5.43,2.33,TOR,,4.36,1.12,R
Kutter Crawford,2024/9/3 00:00,6,2,2,1,2,8,93,5,0.734,0,5.73,2,NYM,,4.36,1.12,R
Kutter Crawford,2024/9/10 00:00,6.1,3,3,7,1,6,89,7,0.751,1,6.1,2.33,BAL,,4.36,1.12,R
Kutter Crawford,2024/9/15 00:00,4.1,4,4,6,2,7,92,5,0.761,0,5.4,3,NYY,,4.36,1.12,R
Kutter Crawford,2024/9/22 00:00,7.2,3,3,8,0,7,101,7,0.726,1,5.8,3.33,MIN,,4.36,1.12,R
Kutter Crawford,2024/9/28 00:00,4.1,6,6,5,4,6,86,6,0.669,1,5.13,4.33,TB,,4.36,1.12,R
Kyle Bradish,2024/5/2 00:00,4.2,1,1,4,2,5,84,5,0.761,1,4.2,1,NYY,,2.75,1.07,R
Kyle Bradish,2024/5/8 00:00,5,1,1,4,2,9,90,6,0.684,0,4.6,1,WSH,,2.75,1.07,R
Kyle Bradish,2024/5/15 00:00,4,2,2,4,2,3,85,7,0.703,1,4.4,1.33,TOR,,2.75,1.07,R
Kyle Bradish,2024/5/21 00:00,5,1,1,4,1,6,74,6,0.703,0,4.67,1.33,STL,,2.75,1.07,R
Kyle Bradish,2024/5/26 00:00,7,0,0,0,4,11,103,5,0.618,0,5.33,1,CWS,,2.75,1.07,R
Kyle Bradish,2024/6/1 00:00,2.2,5,5,7,3,6,76,6,0.669,1,4.73,2,TB,,2.75,1.07,R
Kyle Bradish,2024/6/8 00:00,6,0,0,1,0,9,88,7,0.669,0,5.07,1.67,TB,,2.75,1.07,R
Kyle Bradish,2024/6/14 00:00,5,2,2,3,1,4,74,6,0.75,1,4.4,2.33,PHI,,2.75,1.07,R
Kyle Freeland,2024/3/28 00:00,2.1,10,10,10,1,2,49,5,0.777,0,2.1,10,AZ,,5.24,1.41,L
Kyle Freeland,2024/4/2 00:00,3.1,7,7,9,3,2,76,5,0.71,0,2.6,8.5,CHC,,5.24,1.41,L
Kyle Freeland,2024/4/8 00:00,5,2,4,6,2,2,93,6,0.777,1,3.4,6.33,AZ,,5.24,1.41,L
Kyle Freeland,2024/4/14 00:00,5,4,4,7,2,3,95,6,0.703,0,4.37,4.33,TOR,,5.24,1.41,L
Kyle Freeland,2024/6/23 00:00,6,0,0,1,1,4,69,70,0.684,1,5.33,2,WSH,,5.24,1.41,L
Kyle Freeland,2024/6/30 00:00,6.2,2,2,7,2,3,80,7,0.618,0,5.73,2,CWS,,5.24,1.41,L
Kyle Freeland,2024/7/5 00:00,7,1,2,7,1,5,89,5,0.71,1,6.4,1,KC,,5.24,1.41,L
Kyle Freeland,2024/7/10 00:00,6.2,2,2,8,1,9,93,5,0.693,0,6.47,1.67,CIN,,5.24,1.41,L
Kyle Freeland,2024/7/20 00:00,6,2,3,5,1,4,89,10,0.701,1,6.4,1.67,SF,,5.24,1.41,L
Kyle Freeland,2024/7/26 00:00,4,6,6,8,1,8,83,6,0.701,0,5.4,3.33,SF,,5.24,1.41,L
Kyle Freeland,2024/7/31 00:00,7,1,1,6,0,6,91,5,0.671,0,5.67,3,LAA,,5.24,1.41,L
Kyle Freeland,2024/8/6 00:00,4.2,3,3,4,2,7,73,6,0.734,1,5.07,3.33,NYM,,5.24,1.41,L
Kyle Freeland,2024/8/11 00:00,3.2,3,3,4,1,1,65,5,0.724,1,4.8,2.33,ATL,,5.24,1.41,L
Kyle Freeland,2024/8/17 00:00,5,5,5,8,3,3,93,6,0.745,1,4.13,3.67,SD,,5.24,1.41,L
Kyle Freeland,2024/8/23 00:00,6.2,2,3,5,2,3,106,6,0.761,0,4.8,3.33,NYY,,5.24,1.41,L
Kyle Freeland,2024/8/28 00:00,6,2,2,6,1,5,91,5,0.678,1,5.73,3,MIA,,5.24,1.41,L
Kyle Freeland,2024/9/3 00:00,5,1,2,6,0,5,79,6,0.724,0,5.73,1.67,ATL,,5.24,1.41,L
Kyle Freeland,2024/9/8 00:00,6,0,1,3,0,4,89,5,0.729,0,5.67,1,MIL,,5.24,1.41,L
Kyle Freeland,2024/9/14 00:00,7,3,3,7,1,3,95,6,0.71,1,6,1.33,CHC,,5.24,1.41,L
Kyle Freeland,2024/9/20 00:00,6,4,4,7,0,2,86,6,0.781,0,6.33,2.33,LAD,,5.24,1.41,L
Kyle Freeland,2024/9/26 00:00,4.1,6,6,10,1,4,85,6,0.703,1,5.7,4.33,STL,,5.24,1.41,L
Kyle Gibson,2024/4/1 00:00,7,2,2,4,2,4,94,5,0.745,0,7,2,SD,,4.24,1.35,R
Kyle Gibson,2024/4/7 00:00,6,7,7,7,1,5,94,6,0.678,1,6.5,4.5,MIA,,4.24,1.35,R
Kyle Gibson,2024/4/13 00:00,6,4,4,6,3,2,95,6,0.777,0,6.33,4.33,AZ,,4.24,1.35,R
Kyle Gibson,2024/4/19 00:00,6,1,1,3,4,3,89,6,0.729,1,6,4,MIL,,4.24,1.35,R
Kyle Gibson,2024/4/24 00:00,6,1,1,5,2,6,88,5,0.777,1,6,2,AZ,,4.24,1.35,R
Kyle Gibson,2024/4/30 00:00,7,1,1,4,2,9,98,6,0.685,0,6.33,1,DET,,4.24,1.35,R
Kyle Gibson,2024/5/6 00:00,6,2,3,7,2,4,91,6,0.734,1,6.33,1.33,NYM,,4.24,1.35,R
Kyle Gibson,2024/5/11 00:00,5,2,2,3,4,7,104,5,0.729,0,6,1.67,MIL,,4.24,1.35,R
Kyle Gibson,2024/5/17 00:00,6,5,5,8,3,3,90,6,0.741,1,5.67,3,BOS,,4.24,1.35,R
Kyle Gibson,2024/5/22 00:00,4,0,3,5,0,3,84,5,0.751,1,5,2.33,BAL,,4.24,1.35,R
Kyle Gibson,2024/5/28 00:00,6,1,1,2,2,6,95,6,0.693,0,5.33,2,CIN,,4.24,1.35,R
Kyle Gibson,2024/6/3 00:00,5.2,3,3,5,3,8,96,6,0.741,0,5.07,1.33,HOU,,4.24,1.35,R
Kyle Gibson,2024/6/8 00:00,6,3,3,8,2,7,93,5,0.704,1,5.73,2.33,COL,,4.24,1.35,R
Kyle Gibson,2024/6/14 00:00,7,0,0,2,1,6,88,6,0.71,0,6.07,2,CHC,,4.24,1.35,R
Kyle Gibson,2024/6/26 00:00,4,4,4,4,5,4,87,12,0.724,1,5.67,2.33,ATL,,4.24,1.35,R
Kyle Gibson,2024/7/2 00:00,5,4,4,5,1,8,79,6,0.672,0,5.33,2.67,PIT,,4.24,1.35,R
Kyle Gibson,2024/7/7 00:00,5,3,3,9,2,8,96,5,0.684,0,4.67,3.67,WSH,,4.24,1.35,R
Kyle Gibson,2024/7/13 00:00,4,4,4,10,2,3,97,6,0.71,1,4.67,3.67,CHC,,4.24,1.35,R
Kyle Gibson,2024/7/20 00:00,6.2,1,1,3,2,6,100,7,0.724,0,5.07,2.67,ATL,,4.24,1.35,R
Kyle Gibson,2024/7/27 00:00,5,2,2,6,3,0,97,7,0.684,1,5.07,2.33,WSH,,4.24,1.35,R
Kyle Gibson,2024/8/3 00:00,7,4,4,5,1,7,96,7,0.71,0,6.07,2.33,CHC,,4.24,1.35,R
Kyle Gibson,2024/8/8 00:00,6,2,2,8,1,6,91,5,0.669,1,6,2.67,TB,,4.24,1.35,R
Kyle Gibson,2024/8/14 00:00,4.2,6,7,7,2,6,95,6,0.693,0,5.73,4,CIN,,4.24,1.35,R
Kyle Gibson,2024/8/21 00:00,5.1,2,2,7,2,5,84,7,0.729,1,5.1,3.33,MIL,,4.24,1.35,R
Kyle Gibson,2024/8/26 00:00,4.1,7,7,5,4,2,90,5,0.745,1,4.47,5,SD,,4.24,1.35,R
Kyle Gibson,2024/8/31 00:00,7,1,1,5,0,6,93,5,0.761,0,5.4,3.33,NYY,,4.24,1.35,R
Kyle Gibson,2024/9/7 00:00,6.2,0,0,3,3,9,112,7,0.687,1,5.77,2.67,SEA,,4.24,1.35,R
Kyle Gibson,2024/9/14 00:00,5.1,1,5,4,3,1,95,7,0.703,0,6.1,0.67,TOR,,4.24,1.35,R
Kyle Gibson,2024/9/20 00:00,6,3,4,6,3,2,78,6,0.703,1,5.77,1.33,CLE,,4.24,1.35,R
Kyle Gibson,2024/9/26 00:00,4,4,5,5,3,5,75,6,0.704,0,5.03,2.67,COL,,4.24,1.35,R
Kyle Harrison,2024/3/29 00:00,6,2,2,6,0,5,76,5,0.745,0,6,2,SD,,4.56,1.34,L
Kyle Harrison,2024/4/3 00:00,5,4,4,6,3,4,87,5,0.781,0,5.5,3,LAD,,4.56,1.34,L
Kyle Harrison,2024/4/9 00:00,6,3,3,5,0,8,93,6,0.684,1,5.67,3,WSH,,4.56,1.34,L
Kyle Harrison,2024/4/15 00:00,6,3,3,8,1,2,85,6,0.678,0,5.67,3.33,MIA,,4.56,1.34,L
Kyle Harrison,2024/4/20 00:00,4,3,3,6,1,5,74,5,0.777,1,5.33,3,AZ,,4.56,1.34,L
Kyle Harrison,2024/4/26 00:00,6,0,0,5,0,7,93,6,0.672,1,5.33,2,PIT,,4.56,1.34,L
Kyle Harrison,2024/5/2 00:00,5,1,1,3,5,7,95,6,0.741,0,5,1.33,BOS,,4.56,1.34,L
Kyle Harrison,2024/5/7 00:00,7,0,0,4,2,2,86,5,0.704,0,6,0.33,COL,,4.56,1.34,L
Kyle Harrison,2024/5/12 00:00,5,3,3,3,5,5,98,5,0.693,1,5.67,1.33,CIN,,4.56,1.34,L
Kyle Harrison,2024/5/18 00:00,5,3,3,5,2,4,79,6,0.704,1,5.67,2,COL,,4.56,1.34,L
Kyle Harrison,2024/5/24 00:00,5,4,5,6,2,6,98,6,0.734,0,5,3.33,NYM,,4.56,1.34,L
Kyle Harrison,2024/5/29 00:00,5,4,4,12,1,5,102,5,0.75,1,5,3.67,PHI,,4.56,1.34,L
Kyle Harrison,2024/6/4 00:00,6,3,4,8,0,5,95,6,0.777,0,5.33,3.67,AZ,,4.56,1.34,L
Kyle Harrison,2024/6/10 00:00,6.1,1,1,4,0,3,77,6,0.741,1,5.7,2.67,HOU,,4.56,1.34,L
Kyle Harrison,2024/7/6 00:00,3.1,4,4,4,4,2,72,26,0.703,0,5.07,2.67,CLE,,4.56,1.34,L
Kyle Harrison,2024/7/12 00:00,5.1,1,1,5,1,3,83,6,0.726,1,4.77,2,MIN,,4.56,1.34,L
Kyle Harrison,2024/7/19 00:00,5,0,0,1,4,6,93,7,0.704,0,4.4,1.67,COL,,4.56,1.34,L
Kyle Harrison,2024/7/26 00:00,6.2,1,1,1,2,11,106,7,0.704,1,5.43,0.67,COL,,4.56,1.34,L
Kyle Harrison,2024/8/3 00:00,3.2,6,6,6,1,4,73,8,0.693,0,4.8,2.33,CIN,,4.56,1.34,L
Kyle Harrison,2024/8/8 00:00,4.2,2,2,5,0,3,61,5,0.684,0,4.53,3,WSH,,4.56,1.34,L
Kyle Harrison,2024/8/13 00:00,5,3,3,6,2,6,89,5,0.724,1,4.13,3.67,ATL,,4.56,1.34,L
Kyle Harrison,2024/8/19 00:00,6,1,1,5,2,5,98,6,0.618,1,5.07,2,CWS,,4.56,1.34,L
Kyle Harrison,2024/8/28 00:00,4.2,5,5,4,3,7,92,9,0.729,0,5.07,3,MIL,,4.56,1.34,L
Kyle Harrison,2024/9/3 00:00,2.2,6,6,7,1,3,73,6,0.777,1,4.13,4,AZ,,4.56,1.34,L
Kyle Hendricks,2024/3/30 00:00,3.2,5,5,9,2,2,72,5,0.686,0,3.2,5,TEX,,5.92,1.45,R
Kyle Hendricks,2024/4/5 00:00,4,5,5,8,2,4,83,6,0.781,1,3.6,5,LAD,,5.92,1.45,R
Kyle Hendricks,2024/4/10 00:00,5,7,7,9,0,2,83,5,0.745,0,4.07,5.67,SD,,5.92,1.45,R
Kyle Hendricks,2024/4/16 00:00,4.1,7,7,5,3,3,78,6,0.777,0,4.37,6.33,AZ,,5.92,1.45,R
Kyle Hendricks,2024/4/21 00:00,4,4,4,6,0,5,56,5,0.678,1,4.37,6,MIA,,5.92,1.45,R
Kyle Hendricks,2024/5/12 00:00,5,1,1,2,4,5,94,21,0.672,0,4.37,4,PIT,,5.92,1.45,R
Kyle Hendricks,2024/5/17 00:00,4.2,7,8,11,0,4,89,5,0.672,1,4.4,4,PIT,,5.92,1.45,R
Kyle Hendricks,2024/5/23 00:00,2,2,2,4,1,1,33,6,0.724,1,3.73,3.33,ATL,,5.92,1.45,R
Kyle Hendricks,2024/5/29 00:00,3.2,3,3,2,1,1,46,6,0.729,0,3.13,4,MIL,,5.92,1.45,R
Kyle Hendricks,2024/6/2 00:00,3,0,0,3,2,3,45,4,0.693,1,2.73,1.67,CIN,,5.92,1.45,R
Kyle Hendricks,2024/6/6 00:00,1.1,0,0,1,0,0,17,4,0.693,0,2.43,1,CIN,,5.92,1.45,R
Kyle Hendricks,2024/6/14 00:00,4.1,0,0,2,0,1,58,8,0.703,1,2.73,0,STL,,5.92,1.45,R
Kyle Hendricks,2024/6/19 00:00,5.2,1,1,2,1,8,75,5,0.701,1,3.47,0.33,SF,,5.92,1.45,R
Kyle Hendricks,2024/6/25 00:00,7,2,2,5,1,4,100,6,0.701,0,5.43,1,SF,,5.92,1.45,R
Kyle Hendricks,2024/6/30 00:00,3.2,7,7,7,1,3,68,5,0.729,0,5.13,3.33,MIL,,5.92,1.45,R
Kyle Hendricks,2024/7/6 00:00,2,2,2,4,2,1,43,6,0.671,1,4.07,3.67,LAA,,5.92,1.45,R
Kyle Hendricks,2024/7/12 00:00,7,0,0,5,1,3,90,6,0.703,0,4.07,3,STL,,5.92,1.45,R
Kyle Hendricks,2024/7/20 00:00,5,3,3,3,3,2,84,8,0.777,1,4.67,1.67,AZ,,5.92,1.45,R
Kyle Hendricks,2024/7/26 00:00,5,6,6,8,0,4,90,6,0.71,0,5.67,3,KC,,5.92,1.45,R
Kyle Hendricks,2024/7/31 00:00,5,3,3,4,2,4,73,5,0.693,0,5,4,CIN,,5.92,1.45,R
Kyle Hendricks,2024/8/5 00:00,6,2,2,5,1,5,93,5,0.726,1,5.33,3.67,MIN,,5.92,1.45,R
Kyle Hendricks,2024/8/16 00:00,5,1,2,5,0,2,82,11,0.703,1,5.33,2,TOR,,5.92,1.45,R
Kyle Hendricks,2024/8/23 00:00,4.2,3,3,7,2,0,77,7,0.678,0,5.07,2,MIA,,5.92,1.45,R
Kyle Hendricks,2024/8/28 00:00,1.2,6,6,8,3,2,70,5,0.672,0,3.47,3.33,PIT,,5.92,1.45,R
Kyle Hendricks,2024/9/3 00:00,5,2,2,5,1,5,89,6,0.672,1,3.47,3.67,PIT,,5.92,1.45,R
Kyle Hendricks,2024/9/9 00:00,4.1,2,2,4,4,2,90,6,0.781,0,3.43,3.33,LAD,,5.92,1.45,R
Kyle Hendricks,2024/9/15 00:00,6,1,1,2,3,7,85,6,0.704,0,5.03,1.67,COL,,5.92,1.45,R
Kyle Hendricks,2024/9/21 00:00,5.1,4,4,9,1,2,91,6,0.684,1,5.07,2.33,WSH,,5.92,1.45,R
Kyle Hendricks,2024/9/28 00:00,7.1,0,0,2,2,2,81,7,0.693,1,6.07,1.67,CIN,,5.92,1.45,R
Kyle Hurt,2024/3/30 00:00,2.2,0,1,2,0,3,34,5,0.703,1,2.2,0,STL,,1.35,1.35,R
Kyle Hurt,2024/4/16 00:00,2,0,0,3,0,0,24,17,0.684,1,2.1,0,WSH,,1.35,1.35,R
Kyle Tyler,2024/4/26 00:00,2,1,1,1,0,1,21,5,0.684,1,2,1,WSH,,5.4,1.74,R
Kyle Tyler,2024/6/23 00:00,4,2,2,3,3,2,65,58,0.687,1,3,1.5,SEA,,5.4,1.74,R
Kyle Tyler,2024/6/28 00:00,4.2,1,1,4,2,4,81,5,0.75,0,3.4,1.33,PHI,,5.4,1.74,R
Kyle Tyler,2024/7/4 00:00,5.1,2,2,3,3,3,87,6,0.741,1,4.43,1.67,BOS,,5.4,1.74,R
Kyle Tyler,2024/7/23 00:00,4.2,3,3,9,2,5,94,19,0.751,1,4.5,2,BAL,,5.4,1.74,R
Kyle Tyler,2024/7/28 00:00,4,4,4,7,2,5,75,5,0.729,0,4.43,3,MIL,,5.4,1.74,R
Kyle Tyler,2024/8/3 00:00,2.2,3,3,5,4,2,73,6,0.724,0,3.47,3.33,ATL,,5.4,1.74,R
Kyle Tyler,2024/8/8 00:00,4.1,3,3,5,2,3,84,5,0.693,1,3.43,3.33,CIN,,5.4,1.74,R
Ky Bush,2024/8/5 00:00,4,3,3,2,5,3,84,5,0.694,0,4,3,OAK,,5.6,2.04,L
Ky Bush,2024/8/12 00:00,4.2,2,2,6,7,2,97,7,0.761,1,4.1,2.5,NYY,,5.6,2.04,L
Ky Bush,2024/8/18 00:00,6,1,1,4,3,5,87,6,0.741,0,4.73,2,HOU,,5.6,2.04,L
Ky Bush,2024/8/24 00:00,3,5,5,8,1,1,60,6,0.685,1,4.4,2.67,DET,,5.6,2.04,L
Lance Lynn,2024/3/30 00:00,4,0,0,4,1,5,70,5,0.781,0,4,0,LAD,,3.84,1.34,R
Lance Lynn,2024/4/4 00:00,4.2,4,4,8,1,7,83,5,0.678,1,4.1,2,MIA,,3.84,1.34,R
Lance Lynn,2024/4/10 00:00,5,0,2,1,4,6,94,6,0.75,1,4.4,1.33,PHI,,3.84,1.34,R
Lance Lynn,2024/4/16 00:00,7,1,2,5,1,1,101,6,0.694,0,5.4,1.67,OAK,,3.84,1.34,R
Lance Lynn,2024/4/22 00:00,5,3,3,7,3,7,94,6,0.777,1,5.67,1.33,AZ,,3.84,1.34,R
Lance Lynn,2024/4/28 00:00,5,1,1,5,3,3,87,6,0.734,0,5.67,1.67,NYM,,3.84,1.34,R
Lance Lynn,2024/5/4 00:00,5,4,5,4,3,4,94,6,0.618,1,5,2.67,CWS,,3.84,1.34,R
Lance Lynn,2024/5/10 00:00,4.2,4,5,5,2,5,86,6,0.729,0,4.73,3,MIL,,3.84,1.34,R
Lance Lynn,2024/5/15 00:00,5,4,4,8,2,5,106,5,0.671,0,4.73,4,LAA,,3.84,1.34,R
Lance Lynn,2024/5/21 00:00,6,0,1,2,0,5,82,6,0.751,1,5.07,2.67,BAL,,3.84,1.34,R
Lance Lynn,2024/5/27 00:00,6,1,3,5,3,5,92,6,0.693,0,5.67,1.67,CIN,,3.84,1.34,R
Lance Lynn,2024/6/2 00:00,4,0,4,3,2,4,78,6,0.75,0,5.33,0.33,PHI,,3.84,1.34,R
Lance Lynn,2024/6/7 00:00,4,4,4,6,2,6,91,5,0.704,1,4.67,1.67,COL,,3.84,1.34,R
Lance Lynn,2024/6/13 00:00,4.1,3,3,4,3,5,82,6,0.672,1,4.03,2.33,PIT,,3.84,1.34,R
Lance Lynn,2024/6/18 00:00,5.1,5,6,10,0,5,97,5,0.678,0,4.4,4,MIA,,3.84,1.34,R
Lance Lynn,2024/6/24 00:00,6.2,1,1,4,0,5,88,6,0.724,1,5.13,3,ATL,,3.84,1.34,R
Lance Lynn,2024/6/30 00:00,6,0,0,2,1,6,79,6,0.693,1,5.77,2,CIN,,3.84,1.34,R
Lance Lynn,2024/7/6 00:00,2.2,10,11,9,4,2,82,6,0.684,0,4.8,3.67,WSH,,3.84,1.34,R
Lance Lynn,2024/7/13 00:00,6,2,2,5,2,6,99,7,0.71,1,4.73,4,CHC,,3.84,1.34,R
Lance Lynn,2024/7/23 00:00,5,0,0,4,3,2,86,10,0.672,0,4.4,4,PIT,,3.84,1.34,R
Lance Lynn,2024/7/30 00:00,5,1,1,3,1,3,87,7,0.686,1,5.33,1,TEX,,3.84,1.34,R
Lance Lynn,2024/9/11 00:00,5,1,1,5,1,7,90,43,0.693,1,5,0.67,CIN,,3.84,1.34,R
Lance Lynn,2024/9/17 00:00,6,1,1,4,2,5,92,6,0.672,1,5.33,1,PIT,,3.84,1.34,R
Landen Roupp,2024/3/29 00:00,1,0,0,1,0,0,16,5,0.745,0,1,0,SD,,3.58,1.37,R
Landen Roupp,2024/3/31 00:00,1,0,0,0,1,1,18,2,0.745,0,1,0,SD,,3.58,1.37,R
Landen Roupp,2024/4/2 00:00,2,0,0,1,1,4,43,2,0.781,0,1.33,0,LAD,,3.58,1.37,R
Landen Roupp,2024/4/6 00:00,1,0,0,1,0,0,20,4,0.745,1,1.33,0,SD,,3.58,1.37,R
Landen Roupp,2024/4/8 00:00,0.2,2,2,3,1,1,27,2,0.684,1,1.07,0.67,WSH,,3.58,1.37,R
Landen Roupp,2024/4/10 00:00,1,0,0,0,0,0,7,2,0.684,1,0.73,0.67,WSH,,3.58,1.37,R
Landen Roupp,2024/4/12 00:00,2,0,0,0,0,0,21,2,0.669,0,1.07,0.67,TB,,3.58,1.37,R
Landen Roupp,2024/4/19 00:00,1.2,3,4,4,1,1,39,7,0.777,1,1.4,1,AZ,,3.58,1.37,R
Landen Roupp,2024/4/24 00:00,1.1,3,3,3,2,1,36,5,0.734,1,1.43,2,NYM,,3.58,1.37,R
Landen Roupp,2024/4/30 00:00,2,0,0,1,2,4,45,6,0.741,0,1.43,2,BOS,,3.58,1.37,R
Landen Roupp,2024/6/30 00:00,2.2,3,3,3,2,3,59,61,0.781,1,1.77,2,LAD,,3.58,1.37,R
Landen Roupp,2024/8/9 00:00,2,0,0,0,0,2,23,40,0.685,1,2.07,1,DET,,3.58,1.37,R
Landen Roupp,2024/8/13 00:00,2,0,0,2,0,3,33,4,0.724,1,2.07,1,ATL,,3.58,1.37,R
Landen Roupp,2024/8/14 00:00,1.2,1,1,3,0,2,30,1,0.724,1,1.73,0.33,ATL,,3.58,1.37,R
Landen Roupp,2024/8/23 00:00,1,0,0,0,2,1,19,9,0.687,0,1.4,0.33,SEA,,3.58,1.37,R
Landen Roupp,2024/8/27 00:00,0.2,0,0,0,2,1,21,4,0.729,0,0.8,0.33,MIL,,3.58,1.37,R
Landen Roupp,2024/8/29 00:00,3,0,0,1,3,4,49,2,0.729,0,1.4,0,MIL,,3.58,1.37,R
Landen Roupp,2024/9/1 00:00,1,0,0,0,0,0,14,3,0.678,1,1.4,0,MIA,,3.58,1.37,R
Landen Roupp,2024/9/5 00:00,4,0,0,1,2,5,61,4,0.777,1,2.67,0,AZ,,3.58,1.37,R
Landen Roupp,2024/9/10 00:00,5,2,2,5,0,3,68,5,0.729,1,3.33,0.67,MIL,,3.58,1.37,R
Landen Roupp,2024/9/15 00:00,5,0,0,2,2,4,74,5,0.745,1,4.67,0.67,SD,,3.58,1.37,R
Landen Roupp,2024/9/21 00:00,5,0,0,3,3,3,87,6,0.71,0,5,0.67,KC,,3.58,1.37,R
Landen Roupp,2024/9/27 00:00,3.2,6,6,9,2,4,97,6,0.703,1,4.4,2,STL,,3.58,1.37,R
Landon Knack,2024/4/17 00:00,5,2,2,4,1,4,75,5,0.684,1,5,2,WSH,,3.65,1.1,R
Landon Knack,2024/4/24 00:00,6,2,2,3,3,5,94,7,0.684,0,5.5,2,WSH,,3.65,1.1,R
Landon Knack,2024/4/30 00:00,5,1,1,4,1,2,64,6,0.777,0,5.33,1.67,AZ,,3.65,1.1,R
Landon Knack,2024/5/19 00:00,4.2,1,1,3,1,5,64,19,0.693,1,5.07,1.33,CIN,,3.65,1.1,R
Landon Knack,2024/6/21 00:00,5,0,0,2,2,2,73,33,0.671,1,4.73,0.67,LAA,,3.65,1.1,R
Landon Knack,2024/6/28 00:00,4.2,1,1,5,0,7,76,7,0.701,0,4.47,0.67,SF,,3.65,1.1,R
Landon Knack,2024/7/4 00:00,4.1,4,4,4,1,6,85,6,0.777,1,4.43,1.67,AZ,,3.65,1.1,R
Landon Knack,2024/7/11 00:00,4.1,3,3,6,1,5,78,7,0.75,0,4.13,2.67,PHI,,3.65,1.1,R
Landon Knack,2024/7/23 00:00,5,1,1,2,2,6,96,12,0.701,1,4.4,2.67,SF,,3.65,1.1,R
Landon Knack,2024/8/13 00:00,4,1,1,3,0,2,64,21,0.729,0,4.37,1.67,MIL,,3.65,1.1,R
Landon Knack,2024/9/6 00:00,6,2,2,3,1,8,91,24,0.703,1,5,1.33,CLE,,3.65,1.1,R
Landon Knack,2024/9/13 00:00,2,5,5,7,2,2,64,7,0.724,0,4,2.67,ATL,,3.65,1.1,R
Landon Knack,2024/9/18 00:00,5,0,0,2,2,7,87,5,0.678,0,4.33,2.33,MIA,,3.65,1.1,R
Landon Knack,2024/9/24 00:00,4,4,4,5,1,4,77,6,0.745,1,3.67,3,SD,,3.65,1.1,R
Landon Knack,2024/9/29 00:00,4,1,1,5,0,4,61,5,0.704,0,4.33,1.67,COL,,3.65,1.1,R
Landon Knack,2024/10/9 00:00,1,0,0,1,0,1,20,10,0.745,0,3,1.67,SD,,3.65,1.1,R
Landon Knack,2024/10/14 00:00,2,5,5,5,3,2,55,5,0.734,1,2.33,2,NYM,,3.65,1.1,R
Landon Knack,2024/10/29 00:00,4,1,1,2,1,2,56,15,0.761,0,2.33,2,NYY,,3.65,1.1,R
Logan Allen,2024/3/29 00:00,5,3,3,6,0,3,82,5,0.694,0,5,3,OAK,,5.73,1.58,L
Logan Allen,2024/4/3 00:00,6.2,0,0,4,3,6,93,5,0.687,0,5.6,1.5,SEA,,5.73,1.58,L
Logan Allen,2024/4/9 00:00,4,5,5,7,1,4,76,6,0.618,1,5.07,2.67,CWS,,5.73,1.58,L
Logan Allen,2024/4/14 00:00,5.2,4,4,6,2,4,92,5,0.761,1,5.13,3,NYY,,5.73,1.58,L
Logan Allen,2024/4/20 00:00,5.1,3,3,5,3,4,93,6,0.694,1,4.77,4,OAK,,5.73,1.58,L
Logan Allen,2024/4/26 00:00,4.2,3,3,5,2,5,91,6,0.724,0,4.83,3.33,ATL,,5.73,1.58,L
Logan Allen,2024/5/2 00:00,5.2,2,3,7,1,5,98,6,0.741,0,4.83,2.67,HOU,,5.73,1.58,L
Logan Allen,2024/5/7 00:00,2.1,7,7,7,2,2,67,5,0.685,1,3.83,4,DET,,5.73,1.58,L
Logan Allen,2024/5/12 00:00,6,0,0,6,1,3,87,5,0.618,0,4.43,3,CWS,,5.73,1.58,L
Logan Allen,2024/5/18 00:00,6,0,0,5,1,7,89,6,0.726,1,4.7,2.33,MIN,,5.73,1.58,L
Logan Allen,2024/5/24 00:00,5.2,3,3,7,2,7,99,6,0.671,0,5.73,1,LAA,,5.73,1.58,L
Logan Allen,2024/5/29 00:00,0.2,2,2,1,2,0,22,5,0.704,0,3.8,1.67,COL,,5.73,1.58,L
Logan Allen,2024/6/7 00:00,6,2,2,4,3,3,83,9,0.678,0,3.8,2.33,MIA,,5.73,1.58,L
Logan Allen,2024/6/14 00:00,5,1,1,3,3,3,84,7,0.703,0,3.73,1.67,TOR,,5.73,1.58,L
Logan Allen,2024/6/20 00:00,6,3,3,4,4,2,87,6,0.687,1,5.67,2,SEA,,5.73,1.58,L
Logan Allen,2024/6/25 00:00,3,6,6,9,1,5,60,5,0.751,0,4.67,3.33,BAL,,5.73,1.58,L
Logan Allen,2024/6/30 00:00,4.1,3,3,6,0,3,72,5,0.71,0,4.37,4,KC,,5.73,1.58,L
Logan Allen,2024/7/6 00:00,4.1,2,2,3,4,9,93,6,0.701,1,3.73,3.67,SF,,5.73,1.58,L
Logan Allen,2024/8/5 00:00,5,2,2,5,2,2,84,30,0.777,1,4.4,2.33,AZ,,5.73,1.58,L
Logan Allen,2024/8/26 00:00,5,5,5,8,4,1,76,21,0.71,1,4.7,3,KC,,5.73,1.58,L
Logan Webb,2024/3/28 00:00,6,2,2,5,2,5,97,5,0.745,0,6,2,SD,,3.47,1.23,R
Logan Webb,2024/4/2 00:00,3.2,5,5,7,2,5,96,5,0.781,0,4.6,3.5,LAD,,3.47,1.23,R
Logan Webb,2024/4/7 00:00,7,2,2,10,0,3,85,5,0.745,1,5.4,3,SD,,3.47,1.23,R
Logan Webb,2024/4/13 00:00,7,1,1,6,1,4,96,6,0.669,0,5.73,2.67,TB,,3.47,1.23,R
Logan Webb,2024/4/18 00:00,7,0,0,2,1,5,102,5,0.777,1,7,1,AZ,,3.47,1.23,R
Logan Webb,2024/4/23 00:00,8,0,0,6,1,4,106,5,0.734,1,7.33,0.33,NYM,,3.47,1.23,R
Logan Webb,2024/4/30 00:00,3.2,4,4,9,3,4,91,7,0.741,0,6.07,1.33,BOS,,3.47,1.23,R
Logan Webb,2024/5/5 00:00,4,4,5,7,2,6,98,5,0.75,0,5.07,2.67,PHI,,3.47,1.23,R
Logan Webb,2024/5/10 00:00,7,2,3,8,2,6,100,5,0.693,1,4.73,3.33,CIN,,3.47,1.23,R
Logan Webb,2024/5/15 00:00,6,0,0,3,3,5,103,5,0.781,1,5.67,2,LAD,,3.47,1.23,R
Logan Webb,2024/5/21 00:00,6,2,2,6,1,6,103,6,0.672,0,6.33,1.33,PIT,,3.47,1.23,R
Logan Webb,2024/5/26 00:00,7,0,1,3,1,8,96,5,0.734,0,6.33,0.67,NYM,,3.47,1.23,R
Logan Webb,2024/6/1 00:00,7,4,4,7,1,6,108,6,0.761,1,6.67,2,NYY,,3.47,1.23,R
Logan Webb,2024/6/7 00:00,7,2,2,5,0,6,94,6,0.686,0,7,2,TEX,,3.47,1.23,R
Logan Webb,2024/6/12 00:00,6,3,3,7,0,5,83,5,0.741,1,6.67,3,HOU,,3.47,1.23,R
Logan Webb,2024/6/18 00:00,7,2,2,6,1,5,101,6,0.71,0,6.67,2.33,CHC,,3.47,1.23,R
Logan Webb,2024/6/23 00:00,6,4,4,9,2,8,105,5,0.703,0,6.33,3,STL,,3.47,1.23,R
Logan Webb,2024/6/28 00:00,7,2,2,5,3,6,93,5,0.781,1,6.67,2.67,LAD,,3.47,1.23,R
Logan Webb,2024/7/4 00:00,7,2,2,7,1,6,104,6,0.724,0,6.67,2.67,ATL,,3.47,1.23,R
Logan Webb,2024/7/10 00:00,5,7,7,8,1,4,86,6,0.703,1,6.33,3.67,TOR,,3.47,1.23,R
Logan Webb,2024/7/20 00:00,6,4,4,8,4,4,99,10,0.704,0,6,4.33,COL,,3.47,1.23,R
Logan Webb,2024/7/25 00:00,5,4,4,9,3,4,90,5,0.781,0,5.33,5,LAD,,3.47,1.23,R
Logan Webb,2024/7/31 00:00,9,0,0,5,1,6,106,6,0.694,1,6.67,2.67,OAK,,3.47,1.23,R
Logan Webb,2024/8/5 00:00,5.2,1,1,4,3,4,95,5,0.684,0,6.4,1.67,WSH,,3.47,1.23,R
Logan Webb,2024/8/10 00:00,7,1,1,4,1,8,110,5,0.685,1,7.07,0.67,DET,,3.47,1.23,R
Logan Webb,2024/8/15 00:00,7.2,0,0,4,1,7,104,5,0.724,1,6.47,0.67,ATL,,3.47,1.23,R
Logan Webb,2024/8/21 00:00,8,2,2,5,0,6,93,6,0.618,1,7.4,1,CWS,,3.47,1.23,R
Logan Webb,2024/8/27 00:00,5,4,4,4,3,4,110,6,0.729,0,6.73,2,MIL,,3.47,1.23,R
Logan Webb,2024/9/1 00:00,6,6,6,8,0,4,90,5,0.678,1,6.33,4,MIA,,3.47,1.23,R
Logan Webb,2024/9/7 00:00,6,3,3,10,2,3,84,6,0.745,0,5.67,4.33,SD,,3.47,1.23,R
Logan Webb,2024/9/13 00:00,4,3,4,7,1,4,83,6,0.745,1,5.33,4,SD,,3.47,1.23,R
Logan Webb,2024/9/19 00:00,5,3,3,4,2,8,96,6,0.751,0,5,3,BAL,,3.47,1.23,R
Logan Webb,2024/9/24 00:00,6,0,0,4,1,3,95,5,0.777,0,5,2,AZ,,3.47,1.23,R
Luis Gil,2024/4/1 00:00,4.2,1,1,1,3,6,84,5,0.777,0,4.2,1,AZ,,3.5,1.19,R
Luis Gil,2024/4/7 00:00,4.1,2,2,2,4,8,95,6,0.703,1,4.15,1.5,TOR,,3.5,1.19,R
Luis Gil,2024/4/15 00:00,5,3,3,3,7,6,99,8,0.703,0,4.43,2,TOR,,3.5,1.19,R
Luis Gil,2024/4/21 00:00,5.2,0,1,2,3,9,97,6,0.669,1,4.77,1.67,TB,,3.5,1.19,R
Luis Gil,2024/4/26 00:00,5,5,5,7,2,6,97,5,0.729,0,5.07,2.67,MIL,,3.5,1.19,R
Luis Gil,2024/5/1 00:00,6.1,0,0,2,1,5,95,5,0.751,0,5.43,1.67,BAL,,3.5,1.19,R
Luis Gil,2024/5/7 00:00,6,1,1,1,4,5,97,6,0.741,1,5.7,2,HOU,,3.5,1.19,R
Luis Gil,2024/5/12 00:00,6,0,0,3,2,3,91,5,0.669,0,6.03,0.33,TB,,3.5,1.19,R
Luis Gil,2024/5/18 00:00,6,1,1,5,1,14,98,6,0.618,1,6,0.67,CWS,,3.5,1.19,R
Luis Gil,2024/5/23 00:00,6.1,0,0,1,2,8,96,5,0.687,1,6.03,0.33,SEA,,3.5,1.19,R
Luis Gil,2024/5/29 00:00,8,1,1,2,2,9,95,6,0.671,0,6.7,0.67,LAA,,3.5,1.19,R
Luis Gil,2024/6/4 00:00,6,0,0,1,3,6,88,6,0.726,1,6.7,0.33,MIN,,3.5,1.19,R
Luis Gil,2024/6/9 00:00,5.2,3,3,5,1,5,96,5,0.781,1,6.4,1.33,LAD,,3.5,1.19,R
Luis Gil,2024/6/14 00:00,5,1,1,4,4,6,104,5,0.741,0,5.4,1.33,BOS,,3.5,1.19,R
Luis Gil,2024/6/20 00:00,1.1,7,7,8,2,1,47,6,0.751,1,3.77,3.67,BAL,,3.5,1.19,R
Luis Gil,2024/6/26 00:00,4.1,5,5,4,4,2,87,6,0.734,0,3.4,4.33,NYM,,3.5,1.19,R
Luis Gil,2024/7/2 00:00,4,4,4,2,3,3,83,6,0.693,1,3.07,5.33,CIN,,3.5,1.19,R
Luis Gil,2024/7/7 00:00,6.2,1,1,4,0,9,96,5,0.741,1,4.77,3.33,BOS,,3.5,1.19,R
Luis Gil,2024/7/13 00:00,6,1,1,5,1,7,95,6,0.751,0,5.4,2,BAL,,3.5,1.19,R
Luis Gil,2024/7/23 00:00,5,1,1,4,1,6,91,10,0.734,1,5.73,1,NYM,,3.5,1.19,R
Luis Gil,2024/7/29 00:00,5.1,3,3,5,3,8,92,6,0.75,0,5.37,1.67,PHI,,3.5,1.19,R
Luis Gil,2024/8/7 00:00,5,0,0,2,5,6,107,9,0.671,1,5.03,1.33,LAA,,3.5,1.19,R
Luis Gil,2024/8/12 00:00,4,4,4,7,2,3,98,5,0.618,0,4.7,2.33,CWS,,3.5,1.19,R
Luis Gil,2024/8/20 00:00,3,3,3,3,6,3,76,8,0.703,1,4,2.33,CLE,,3.5,1.19,R
Luis Gil,2024/9/6 00:00,6,0,0,1,2,7,89,17,0.71,0,4.33,2.33,CHC,,3.5,1.19,R
Luis Gil,2024/9/11 00:00,5,1,1,5,2,5,97,5,0.71,1,4.67,1.33,KC,,3.5,1.19,R
Luis Gil,2024/9/17 00:00,5,1,1,4,3,5,91,6,0.687,0,5.33,0.67,SEA,,3.5,1.19,R
Luis Gil,2024/9/22 00:00,5.1,4,4,5,3,5,92,5,0.694,0,5.03,2,OAK,,3.5,1.19,R
Luis Gil,2024/9/28 00:00,5.2,6,6,6,1,5,89,6,0.672,1,5.1,3.67,PIT,,3.5,1.19,R
Luis Gil,2024/10/18 00:00,4,2,2,3,3,3,79,20,0.703,0,4.77,4,CLE,,3.5,1.19,R
Luis Gil,2024/10/29 00:00,4,4,4,5,2,1,67,11,0.781,1,4.4,4,LAD,,3.5,1.19,R
Luis Severino,2024/3/30 00:00,5,3,6,11,0,6,88,5,0.729,1,5,3,MIL,,3.91,1.24,R
Luis Severino,2024/4/6 00:00,5,1,2,3,2,7,99,7,0.693,0,5,2,CIN,,3.91,1.24,R
Luis Severino,2024/4/12 00:00,5,1,1,1,4,4,90,6,0.71,1,5,1.67,KC,,3.91,1.24,R
Luis Severino,2024/4/17 00:00,6,0,1,5,3,4,96,5,0.672,1,5.33,0.67,PIT,,3.91,1.24,R
Luis Severino,2024/4/23 00:00,6,3,3,5,0,5,91,6,0.701,0,5.67,1.33,SF,,3.91,1.24,R
Luis Severino,2024/4/29 00:00,8,1,1,1,2,5,101,6,0.71,1,6.67,1.33,CHC,,3.91,1.24,R
Luis Severino,2024/5/5 00:00,5,4,4,4,6,6,98,6,0.669,0,6.33,2.67,TB,,3.91,1.24,R
Luis Severino,2024/5/12 00:00,5,2,2,4,3,4,94,7,0.724,1,6,2.33,ATL,,3.91,1.24,R
Luis Severino,2024/5/18 00:00,6.2,5,5,6,3,3,95,6,0.678,0,5.4,3.67,MIA,,3.91,1.24,R
Luis Severino,2024/5/25 00:00,7,1,1,2,3,6,103,7,0.701,1,6.07,2.67,SF,,3.91,1.24,R
Luis Severino,2024/5/31 00:00,5.1,4,5,6,1,4,97,6,0.777,1,6.1,3.33,AZ,,3.91,1.24,R
Luis Severino,2024/6/5 00:00,8,1,1,7,0,4,93,5,0.684,0,6.7,2,WSH,,3.91,1.24,R
Luis Severino,2024/6/13 00:00,6,1,1,7,3,2,103,8,0.678,1,6.37,2,MIA,,3.91,1.24,R
Luis Severino,2024/6/18 00:00,6.1,6,6,8,1,1,92,5,0.686,0,6.7,2.67,TEX,,3.91,1.24,R
Luis Severino,2024/6/23 00:00,6,0,0,3,0,10,102,5,0.71,0,6.03,2.33,CHC,,3.91,1.24,R
Luis Severino,2024/6/30 00:00,7,4,4,8,1,3,79,7,0.741,1,6.37,3.33,HOU,,3.91,1.24,R
Luis Severino,2024/7/5 00:00,6,7,7,9,2,3,91,5,0.672,0,6.33,3.67,PIT,,3.91,1.24,R
Luis Severino,2024/7/10 00:00,6.1,2,2,4,3,4,92,5,0.684,1,6.37,4.33,WSH,,3.91,1.24,R
Luis Severino,2024/7/20 00:00,6,0,0,2,3,7,91,10,0.678,0,6.03,3,MIA,,3.91,1.24,R
Luis Severino,2024/7/25 00:00,5,2,2,7,2,6,95,5,0.724,1,5.7,1.33,ATL,,3.91,1.24,R
Luis Severino,2024/7/31 00:00,3,6,6,6,2,2,62,6,0.726,1,4.67,2.67,MIN,,3.91,1.24,R
Luis Severino,2024/8/6 00:00,5,4,5,8,0,5,89,6,0.704,0,4.33,4,COL,,3.91,1.24,R
Luis Severino,2024/8/11 00:00,5,4,4,6,2,8,92,5,0.687,0,4.33,4.67,SEA,,3.91,1.24,R
Luis Severino,2024/8/17 00:00,9,0,0,4,1,8,113,6,0.678,1,6.33,2.67,MIA,,3.91,1.24,R
Luis Severino,2024/8/22 00:00,5,1,1,5,4,5,87,5,0.745,0,6.33,1.67,SD,,3.91,1.24,R
Luis Severino,2024/8/28 00:00,4.2,4,4,8,1,9,100,6,0.777,0,6.07,1.67,AZ,,3.91,1.24,R
Luis Severino,2024/9/2 00:00,7,1,1,6,2,5,100,5,0.741,1,5.4,2,BOS,,3.91,1.24,R
Luis Severino,2024/9/8 00:00,6.2,1,1,5,2,8,97,6,0.693,1,5.8,2,CIN,,3.91,1.24,R
Luis Severino,2024/9/14 00:00,6,3,3,3,1,5,86,6,0.75,0,6.4,1.67,PHI,,3.91,1.24,R
Luis Severino,2024/9/19 00:00,6,3,3,5,2,7,86,5,0.75,1,6.07,2.33,PHI,,3.91,1.24,R
Luis Severino,2024/9/24 00:00,4,4,4,7,1,5,89,5,0.724,0,5.33,3.33,ATL,,3.91,1.24,R
Luis Severino,2024/10/1 00:00,6,3,4,8,2,3,105,7,0.729,0,5.33,3.33,MIL,,3.91,1.24,R
Luis Severino,2024/10/6 00:00,6,3,3,6,0,7,91,5,0.75,0,5.33,3.33,PHI,,3.91,1.24,R
Luis Severino,2024/10/16 00:00,4.2,0,2,3,4,3,95,10,0.781,1,5.4,2,LAD,,3.91,1.24,R
Luke Little,2024/3/30 00:00,1,0,0,1,0,1,18,5,0.686,0,1,0,TEX,,3.46,1.27,L
Luke Little,2024/4/2 00:00,1,0,0,0,1,0,12,3,0.704,1,1,0,COL,,3.46,1.27,L
Luke Little,2024/4/3 00:00,1,0,0,0,0,1,14,1,0.704,1,1,0,COL,,3.46,1.27,L
Luke Little,2024/4/6 00:00,1,0,0,0,1,1,11,3,0.781,1,1,0,LAD,,3.46,1.27,L
Luke Little,2024/4/8 00:00,1,1,1,1,2,1,20,2,0.745,0,1,0.33,SD,,3.46,1.27,L
Luke Little,2024/4/15 00:00,1,0,0,0,0,1,12,7,0.777,0,1,0.33,AZ,,3.46,1.27,L
Luke Little,2024/4/16 00:00,0.2,1,1,2,1,0,24,1,0.777,0,0.73,0.67,AZ,,3.46,1.27,L
Luke Little,2024/4/20 00:00,1,0,0,1,1,1,14,4,0.678,1,0.73,0.33,MIA,,3.46,1.27,L
Luke Little,2024/4/24 00:00,0.2,0,0,0,0,1,10,4,0.741,1,0.47,0.33,HOU,,3.46,1.27,L
Luke Little,2024/4/27 00:00,0.2,5,5,3,1,1,34,3,0.741,0,0.47,1.67,BOS,,3.46,1.27,L
Luke Little,2024/5/15 00:00,1,0,0,0,1,1,14,18,0.724,0,0.47,1.67,ATL,,3.46,1.27,L
Luke Little,2024/5/17 00:00,0.2,0,0,0,0,1,8,2,0.672,1,0.47,1.67,PIT,,3.46,1.27,L
Luke Little,2024/5/19 00:00,1,0,0,0,2,1,16,2,0.672,1,0.73,0,PIT,,3.46,1.27,L
Luke Little,2024/5/21 00:00,1,0,0,0,0,0,11,2,0.724,1,0.73,0,ATL,,3.46,1.27,L
Luke Little,2024/5/23 00:00,1.1,0,0,0,0,2,15,2,0.724,1,1.03,0,ATL,,3.46,1.27,L
Luke Little,2024/5/25 00:00,1,0,0,0,0,2,13,2,0.703,0,1.03,0,STL,,3.46,1.27,L
Luke Little,2024/5/28 00:00,0.2,1,2,0,1,0,17,3,0.729,0,0.77,0.33,MIL,,3.46,1.27,L
Luke Little,2024/5/30 00:00,0.2,1,1,0,2,0,18,2,0.729,0,0.47,0.67,MIL,,3.46,1.27,L
Luke Little,2024/6/4 00:00,1,0,0,0,0,2,10,5,0.618,1,0.47,0.67,CWS,,3.46,1.27,L
Luke Little,2024/6/6 00:00,0.1,1,1,1,1,0,9,2,0.693,0,0.43,0.67,CIN,,3.46,1.27,L
Luke Little,2024/6/14 00:00,1,0,0,0,1,2,17,8,0.703,1,0.7,0.33,STL,,3.46,1.27,L
Luke Little,2024/6/17 00:00,0.1,0,0,1,1,0,10,3,0.701,1,0.4,0.33,SF,,3.46,1.27,L
Luke Little,2024/6/21 00:00,1.2,0,0,0,1,1,19,4,0.734,1,0.77,0,NYM,,3.46,1.27,L
Luke Little,2024/6/23 00:00,1,0,0,0,0,2,15,2,0.734,1,0.77,0,NYM,,3.46,1.27,L
Luke Little,2024/6/27 00:00,1,0,0,0,0,3,16,4,0.701,0,1.07,0,SF,,3.46,1.27,L
Luke Little,2024/6/29 00:00,1,0,0,2,0,1,10,2,0.729,0,1,0,MIL,,3.46,1.27,L
Luke Little,2024/7/3 00:00,1,0,0,0,0,1,12,4,0.75,1,1,0,PHI,,3.46,1.27,L
Luke Little,2024/7/7 00:00,0.2,0,0,2,1,0,19,4,0.671,1,0.73,0,LAA,,3.46,1.27,L
Luke Little,2024/7/10 00:00,0.2,0,0,1,0,1,16,3,0.751,0,0.47,0,BAL,,3.46,1.27,L
MacKenzie Gore,2024/4/1 00:00,5.1,3,3,5,2,6,101,5,0.672,1,5.1,3,PIT,,3.9,1.42,L
MacKenzie Gore,2024/4/7 00:00,5.2,2,2,5,2,6,92,6,0.75,1,5.15,2.5,PHI,,3.9,1.42,L
MacKenzie Gore,2024/4/13 00:00,5,0,0,4,1,11,90,6,0.694,0,5.1,1.67,OAK,,3.9,1.42,L
MacKenzie Gore,2024/4/19 00:00,4,3,3,7,1,4,92,6,0.741,1,4.73,1.67,HOU,,3.9,1.42,L
MacKenzie Gore,2024/4/25 00:00,6,1,1,7,2,4,102,6,0.781,1,5,1.33,LAD,,3.9,1.42,L
MacKenzie Gore,2024/4/30 00:00,5,2,2,5,1,7,91,5,0.686,0,5,2,TEX,,3.9,1.42,L
MacKenzie Gore,2024/5/5 00:00,3,2,6,6,2,4,76,5,0.703,1,4.67,1.67,TOR,,3.9,1.42,L
MacKenzie Gore,2024/5/12 00:00,6,2,3,6,2,9,111,7,0.741,0,4.67,2,BOS,,3.9,1.42,L
MacKenzie Gore,2024/5/18 00:00,6.1,2,2,3,3,3,93,6,0.75,0,5.03,2,PHI,,3.9,1.42,L
MacKenzie Gore,2024/5/24 00:00,7,1,1,4,1,8,98,6,0.687,1,6.37,1.67,SEA,,3.9,1.42,L
MacKenzie Gore,2024/5/29 00:00,5.1,1,2,6,0,10,97,5,0.724,0,6.07,1.33,ATL,,3.9,1.42,L
MacKenzie Gore,2024/6/3 00:00,4.1,6,6,7,4,2,92,5,0.734,1,5.4,2.67,NYM,,3.9,1.42,L
MacKenzie Gore,2024/6/8 00:00,5,1,2,6,1,7,100,5,0.724,1,4.73,2.67,ATL,,3.9,1.42,L
MacKenzie Gore,2024/6/14 00:00,7,1,1,5,1,10,103,6,0.678,1,5.37,2.67,MIA,,3.9,1.42,L
MacKenzie Gore,2024/6/20 00:00,5,2,4,9,2,7,103,6,0.777,1,5.67,1.33,AZ,,3.9,1.42,L
MacKenzie Gore,2024/6/25 00:00,5,5,5,5,3,1,94,5,0.745,0,5.67,2.67,SD,,3.9,1.42,L
MacKenzie Gore,2024/7/1 00:00,5.2,1,1,5,1,8,104,6,0.734,1,5.07,2.67,NYM,,3.9,1.42,L
MacKenzie Gore,2024/7/6 00:00,3.1,5,5,6,5,5,90,5,0.703,1,4.43,3.67,STL,,3.9,1.42,L
MacKenzie Gore,2024/7/11 00:00,4.2,4,4,3,3,4,95,5,0.734,0,4.17,3.33,NYM,,3.9,1.42,L
MacKenzie Gore,2024/7/20 00:00,2,3,3,2,4,2,67,9,0.693,1,3.1,4,CIN,,3.9,1.42,L
MacKenzie Gore,2024/7/26 00:00,5,6,6,9,2,3,90,6,0.703,0,3.73,4.33,STL,,3.9,1.42,L
MacKenzie Gore,2024/7/31 00:00,5.1,3,3,8,1,1,98,5,0.777,0,4.03,4,AZ,,3.9,1.42,L
MacKenzie Gore,2024/8/6 00:00,5,4,5,8,2,6,98,6,0.701,1,5.03,4.33,SF,,3.9,1.42,L
MacKenzie Gore,2024/8/11 00:00,4,0,5,5,6,2,86,5,0.671,1,4.7,2.33,LAA,,3.9,1.42,L
MacKenzie Gore,2024/8/17 00:00,5.2,5,5,9,2,6,92,6,0.75,0,4.73,3,PHI,,3.9,1.42,L
MacKenzie Gore,2024/8/23 00:00,6,1,1,7,0,4,88,6,0.724,0,5.07,2,ATL,,3.9,1.42,L
MacKenzie Gore,2024/8/28 00:00,6,2,2,6,1,6,102,5,0.761,1,5.73,2.67,NYY,,3.9,1.42,L
MacKenzie Gore,2024/9/4 00:00,6,1,1,1,1,9,93,7,0.678,0,6,1.33,MIA,,3.9,1.42,L
MacKenzie Gore,2024/9/10 00:00,3.2,2,7,6,3,3,79,6,0.724,1,5.07,1.67,ATL,,3.9,1.42,L
MacKenzie Gore,2024/9/15 00:00,6,0,1,2,2,5,93,5,0.678,1,5.07,1,MIA,,3.9,1.42,L
MacKenzie Gore,2024/9/21 00:00,7,1,1,1,3,9,94,6,0.71,0,5.4,1,CHC,,3.9,1.42,L
MacKenzie Gore,2024/9/28 00:00,6,0,0,3,1,9,91,7,0.75,1,6.33,0.33,PHI,,3.9,1.42,L
Marco Gonzales,2024/4/1 00:00,5,1,1,4,2,2,77,5,0.684,0,5,1,WSH,,4.54,1.6,L
Marco Gonzales,2024/4/7 00:00,6,2,2,5,0,4,77,6,0.751,1,5.5,1.5,BAL,,4.54,1.6,L
Marco Gonzales,2024/4/13 00:00,6,2,2,6,3,5,90,6,0.75,0,5.67,1.67,PHI,,4.54,1.6,L
Marco Gonzales,2024/7/12 00:00,5,1,1,7,0,4,60,90,0.618,0,5.67,1.67,CWS,,4.54,1.6,L
Marco Gonzales,2024/7/21 00:00,4.2,2,2,6,1,4,84,9,0.75,1,5.07,1.67,PHI,,4.54,1.6,L
Marco Gonzales,2024/7/27 00:00,2.1,4,4,7,3,1,67,6,0.777,0,3.77,2.33,AZ,,4.54,1.6,L
Marco Gonzales,2024/8/7 00:00,4.2,5,5,8,2,3,91,11,0.745,1,3.5,3.67,SD,,4.54,1.6,L
Marcus Stroman,2024/3/30 00:00,6,0,3,4,2,4,101,5,0.741,0,6,0,HOU,,4.31,1.47,R
Marcus Stroman,2024/4/5 00:00,6,0,0,3,1,6,98,6,0.703,1,6,0,TOR,,4.31,1.47,R
Marcus Stroman,2024/4/10 00:00,5,4,4,4,4,7,95,5,0.678,1,5.67,1.33,MIA,,4.31,1.47,R
Marcus Stroman,2024/4/17 00:00,5.1,2,2,6,2,2,99,7,0.703,0,5.37,2,TOR,,4.31,1.47,R
Marcus Stroman,2024/4/23 00:00,5.1,3,3,7,1,9,97,6,0.694,1,5.07,3,OAK,,4.31,1.47,R
Marcus Stroman,2024/4/28 00:00,4,4,4,6,5,4,88,5,0.729,0,4.73,3,MIL,,4.31,1.47,R
Marcus Stroman,2024/5/3 00:00,5.1,1,1,3,5,3,90,5,0.685,1,4.73,2.67,DET,,4.31,1.47,R
Marcus Stroman,2024/5/9 00:00,5.2,4,4,9,2,5,95,6,0.741,1,4.77,3,HOU,,4.31,1.47,R
Marcus Stroman,2024/5/15 00:00,6,0,0,2,3,2,91,6,0.726,0,5.43,1.67,MIN,,4.31,1.47,R
Marcus Stroman,2024/5/20 00:00,7.1,1,1,3,1,6,96,5,0.687,1,6.1,1.67,SEA,,4.31,1.47,R
Marcus Stroman,2024/5/25 00:00,6,0,0,3,1,5,91,5,0.745,0,6.37,0.33,SD,,4.31,1.47,R
Marcus Stroman,2024/5/31 00:00,7.1,1,2,5,2,2,91,6,0.701,0,6.73,0.67,SF,,4.31,1.47,R
Marcus Stroman,2024/6/6 00:00,4.2,5,5,6,2,2,78,6,0.726,1,5.77,2,MIN,,4.31,1.47,R
Marcus Stroman,2024/6/11 00:00,5.2,0,0,4,3,1,102,5,0.71,0,5.5,2,KC,,4.31,1.47,R
Marcus Stroman,2024/6/16 00:00,5,4,4,7,4,3,102,5,0.741,0,4.8,3,BOS,,4.31,1.47,R
Marcus Stroman,2024/6/22 00:00,6.2,3,3,3,2,6,93,6,0.724,1,5.47,2.33,ATL,,4.31,1.47,R
Marcus Stroman,2024/6/28 00:00,4.1,3,3,5,3,3,88,6,0.703,0,5.1,3.33,TOR,,4.31,1.47,R
Marcus Stroman,2024/7/4 00:00,5,5,5,5,2,6,99,6,0.693,1,5.1,3.67,CIN,,4.31,1.47,R
Marcus Stroman,2024/7/10 00:00,4.1,1,1,7,2,2,84,6,0.669,0,4.4,3,TB,,4.31,1.47,R
Marcus Stroman,2024/7/21 00:00,5.1,2,3,5,0,5,87,11,0.669,1,4.73,2.67,TB,,4.31,1.47,R
Marcus Stroman,2024/7/27 00:00,3.1,3,5,9,1,0,60,6,0.741,0,4.1,2,BOS,,4.31,1.47,R
Marcus Stroman,2024/8/2 00:00,2.2,7,7,8,1,3,64,6,0.703,1,3.47,4,TOR,,4.31,1.47,R
Marcus Stroman,2024/8/11 00:00,5,1,1,4,3,1,89,9,0.686,1,3.43,3.67,TEX,,4.31,1.47,R
Marcus Stroman,2024/8/18 00:00,6,0,0,4,2,5,87,7,0.685,0,4.4,2.67,DET,,4.31,1.47,R
Marcus Stroman,2024/8/25 00:00,5,3,3,5,3,5,97,7,0.704,1,5.33,1.33,COL,,4.31,1.47,R
Marcus Stroman,2024/8/30 00:00,7,2,2,9,0,5,98,5,0.703,1,6,1.67,STL,,4.31,1.47,R
Marcus Stroman,2024/9/4 00:00,3.2,5,5,9,1,3,88,5,0.686,0,5.07,3.33,TEX,,4.31,1.47,R
Marcus Stroman,2024/9/10 00:00,5.1,3,3,7,2,4,89,6,0.71,1,5.1,3.33,KC,,4.31,1.47,R
Marcus Stroman,2024/9/17 00:00,3,1,1,5,0,3,64,7,0.687,0,3.77,3,SEA,,4.31,1.47,R
Marcus Stroman,2024/9/25 00:00,3.1,6,6,10,0,1,66,8,0.751,1,3.73,3.33,BAL,,4.31,1.47,R
Mason Black,2024/5/6 00:00,4.1,5,5,8,3,4,84,5,0.75,0,4.1,5,PHI,,6.44,1.68,R
Mason Black,2024/5/11 00:00,4.1,1,1,4,2,2,78,5,0.693,1,4.1,3,CIN,,6.44,1.68,R
Mason Black,2024/5/17 00:00,3,4,4,6,0,2,50,6,0.704,1,3.73,3.33,COL,,6.44,1.68,R
Mason Black,2024/5/23 00:00,2.2,4,4,3,2,2,51,6,0.672,0,3.1,3,PIT,,6.44,1.68,R
Mason Black,2024/8/31 00:00,5,2,2,4,0,6,74,100,0.678,1,3.4,3.33,MIA,,6.44,1.68,R
Mason Black,2024/9/6 00:00,4.2,4,4,6,1,6,93,6,0.745,0,3.8,3.33,SD,,6.44,1.68,R
Mason Black,2024/9/14 00:00,4,2,2,6,1,2,79,8,0.745,1,4.4,2.67,SD,,6.44,1.68,R
Mason Black,2024/9/20 00:00,5.2,0,0,4,1,4,84,6,0.71,0,4.47,2,KC,,6.44,1.68,R
Mason Black,2024/9/25 00:00,2.2,4,4,5,5,3,70,5,0.777,0,3.8,2,AZ,,6.44,1.68,R
Mason Englert,2024/5/23 00:00,1,3,3,3,0,1,23,5,0.703,1,1,3,TOR,,5.4,1.29,R
Mason Englert,2024/5/26 00:00,1,0,0,0,1,1,22,3,0.703,1,1,1.5,TOR,,5.4,1.29,R
Mason Englert,2024/5/29 00:00,2,0,0,0,0,2,28,3,0.672,1,1.33,1,PIT,,5.4,1.29,R
Mason Englert,2024/5/31 00:00,2,0,0,2,0,1,29,2,0.741,0,1.67,0,BOS,,5.4,1.29,R
Mason Englert,2024/6/5 00:00,3.1,1,3,4,1,1,53,5,0.686,0,2.37,0.33,TEX,,5.4,1.29,R
Mason Englert,2024/6/9 00:00,1,1,1,2,0,0,16,4,0.729,1,2.03,0.67,MIL,,5.4,1.29,R
Mason Englert,2024/6/12 00:00,1,0,0,0,0,1,7,3,0.684,1,1.7,0.67,WSH,,5.4,1.29,R
Mason Englert,2024/6/15 00:00,2,5,5,5,1,2,52,3,0.741,0,1.33,2,HOU,,5.4,1.29,R
Mason Englert,2024/6/19 00:00,3,2,2,5,0,3,53,4,0.724,0,2,2.33,ATL,,5.4,1.29,R
Mason Englert,2024/6/22 00:00,2.1,0,0,0,0,1,24,3,0.618,1,2.37,2.33,CWS,,5.4,1.29,R
Mason Englert,2024/6/24 00:00,1,1,1,1,1,1,25,2,0.75,1,2.03,1,PHI,,5.4,1.29,R
Mason Englert,2024/8/28 00:00,2,0,0,1,1,2,33,65,0.671,1,1.7,0.33,LAA,,5.4,1.29,R
Matthew Liberatore,2024/3/28 00:00,1,0,0,0,0,1,10,5,0.781,0,1,0,LAD,,4.4,1.27,L
Matthew Liberatore,2024/3/30 00:00,2,2,2,3,2,2,47,2,0.781,0,1.5,1,LAD,,4.4,1.27,L
Matthew Liberatore,2024/4/3 00:00,1,0,0,1,0,1,15,4,0.745,0,1.33,0.67,SD,,4.4,1.27,L
Matthew Liberatore,2024/4/4 00:00,1.1,1,1,1,0,0,16,1,0.678,1,1.37,1,MIA,,4.4,1.27,L
Matthew Liberatore,2024/4/8 00:00,1.2,0,0,1,0,1,18,4,0.75,1,1.1,0.33,PHI,,4.4,1.27,L
Matthew Liberatore,2024/4/9 00:00,0.2,0,0,0,2,0,17,1,0.75,1,0.83,0.33,PHI,,4.4,1.27,L
Matthew Liberatore,2024/4/17 00:00,1.2,0,0,1,1,0,19,8,0.694,0,0.87,0,OAK,,4.4,1.27,L
Matthew Liberatore,2024/4/19 00:00,1,0,0,0,1,2,22,2,0.729,1,0.8,0,MIL,,4.4,1.27,L
Matthew Liberatore,2024/4/21 00:00,1,0,0,0,1,0,12,2,0.729,1,1.07,0,MIL,,4.4,1.27,L
Matthew Liberatore,2024/4/28 00:00,3,2,3,3,1,0,38,7,0.734,0,1.67,0.67,NYM,,4.4,1.27,L
Matthew Liberatore,2024/4/30 00:00,1,0,0,0,0,2,12,2,0.685,0,1.67,0.67,DET,,4.4,1.27,L
Matthew Liberatore,2024/5/1 00:00,1,0,0,0,0,1,8,1,0.685,0,1.67,0.67,DET,,4.4,1.27,L
Matthew Liberatore,2024/5/5 00:00,3.2,1,1,3,0,5,50,4,0.618,1,1.73,0.33,CWS,,4.4,1.27,L
Matthew Liberatore,2024/5/10 00:00,0.1,2,2,3,0,1,13,5,0.729,0,1.43,1,MIL,,4.4,1.27,L
Matthew Liberatore,2024/5/13 00:00,3.1,4,4,5,2,1,60,3,0.671,0,2.13,2.33,LAA,,4.4,1.27,L
Matthew Liberatore,2024/5/19 00:00,3,4,4,6,1,3,70,6,0.741,1,2.07,3.33,BOS,,4.4,1.27,L
Matthew Liberatore,2024/5/27 00:00,0.2,0,0,0,2,0,13,8,0.693,0,2.1,2.67,CIN,,4.4,1.27,L
Matthew Liberatore,2024/5/31 00:00,1.1,0,0,0,0,3,17,4,0.75,0,1.43,1.33,PHI,,4.4,1.27,L
Matthew Liberatore,2024/6/2 00:00,1,0,0,0,0,2,12,2,0.75,0,0.77,0,PHI,,4.4,1.27,L
Matthew Liberatore,2024/6/4 00:00,0.1,0,0,0,0,0,6,2,0.741,0,0.73,0,HOU,,4.4,1.27,L
Matthew Liberatore,2024/6/6 00:00,1.1,0,0,1,1,1,23,2,0.704,1,0.73,0,COL,,4.4,1.27,L
Matthew Liberatore,2024/6/9 00:00,1,0,0,0,0,0,10,3,0.704,1,0.73,0,COL,,4.4,1.27,L
Matthew Liberatore,2024/6/13 00:00,0.2,0,0,0,0,0,11,4,0.672,1,0.77,0,PIT,,4.4,1.27,L
Matthew Liberatore,2024/6/15 00:00,1,0,0,0,0,1,7,2,0.71,0,0.73,0,CHC,,4.4,1.27,L
Matthew Liberatore,2024/6/18 00:00,0.2,1,1,2,0,0,12,3,0.678,0,0.47,0.33,MIA,,4.4,1.27,L
Matthew Liberatore,2024/6/19 00:00,3.2,2,2,3,1,1,48,1,0.678,0,1.47,1,MIA,,4.4,1.27,L
Matthew Liberatore,2024/6/26 00:00,6,0,0,2,1,8,85,7,0.724,1,3.13,1,ATL,,4.4,1.27,L
Matthew Liberatore,2024/7/3 00:00,1.2,0,0,1,0,0,20,7,0.672,0,3.47,0.67,PIT,,4.4,1.27,L
Matthew Liberatore,2024/7/5 00:00,0.2,0,0,2,0,0,7,2,0.684,0,2.47,0,WSH,,4.4,1.27,L
Matthew Liberatore,2024/7/6 00:00,2.1,2,2,3,1,2,49,1,0.684,0,1.17,0.67,WSH,,4.4,1.27,L
Matthew Liberatore,2024/7/10 00:00,1.2,3,3,5,0,0,42,4,0.71,1,1.17,1.67,KC,,4.4,1.27,L
Matthew Liberatore,2024/7/13 00:00,1,0,0,0,0,2,12,3,0.71,1,1.43,1.67,CHC,,4.4,1.27,L
Matthew Liberatore,2024/7/14 00:00,0.1,0,0,0,0,1,5,1,0.71,1,0.77,1,CHC,,4.4,1.27,L
Matthew Liberatore,2024/7/24 00:00,3,5,5,4,3,3,69,10,0.672,0,1.37,1.67,PIT,,4.4,1.27,L
Matthew Liberatore,2024/7/27 00:00,0.2,4,4,4,0,0,18,3,0.684,1,1.1,3,WSH,,4.4,1.27,L
Matthew Liberatore,2024/8/2 00:00,0.1,0,0,0,0,0,4,6,0.71,0,1.1,3,CHC,,4.4,1.27,L
Matthew Liberatore,2024/8/4 00:00,1.1,0,0,0,1,2,27,2,0.71,0,0.47,1.33,CHC,,4.4,1.27,L
Matthew Liberatore,2024/8/5 00:00,2,0,0,2,0,4,19,1,0.734,1,1.07,0,NYM,,4.4,1.27,L
Matthew Liberatore,2024/8/9 00:00,3,0,0,0,1,3,36,4,0.71,0,2.03,0,KC,,4.4,1.27,L
Matthew Liberatore,2024/8/13 00:00,1,0,0,0,0,0,7,4,0.693,0,2,0,CIN,,4.4,1.27,L
Matthew Liberatore,2024/8/14 00:00,1.2,1,1,2,0,3,28,1,0.693,0,1.73,0.33,CIN,,4.4,1.27,L
Matthew Liberatore,2024/8/16 00:00,1.1,0,0,1,0,1,23,2,0.781,1,1.1,0.33,LAD,,4.4,1.27,L
Matthew Liberatore,2024/8/18 00:00,1,0,0,0,0,2,13,2,0.781,1,1.1,0.33,LAD,,4.4,1.27,L
Matthew Liberatore,2024/8/21 00:00,1,0,0,1,1,3,24,3,0.729,1,1.03,0,MIL,,4.4,1.27,L
Matthew Liberatore,2024/8/24 00:00,1,0,0,1,0,0,14,3,0.726,0,1,0,MIN,,4.4,1.27,L
Matthew Liberatore,2024/8/26 00:00,2,0,0,1,0,1,35,2,0.745,1,1.33,0,SD,,4.4,1.27,L
Matthew Liberatore,2024/8/28 00:00,0.2,0,0,0,1,1,13,2,0.745,1,1.07,0,SD,,4.4,1.27,L
Matthew Liberatore,2024/8/29 00:00,1,0,0,0,0,2,10,1,0.745,1,1.07,0,SD,,4.4,1.27,L
Matthew Liberatore,2024/8/31 00:00,0.2,4,4,5,0,0,24,2,0.761,0,0.47,1.33,NYY,,4.4,1.27,L
Matthew Liberatore,2024/9/3 00:00,2,0,0,0,2,2,30,3,0.729,0,1.07,1.33,MIL,,4.4,1.27,L
Matthew Liberatore,2024/9/6 00:00,0.2,2,2,2,0,0,17,3,0.687,1,0.8,2,SEA,,4.4,1.27,L
Matthew Liberatore,2024/9/11 00:00,1.1,0,0,0,0,0,12,5,0.693,1,1.1,0.67,CIN,,4.4,1.27,L
Matthew Liberatore,2024/9/13 00:00,3,0,0,1,1,3,43,2,0.703,0,1.43,0.67,TOR,,4.4,1.27,L
Matthew Liberatore,2024/9/17 00:00,1,0,0,2,0,1,21,4,0.672,1,1.7,0,PIT,,4.4,1.27,L
Matthew Liberatore,2024/9/18 00:00,0.1,1,1,2,0,0,5,1,0.672,1,1.37,0.33,PIT,,4.4,1.27,L
Matthew Liberatore,2024/9/21 00:00,0.2,0,0,1,0,1,10,3,0.703,1,0.43,0.33,CLE,,4.4,1.27,L
Matthew Liberatore,2024/9/24 00:00,1,0,0,2,0,0,12,3,0.704,0,0.43,0.33,COL,,4.4,1.27,L
Matthew Liberatore,2024/9/25 00:00,0.1,1,1,1,1,0,14,1,0.704,0,0.43,0.33,COL,,4.4,1.27,L
Matthew Liberatore,2024/9/27 00:00,1,0,0,1,0,1,10,2,0.701,0,0.7,0.33,SF,,4.4,1.27,L
Matthew Liberatore,2024/9/28 00:00,1,0,1,2,0,2,14,1,0.701,0,0.7,0.33,SF,,4.4,1.27,L
Matt Foster,2024/8/16 00:00,1,0,0,0,0,1,11,5,0.741,0,1,0,HOU,,2.7,1.5,R
Matt Foster,2024/8/28 00:00,2,0,0,2,1,1,21,12,0.686,1,1.5,0,TEX,,2.7,1.5,R
Matt Foster,2024/9/3 00:00,2,0,0,1,0,0,24,6,0.751,0,1.67,0,BAL,,2.7,1.5,R
Matt Foster,2024/9/6 00:00,0.1,2,2,1,1,0,16,3,0.741,0,1.37,0.67,BOS,,2.7,1.5,R
Matt Foster,2024/9/9 00:00,1,0,0,1,1,1,22,3,0.703,1,1.03,0.67,CLE,,2.7,1.5,R
Matt Foster,2024/9/11 00:00,0.1,0,0,0,2,1,14,2,0.703,1,0.4,0.67,CLE,,2.7,1.5,R
Matt Manning,2024/4/4 00:00,5.2,0,0,0,4,3,90,5,0.734,0,5.2,0,NYM,,4.88,1.55,R
Matt Manning,2024/4/13 00:00,6.2,4,4,5,2,7,92,9,0.726,1,5.7,2,MIN,,4.88,1.55,R
Matt Manning,2024/4/30 00:00,4.2,4,4,7,2,7,89,17,0.703,1,5.2,2.67,STL,,4.88,1.55,R
Matt Manning,2024/5/13 00:00,5.2,3,3,9,1,5,81,13,0.678,1,5.2,3.67,MIA,,4.88,1.55,R
Matt Manning,2024/5/19 00:00,5,4,4,10,3,1,86,6,0.777,0,4.8,3.67,AZ,,4.88,1.55,R
Matt Waldron,2024/4/1 00:00,4,4,4,9,1,7,91,5,0.703,1,4,4,STL,,4.91,1.26,R
Matt Waldron,2024/4/7 00:00,5.1,0,1,3,1,5,85,6,0.701,0,4.55,2,SF,,4.91,1.26,R
Matt Waldron,2024/4/13 00:00,5,1,1,3,4,4,93,6,0.781,0,4.7,1.67,LAD,,4.91,1.26,R
Matt Waldron,2024/4/19 00:00,4.2,5,5,7,1,2,96,6,0.703,1,4.77,2,TOR,,4.91,1.26,R
Matt Waldron,2024/4/24 00:00,6,1,1,4,3,5,91,5,0.704,0,5.07,2.33,COL,,4.91,1.26,R
Matt Waldron,2024/4/29 00:00,6,4,4,6,0,4,97,5,0.693,1,5.4,3.33,CIN,,4.91,1.26,R
Matt Waldron,2024/5/5 00:00,3,7,8,8,3,2,65,6,0.777,0,5,4,AZ,,4.91,1.26,R
Matt Waldron,2024/5/11 00:00,5.1,2,2,2,2,6,82,6,0.781,1,4.7,4.33,LAD,,4.91,1.26,R
Matt Waldron,2024/5/17 00:00,5.2,1,1,5,2,10,98,6,0.724,0,4.43,3.33,ATL,,4.91,1.26,R
Matt Waldron,2024/5/23 00:00,5,2,2,6,2,7,90,6,0.693,0,5.1,1.67,CIN,,4.91,1.26,R
Matt Waldron,2024/5/28 00:00,7,0,0,6,0,8,85,5,0.678,1,5.73,1,MIA,,4.91,1.26,R
Matt Waldron,2024/6/3 00:00,6.1,1,1,2,0,4,95,6,0.671,0,6.03,1,LAA,,4.91,1.26,R
Matt Waldron,2024/6/8 00:00,6,1,1,3,2,4,94,5,0.777,1,6.37,0.67,AZ,,4.91,1.26,R
Matt Waldron,2024/6/14 00:00,7,2,2,3,2,2,98,6,0.734,0,6.37,1.33,NYM,,4.91,1.26,R
Matt Waldron,2024/6/19 00:00,7,1,1,5,2,6,104,5,0.75,0,6.67,1.33,PHI,,4.91,1.26,R
Matt Waldron,2024/6/24 00:00,6,2,2,5,2,8,107,5,0.684,1,6.67,1.67,WSH,,4.91,1.26,R
Matt Waldron,2024/6/30 00:00,4.1,3,4,6,1,3,74,6,0.741,0,5.7,2,BOS,,4.91,1.26,R
Matt Waldron,2024/7/6 00:00,6,3,3,5,2,6,106,6,0.777,1,5.37,2.67,AZ,,4.91,1.26,R
Matt Waldron,2024/7/12 00:00,7,4,4,6,1,1,80,6,0.724,1,5.7,3.33,ATL,,4.91,1.26,R
Matt Waldron,2024/7/19 00:00,6,1,1,6,0,5,97,7,0.703,0,6.33,2.67,CLE,,4.91,1.26,R
Matt Waldron,2024/7/24 00:00,6,3,3,4,2,4,90,5,0.684,0,6.33,2.67,WSH,,4.91,1.26,R
Matt Waldron,2024/7/30 00:00,4,5,5,5,1,6,81,6,0.781,1,5.33,3,LAD,,4.91,1.26,R
Matt Waldron,2024/8/4 00:00,5.2,1,1,2,2,7,80,5,0.704,1,5.07,3,COL,,4.91,1.26,R
Matt Waldron,2024/8/10 00:00,4.1,5,5,5,2,5,83,6,0.678,0,4.43,3.67,MIA,,4.91,1.26,R
Matt Waldron,2024/8/16 00:00,5.2,7,7,9,1,6,102,6,0.704,0,4.83,4.33,COL,,4.91,1.26,R
Matt Waldron,2024/8/21 00:00,4.1,10,10,12,1,3,92,5,0.726,1,4.47,7.33,MIN,,4.91,1.26,R
Matt Waldron,2024/9/29 00:00,4,4,5,8,0,3,94,39,0.777,0,4.43,7,AZ,,4.91,1.26,R
Max Fried,2024/3/30 00:00,0.2,3,3,2,3,1,43,5,0.75,0,0.2,3,PHI,,3.25,1.16,L
Max Fried,2024/4/6 00:00,4.1,7,8,10,1,5,97,7,0.777,1,2.15,5,AZ,,3.25,1.16,L
Max Fried,2024/4/12 00:00,6.1,1,1,4,1,4,85,6,0.678,0,3.47,3.67,MIA,,3.25,1.16,L
Max Fried,2024/4/17 00:00,5,3,3,7,4,2,96,5,0.741,0,5.07,3.67,HOU,,3.25,1.16,L
Max Fried,2024/4/23 00:00,9,0,0,3,0,6,92,6,0.678,1,6.7,1.33,MIA,,3.25,1.16,L
Max Fried,2024/4/29 00:00,6,0,0,0,2,7,100,6,0.687,0,6.67,1,SEA,,3.25,1.16,L
Max Fried,2024/5/5 00:00,7,4,4,4,3,7,108,6,0.781,0,7.33,1.33,LAD,,3.25,1.16,L
Max Fried,2024/5/11 00:00,7,0,0,0,3,5,109,6,0.734,0,6.67,1.33,NYM,,3.25,1.16,L
Max Fried,2024/5/17 00:00,4.1,3,3,9,3,2,88,6,0.745,1,6.03,2.33,SD,,3.25,1.16,L
Max Fried,2024/5/22 00:00,9,1,2,3,0,9,105,5,0.71,0,6.7,1.33,CHC,,3.25,1.16,L
Max Fried,2024/5/28 00:00,8,0,0,7,1,6,103,6,0.684,1,7.03,1.33,WSH,,3.25,1.16,L
Max Fried,2024/6/4 00:00,7,2,3,4,1,13,103,7,0.741,0,8,1,BOS,,3.25,1.16,L
Max Fried,2024/6/11 00:00,5,4,4,6,2,3,87,7,0.751,0,6.67,2,BAL,,3.25,1.16,L
Max Fried,2024/6/17 00:00,5.1,1,1,4,3,6,103,6,0.685,1,5.7,2.33,DET,,3.25,1.16,L
Max Fried,2024/6/23 00:00,6,1,1,6,0,4,88,6,0.761,0,5.37,2,NYY,,3.25,1.16,L
Max Fried,2024/6/29 00:00,6,1,1,6,3,4,103,6,0.672,1,5.7,1,PIT,,3.25,1.16,L
Max Fried,2024/7/5 00:00,6,5,5,11,1,4,103,6,0.75,1,6,2.33,PHI,,3.25,1.16,L
Max Fried,2024/7/11 00:00,6,1,1,5,3,7,108,6,0.777,0,6,2.33,AZ,,3.25,1.16,L
Max Fried,2024/8/4 00:00,3.1,5,5,4,5,6,82,24,0.678,1,5.03,3.67,MIA,,3.25,1.16,L
Max Fried,2024/8/10 00:00,5,4,5,7,3,9,97,6,0.704,0,4.7,3.33,COL,,3.25,1.16,L
Max Fried,2024/8/15 00:00,5.1,3,3,5,3,5,103,5,0.701,0,4.4,4,SF,,3.25,1.16,L
Max Fried,2024/8/21 00:00,7,2,2,4,1,4,91,6,0.75,1,5.7,3,PHI,,3.25,1.16,L
Max Fried,2024/8/26 00:00,5,1,3,4,0,7,73,5,0.726,0,5.7,2,MIN,,3.25,1.16,L
Max Fried,2024/8/31 00:00,7,3,3,5,4,4,103,5,0.75,0,6.33,2,PHI,,3.25,1.16,L
Max Fried,2024/9/6 00:00,7,0,1,5,1,8,104,6,0.703,1,6.33,1.33,TOR,,3.25,1.16,L
Max Fried,2024/9/11 00:00,6,4,4,11,0,6,94,5,0.684,0,6.67,2.33,WSH,,3.25,1.16,L
Max Fried,2024/9/16 00:00,6,3,3,2,3,7,98,5,0.781,1,6.33,2.33,LAD,,3.25,1.16,L
Max Fried,2024/9/21 00:00,6,1,2,5,1,6,100,5,0.678,0,6,2.67,MIA,,3.25,1.16,L
Max Fried,2024/9/27 00:00,8.2,0,0,3,2,9,98,6,0.71,1,6.73,1.33,KC,,3.25,1.16,L
Max Fried,2024/10/2 00:00,2,5,5,8,0,2,45,5,0.745,0,5.4,2,SD,,3.25,1.16,L
Max Meyer,2024/4/1 00:00,5,2,2,2,2,4,79,5,0.671,1,5,2,LAA,,5.68,1.42,R
Max Meyer,2024/4/7 00:00,6,1,1,3,1,3,83,6,0.703,0,5.5,1.5,STL,,5.68,1.42,R
Max Meyer,2024/4/13 00:00,6,1,1,6,0,7,91,6,0.724,1,5.67,1.33,ATL,,5.68,1.42,R
Max Meyer,2024/7/27 00:00,4,3,3,4,2,3,85,105,0.729,0,5.33,1.67,MIL,,5.68,1.42,R
Max Meyer,2024/8/1 00:00,5,4,4,7,1,7,92,5,0.724,0,5,2.67,ATL,,5.68,1.42,R
Max Meyer,2024/8/6 00:00,4,6,6,8,3,2,76,5,0.693,1,4.33,4.33,CIN,,5.68,1.42,R
Max Meyer,2024/8/11 00:00,6.1,4,4,7,0,4,91,5,0.745,1,5.03,4.67,SD,,5.68,1.42,R
Max Meyer,2024/8/17 00:00,4,4,4,6,3,3,90,6,0.734,0,4.7,4.67,NYM,,5.68,1.42,R
Max Meyer,2024/8/23 00:00,6,2,3,5,2,2,91,6,0.71,1,5.37,3.33,CHC,,5.68,1.42,R
Max Meyer,2024/8/28 00:00,5,4,5,5,4,6,96,5,0.704,0,5,3.33,COL,,5.68,1.42,R
Max Meyer,2024/9/3 00:00,5.2,5,5,9,1,5,94,6,0.684,1,5.4,3.67,WSH,,5.68,1.42,R
Max Scherzer,2024/6/23 00:00,5,0,0,1,0,4,57,5,0.71,1,5,0,KC,,3.95,1.15,R
Max Scherzer,2024/6/28 00:00,5.1,2,2,4,2,4,77,5,0.751,0,5.05,1,BAL,,3.95,1.15,R
Max Scherzer,2024/7/4 00:00,6.1,3,3,6,1,3,90,6,0.745,1,5.4,1.67,SD,,3.95,1.15,R
Max Scherzer,2024/7/9 00:00,6.2,3,4,8,0,6,95,5,0.671,0,5.8,2.67,LAA,,3.95,1.15,R
Max Scherzer,2024/7/14 00:00,4,1,1,4,1,6,71,5,0.741,0,5.43,2.33,HOU,,3.95,1.15,R
Max Scherzer,2024/7/20 00:00,2,4,4,5,2,1,53,6,0.751,1,4.07,2.67,BAL,,3.95,1.15,R
Max Scherzer,2024/7/25 00:00,6,1,1,3,1,9,85,5,0.618,1,4,2,CWS,,3.95,1.15,R
Max Scherzer,2024/7/30 00:00,4,3,3,4,1,5,68,5,0.703,0,4,2.67,STL,,3.95,1.15,R
Max Scherzer,2024/9/14 00:00,4,2,2,5,2,2,73,46,0.687,0,4.67,2,SEA,,3.95,1.15,R
Merrill Kelly,2024/3/29 00:00,6.2,1,1,3,0,8,79,5,0.704,1,6.2,1,COL,,4.03,1.17,R
Merrill Kelly,2024/4/3 00:00,7,2,2,5,1,4,91,5,0.761,1,6.6,1.5,NYY,,4.03,1.17,R
Merrill Kelly,2024/4/9 00:00,6,2,2,6,3,4,96,6,0.704,0,6.4,1.67,COL,,4.03,1.17,R
Merrill Kelly,2024/4/15 00:00,5,1,1,3,2,5,95,6,0.71,1,6,1.67,CHC,,4.03,1.17,R
Merrill Kelly,2024/8/11 00:00,5,2,2,3,2,2,85,118,0.75,1,5.33,1.67,PHI,,4.03,1.17,R
Merrill Kelly,2024/8/18 00:00,5,6,6,8,2,4,96,7,0.669,0,5,3,TB,,4.03,1.17,R
Merrill Kelly,2024/8/25 00:00,6,4,4,7,3,5,101,7,0.741,0,5.33,4,BOS,,4.03,1.17,R
Merrill Kelly,2024/8/31 00:00,5.1,4,6,10,1,1,83,6,0.781,1,5.37,4.67,LAD,,4.03,1.17,R
Merrill Kelly,2024/9/5 00:00,7,2,2,6,0,8,94,5,0.701,0,6.03,3.33,SF,,4.03,1.17,R
Merrill Kelly,2024/9/11 00:00,4,3,3,4,2,3,65,6,0.686,1,5.37,3,TEX,,4.03,1.17,R
Merrill Kelly,2024/9/16 00:00,6,1,1,2,2,5,83,5,0.704,0,5.67,2,COL,,4.03,1.17,R
Merrill Kelly,2024/9/21 00:00,5,0,0,2,0,6,72,5,0.729,0,5,1.33,MIL,,4.03,1.17,R
Merrill Kelly,2024/9/27 00:00,5.2,5,5,8,1,8,99,6,0.745,1,5.4,2,SD,,4.03,1.17,R
Michael Grove,2024/3/29 00:00,1,3,3,3,1,1,28,5,0.703,1,1,3,STL,,5.12,1.22,R
Michael Grove,2024/4/2 00:00,1.2,0,0,1,1,2,32,4,0.701,1,1.1,1.5,SF,,5.12,1.22,R
Michael Grove,2024/4/5 00:00,3,3,3,3,1,1,50,3,0.71,0,1.73,2,CHC,,5.12,1.22,R
Michael Grove,2024/4/10 00:00,2.1,0,0,0,1,4,31,5,0.726,0,2.1,1,MIN,,5.12,1.22,R
Michael Grove,2024/4/13 00:00,0.1,0,0,0,0,1,5,3,0.745,1,1.73,1,SD,,5.12,1.22,R
Michael Grove,2024/4/17 00:00,3,0,0,0,1,5,36,4,0.684,1,1.73,0,WSH,,5.12,1.22,R
Michael Grove,2024/4/20 00:00,0.2,0,0,1,0,1,16,3,0.734,1,1.1,0,NYM,,5.12,1.22,R
Michael Grove,2024/4/23 00:00,1,0,0,0,1,1,18,3,0.684,0,1.4,0,WSH,,5.12,1.22,R
Michael Grove,2024/4/28 00:00,2,3,3,4,0,3,34,5,0.703,0,1.07,1,TOR,,5.12,1.22,R
Michael Grove,2024/4/30 00:00,1,0,0,1,1,2,25,2,0.777,0,1.33,1,AZ,,5.12,1.22,R
Michael Grove,2024/5/3 00:00,1,0,0,0,0,0,15,3,0.724,1,1.33,1,ATL,,5.12,1.22,R
Michael Grove,2024/5/5 00:00,1,0,0,0,0,2,11,2,0.724,1,1,0,ATL,,5.12,1.22,R
Michael Grove,2024/5/8 00:00,1,0,0,0,0,1,12,3,0.678,1,1,0,MIA,,5.12,1.22,R
Michael Grove,2024/5/10 00:00,0.1,1,1,2,0,1,7,2,0.745,0,0.7,0.33,SD,,5.12,1.22,R
Michael Grove,2024/5/13 00:00,1,0,0,0,0,2,10,3,0.701,0,0.7,0.33,SF,,5.12,1.22,R
Michael Grove,2024/5/17 00:00,1,0,0,0,0,1,9,4,0.693,1,0.7,0.33,CIN,,5.12,1.22,R
Michael Grove,2024/5/18 00:00,1,0,0,0,0,2,11,1,0.693,1,1,0,CIN,,5.12,1.22,R
Michael Grove,2024/5/21 00:00,1,3,3,2,1,2,20,3,0.777,1,1,1,AZ,,5.12,1.22,R
Michael Grove,2024/5/24 00:00,1,0,0,0,2,2,26,3,0.693,0,1,1,CIN,,5.12,1.22,R
Michael Grove,2024/5/28 00:00,1,0,0,0,0,1,9,4,0.734,0,1,1,NYM,,5.12,1.22,R
Michael Grove,2024/5/29 00:00,1,0,0,1,1,0,28,1,0.734,0,1,0,NYM,,5.12,1.22,R
Michael Grove,2024/6/2 00:00,2,0,0,0,1,2,26,4,0.704,1,1.33,0,COL,,5.12,1.22,R
Michael Grove,2024/6/6 00:00,2,0,0,1,0,3,28,4,0.672,0,1.67,0,PIT,,5.12,1.22,R
Michael Grove,2024/6/7 00:00,1,0,0,0,0,0,14,1,0.761,0,1.67,0,NYY,,5.12,1.22,R
Michael Grove,2024/6/11 00:00,1,1,1,2,0,0,20,4,0.686,1,1.33,0.33,TEX,,5.12,1.22,R
Michael Grove,2024/6/13 00:00,1,2,2,3,0,0,23,2,0.686,1,1,1,TEX,,5.12,1.22,R
Michael Grove,2024/6/15 00:00,2,1,1,2,0,3,30,2,0.71,1,1.33,1.33,KC,,5.12,1.22,R
Michael Grove,2024/8/7 00:00,2,1,1,2,0,1,29,53,0.75,1,1.67,1.33,PHI,,5.12,1.22,R
Michael Grove,2024/8/10 00:00,0.2,0,0,2,0,1,14,3,0.672,1,1.4,0.67,PIT,,5.12,1.22,R
Michael Grove,2024/8/11 00:00,0.1,0,0,0,1,0,9,1,0.672,1,0.77,0.33,PIT,,5.12,1.22,R
Michael Grove,2024/8/14 00:00,1,0,0,0,0,2,13,3,0.729,0,0.43,0,MIL,,5.12,1.22,R
Michael Grove,2024/8/16 00:00,0.1,2,2,0,2,0,12,2,0.703,0,0.4,0.67,STL,,5.12,1.22,R
Michael Grove,2024/9/1 00:00,1.2,1,2,3,0,1,24,16,0.777,0,0.77,1,AZ,,5.12,1.22,R
Michael Grove,2024/9/4 00:00,2,0,0,2,0,1,21,3,0.671,0,1.1,1,LAA,,5.12,1.22,R
Michael Grove,2024/9/7 00:00,1,1,2,1,0,0,17,3,0.703,1,1.4,0.67,CLE,,5.12,1.22,R
Michael Grove,2024/9/9 00:00,1,0,0,0,0,2,13,2,0.71,1,1.33,0.33,CHC,,5.12,1.22,R
Michael Grove,2024/9/13 00:00,2,0,0,1,0,1,29,4,0.724,0,1.33,0.33,ATL,,5.12,1.22,R
Michael Grove,2024/9/17 00:00,1.2,3,3,3,1,0,32,4,0.678,0,1.4,1,MIA,,5.12,1.22,R
Michael Grove,2024/10/6 00:00,0.1,1,1,1,0,1,11,19,0.745,1,1.1,1.33,SD,,5.12,1.22,R
Michael Lorenzen,2024/4/15 00:00,5,0,0,3,5,4,79,5,0.685,0,5,0,DET,,3.31,1.24,R
Michael Lorenzen,2024/4/21 00:00,6,3,3,3,3,7,94,6,0.724,0,5.5,1.5,ATL,,3.31,1.24,R
Michael Lorenzen,2024/4/27 00:00,6,5,5,6,1,3,100,6,0.693,1,5.67,2.67,CIN,,3.31,1.24,R
Michael Lorenzen,2024/5/3 00:00,6,1,1,4,3,3,86,6,0.71,0,6,3,KC,,3.31,1.24,R
Michael Lorenzen,2024/5/8 00:00,6,6,6,9,2,6,107,5,0.694,0,6,4,OAK,,3.31,1.24,R
Michael Lorenzen,2024/5/13 00:00,7,0,0,2,4,4,96,5,0.703,1,6.33,2.33,CLE,,3.31,1.24,R
Michael Lorenzen,2024/5/19 00:00,6.1,2,2,3,3,6,103,6,0.671,1,6.37,2.67,LAA,,3.31,1.24,R
Michael Lorenzen,2024/5/25 00:00,6,1,1,3,3,4,90,6,0.726,0,6.37,1,MIN,,3.31,1.24,R
Michael Lorenzen,2024/6/1 00:00,6.1,0,0,5,2,7,98,7,0.678,0,6.07,1,MIA,,3.31,1.24,R
Michael Lorenzen,2024/6/7 00:00,4.1,2,2,7,2,1,89,6,0.701,1,5.4,1,SF,,3.31,1.24,R
Michael Lorenzen,2024/6/13 00:00,7,1,1,4,1,2,95,6,0.781,0,5.73,1,LAD,,3.31,1.24,R
Michael Lorenzen,2024/6/18 00:00,6,3,3,4,1,3,82,5,0.734,1,5.7,2,NYM,,3.31,1.24,R
Michael Lorenzen,2024/6/24 00:00,5,2,2,5,1,5,91,6,0.729,0,6,2,MIL,,3.31,1.24,R
Michael Lorenzen,2024/6/29 00:00,5,5,5,4,4,3,80,5,0.751,0,5.33,3.33,BAL,,3.31,1.24,R
Michael Lorenzen,2024/7/5 00:00,5,0,0,1,5,4,90,6,0.669,1,5,2.33,TB,,3.31,1.24,R
Michael Lorenzen,2024/7/10 00:00,5,5,5,5,4,3,85,5,0.671,0,5,3.33,LAA,,3.31,1.24,R
Michael Lorenzen,2024/7/22 00:00,5,2,2,6,2,8,94,12,0.618,1,5,2.33,CWS,,3.31,1.24,R
Michael Lorenzen,2024/7/27 00:00,0.2,4,4,5,2,1,40,5,0.703,0,3.4,3.67,TOR,,3.31,1.24,R
Michael Lorenzen,2024/7/28 00:00,4,1,1,3,0,1,55,1,0.703,0,3.07,2.33,TOR,,3.31,1.24,R
Michael Lorenzen,2024/8/3 00:00,5.2,1,1,5,2,5,84,6,0.685,0,3.13,2,DET,,3.31,1.24,R
Michael Lorenzen,2024/8/9 00:00,4.1,3,3,6,2,3,88,6,0.703,1,4.43,1.67,STL,,3.31,1.24,R
Michael Lorenzen,2024/8/16 00:00,5.2,1,1,2,3,3,83,7,0.693,0,4.83,1.67,CIN,,3.31,1.24,R
Michael Lorenzen,2024/8/21 00:00,7,0,0,4,2,5,95,5,0.671,1,5.43,1.33,LAA,,3.31,1.24,R
Michael Lorenzen,2024/8/27 00:00,1.2,0,0,1,1,1,27,6,0.703,0,4.47,0.33,CLE,,3.31,1.24,R
Michael Lorenzen,2024/9/25 00:00,2.1,0,0,0,2,2,30,29,0.684,0,3.43,0,WSH,,3.31,1.24,R
Michael Lorenzen,2024/9/28 00:00,2,0,1,1,0,3,32,3,0.724,0,1.77,0,ATL,,3.31,1.24,R
Michael Lorenzen,2024/10/5 00:00,1.1,1,1,3,0,3,24,7,0.761,0,1.73,0.33,NYY,,3.31,1.24,R
Michael Lorenzen,2024/10/9 00:00,1,0,0,0,1,0,17,4,0.761,1,1.37,0.33,NYY,,3.31,1.24,R
Michael McGreevy,2024/7/31 00:00,7,1,1,5,1,3,99,5,0.686,1,7,1,TEX,,1.96,0.78,R
Michael McGreevy,2024/9/18 00:00,3,0,0,2,0,4,38,49,0.672,1,5,0.5,PIT,,1.96,0.78,R
Michael McGreevy,2024/9/24 00:00,5,3,3,4,1,5,83,6,0.704,0,5,1.33,COL,,1.96,0.78,R
Michael McGreevy,2024/9/29 00:00,8,1,1,5,0,6,91,5,0.701,0,5.33,1.33,SF,,1.96,0.78,R
Michael Mercado,2024/6/24 00:00,1,0,0,0,0,1,15,5,0.685,0,1,0,DET,,11.08,1.92,R
Michael Mercado,2024/7/2 00:00,5,1,1,2,2,4,78,8,0.71,0,3,0.5,CHC,,11.08,1.92,R
Michael Mercado,2024/7/7 00:00,1.2,5,5,5,3,1,57,5,0.724,0,2.4,2,ATL,,11.08,1.92,R
Michael Mercado,2024/7/14 00:00,4,6,6,5,3,2,77,7,0.694,1,3.4,4,OAK,,11.08,1.92,R
Michael Mercado,2024/8/28 00:00,1.1,4,4,4,1,2,33,45,0.741,1,2.1,5,HOU,,11.08,1.92,R
Michael Soroka,2024/3/30 00:00,5,4,4,7,3,0,77,5,0.685,1,5,4,DET,,4.74,1.38,R
Michael Soroka,2024/4/4 00:00,6,2,2,6,0,2,91,5,0.71,0,5.5,3,KC,,4.74,1.38,R
Michael Soroka,2024/4/9 00:00,3.2,4,4,4,3,4,79,5,0.703,0,4.73,3.33,CLE,,4.74,1.38,R
Michael Soroka,2024/4/14 00:00,4.2,5,5,5,6,4,91,5,0.693,1,4.47,3.67,CIN,,4.74,1.38,R
Michael Soroka,2024/4/20 00:00,4.2,5,5,6,3,2,100,6,0.75,0,3.87,4.67,PHI,,4.74,1.38,R
Michael Soroka,2024/4/25 00:00,5,2,2,4,2,1,68,5,0.726,0,4.47,4,MIN,,4.74,1.38,R
Michael Soroka,2024/4/30 00:00,4.1,2,2,3,2,3,67,5,0.726,1,4.43,3,MIN,,4.74,1.38,R
Michael Soroka,2024/5/7 00:00,5,3,4,3,4,4,102,7,0.669,0,4.7,2.33,TB,,4.74,1.38,R
Michael Soroka,2024/5/12 00:00,5.1,4,5,4,1,4,71,5,0.703,1,4.73,3,CLE,,4.74,1.38,R
Michael Soroka,2024/5/18 00:00,4,0,0,2,4,7,82,6,0.761,0,4.7,2.33,NYY,,4.74,1.38,R
Michael Soroka,2024/5/22 00:00,2.1,0,0,2,2,3,54,4,0.703,0,3.73,1.33,TOR,,4.74,1.38,R
Michael Soroka,2024/5/26 00:00,3,1,2,3,2,5,68,4,0.751,1,3.03,0.33,BAL,,4.74,1.38,R
Michael Soroka,2024/5/31 00:00,1,3,3,3,1,2,38,5,0.729,0,2.03,1.33,MIL,,4.74,1.38,R
Michael Soroka,2024/6/5 00:00,1.1,3,3,0,2,2,38,5,0.71,0,1.7,2.33,CHC,,4.74,1.38,R
Michael Soroka,2024/6/9 00:00,1,0,2,2,0,2,24,4,0.741,1,1.03,2,BOS,,4.74,1.38,R
Michael Soroka,2024/6/14 00:00,3.2,1,1,1,1,4,50,5,0.777,0,1.77,1.33,AZ,,4.74,1.38,R
Michael Soroka,2024/6/20 00:00,1,0,0,1,0,3,21,6,0.741,1,1.73,0.33,HOU,,4.74,1.38,R
Michael Soroka,2024/6/26 00:00,3,0,0,1,2,7,63,6,0.781,1,2.4,0.33,LAD,,4.74,1.38,R
Michael Soroka,2024/6/30 00:00,4,0,2,1,2,6,54,4,0.704,1,2.67,0,COL,,4.74,1.38,R
Michael Soroka,2024/7/6 00:00,3,2,2,4,1,4,61,6,0.678,0,3.33,0.67,MIA,,4.74,1.38,R
Michael Soroka,2024/7/10 00:00,1,1,1,2,1,2,29,4,0.726,1,2.67,1,MIN,,4.74,1.38,R
Michael Soroka,2024/7/14 00:00,0.1,0,0,0,0,0,2,4,0.672,1,1.37,1,PIT,,4.74,1.38,R
Michael Soroka,2024/9/21 00:00,2,0,0,1,1,3,35,69,0.745,0,1.03,0.33,SD,,4.74,1.38,R
Michael Soroka,2024/9/25 00:00,2.1,0,0,1,1,5,34,4,0.671,1,1.4,0,LAA,,4.74,1.38,R
Michael Soroka,2024/9/28 00:00,3,0,0,0,0,5,43,3,0.685,0,2.37,0,DET,,4.74,1.38,R
Michael Wacha,2024/4/1 00:00,5,3,3,3,1,5,72,5,0.751,0,5,3,BAL,,3.35,1.19,R
Michael Wacha,2024/4/6 00:00,7,0,0,2,1,8,93,5,0.618,1,6,1.5,CWS,,3.35,1.19,R
Michael Wacha,2024/4/12 00:00,6,5,5,10,2,4,84,6,0.734,0,6,2.67,NYM,,3.35,1.19,R
Michael Wacha,2024/4/17 00:00,6,2,2,4,2,4,92,5,0.618,0,6.33,2.33,CWS,,3.35,1.19,R
Michael Wacha,2024/4/23 00:00,4.1,2,2,8,3,4,96,6,0.703,1,5.37,3,TOR,,3.35,1.19,R
Michael Wacha,2024/4/28 00:00,5.2,4,4,9,0,3,91,5,0.685,0,5.1,2.67,DET,,3.35,1.19,R
Michael Wacha,2024/5/4 00:00,3.2,7,7,9,1,3,77,6,0.686,1,4.17,4.33,TEX,,3.35,1.19,R
Michael Wacha,2024/5/9 00:00,6,2,3,3,5,6,104,5,0.671,0,4.8,4.33,LAA,,3.35,1.19,R
Michael Wacha,2024/5/14 00:00,6,1,1,3,2,7,94,5,0.687,0,5.07,3.33,SEA,,3.35,1.19,R
Michael Wacha,2024/5/20 00:00,7,2,2,6,1,3,89,6,0.685,1,6.33,1.67,DET,,3.35,1.19,R
Michael Wacha,2024/5/26 00:00,6,2,2,3,1,7,94,6,0.669,0,6.33,1.67,TB,,3.35,1.19,R
Michael Wacha,2024/5/31 00:00,5.1,2,2,5,1,2,78,5,0.745,1,6.03,2,SD,,3.35,1.19,R
Michael Wacha,2024/6/22 00:00,5,1,1,3,1,5,74,22,0.686,0,5.37,1.67,TEX,,3.35,1.19,R
Michael Wacha,2024/6/27 00:00,5.1,1,1,7,2,6,99,5,0.703,1,5.07,1.33,CLE,,3.35,1.19,R
Michael Wacha,2024/7/3 00:00,6,1,1,2,3,8,97,6,0.669,1,5.37,1,TB,,3.35,1.19,R
Michael Wacha,2024/7/10 00:00,5,3,4,7,1,3,84,7,0.703,0,5.37,1.67,STL,,3.35,1.19,R
Michael Wacha,2024/7/19 00:00,7,0,0,4,1,7,95,9,0.618,1,6,1.33,CWS,,3.35,1.19,R
Michael Wacha,2024/7/24 00:00,4.2,3,3,6,1,1,81,5,0.777,1,5.4,2,AZ,,3.35,1.19,R
Michael Wacha,2024/7/30 00:00,7,2,2,5,2,5,89,6,0.618,0,6.07,1.67,CWS,,3.35,1.19,R
Michael Wacha,2024/8/4 00:00,6,2,2,7,4,2,99,5,0.685,0,5.73,2.33,DET,,3.35,1.19,R
Michael Wacha,2024/8/10 00:00,7,2,2,5,2,6,92,6,0.703,1,6.67,2,STL,,3.35,1.19,R
Michael Wacha,2024/8/17 00:00,6,0,0,4,1,9,87,7,0.693,0,6.33,1.33,CIN,,3.35,1.19,R
Michael Wacha,2024/8/23 00:00,6,2,2,6,0,5,94,6,0.75,1,6.33,1.33,PHI,,3.35,1.19,R
Michael Wacha,2024/8/28 00:00,6,5,5,9,0,7,100,5,0.703,0,6,2.33,CLE,,3.35,1.19,R
Michael Wacha,2024/9/2 00:00,5,2,2,5,1,3,85,5,0.703,1,5.67,3,CLE,,3.35,1.19,R
Michael Wacha,2024/9/8 00:00,7,0,0,4,1,7,91,6,0.726,1,6,2.33,MIN,,3.35,1.19,R
Michael Wacha,2024/9/14 00:00,5,1,1,4,3,8,93,6,0.672,0,5.67,1,PIT,,3.35,1.19,R
Michael Wacha,2024/9/20 00:00,5.2,2,2,6,1,5,96,6,0.701,1,5.73,1,SF,,3.35,1.19,R
Michael Wacha,2024/9/26 00:00,5,3,4,5,1,2,83,6,0.684,0,5.07,2,WSH,,3.35,1.19,R
Michael Wacha,2024/10/5 00:00,4,3,3,4,3,3,70,9,0.761,0,4.73,2.67,NYY,,3.35,1.19,R
Michael Wacha,2024/10/10 00:00,4.2,2,2,6,1,2,64,5,0.761,1,4.4,2.67,NYY,,3.35,1.19,R
Mike Clevinger,2024/5/6 00:00,2,3,4,6,4,0,54,5,0.669,0,2,3,TB,,6.75,1.94,R
Mike Clevinger,2024/5/11 00:00,4.2,1,1,4,0,5,73,5,0.703,1,3.1,2,CLE,,6.75,1.94,R
Mike Clevinger,2024/5/17 00:00,4.2,3,3,5,2,5,78,6,0.761,0,3.47,2.33,NYY,,6.75,1.94,R
Mike Clevinger,2024/5/23 00:00,4.2,5,5,7,3,5,98,6,0.751,1,4.2,3,BAL,,6.75,1.94,R
Miles Mikolas,2024/3/28 00:00,4.1,5,5,7,2,5,74,5,0.781,0,4.1,5,LAD,,5.35,1.28,R
Miles Mikolas,2024/4/2 00:00,6,2,2,7,1,4,88,5,0.745,0,5.05,3.5,SD,,5.35,1.28,R
Miles Mikolas,2024/4/8 00:00,6.2,2,2,6,2,3,89,6,0.75,1,5.43,3,PHI,,5.35,1.28,R
Miles Mikolas,2024/4/14 00:00,4.2,5,5,4,2,3,75,6,0.777,0,5.47,3,AZ,,5.35,1.28,R
Miles Mikolas,2024/4/20 00:00,4.2,5,5,9,0,5,80,6,0.729,1,4.87,4,MIL,,5.35,1.28,R
Miles Mikolas,2024/4/26 00:00,5.2,2,2,7,0,5,85,6,0.734,0,4.53,4,NYM,,5.35,1.28,R
Miles Mikolas,2024/5/1 00:00,6,3,3,6,0,4,101,5,0.685,0,5.13,3.33,DET,,5.35,1.28,R
Miles Mikolas,2024/5/7 00:00,4,6,6,9,0,3,75,6,0.734,1,5.07,3.67,NYM,,5.35,1.28,R
Miles Mikolas,2024/5/12 00:00,6,3,3,6,3,3,95,5,0.729,0,5.33,4,MIL,,5.35,1.28,R
Miles Mikolas,2024/5/18 00:00,5,1,1,2,1,4,79,6,0.741,1,5,3.33,BOS,,5.35,1.28,R
Miles Mikolas,2024/5/25 00:00,6,3,3,4,2,6,82,7,0.71,1,5.67,2.33,CHC,,5.35,1.28,R
Miles Mikolas,2024/5/31 00:00,6,3,3,5,1,5,96,6,0.75,0,5.67,2.33,PHI,,5.35,1.28,R
Miles Mikolas,2024/6/5 00:00,6,2,2,5,0,3,62,5,0.741,0,6,2.67,HOU,,5.35,1.28,R
Miles Mikolas,2024/6/11 00:00,7,0,0,1,1,6,84,6,0.672,1,6.33,1.67,PIT,,5.35,1.28,R
Miles Mikolas,2024/6/16 00:00,6.1,1,1,4,0,5,91,5,0.71,0,6.37,1,CHC,,5.35,1.28,R
Miles Mikolas,2024/6/22 00:00,6,4,4,6,2,3,88,6,0.701,1,6.37,1.67,SF,,5.35,1.28,R
Miles Mikolas,2024/6/27 00:00,4.1,9,10,12,1,1,94,5,0.693,1,5.4,4.67,CIN,,5.35,1.28,R
Miles Mikolas,2024/7/3 00:00,6,2,2,5,0,4,87,6,0.672,0,5.37,5,PIT,,5.35,1.28,R
Miles Mikolas,2024/7/8 00:00,6.1,0,0,6,0,3,93,5,0.684,0,5.4,3.67,WSH,,5.35,1.28,R
Miles Mikolas,2024/7/14 00:00,5.1,6,6,8,0,2,72,6,0.71,1,5.73,2.67,CHC,,5.35,1.28,R
Miles Mikolas,2024/7/21 00:00,6,2,2,7,1,3,88,7,0.724,0,5.73,2.67,ATL,,5.35,1.28,R
Miles Mikolas,2024/7/28 00:00,6,3,3,7,1,3,89,7,0.684,1,5.7,3.67,WSH,,5.35,1.28,R
Miles Mikolas,2024/8/4 00:00,4,4,4,8,2,3,88,7,0.71,0,5.33,3,CHC,,5.35,1.28,R
Miles Mikolas,2024/8/9 00:00,4,5,5,8,0,3,78,5,0.71,0,4.67,4,KC,,5.35,1.28,R
Miles Mikolas,2024/8/16 00:00,5.2,5,5,7,0,7,100,7,0.781,1,4.4,4.67,LAD,,5.35,1.28,R
Miles Mikolas,2024/8/22 00:00,6,0,0,2,1,3,90,6,0.729,1,5.07,3.33,MIL,,5.35,1.28,R
Miles Mikolas,2024/8/27 00:00,5.2,4,4,6,1,3,93,5,0.745,1,5.47,3,SD,,5.35,1.28,R
Miles Mikolas,2024/9/1 00:00,4,3,5,7,0,5,90,5,0.761,0,5.07,2.33,NYY,,5.35,1.28,R
Miles Mikolas,2024/9/8 00:00,2,6,7,9,0,3,54,7,0.687,1,3.73,4.33,SEA,,5.35,1.28,R
Miles Mikolas,2024/9/15 00:00,5,2,2,3,0,4,72,7,0.703,0,3.67,3.67,TOR,,5.35,1.28,R
Miles Mikolas,2024/9/21 00:00,6,1,1,4,0,4,81,6,0.703,1,4.33,3,CLE,,5.35,1.28,R
Miles Mikolas,2024/9/27 00:00,5,3,3,7,1,4,92,6,0.701,0,5.33,2,SF,,5.35,1.28,R
Mitchell Parker,2024/4/15 00:00,5,2,2,4,0,4,81,5,0.781,0,5,2,LAD,,4.29,1.3,L
Mitchell Parker,2024/4/21 00:00,7,0,0,3,0,8,73,6,0.741,1,6,1,HOU,,4.29,1.3,L
Mitchell Parker,2024/4/27 00:00,4,1,1,6,2,2,82,6,0.678,0,5.33,1,MIA,,4.29,1.3,L
Mitchell Parker,2024/5/2 00:00,5.1,3,3,6,2,5,83,5,0.686,0,5.37,1.33,TEX,,4.29,1.3,L
Mitchell Parker,2024/5/8 00:00,5.2,2,2,5,1,3,77,6,0.751,1,4.77,2,BAL,,4.29,1.3,L
Mitchell Parker,2024/5/14 00:00,5,3,3,5,2,3,82,6,0.618,0,5.1,2.67,CWS,,4.29,1.3,L
Mitchell Parker,2024/5/20 00:00,6,3,3,7,1,7,94,6,0.726,1,5.4,2.67,MIN,,4.29,1.3,L
Mitchell Parker,2024/5/27 00:00,6.1,3,3,5,0,6,100,7,0.724,0,5.7,3,ATL,,4.29,1.3,L
Mitchell Parker,2024/6/1 00:00,5.2,3,3,4,4,5,98,5,0.703,0,5.77,3,CLE,,4.29,1.3,L
Mitchell Parker,2024/6/6 00:00,7,2,2,3,0,2,71,5,0.724,1,6.1,2.67,ATL,,4.29,1.3,L
Mitchell Parker,2024/6/11 00:00,4.2,0,4,4,3,1,81,5,0.685,0,5.47,1.67,DET,,4.29,1.3,L
Mitchell Parker,2024/6/16 00:00,6,1,1,6,0,4,85,5,0.678,1,5.73,1,MIA,,4.29,1.3,L
Mitchell Parker,2024/6/22 00:00,6,4,4,6,2,8,98,6,0.704,0,5.4,1.67,COL,,4.29,1.3,L
Mitchell Parker,2024/6/28 00:00,5,2,2,6,1,5,92,6,0.669,0,5.67,2.33,TB,,4.29,1.3,L
Mitchell Parker,2024/7/3 00:00,6,5,5,5,0,5,84,5,0.734,1,5.67,3.67,NYM,,4.29,1.3,L
Mitchell Parker,2024/7/8 00:00,7,1,2,6,1,6,91,5,0.703,1,6,2.67,STL,,4.29,1.3,L
Mitchell Parker,2024/7/13 00:00,0.2,5,5,3,2,2,46,5,0.729,0,4.4,3.67,MIL,,4.29,1.3,L
Mitchell Parker,2024/7/24 00:00,3,6,6,7,3,5,77,11,0.745,1,3.4,4,SD,,4.29,1.3,L
Mitchell Parker,2024/7/29 00:00,5,2,2,4,2,3,74,5,0.777,0,2.73,4.33,AZ,,4.29,1.3,L
Mitchell Parker,2024/8/4 00:00,6,0,0,3,3,3,87,6,0.729,1,4.67,2.67,MIL,,4.29,1.3,L
Mitchell Parker,2024/8/9 00:00,6.1,0,2,8,0,5,98,5,0.671,1,5.7,0.67,LAA,,4.29,1.3,L
Mitchell Parker,2024/8/15 00:00,3,9,9,10,2,6,72,6,0.75,0,5.03,3,PHI,,4.29,1.3,L
Mitchell Parker,2024/8/21 00:00,7,1,1,5,1,6,83,6,0.704,1,5.37,3.33,COL,,4.29,1.3,L
Mitchell Parker,2024/8/26 00:00,4,2,2,5,2,5,83,5,0.761,1,4.67,4,NYY,,4.29,1.3,L
Mitchell Parker,2024/9/1 00:00,6,3,4,7,1,8,89,6,0.71,1,5.67,2,CHC,,4.29,1.3,L
Mitchell Parker,2024/9/7 00:00,3.1,4,4,6,4,5,78,6,0.672,0,4.37,3,PIT,,4.29,1.3,L
Mitchell Parker,2024/9/12 00:00,6.1,0,2,3,0,5,76,5,0.678,1,5.07,2.33,MIA,,4.29,1.3,L
Mitchell Parker,2024/9/17 00:00,3.2,5,5,7,2,1,78,5,0.734,0,4.13,3,NYM,,4.29,1.3,L
Mitchell Parker,2024/9/24 00:00,5,0,0,5,2,5,91,7,0.71,1,4.77,1.67,KC,,4.29,1.3,L
Mitch Keller,2024/3/28 00:00,5.2,4,5,7,2,3,85,5,0.678,0,5.2,4,MIA,,4.25,1.3,R
Mitch Keller,2024/4/3 00:00,5.1,4,5,8,2,5,84,6,0.684,0,5.15,4,WSH,,4.25,1.3,R
Mitch Keller,2024/4/8 00:00,6,2,2,5,3,9,98,5,0.685,1,5.43,3.33,DET,,4.25,1.3,R
Mitch Keller,2024/4/14 00:00,7,2,2,8,0,4,95,6,0.75,0,6.03,2.67,PHI,,4.25,1.3,R
Mitch Keller,2024/4/20 00:00,6,4,4,5,4,4,88,6,0.741,1,6.33,2.67,BOS,,4.25,1.3,R
Mitch Keller,2024/4/25 00:00,5,4,4,6,2,7,104,5,0.729,1,6,3.33,MIL,,4.25,1.3,R
Mitch Keller,2024/4/30 00:00,5,3,3,5,2,7,96,5,0.694,0,5.33,3.67,OAK,,4.25,1.3,R
Mitch Keller,2024/5/6 00:00,9,1,1,5,1,5,109,6,0.671,1,6.33,2.67,LAA,,4.25,1.3,R
Mitch Keller,2024/5/13 00:00,6,0,0,8,0,7,100,7,0.729,0,6.67,1.33,MIL,,4.25,1.3,R
Mitch Keller,2024/5/19 00:00,6,2,2,2,3,3,83,6,0.71,0,7,1,CHC,,4.25,1.3,R
Mitch Keller,2024/5/25 00:00,6.2,1,1,6,0,4,88,6,0.724,1,6.07,1,ATL,,4.25,1.3,R
Mitch Keller,2024/6/1 00:00,6,1,1,5,1,8,106,7,0.703,0,6.07,1.33,TOR,,4.25,1.3,R
Mitch Keller,2024/6/7 00:00,6,0,0,7,2,8,99,6,0.726,1,6.07,0.67,MIN,,4.25,1.3,R
Mitch Keller,2024/6/13 00:00,6,4,4,8,0,4,94,6,0.703,0,6,1.67,STL,,4.25,1.3,R
Mitch Keller,2024/6/19 00:00,7,0,0,2,2,7,83,6,0.693,1,6.33,1.33,CIN,,4.25,1.3,R
Mitch Keller,2024/6/25 00:00,5.2,3,4,6,3,6,104,6,0.693,0,6.07,2.33,CIN,,4.25,1.3,R
Mitch Keller,2024/7/2 00:00,5,5,6,9,0,5,99,7,0.703,1,5.73,2.67,STL,,4.25,1.3,R
Mitch Keller,2024/7/8 00:00,8,2,2,7,0,6,107,6,0.734,1,6.07,3.33,NYM,,4.25,1.3,R
Mitch Keller,2024/7/14 00:00,3,2,2,4,3,3,57,6,0.618,0,5.33,3,CWS,,4.25,1.3,R
Mitch Keller,2024/7/22 00:00,7,1,1,6,2,3,97,8,0.703,1,6,1.67,STL,,4.25,1.3,R
Mitch Keller,2024/7/28 00:00,7,2,2,2,2,6,97,6,0.777,0,5.67,1.67,AZ,,4.25,1.3,R
Mitch Keller,2024/8/3 00:00,4,0,0,1,2,4,60,6,0.777,1,6,1,AZ,,4.25,1.3,R
Mitch Keller,2024/8/9 00:00,4,7,7,7,2,5,95,6,0.781,0,5,3,LAD,,4.25,1.3,R
Mitch Keller,2024/8/14 00:00,5,8,8,8,2,2,86,5,0.745,0,4.33,5,SD,,4.25,1.3,R
Mitch Keller,2024/8/20 00:00,7,0,0,3,0,9,98,6,0.686,0,5.33,5,TEX,,4.25,1.3,R
Mitch Keller,2024/8/26 00:00,4,3,3,7,2,4,97,6,0.71,1,5.33,3.67,CHC,,4.25,1.3,R
Mitch Keller,2024/9/1 00:00,5.1,3,4,11,0,7,85,6,0.703,0,5.37,2,CLE,,4.25,1.3,R
Mitch Keller,2024/9/7 00:00,6,2,2,7,0,8,91,6,0.684,1,5.03,2.67,WSH,,4.25,1.3,R
Mitch Keller,2024/9/14 00:00,6,3,4,4,1,6,92,7,0.71,1,5.7,2.67,KC,,4.25,1.3,R
Mitch Keller,2024/9/20 00:00,3.1,8,8,7,5,1,84,6,0.693,0,5.03,4.33,CIN,,4.25,1.3,R
Mitch Keller,2024/9/26 00:00,5,3,3,6,2,6,90,6,0.729,1,4.7,4.67,MIL,,4.25,1.3,R
Mitch Spence,2024/3/29 00:00,3,1,1,2,3,3,56,5,0.703,1,3,1,CLE,,4.58,1.38,R
Mitch Spence,2024/4/2 00:00,1,0,1,1,0,0,10,4,0.741,1,2,0.5,BOS,,4.58,1.38,R
Mitch Spence,2024/4/9 00:00,3,1,1,2,0,1,36,7,0.686,0,2.33,0.67,TEX,,4.58,1.38,R
Mitch Spence,2024/4/14 00:00,1.2,2,2,4,0,1,28,5,0.684,1,1.73,1,WSH,,4.58,1.38,R
Mitch Spence,2024/4/16 00:00,3,0,0,1,1,5,36,2,0.703,1,2.4,1,STL,,4.58,1.38,R
Mitch Spence,2024/4/21 00:00,1.1,2,2,1,0,2,21,5,0.703,0,1.77,1.33,CLE,,4.58,1.38,R
Mitch Spence,2024/4/26 00:00,3,0,0,0,1,2,43,5,0.751,0,2.37,0.67,BAL,,4.58,1.38,R
Mitch Spence,2024/4/30 00:00,3,0,0,1,0,2,28,4,0.672,1,2.37,0.67,PIT,,4.58,1.38,R
Mitch Spence,2024/5/5 00:00,4.2,4,4,6,1,5,72,5,0.678,1,3.4,1.33,MIA,,4.58,1.38,R
Mitch Spence,2024/5/11 00:00,1,0,0,1,0,0,17,6,0.687,0,2.73,1.33,SEA,,4.58,1.38,R
Mitch Spence,2024/5/13 00:00,0.2,2,2,2,1,1,20,2,0.741,0,1.8,2,HOU,,4.58,1.38,R
Mitch Spence,2024/5/17 00:00,4.2,1,1,5,1,4,77,4,0.71,0,1.8,1,KC,,4.58,1.38,R
Mitch Spence,2024/5/22 00:00,3,2,2,5,3,4,70,5,0.704,1,2.47,1.67,COL,,4.58,1.38,R
Mitch Spence,2024/5/28 00:00,5.1,0,0,1,1,4,98,6,0.669,0,4.1,1,TB,,4.58,1.38,R
Mitch Spence,2024/6/4 00:00,6,4,4,9,1,3,99,7,0.687,1,4.7,2,SEA,,4.58,1.38,R
Mitch Spence,2024/6/9 00:00,7,2,2,5,0,3,89,5,0.703,1,6.03,2,TOR,,4.58,1.38,R
Mitch Spence,2024/6/14 00:00,5.2,4,4,9,1,3,83,5,0.726,0,6.07,3.33,MIN,,4.58,1.38,R
Mitch Spence,2024/6/20 00:00,6,2,2,6,1,7,98,6,0.71,1,6.07,2.67,KC,,4.58,1.38,R
Mitch Spence,2024/6/25 00:00,5.1,6,6,8,1,6,80,5,0.671,0,5.43,4,LAA,,4.58,1.38,R
Mitch Spence,2024/7/2 00:00,5.1,1,1,6,1,5,94,7,0.671,1,5.4,3,LAA,,4.58,1.38,R
Mitch Spence,2024/7/7 00:00,6,4,5,7,1,5,96,5,0.751,1,5.4,3.67,BAL,,4.58,1.38,R
Mitch Spence,2024/7/13 00:00,3.2,6,6,5,5,6,94,6,0.75,0,4.77,3.67,PHI,,4.58,1.38,R
Mitch Spence,2024/7/20 00:00,5.1,2,2,5,3,3,85,7,0.671,1,4.77,4,LAA,,4.58,1.38,R
Mitch Spence,2024/7/27 00:00,6,1,1,3,2,3,98,7,0.671,0,4.77,3,LAA,,4.58,1.38,R
Mitch Spence,2024/8/3 00:00,5.2,2,2,5,3,6,97,7,0.781,1,5.43,1.67,LAD,,4.58,1.38,R
Mitch Spence,2024/8/9 00:00,5.2,2,2,8,0,2,81,6,0.703,0,5.47,1.67,TOR,,4.58,1.38,R
Mitch Spence,2024/8/15 00:00,2.2,5,5,4,3,1,89,6,0.734,0,4.2,3,NYM,,4.58,1.38,R
Mitch Spence,2024/8/21 00:00,7,4,4,7,1,10,106,6,0.669,1,4.8,3.67,TB,,4.58,1.38,R
Mitch Spence,2024/8/27 00:00,5.1,1,1,5,3,3,84,6,0.693,0,4.77,3.33,CIN,,4.58,1.38,R
Mitch Spence,2024/9/1 00:00,5,2,2,5,3,5,87,5,0.686,0,5.7,2.33,TEX,,4.58,1.38,R
Mitch Spence,2024/9/6 00:00,4.1,1,1,8,0,6,70,5,0.685,1,4.73,1.33,DET,,4.58,1.38,R
Mitch Spence,2024/9/12 00:00,7,2,2,7,0,2,81,6,0.741,0,5.37,1.67,HOU,,4.58,1.38,R
Mitch Spence,2024/9/17 00:00,5,2,2,7,1,6,92,5,0.71,0,5.37,1.67,CHC,,4.58,1.38,R
Mitch Spence,2024/9/24 00:00,4.2,3,3,7,2,2,92,7,0.686,1,5.4,2.33,TEX,,4.58,1.38,R
Mitch Spence,2024/9/29 00:00,4.1,6,6,7,0,5,75,5,0.687,0,4.43,3.67,SEA,,4.58,1.38,R
Nate Pearson,2024/3/28 00:00,1,0,0,1,0,2,17,5,0.669,0,1,0,TB,,4.48,1.33,R
Nate Pearson,2024/3/31 00:00,0.2,0,0,0,0,0,8,3,0.669,0,0.6,0,TB,,4.48,1.33,R
Nate Pearson,2024/4/3 00:00,0.2,0,0,2,0,1,15,3,0.741,0,0.47,0,HOU,,4.48,1.33,R
Nate Pearson,2024/4/6 00:00,2,0,0,1,2,3,39,3,0.761,0,0.8,0,NYY,,4.48,1.33,R
Nate Pearson,2024/4/10 00:00,1,0,0,0,1,0,16,4,0.687,1,1.07,0,SEA,,4.48,1.33,R
Nate Pearson,2024/4/14 00:00,1,0,0,0,0,3,16,4,0.704,1,1.33,0,COL,,4.48,1.33,R
Nate Pearson,2024/4/21 00:00,1.1,2,2,0,3,1,32,7,0.745,0,1.03,0.67,SD,,4.48,1.33,R
Nate Pearson,2024/4/23 00:00,0.1,0,0,1,0,1,12,2,0.71,0,0.73,0.67,KC,,4.48,1.33,R
Nate Pearson,2024/4/26 00:00,0.2,0,0,1,0,0,11,3,0.781,1,0.47,0.67,LAD,,4.48,1.33,R
Nate Pearson,2024/4/27 00:00,0.1,0,0,0,0,0,6,1,0.781,1,0.13,0,LAD,,4.48,1.33,R
Nate Pearson,2024/4/29 00:00,1,0,0,2,0,1,16,2,0.71,1,0.43,0,KC,,4.48,1.33,R
Nate Pearson,2024/5/1 00:00,1,3,3,3,0,1,22,2,0.71,1,0.7,1,KC,,4.48,1.33,R
Nate Pearson,2024/5/4 00:00,0.1,1,1,1,1,0,18,3,0.684,0,0.7,1.33,WSH,,4.48,1.33,R
Nate Pearson,2024/5/5 00:00,1,1,1,1,0,0,14,1,0.684,0,0.7,1.67,WSH,,4.48,1.33,R
Nate Pearson,2024/5/10 00:00,0.2,1,1,1,0,1,8,5,0.726,1,0.43,1,MIN,,4.48,1.33,R
Nate Pearson,2024/5/12 00:00,1,0,0,0,0,2,16,2,0.726,1,0.73,0.67,MIN,,4.48,1.33,R
Nate Pearson,2024/5/17 00:00,1,0,0,0,0,2,9,5,0.669,1,0.73,0.33,TB,,4.48,1.33,R
Nate Pearson,2024/5/18 00:00,0,2,2,3,1,0,21,1,0.669,1,0.67,0.67,TB,,4.48,1.33,R
Nate Pearson,2024/5/22 00:00,1,0,0,0,1,2,18,4,0.618,1,0.67,0.67,CWS,,4.48,1.33,R
Nate Pearson,2024/5/24 00:00,1.1,0,0,1,1,2,26,2,0.685,0,0.7,0.67,DET,,4.48,1.33,R
Nate Pearson,2024/5/27 00:00,2,0,0,1,0,2,32,3,0.618,0,1.37,0,CWS,,4.48,1.33,R
Nate Pearson,2024/5/31 00:00,2,0,1,0,0,1,16,4,0.672,1,1.7,0,PIT,,4.48,1.33,R
Nate Pearson,2024/6/2 00:00,1,0,0,1,0,1,16,2,0.672,1,1.67,0,PIT,,4.48,1.33,R
Nate Pearson,2024/6/4 00:00,1,2,2,2,1,2,24,2,0.751,1,1.33,0.67,BAL,,4.48,1.33,R
Nate Pearson,2024/6/6 00:00,1,0,0,0,0,1,13,2,0.751,1,1,0.67,BAL,,4.48,1.33,R
Nate Pearson,2024/6/9 00:00,1,1,1,2,0,1,11,3,0.694,0,1,1,OAK,,4.48,1.33,R
Nate Pearson,2024/6/11 00:00,1,0,0,1,0,3,16,2,0.729,0,1,0.33,MIL,,4.48,1.33,R
Nate Pearson,2024/6/15 00:00,1,0,0,0,1,1,17,4,0.703,1,1,0.33,CLE,,4.48,1.33,R
Nate Pearson,2024/6/16 00:00,0.1,0,0,0,0,0,4,1,0.703,1,0.7,0,CLE,,4.48,1.33,R
Nate Pearson,2024/6/18 00:00,0.2,0,0,2,0,1,16,2,0.741,1,0.43,0,BOS,,4.48,1.33,R
Nate Pearson,2024/6/22 00:00,1,0,0,0,0,2,10,4,0.703,0,0.43,0,CLE,,4.48,1.33,R
Nate Pearson,2024/6/24 00:00,0.2,2,2,2,0,1,10,2,0.741,0,0.47,0.67,BOS,,4.48,1.33,R
Nate Pearson,2024/6/28 00:00,1,3,3,3,1,0,17,4,0.761,1,0.73,1.67,NYY,,4.48,1.33,R
Nate Pearson,2024/6/30 00:00,1,1,1,2,0,3,19,2,0.761,1,0.73,2,NYY,,4.48,1.33,R
Nate Pearson,2024/7/2 00:00,2,0,0,1,0,3,32,2,0.741,1,1.33,1.33,HOU,,4.48,1.33,R
Nate Pearson,2024/7/5 00:00,0.2,0,0,2,0,1,10,3,0.687,0,1.07,0.33,SEA,,4.48,1.33,R
Nate Pearson,2024/7/7 00:00,1,0,0,0,0,1,12,2,0.687,0,1.07,0,SEA,,4.48,1.33,R
Nate Pearson,2024/7/9 00:00,0.2,0,0,1,1,1,19,2,0.701,0,0.47,0,SF,,4.48,1.33,R
Nate Pearson,2024/7/13 00:00,1,4,4,3,1,3,29,4,0.777,0,0.73,1.33,AZ,,4.48,1.33,R
Nate Pearson,2024/7/23 00:00,1,1,1,1,1,0,20,10,0.669,1,0.73,1.67,TB,,4.48,1.33,R
Nate Pearson,2024/7/25 00:00,1.2,1,1,3,1,1,35,2,0.669,1,1.07,2,TB,,4.48,1.33,R
Nate Pearson,2024/7/29 00:00,1.1,1,1,1,0,1,18,4,0.693,0,1.1,1,CIN,,4.48,1.33,R
Nate Pearson,2024/8/1 00:00,2,0,0,1,0,1,28,3,0.703,1,1.43,0.67,STL,,4.48,1.33,R
Nate Pearson,2024/8/5 00:00,2,1,1,2,0,2,18,4,0.726,1,1.7,0.67,MIN,,4.48,1.33,R
Nate Pearson,2024/8/12 00:00,1,1,1,1,0,1,12,7,0.703,0,1.67,0.67,CLE,,4.48,1.33,R
Nate Pearson,2024/8/13 00:00,1,0,0,0,0,1,8,1,0.703,0,1.33,0.67,CLE,,4.48,1.33,R
Nate Pearson,2024/8/17 00:00,2,0,0,1,2,1,29,4,0.703,1,1.33,0.33,TOR,,4.48,1.33,R
Nate Pearson,2024/8/21 00:00,2,0,0,1,0,3,29,4,0.685,1,1.67,0,DET,,4.48,1.33,R
Nate Pearson,2024/8/27 00:00,2,1,1,1,0,3,23,6,0.672,0,2,0.33,PIT,,4.48,1.33,R
Nate Pearson,2024/8/30 00:00,2,0,0,1,0,2,17,3,0.684,0,2,0.33,WSH,,4.48,1.33,R
Nate Pearson,2024/9/4 00:00,1,0,0,0,0,0,10,5,0.672,1,1.67,0.33,PIT,,4.48,1.33,R
Nate Pearson,2024/9/8 00:00,2,0,0,0,0,2,22,4,0.761,1,1.67,0,NYY,,4.48,1.33,R
Nate Pearson,2024/9/10 00:00,1,0,0,1,0,0,14,2,0.781,0,1.33,0,LAD,,4.48,1.33,R
Nate Pearson,2024/9/13 00:00,0.2,1,1,2,0,0,10,3,0.704,0,1.07,0.33,COL,,4.48,1.33,R
Nate Pearson,2024/9/14 00:00,1,1,1,1,0,1,11,1,0.704,0,0.73,0.67,COL,,4.48,1.33,R
Nate Pearson,2024/9/18 00:00,1.1,2,2,4,0,1,33,4,0.694,1,0.77,1.33,OAK,,4.48,1.33,R
Nate Pearson,2024/9/20 00:00,0.2,0,0,2,1,1,22,2,0.684,1,0.77,1,WSH,,4.48,1.33,R
Nate Pearson,2024/9/23 00:00,1,0,0,1,1,0,12,3,0.75,0,0.77,0.67,PHI,,4.48,1.33,R
Nate Pearson,2024/9/25 00:00,1,0,0,1,0,2,14,2,0.75,0,0.73,0,PHI,,4.48,1.33,R
Nate Pearson,2024/9/29 00:00,1.1,0,0,1,0,1,19,4,0.693,1,1.03,0,CIN,,4.48,1.33,R
Nathan Eovaldi,2024/3/28 00:00,6,2,2,4,1,3,88,5,0.71,1,6,2,CHC,,3.8,1.11,R
Nathan Eovaldi,2024/4/3 00:00,7,0,0,4,1,8,103,6,0.669,0,6.5,1,TB,,3.8,1.11,R
Nathan Eovaldi,2024/4/9 00:00,5.2,1,1,3,2,8,95,6,0.694,1,6.07,1,OAK,,3.8,1.11,R
Nathan Eovaldi,2024/4/14 00:00,6,5,5,8,2,3,87,5,0.741,0,6.07,2,HOU,,3.8,1.11,R
Nathan Eovaldi,2024/4/20 00:00,5.1,3,3,5,6,6,105,6,0.724,0,5.43,3,ATL,,3.8,1.11,R
Nathan Eovaldi,2024/4/26 00:00,6,1,1,3,5,8,97,6,0.693,1,5.7,3,CIN,,3.8,1.11,R
Nathan Eovaldi,2024/5/2 00:00,5.1,0,0,2,2,8,91,6,0.684,1,5.4,1.33,WSH,,3.8,1.11,R
Nathan Eovaldi,2024/5/28 00:00,3,2,2,5,0,2,37,26,0.777,1,4.7,1,AZ,,3.8,1.11,R
Nathan Eovaldi,2024/6/3 00:00,5.2,1,1,3,0,7,71,6,0.685,1,4.43,1,DET,,3.8,1.11,R
Nathan Eovaldi,2024/6/9 00:00,7,2,2,5,1,5,90,6,0.701,1,5.07,1.67,SF,,3.8,1.11,R
Nathan Eovaldi,2024/6/15 00:00,3,4,4,4,4,6,75,6,0.687,0,5.07,2.33,SEA,,3.8,1.11,R
Nathan Eovaldi,2024/6/21 00:00,6,2,2,4,1,6,98,6,0.71,1,5.33,2.67,KC,,3.8,1.11,R
Nathan Eovaldi,2024/6/26 00:00,7,5,5,9,1,4,101,5,0.729,0,5.33,3.67,MIL,,3.8,1.11,R
Nathan Eovaldi,2024/7/2 00:00,7,0,0,1,0,6,92,6,0.745,1,6.67,2.33,SD,,3.8,1.11,R
Nathan Eovaldi,2024/7/7 00:00,7,2,2,4,0,5,88,5,0.669,1,7,2.33,TB,,3.8,1.11,R
Nathan Eovaldi,2024/7/13 00:00,7,1,1,8,0,7,95,6,0.741,0,7,1,HOU,,3.8,1.11,R
Nathan Eovaldi,2024/7/19 00:00,5,6,6,8,0,2,76,6,0.751,1,6.33,3,BAL,,3.8,1.11,R
Nathan Eovaldi,2024/7/24 00:00,7,2,2,4,0,10,98,5,0.618,1,6.33,3,CWS,,3.8,1.11,R
Nathan Eovaldi,2024/7/29 00:00,6,3,3,6,0,2,82,5,0.703,0,6,3.67,STL,,3.8,1.11,R
Nathan Eovaldi,2024/8/4 00:00,5,5,5,7,1,7,99,6,0.741,1,6,3.33,BOS,,3.8,1.11,R
Nathan Eovaldi,2024/8/10 00:00,3,3,3,6,2,4,81,6,0.761,0,4.67,3.67,NYY,,3.8,1.11,R
Nathan Eovaldi,2024/8/17 00:00,7,3,4,6,0,6,103,7,0.726,1,5,3.67,MIN,,3.8,1.11,R
Nathan Eovaldi,2024/8/23 00:00,6,3,3,7,1,5,106,6,0.703,0,5.33,3,CLE,,3.8,1.11,R
Nathan Eovaldi,2024/8/29 00:00,7,0,0,1,2,10,96,6,0.618,0,6.67,2,CWS,,3.8,1.11,R
Nathan Eovaldi,2024/9/4 00:00,7,2,2,4,3,6,99,6,0.761,1,6.67,1.67,NYY,,3.8,1.11,R
Nathan Eovaldi,2024/9/10 00:00,5,4,4,7,1,6,93,6,0.777,0,6.33,2,AZ,,3.8,1.11,R
Nathan Eovaldi,2024/9/17 00:00,4.2,7,7,11,2,4,93,7,0.703,1,5.4,4.33,TOR,,3.8,1.11,R
Nathan Eovaldi,2024/9/24 00:00,7,3,4,4,3,7,90,7,0.694,0,5.4,4.67,OAK,,3.8,1.11,R
Nathan Eovaldi,2024/9/29 00:00,7,0,0,4,1,5,92,5,0.671,0,6.07,3.33,LAA,,3.8,1.11,R
Nick Lodolo,2024/4/13 00:00,5.2,0,0,1,1,10,91,5,0.618,0,5.2,0,CWS,,4.76,1.2,L
Nick Lodolo,2024/4/19 00:00,6.1,1,1,7,0,6,80,6,0.671,1,5.65,0.5,LAA,,4.76,1.2,L
Nick Lodolo,2024/4/24 00:00,5,3,3,6,3,4,98,5,0.75,1,5.43,1.33,PHI,,4.76,1.2,L
Nick Lodolo,2024/4/29 00:00,7,1,1,1,2,11,99,5,0.745,0,6.03,1.67,SD,,4.76,1.2,L
Nick Lodolo,2024/5/5 00:00,5,4,4,4,2,6,85,6,0.751,1,5.67,2.67,BAL,,4.76,1.2,L
Nick Lodolo,2024/5/11 00:00,6,4,4,5,1,6,98,6,0.701,0,6,3,SF,,4.76,1.2,L
Nick Lodolo,2024/5/27 00:00,5.1,1,1,5,0,3,81,16,0.703,1,5.37,3,STL,,4.76,1.2,L
Nick Lodolo,2024/6/2 00:00,6,2,2,7,1,3,90,6,0.71,0,5.7,2.33,CHC,,4.76,1.2,L
Nick Lodolo,2024/6/7 00:00,6,1,1,4,2,7,99,5,0.71,1,5.7,1.33,CHC,,4.76,1.2,L
Nick Lodolo,2024/6/12 00:00,6,2,2,7,3,6,102,5,0.703,1,6,1.67,CLE,,4.76,1.2,L
Nick Lodolo,2024/6/18 00:00,7,1,1,4,0,8,95,6,0.672,0,6.33,1.33,PIT,,4.76,1.2,L
Nick Lodolo,2024/6/23 00:00,4.2,3,4,5,4,3,77,5,0.741,1,5.73,2,BOS,,4.76,1.2,L
Nick Lodolo,2024/7/9 00:00,3.2,4,4,5,1,4,69,16,0.704,1,4.8,2.67,COL,,4.76,1.2,L
Nick Lodolo,2024/7/14 00:00,4.2,2,2,3,4,4,72,5,0.678,1,3.87,3,MIA,,4.76,1.2,L
Nick Lodolo,2024/7/20 00:00,6.1,4,4,6,1,8,104,6,0.684,0,4.5,3.33,WSH,,4.76,1.2,L
Nick Lodolo,2024/7/26 00:00,6.2,2,2,5,1,5,93,6,0.669,0,5.5,2.67,TB,,4.76,1.2,L
Nick Lodolo,2024/7/31 00:00,5.2,8,8,11,0,6,103,5,0.71,1,5.83,4.67,CHC,,4.76,1.2,L
Nick Lodolo,2024/8/6 00:00,6,2,2,2,3,7,99,6,0.678,0,5.8,4,MIA,,4.76,1.2,L
Nick Lodolo,2024/8/11 00:00,5.1,3,3,3,3,4,79,5,0.729,0,5.43,4.33,MIL,,4.76,1.2,L
Nick Lodolo,2024/8/17 00:00,2.1,8,8,8,2,2,59,6,0.71,1,4.4,4.33,KC,,4.76,1.2,L
Nick Lodolo,2024/8/22 00:00,4.2,5,5,2,3,9,91,5,0.672,0,3.8,5.33,PIT,,4.76,1.2,L
Nick Nastrini,2024/4/15 00:00,5,2,2,3,2,5,74,5,0.71,1,5,2,KC,,7.07,1.91,R
Nick Nastrini,2024/4/21 00:00,3,5,6,6,5,3,86,6,0.75,0,4,3.5,PHI,,7.07,1.91,R
Nick Nastrini,2024/5/22 00:00,3.1,8,9,7,6,0,86,31,0.703,0,3.7,5,TOR,,7.07,1.91,R
Nick Nastrini,2024/5/27 00:00,5,3,3,3,4,5,82,5,0.703,1,3.7,5.33,TOR,,7.07,1.91,R
Nick Nastrini,2024/6/2 00:00,4,4,4,3,3,1,78,6,0.729,0,4.03,5,MIL,,7.07,1.91,R
Nick Nastrini,2024/6/8 00:00,4.1,1,1,2,5,5,87,6,0.741,1,4.37,2.67,BOS,,7.07,1.91,R
Nick Nastrini,2024/8/29 00:00,6,1,1,3,1,3,98,82,0.686,1,4.7,2,TEX,,7.07,1.91,R
Nick Nastrini,2024/9/3 00:00,1.2,4,7,4,6,2,72,5,0.751,0,3.77,2,BAL,,7.07,1.91,R
Nick Nastrini,2024/9/9 00:00,3.1,0,0,1,4,2,71,6,0.703,1,3.43,1.67,CLE,,7.07,1.91,R
Nick Pivetta,2024/3/29 00:00,6,1,1,3,0,10,84,5,0.687,0,6,1,SEA,,4.14,1.13,R
Nick Pivetta,2024/4/3 00:00,5,0,0,5,1,3,90,5,0.694,0,5.5,0.5,OAK,,4.14,1.13,R
Nick Pivetta,2024/5/8 00:00,4,5,5,7,1,1,58,35,0.724,0,5,2,ATL,,4.14,1.13,R
Nick Pivetta,2024/5/14 00:00,5.2,2,2,4,0,8,81,6,0.669,1,4.73,2.33,TB,,4.14,1.13,R
Nick Pivetta,2024/5/19 00:00,6,1,1,1,0,8,72,5,0.703,0,5.07,2.67,STL,,4.14,1.13,R
Nick Pivetta,2024/5/25 00:00,3.1,5,5,7,3,3,77,6,0.729,1,4.77,2.67,MIL,,4.14,1.13,R
Nick Pivetta,2024/5/30 00:00,5.1,2,2,3,2,9,92,5,0.685,1,4.73,2.67,DET,,4.14,1.13,R
Nick Pivetta,2024/6/5 00:00,7,0,0,1,2,9,91,6,0.724,1,5.07,2.33,ATL,,4.14,1.13,R
Nick Pivetta,2024/6/12 00:00,4,4,4,6,4,4,93,7,0.75,1,5.37,2,PHI,,4.14,1.13,R
Nick Pivetta,2024/6/17 00:00,7,3,3,9,1,4,109,5,0.703,0,6,2.33,TOR,,4.14,1.13,R
Nick Pivetta,2024/6/22 00:00,4.1,3,3,6,1,5,96,5,0.693,0,5.03,3.33,CIN,,4.14,1.13,R
Nick Pivetta,2024/6/28 00:00,4,5,5,7,1,4,73,6,0.745,1,5.03,3.67,SD,,4.14,1.13,R
Nick Pivetta,2024/7/4 00:00,7,0,0,1,2,10,89,6,0.678,0,5.03,2.67,MIA,,4.14,1.13,R
Nick Pivetta,2024/7/10 00:00,6.2,4,4,6,2,10,105,6,0.694,1,5.73,3,OAK,,4.14,1.13,R
Nick Pivetta,2024/7/19 00:00,6,0,0,2,1,8,90,9,0.781,0,6.4,1.33,LAD,,4.14,1.13,R
Nick Pivetta,2024/7/24 00:00,2.2,7,8,10,0,6,76,5,0.704,0,4.8,3.67,COL,,4.14,1.13,R
Nick Pivetta,2024/7/29 00:00,6.2,3,3,6,1,10,109,5,0.687,1,4.8,3.33,SEA,,4.14,1.13,R
Nick Pivetta,2024/8/4 00:00,4.2,2,2,2,1,5,70,6,0.686,0,4.2,4,TEX,,4.14,1.13,R
Nick Pivetta,2024/8/15 00:00,5,3,3,3,1,6,90,11,0.751,0,5.13,2.67,BAL,,4.14,1.13,R
Nick Pivetta,2024/8/20 00:00,5,5,5,6,3,2,84,5,0.741,0,4.73,3.33,HOU,,4.14,1.13,R
Nick Pivetta,2024/8/31 00:00,6,2,2,7,1,6,96,11,0.685,0,5.33,3.33,DET,,4.14,1.13,R
Nick Pivetta,2024/9/6 00:00,6,1,1,5,3,6,97,6,0.618,1,5.67,2.67,CWS,,4.14,1.13,R
Nick Pivetta,2024/9/11 00:00,6,1,1,4,1,9,94,5,0.751,1,6,1.33,BAL,,4.14,1.13,R
Nick Pivetta,2024/9/17 00:00,4.2,4,4,5,0,6,83,6,0.669,0,5.4,2,TB,,4.14,1.13,R
Nick Pivetta,2024/9/22 00:00,5,0,1,4,3,4,95,5,0.726,1,5.07,1.67,MIN,,4.14,1.13,R
Nick Pivetta,2024/9/27 00:00,6.2,2,2,4,1,6,100,5,0.669,1,5.13,2,TB,,4.14,1.13,R
Nick Sandlin,2024/3/28 00:00,1,0,0,0,0,2,14,5,0.694,0,1,0,OAK,,3.75,1.27,R
Nick Sandlin,2024/3/30 00:00,1,0,0,0,0,2,17,2,0.694,0,1,0,OAK,,3.75,1.27,R
Nick Sandlin,2024/4/1 00:00,1.1,0,0,0,3,1,29,2,0.687,0,1.03,0,SEA,,3.75,1.27,R
Nick Sandlin,2024/4/3 00:00,0.1,0,0,0,0,1,5,2,0.687,0,0.73,0,SEA,,3.75,1.27,R
Nick Sandlin,2024/4/6 00:00,1,0,0,0,0,2,18,3,0.726,0,0.73,0,MIN,,3.75,1.27,R
Nick Sandlin,2024/4/9 00:00,1,0,0,1,0,2,12,3,0.618,1,0.7,0,CWS,,3.75,1.27,R
Nick Sandlin,2024/4/10 00:00,0.2,0,0,0,0,1,12,1,0.618,1,0.73,0,CWS,,3.75,1.27,R
Nick Sandlin,2024/4/13 00:00,1,2,2,3,0,1,21,3,0.761,1,0.73,0.67,NYY,,3.75,1.27,R
Nick Sandlin,2024/4/15 00:00,1,0,0,0,0,1,16,2,0.741,0,0.73,0.67,BOS,,3.75,1.27,R
Nick Sandlin,2024/4/17 00:00,1,0,0,0,0,1,12,2,0.741,0,1,0.67,BOS,,3.75,1.27,R
Nick Sandlin,2024/4/20 00:00,0.2,0,0,0,0,0,7,3,0.694,1,0.73,0,OAK,,3.75,1.27,R
Nick Sandlin,2024/4/21 00:00,0.2,0,0,1,0,1,8,1,0.694,1,0.47,0,OAK,,3.75,1.27,R
Nick Sandlin,2024/4/25 00:00,1,2,2,1,0,1,21,4,0.741,1,0.47,0.67,BOS,,3.75,1.27,R
Nick Sandlin,2024/4/27 00:00,1,0,0,0,0,1,11,2,0.724,0,0.73,0.67,ATL,,3.75,1.27,R
Nick Sandlin,2024/4/28 00:00,0.2,0,0,0,0,2,13,1,0.724,0,0.73,0.67,ATL,,3.75,1.27,R
Nick Sandlin,2024/4/30 00:00,1.2,0,0,1,0,0,11,2,0.741,0,0.8,0,HOU,,3.75,1.27,R
Nick Sandlin,2024/5/2 00:00,0.1,0,0,0,0,0,2,2,0.741,0,0.5,0,HOU,,3.75,1.27,R
Nick Sandlin,2024/5/4 00:00,1,0,0,0,0,0,11,2,0.671,1,0.77,0,LAA,,3.75,1.27,R
Nick Sandlin,2024/5/6 00:00,1.1,0,0,1,0,1,19,2,0.685,1,0.73,0,DET,,3.75,1.27,R
Nick Sandlin,2024/5/8 00:00,1.1,0,0,1,0,2,25,2,0.685,1,1.07,0,DET,,3.75,1.27,R
Nick Sandlin,2024/5/12 00:00,1,0,0,0,1,1,18,4,0.618,0,1.07,0,CWS,,3.75,1.27,R
Nick Sandlin,2024/5/13 00:00,0.2,0,0,0,0,1,12,1,0.686,0,0.77,0,TEX,,3.75,1.27,R
Nick Sandlin,2024/5/15 00:00,0.1,2,2,1,1,0,11,2,0.686,0,0.43,0.67,TEX,,3.75,1.27,R
Nick Sandlin,2024/5/18 00:00,1,0,0,1,0,0,14,3,0.726,1,0.43,0.67,MIN,,3.75,1.27,R
Nick Sandlin,2024/5/20 00:00,0.1,0,0,0,1,1,7,2,0.734,1,0.4,0.67,NYM,,3.75,1.27,R
Nick Sandlin,2024/5/21 00:00,0.2,0,0,0,1,2,13,1,0.734,1,0.43,0,NYM,,3.75,1.27,R
Nick Sandlin,2024/5/27 00:00,1.2,0,0,0,0,1,15,6,0.704,0,0.5,0,COL,,3.75,1.27,R
Nick Sandlin,2024/5/28 00:00,0.1,2,2,0,2,0,15,1,0.704,0,0.5,0.67,COL,,3.75,1.27,R
Nick Sandlin,2024/6/2 00:00,1,0,0,0,0,1,10,5,0.684,1,0.77,0.67,WSH,,3.75,1.27,R
Nick Sandlin,2024/6/6 00:00,0.1,0,0,1,0,0,7,4,0.71,1,0.4,0.67,KC,,3.75,1.27,R
Nick Sandlin,2024/6/9 00:00,1,0,0,0,0,0,15,3,0.678,0,0.7,0,MIA,,3.75,1.27,R
Nick Sandlin,2024/6/12 00:00,1,0,0,1,1,1,20,3,0.693,0,0.7,0,CIN,,3.75,1.27,R
Nick Sandlin,2024/6/16 00:00,0,3,3,3,2,0,18,4,0.703,0,0.67,1,TOR,,3.75,1.27,R
Nick Sandlin,2024/7/4 00:00,1,1,1,1,0,2,17,18,0.618,1,0.67,1.33,CWS,,3.75,1.27,R
Nick Sandlin,2024/7/5 00:00,1,0,0,0,1,0,9,1,0.701,1,0.67,1.33,SF,,3.75,1.27,R
Nick Sandlin,2024/7/8 00:00,1,0,0,1,0,1,8,3,0.685,0,1,0.33,DET,,3.75,1.27,R
Nick Sandlin,2024/7/9 00:00,0.2,1,1,1,0,1,8,1,0.685,0,0.73,0.33,DET,,3.75,1.27,R
Nick Sandlin,2024/7/11 00:00,0.2,1,1,1,2,2,21,2,0.685,0,0.47,0.67,DET,,3.75,1.27,R
Nick Sandlin,2024/7/13 00:00,1,0,0,1,0,1,7,2,0.669,0,0.47,0.67,TB,,3.75,1.27,R
Nick Sandlin,2024/7/19 00:00,1,0,0,1,0,1,15,6,0.745,1,0.73,0.33,SD,,3.75,1.27,R
Nick Sandlin,2024/7/21 00:00,1.1,0,0,0,0,3,21,2,0.745,1,1.03,0,SD,,3.75,1.27,R
Nick Sandlin,2024/7/23 00:00,0.1,1,2,1,1,1,16,2,0.685,1,0.73,0.33,DET,,3.75,1.27,R
Nick Sandlin,2024/7/27 00:00,0.1,1,1,1,0,1,10,4,0.75,0,0.43,0.67,PHI,,3.75,1.27,R
Nick Sandlin,2024/7/28 00:00,0.2,0,0,1,0,2,13,1,0.75,0,0.13,0.67,PHI,,3.75,1.27,R
Nick Sandlin,2024/7/30 00:00,1,0,0,1,0,1,16,2,0.685,0,0.43,0.33,DET,,3.75,1.27,R
Nick Sandlin,2024/8/1 00:00,1,0,0,0,1,2,20,2,0.751,1,0.73,0,BAL,,3.75,1.27,R
Nick Sandlin,2024/8/3 00:00,0.1,0,0,0,0,0,6,2,0.751,1,0.7,0,BAL,,3.75,1.27,R
Nick Sandlin,2024/8/4 00:00,0.1,0,0,2,0,1,10,1,0.751,1,0.4,0,BAL,,3.75,1.27,R
Nick Sandlin,2024/8/7 00:00,0.2,1,1,1,1,1,16,3,0.777,1,0.13,0.33,AZ,,3.75,1.27,R
Nick Sandlin,2024/8/9 00:00,1,0,0,1,0,1,9,2,0.726,0,0.43,0.33,MIN,,3.75,1.27,R
Nick Sandlin,2024/8/11 00:00,0.1,1,1,1,0,0,12,2,0.726,0,0.43,0.67,MIN,,3.75,1.27,R
Nick Sandlin,2024/8/12 00:00,0.2,0,0,1,1,1,15,1,0.71,1,0.43,0.33,CHC,,3.75,1.27,R
Nick Sandlin,2024/8/14 00:00,1.1,0,0,0,0,0,22,2,0.71,1,0.47,0.33,CHC,,3.75,1.27,R
Nick Sandlin,2024/8/17 00:00,1,0,0,0,0,1,9,3,0.729,0,0.77,0,MIL,,3.75,1.27,R
Nick Sandlin,2024/8/20 00:00,0.2,0,0,1,0,0,9,3,0.761,0,0.77,0,NYY,,3.75,1.27,R
Nick Sandlin,2024/8/22 00:00,0.2,2,2,1,1,0,19,2,0.761,0,0.47,0.67,NYY,,3.75,1.27,R
Nick Sandlin,2024/8/26 00:00,1,0,0,0,2,2,22,4,0.71,1,0.47,0.67,KC,,3.75,1.27,R
Nick Sandlin,2024/8/27 00:00,1,0,0,0,0,1,17,1,0.71,1,0.73,0.67,KC,,3.75,1.27,R
Nick Sandlin,2024/8/31 00:00,0.2,0,0,1,2,2,27,4,0.672,1,0.73,0,PIT,,3.75,1.27,R
Nick Sandlin,2024/9/3 00:00,1,0,0,0,0,0,14,3,0.71,0,0.73,0,KC,,3.75,1.27,R
Nick Sandlin,2024/9/8 00:00,0.2,0,0,0,0,2,11,5,0.781,0,0.47,0,LAD,,3.75,1.27,R
Nick Sandlin,2024/9/9 00:00,0.1,2,2,2,0,1,17,1,0.618,0,0.43,0.67,CWS,,3.75,1.27,R
Nick Sandlin,2024/9/11 00:00,1.1,0,0,1,1,2,29,2,0.618,0,0.47,0.67,CWS,,3.75,1.27,R
Nick Sandlin,2024/9/14 00:00,1,0,0,0,1,1,15,3,0.669,1,0.73,0.67,TB,,3.75,1.27,R
Nick Sandlin,2024/9/17 00:00,1,2,2,2,0,1,14,3,0.726,1,1.03,0.67,MIN,,3.75,1.27,R
Nick Sandlin,2024/9/19 00:00,0.2,0,0,0,1,2,19,2,0.726,1,0.73,0.67,MIN,,3.75,1.27,R
Nick Sandlin,2024/9/21 00:00,1,0,4,2,0,0,25,2,0.703,0,0.73,0.67,STL,,3.75,1.27,R
Nick Sandlin,2024/9/27 00:00,1.2,0,0,4,0,1,27,6,0.741,1,0.8,0,HOU,,3.75,1.27,R
Orion Kerkering,2024/4/14 00:00,1,0,0,0,1,1,14,5,0.672,1,1,0,PIT,,2.29,1.08,R
Orion Kerkering,2024/4/19 00:00,1,0,0,0,0,1,18,5,0.618,1,1,0,CWS,,2.29,1.08,R
Orion Kerkering,2024/4/23 00:00,1,0,0,0,0,0,11,4,0.693,0,1,0,CIN,,2.29,1.08,R
Orion Kerkering,2024/4/25 00:00,1.2,0,0,1,1,2,39,2,0.693,0,1.07,0,CIN,,2.29,1.08,R
Orion Kerkering,2024/4/29 00:00,1,0,0,1,0,0,9,4,0.671,0,1.07,0,LAA,,2.29,1.08,R
Orion Kerkering,2024/5/1 00:00,1,0,0,0,1,2,22,2,0.671,0,1.07,0,LAA,,2.29,1.08,R
Orion Kerkering,2024/5/3 00:00,1,1,1,3,0,0,20,2,0.701,1,1,0.33,SF,,2.29,1.08,R
Orion Kerkering,2024/5/6 00:00,1,0,0,0,0,0,14,3,0.701,1,1,0.33,SF,,2.29,1.08,R
Orion Kerkering,2024/5/8 00:00,1,1,1,2,1,1,25,2,0.703,1,1,0.67,TOR,,2.29,1.08,R
Orion Kerkering,2024/5/12 00:00,1,0,0,0,0,1,7,4,0.678,0,1,0.33,MIA,,2.29,1.08,R
Orion Kerkering,2024/5/13 00:00,1,0,0,0,0,1,12,1,0.734,0,1,0.33,NYM,,2.29,1.08,R
Orion Kerkering,2024/5/16 00:00,1,0,0,1,0,3,27,3,0.734,1,1,0,NYM,,2.29,1.08,R
Orion Kerkering,2024/5/18 00:00,1,1,1,2,0,1,24,2,0.684,1,1,0.33,WSH,,2.29,1.08,R
Orion Kerkering,2024/5/22 00:00,1,0,0,0,0,1,17,4,0.686,1,1,0.33,TEX,,2.29,1.08,R
Orion Kerkering,2024/5/24 00:00,1.2,0,0,1,0,0,14,2,0.704,0,1.07,0.33,COL,,2.29,1.08,R
Orion Kerkering,2024/5/26 00:00,1,0,0,2,0,0,15,2,0.704,0,1.07,0,COL,,2.29,1.08,R
Orion Kerkering,2024/5/28 00:00,1,0,0,0,0,2,18,2,0.701,0,1.07,0,SF,,2.29,1.08,R
Orion Kerkering,2024/6/1 00:00,1,0,0,2,0,2,16,4,0.703,1,1,0,STL,,2.29,1.08,R
Orion Kerkering,2024/6/2 00:00,1,0,0,0,0,1,16,1,0.703,1,1,0,STL,,2.29,1.08,R
Orion Kerkering,2024/6/4 00:00,1,0,0,0,0,2,10,2,0.729,1,1,0,MIL,,2.29,1.08,R
Orion Kerkering,2024/6/8 00:00,1.1,0,0,0,0,3,24,4,0.734,0,1.03,0,NYM,,2.29,1.08,R
Orion Kerkering,2024/6/13 00:00,1,1,1,1,1,2,21,5,0.741,0,1.03,0.33,BOS,,2.29,1.08,R
Orion Kerkering,2024/6/14 00:00,1,0,1,0,1,2,22,1,0.751,0,1.03,0.33,BAL,,2.29,1.08,R
Orion Kerkering,2024/6/18 00:00,1,0,0,0,0,1,16,4,0.745,1,1,0.33,SD,,2.29,1.08,R
Orion Kerkering,2024/6/19 00:00,1,1,1,2,0,1,29,1,0.745,1,1,0.33,SD,,2.29,1.08,R
Orion Kerkering,2024/6/24 00:00,1,0,0,1,0,1,18,5,0.685,0,1,0.33,DET,,2.29,1.08,R
Orion Kerkering,2024/6/26 00:00,1,0,0,0,0,0,13,2,0.685,0,1,0.33,DET,,2.29,1.08,R
Orion Kerkering,2024/6/29 00:00,1,0,0,1,0,1,13,3,0.678,1,1,0,MIA,,2.29,1.08,R
Orion Kerkering,2024/7/2 00:00,1,0,0,0,0,1,12,3,0.71,0,1,0,CHC,,2.29,1.08,R
Orion Kerkering,2024/7/3 00:00,1,0,0,1,0,2,22,1,0.71,0,1,0,CHC,,2.29,1.08,R
Orion Kerkering,2024/7/5 00:00,1,0,0,1,0,2,20,2,0.724,0,1,0,ATL,,2.29,1.08,R
Orion Kerkering,2024/7/9 00:00,1,0,0,1,0,0,8,4,0.781,1,1,0,LAD,,2.29,1.08,R
Orion Kerkering,2024/7/10 00:00,0.1,0,0,2,0,1,14,1,0.781,1,0.7,0,LAD,,2.29,1.08,R
Orion Kerkering,2024/7/13 00:00,0.2,0,0,2,0,2,20,3,0.694,1,0.43,0,OAK,,2.29,1.08,R
Orion Kerkering,2024/7/14 00:00,1,0,0,0,0,0,11,1,0.694,1,0.43,0,OAK,,2.29,1.08,R
Orion Kerkering,2024/7/19 00:00,1,2,2,3,0,1,19,5,0.672,0,0.73,0.67,PIT,,2.29,1.08,R
Orion Kerkering,2024/7/22 00:00,0.2,0,0,0,1,1,14,3,0.726,0,0.73,0.67,MIN,,2.29,1.08,R
Orion Kerkering,2024/7/24 00:00,0.1,3,3,0,2,1,22,2,0.726,0,0.43,1.67,MIN,,2.29,1.08,R
Orion Kerkering,2024/7/26 00:00,1,0,0,1,0,1,12,2,0.703,1,0.43,1,CLE,,2.29,1.08,R
Orion Kerkering,2024/7/28 00:00,1,0,0,2,0,0,16,2,0.703,1,0.7,1,CLE,,2.29,1.08,R
Orion Kerkering,2024/7/30 00:00,1,0,1,1,0,1,12,2,0.761,1,1,0,NYY,,2.29,1.08,R
Orion Kerkering,2024/8/3 00:00,1,0,0,1,1,0,13,4,0.687,0,1,0,SEA,,2.29,1.08,R
Orion Kerkering,2024/8/7 00:00,1,0,0,0,0,0,14,4,0.781,0,1,0,LAD,,2.29,1.08,R
Orion Kerkering,2024/8/8 00:00,1,2,2,2,2,2,29,1,0.777,0,1,0.67,AZ,,2.29,1.08,R
Orion Kerkering,2024/8/11 00:00,1,0,1,2,0,3,23,3,0.777,0,1,0.67,AZ,,2.29,1.08,R
Orion Kerkering,2024/8/13 00:00,1,0,0,0,0,2,18,2,0.678,1,1,0.67,MIA,,2.29,1.08,R
Orion Kerkering,2024/8/15 00:00,1,1,1,2,0,1,19,2,0.684,1,1,0.33,WSH,,2.29,1.08,R
Orion Kerkering,2024/8/20 00:00,1,0,0,1,1,2,21,5,0.724,0,1,0.33,ATL,,2.29,1.08,R
Orion Kerkering,2024/8/21 00:00,1,0,0,0,0,1,11,1,0.724,0,1,0.33,ATL,,2.29,1.08,R
Orion Kerkering,2024/8/24 00:00,1,0,0,0,0,1,10,3,0.71,0,1,0,KC,,2.29,1.08,R
Orion Kerkering,2024/8/26 00:00,1,0,0,1,0,1,18,2,0.741,1,1,0,HOU,,2.29,1.08,R
Orion Kerkering,2024/8/29 00:00,1.1,0,0,0,0,2,16,3,0.724,1,1.03,0,ATL,,2.29,1.08,R
Orion Kerkering,2024/9/1 00:00,1,0,0,0,1,1,16,3,0.724,1,1.03,0,ATL,,2.29,1.08,R
Orion Kerkering,2024/9/3 00:00,1,0,0,1,0,0,11,2,0.703,0,1.03,0,TOR,,2.29,1.08,R
Orion Kerkering,2024/9/5 00:00,1,0,1,1,0,2,22,2,0.678,0,1,0,MIA,,2.29,1.08,R
Orion Kerkering,2024/9/9 00:00,1,0,0,0,0,1,8,4,0.669,1,1,0,TB,,2.29,1.08,R
Orion Kerkering,2024/9/10 00:00,0.2,0,0,0,0,1,10,1,0.669,1,0.73,0,TB,,2.29,1.08,R
Orion Kerkering,2024/9/14 00:00,1,0,0,0,0,1,12,4,0.734,1,0.73,0,NYM,,2.29,1.08,R
Orion Kerkering,2024/9/15 00:00,1,0,0,1,0,2,15,1,0.734,1,0.73,0,NYM,,2.29,1.08,R
Orion Kerkering,2024/9/18 00:00,1,0,0,0,0,2,16,3,0.729,0,1,0,MIL,,2.29,1.08,R
Orion Kerkering,2024/9/20 00:00,1,0,0,0,0,1,21,2,0.734,0,1,0,NYM,,2.29,1.08,R
Orion Kerkering,2024/9/21 00:00,0.2,3,3,2,1,2,25,1,0.734,0,0.73,1,NYM,,2.29,1.08,R
Orion Kerkering,2024/9/25 00:00,1,0,0,1,1,0,15,4,0.71,1,0.73,1,CHC,,2.29,1.08,R
Orion Kerkering,2024/9/28 00:00,0.2,0,0,2,1,1,18,3,0.684,0,0.47,1,WSH,,2.29,1.08,R
Orion Kerkering,2024/10/5 00:00,0.2,0,0,1,0,0,8,7,0.734,1,0.47,0,NYM,,2.29,1.08,R
Orion Kerkering,2024/10/6 00:00,1,1,1,1,1,3,27,1,0.734,1,0.47,0.33,NYM,,2.29,1.08,R
Orion Kerkering,2024/10/8 00:00,1,0,0,1,0,0,10,2,0.734,0,0.73,0.33,NYM,,2.29,1.08,R
Orion Kerkering,2024/10/9 00:00,1,0,0,1,1,2,18,1,0.734,0,1,0.33,NYM,,2.29,1.08,R
Osvaldo Bido,2024/5/8 00:00,2.2,4,4,3,2,4,57,5,0.686,1,2.2,4,TEX,,3.41,1.09,R
Osvaldo Bido,2024/6/22 00:00,5,2,2,5,3,6,106,45,0.726,1,3.6,3,MIN,,3.41,1.09,R
Osvaldo Bido,2024/6/29 00:00,4.2,0,0,2,3,2,62,7,0.777,0,3.8,2,AZ,,3.41,1.09,R
Osvaldo Bido,2024/7/4 00:00,1,0,0,0,1,0,16,5,0.671,1,3.4,0.67,LAA,,3.41,1.09,R
Osvaldo Bido,2024/7/7 00:00,1,1,1,1,2,1,31,3,0.751,1,2.07,0.33,BAL,,3.41,1.09,R
Osvaldo Bido,2024/7/12 00:00,3,0,0,1,0,2,40,5,0.75,0,1.67,0.33,PHI,,3.41,1.09,R
Osvaldo Bido,2024/7/19 00:00,1,0,0,0,0,1,8,7,0.671,1,1.67,0.33,LAA,,3.41,1.09,R
Osvaldo Bido,2024/7/23 00:00,5,1,1,4,0,6,70,4,0.741,1,3,0.33,HOU,,3.41,1.09,R
Osvaldo Bido,2024/7/28 00:00,3.2,7,7,6,4,6,79,5,0.671,0,3.07,2.67,LAA,,3.41,1.09,R
Osvaldo Bido,2024/8/4 00:00,6,2,3,6,3,6,100,7,0.781,1,4.73,3.33,LAD,,3.41,1.09,R
Osvaldo Bido,2024/8/10 00:00,6,0,0,2,1,5,89,6,0.703,0,5.07,3,TOR,,3.41,1.09,R
Osvaldo Bido,2024/8/17 00:00,6,0,0,1,2,6,91,7,0.701,1,6,0.67,SF,,3.41,1.09,R
Osvaldo Bido,2024/8/22 00:00,5,1,1,2,3,6,92,5,0.669,1,5.67,0.33,TB,,3.41,1.09,R
Osvaldo Bido,2024/8/28 00:00,6,2,2,3,0,5,84,6,0.693,0,5.67,1,CIN,,3.41,1.09,R
Osvaldo Bido,2024/9/2 00:00,5.1,4,4,6,1,4,91,5,0.687,1,5.37,2.33,SEA,,3.41,1.09,R
Osvaldo Bido,2024/9/7 00:00,2,0,0,1,1,3,40,5,0.685,1,4.37,2,DET,,3.41,1.09,R
Paolo Espino,2024/4/7 00:00,2,0,0,2,1,0,30,5,0.761,0,2,0,NYY,,8.31,2.19,R
Paolo Espino,2024/4/12 00:00,2.2,4,4,6,1,2,53,5,0.704,1,2.1,2,COL,,8.31,2.19,R
Paolo Espino,2024/7/31 00:00,4,4,4,6,3,1,75,110,0.751,0,2.73,2.67,BAL,,8.31,2.19,R
Patrick Corbin,2024/3/30 00:00,4.1,4,4,7,1,2,69,5,0.693,0,4.1,4,CIN,,5.62,1.5,L
Patrick Corbin,2024/4/5 00:00,6,4,4,9,3,6,93,6,0.75,1,5.05,4,PHI,,5.62,1.5,L
Patrick Corbin,2024/4/10 00:00,5.2,7,7,11,0,2,85,5,0.701,0,5.1,5,SF,,5.62,1.5,L
Patrick Corbin,2024/4/16 00:00,6.1,5,5,9,4,5,96,6,0.781,0,5.77,5.33,LAD,,5.62,1.5,L
Patrick Corbin,2024/4/23 00:00,5.1,0,0,3,3,3,86,7,0.781,1,5.47,4,LAD,,5.62,1.5,L
Patrick Corbin,2024/4/28 00:00,4,4,7,8,2,4,93,5,0.678,0,5.07,3,MIA,,5.62,1.5,L
Patrick Corbin,2024/5/3 00:00,6,3,3,6,2,3,92,5,0.703,1,5.03,2.33,TOR,,5.62,1.5,L
Patrick Corbin,2024/5/10 00:00,5,1,1,7,1,4,86,7,0.741,0,5,2.67,BOS,,5.62,1.5,L
Patrick Corbin,2024/5/15 00:00,5.2,2,2,6,2,0,82,5,0.618,0,5.4,2,CWS,,5.62,1.5,L
Patrick Corbin,2024/5/21 00:00,6,8,8,9,3,3,106,6,0.726,1,5.4,3.67,MIN,,5.62,1.5,L
Patrick Corbin,2024/5/26 00:00,6,3,4,4,2,4,87,5,0.687,1,5.73,4.33,SEA,,5.62,1.5,L
Patrick Corbin,2024/5/31 00:00,6,2,2,6,3,5,90,5,0.703,0,6,4.33,CLE,,5.62,1.5,L
Patrick Corbin,2024/6/5 00:00,5.1,6,6,7,1,3,77,5,0.734,1,5.7,3.67,NYM,,5.62,1.5,L
Patrick Corbin,2024/6/13 00:00,5.1,1,1,4,2,4,94,8,0.685,0,5.4,3,DET,,5.62,1.5,L
Patrick Corbin,2024/6/19 00:00,5,1,1,3,3,7,90,6,0.777,1,5.07,2.67,AZ,,5.62,1.5,L
Patrick Corbin,2024/6/24 00:00,7,3,3,5,0,5,97,5,0.745,0,5.7,1.67,SD,,5.62,1.5,L
Patrick Corbin,2024/6/30 00:00,6,4,4,8,1,5,94,6,0.669,0,6,2.67,TB,,5.62,1.5,L
Patrick Corbin,2024/7/5 00:00,5,3,3,6,2,3,91,5,0.703,1,6,3.33,STL,,5.62,1.5,L
Patrick Corbin,2024/7/10 00:00,5,4,4,8,1,5,73,5,0.734,0,5.33,3.67,NYM,,5.62,1.5,L
Patrick Corbin,2024/7/19 00:00,6,1,1,3,0,6,104,9,0.693,1,5.33,2.67,CIN,,5.62,1.5,L
Patrick Corbin,2024/7/25 00:00,7,3,3,4,3,7,109,6,0.745,1,6,2.67,SD,,5.62,1.5,L
Patrick Corbin,2024/7/30 00:00,3,10,11,13,0,3,67,5,0.777,0,5.33,4.67,AZ,,5.62,1.5,L
Patrick Corbin,2024/8/5 00:00,6,4,4,7,1,6,90,6,0.701,1,5.33,5.67,SF,,5.62,1.5,L
Patrick Corbin,2024/8/10 00:00,4,4,4,8,3,2,95,5,0.671,1,4.33,6,LAA,,5.62,1.5,L
Patrick Corbin,2024/8/16 00:00,4.1,2,2,7,2,2,96,6,0.75,0,4.7,3.33,PHI,,5.62,1.5,L
Patrick Corbin,2024/8/22 00:00,6,1,1,4,1,8,95,6,0.704,1,4.7,2.33,COL,,5.62,1.5,L
Patrick Corbin,2024/8/27 00:00,6,0,0,2,2,6,104,5,0.761,1,5.37,1,NYY,,5.62,1.5,L
Patrick Corbin,2024/9/3 00:00,5.2,2,2,7,3,8,93,7,0.678,0,5.73,1,MIA,,5.62,1.5,L
Patrick Corbin,2024/9/8 00:00,6,7,7,10,0,5,102,5,0.672,0,5.73,3,PIT,,5.62,1.5,L
Patrick Corbin,2024/9/14 00:00,6,1,1,3,1,6,94,6,0.678,1,5.73,3.33,MIA,,5.62,1.5,L
Patrick Corbin,2024/9/19 00:00,4.1,5,5,8,1,4,85,5,0.71,0,5.37,4.33,CHC,,5.62,1.5,L
Patrick Corbin,2024/9/26 00:00,5.1,4,4,6,1,3,73,7,0.71,1,5.07,3.33,KC,,5.62,1.5,L
Patrick Sandoval,2024/3/28 00:00,1.2,3,5,6,2,2,60,5,0.751,0,1.2,3,BAL,,5.08,1.51,L
Patrick Sandoval,2024/4/3 00:00,5.2,2,2,4,2,7,93,6,0.678,0,3.2,2.5,MIA,,5.08,1.51,L
Patrick Sandoval,2024/4/9 00:00,5,3,4,5,3,6,101,6,0.669,1,3.8,2.67,TB,,5.08,1.51,L
Patrick Sandoval,2024/4/15 00:00,5,1,1,4,2,3,93,6,0.669,0,5.07,2,TB,,5.08,1.51,L
Patrick Sandoval,2024/4/20 00:00,4,7,7,6,5,6,83,5,0.693,0,4.67,3.67,CIN,,5.08,1.51,L
Patrick Sandoval,2024/4/26 00:00,5.2,3,4,9,0,4,99,6,0.726,1,4.73,3.67,MIN,,5.08,1.51,L
Patrick Sandoval,2024/5/1 00:00,5,2,2,4,2,10,102,5,0.75,1,4.73,4,PHI,,5.08,1.51,L
Patrick Sandoval,2024/5/7 00:00,7,0,0,3,1,7,103,6,0.672,0,5.73,1.67,PIT,,5.08,1.51,L
Patrick Sandoval,2024/5/12 00:00,6,4,4,11,0,3,95,5,0.71,1,6,2,KC,,5.08,1.51,L
Patrick Sandoval,2024/5/18 00:00,6,1,1,3,3,5,99,6,0.686,0,6.33,1.67,TEX,,5.08,1.51,L
Patrick Sandoval,2024/5/24 00:00,3.2,8,8,6,4,4,83,6,0.703,1,5.07,4.33,CLE,,5.08,1.51,L
Patrick Sandoval,2024/5/30 00:00,6,2,2,2,3,7,103,6,0.761,1,5.07,3.67,NYY,,5.08,1.51,L
Patrick Sandoval,2024/6/4 00:00,6,1,1,4,1,7,100,5,0.745,1,5.07,3.67,SD,,5.08,1.51,L
Patrick Sandoval,2024/6/9 00:00,5.2,5,5,8,3,4,99,5,0.741,1,5.73,2.67,HOU,,5.08,1.51,L
Patrick Sandoval,2024/6/15 00:00,5,3,3,8,2,5,98,6,0.701,0,5.4,3,SF,,5.08,1.51,L
Patrick Sandoval,2024/6/21 00:00,2.1,0,0,2,2,1,34,6,0.781,0,4.1,2.67,LAD,,5.08,1.51,L
Paul Blackburn,2024/3/31 00:00,7,0,0,3,1,3,88,5,0.703,1,7,0,CLE,,4.66,1.29,R
Paul Blackburn,2024/4/6 00:00,6,0,0,3,0,4,85,6,0.685,0,6.5,0,DET,,4.66,1.29,R
Paul Blackburn,2024/4/12 00:00,6.1,0,0,5,2,4,90,6,0.684,1,6.37,0,WSH,,4.66,1.29,R
Paul Blackburn,2024/4/17 00:00,5.2,3,3,6,5,7,98,5,0.703,1,5.77,1,STL,,4.66,1.29,R
Paul Blackburn,2024/4/23 00:00,6,4,4,5,0,5,98,6,0.761,0,5.77,2.33,NYY,,4.66,1.29,R
Paul Blackburn,2024/4/28 00:00,4,6,6,7,1,5,79,5,0.751,0,5.07,4.33,BAL,,4.66,1.29,R
Paul Blackburn,2024/5/4 00:00,7,1,1,4,1,3,105,6,0.678,1,5.67,3.67,MIA,,4.66,1.29,R
Paul Blackburn,2024/5/10 00:00,4,7,7,7,3,5,89,6,0.687,0,5,4.67,SEA,,4.66,1.29,R
Paul Blackburn,2024/7/26 00:00,5,4,4,5,1,2,72,77,0.671,0,5.33,4,LAA,,4.66,1.29,R
Paul Blackburn,2024/8/2 00:00,6,1,1,6,2,6,82,7,0.671,0,5,4,LAA,,4.66,1.29,R
Paul Blackburn,2024/8/7 00:00,6,1,2,5,2,6,93,5,0.704,0,5.67,2,COL,,4.66,1.29,R
Paul Blackburn,2024/8/13 00:00,4,6,7,6,2,4,82,6,0.694,1,5.33,2.67,OAK,,4.66,1.29,R
Paul Blackburn,2024/8/18 00:00,6,1,1,4,1,4,92,5,0.678,1,5.33,2.67,MIA,,4.66,1.29,R
Paul Blackburn,2024/8/23 00:00,2.1,5,5,10,0,1,59,5,0.745,0,4.03,4,SD,,4.66,1.29,R
Paul Skenes,2024/5/11 00:00,4,3,3,6,2,7,84,5,0.71,1,4,3,CHC,,1.96,0.95,R
Paul Skenes,2024/5/17 00:00,6,0,0,0,1,11,100,6,0.71,0,5,1.5,CHC,,1.96,0.95,R
Paul Skenes,2024/5/23 00:00,6,1,1,6,1,3,93,6,0.701,1,5.33,1.33,SF,,1.96,0.95,R
Paul Skenes,2024/5/29 00:00,6,2,2,3,1,9,96,6,0.685,0,6,1,DET,,1.96,0.95,R
Paul Skenes,2024/6/5 00:00,5,3,3,6,1,8,93,7,0.781,1,5.67,2,LAD,,1.96,0.95,R
Paul Skenes,2024/6/11 00:00,6.1,0,0,5,0,8,103,6,0.703,0,5.7,1.67,STL,,1.96,0.95,R
Paul Skenes,2024/6/17 00:00,6,1,1,6,1,7,96,6,0.693,1,5.7,1.33,CIN,,1.96,0.95,R
Paul Skenes,2024/6/23 00:00,7,1,1,6,1,8,98,6,0.669,1,6.37,0.67,TB,,1.96,0.95,R
Paul Skenes,2024/6/29 00:00,6,1,1,6,2,9,103,6,0.724,0,6.33,1,ATL,,1.96,0.95,R
Paul Skenes,2024/7/5 00:00,7,2,2,4,2,8,107,6,0.734,1,6.67,1.33,NYM,,1.96,0.95,R
Paul Skenes,2024/7/11 00:00,7,0,0,0,1,11,99,6,0.729,0,6.67,1,MIL,,1.96,0.95,R
Paul Skenes,2024/7/23 00:00,8.1,2,2,4,0,8,104,12,0.703,1,7.37,1.33,STL,,1.96,0.95,R
Paul Skenes,2024/7/29 00:00,6,1,2,5,3,6,101,6,0.741,0,7.03,1,HOU,,1.96,0.95,R
Paul Skenes,2024/8/4 00:00,5.1,2,2,5,3,4,100,6,0.777,1,6.4,1.67,AZ,,1.96,0.95,R
Paul Skenes,2024/8/10 00:00,6,4,4,6,1,8,91,6,0.781,0,5.7,2.33,LAD,,1.96,0.95,R
Paul Skenes,2024/8/16 00:00,6,2,2,3,4,6,93,6,0.687,1,5.7,2.67,SEA,,1.96,0.95,R
Paul Skenes,2024/8/22 00:00,6,0,0,2,1,9,87,6,0.693,1,6,2,CIN,,1.96,0.95,R
Paul Skenes,2024/8/28 00:00,5,2,3,5,1,6,83,6,0.71,1,5.67,1.33,CHC,,1.96,0.95,R
Paul Skenes,2024/9/3 00:00,5,0,0,4,4,6,100,6,0.71,0,5.33,0.67,CHC,,1.96,0.95,R
Paul Skenes,2024/9/9 00:00,6,1,1,6,1,9,98,6,0.678,1,5.33,1,MIA,,1.96,0.95,R
Paul Skenes,2024/9/16 00:00,6,1,1,4,1,7,102,7,0.703,0,5.67,0.67,STL,,1.96,0.95,R
Paul Skenes,2024/9/22 00:00,5,0,0,2,0,9,73,6,0.693,0,5.67,0.67,CIN,,1.96,0.95,R
Paul Skenes,2024/9/28 00:00,2,0,0,0,0,3,23,6,0.761,0,4.33,0.33,NYY,,1.96,0.95,R
Peter Lambert,2024/3/30 00:00,1,0,0,1,2,0,22,5,0.777,0,1,0,AZ,,5.72,1.66,R
Peter Lambert,2024/4/1 00:00,2,2,2,5,1,2,42,2,0.71,0,1.5,1,CHC,,5.72,1.66,R
Peter Lambert,2024/4/5 00:00,2,0,0,2,1,2,30,4,0.669,1,1.67,0.67,TB,,5.72,1.66,R
Peter Lambert,2024/4/8 00:00,2,0,0,0,1,1,24,3,0.777,1,2,0.67,AZ,,5.72,1.66,R
Peter Lambert,2024/4/12 00:00,3,0,0,1,1,3,29,4,0.703,0,2.33,0,TOR,,5.72,1.66,R
Peter Lambert,2024/4/17 00:00,1.2,1,1,2,0,2,26,5,0.75,0,2.07,0.33,PHI,,5.72,1.66,R
Peter Lambert,2024/4/21 00:00,3,6,6,6,0,5,66,4,0.687,1,2.4,2.33,SEA,,5.72,1.66,R
Peter Lambert,2024/4/25 00:00,2.2,0,0,0,0,0,26,4,0.745,1,2.13,2.33,SD,,5.72,1.66,R
Peter Lambert,2024/5/2 00:00,3.1,4,4,5,3,3,67,7,0.678,0,2.77,3.33,MIA,,5.72,1.66,R
Peter Lambert,2024/5/8 00:00,3,7,7,9,0,2,67,6,0.701,1,2.77,3.67,SF,,5.72,1.66,R
Peter Lambert,2024/5/15 00:00,1,0,0,0,1,1,16,7,0.745,0,2.37,3.67,SD,,5.72,1.66,R
Peter Lambert,2024/5/18 00:00,2,1,1,2,2,0,34,3,0.701,0,2,2.67,SF,,5.72,1.66,R
Peter Lambert,2024/5/23 00:00,0.2,1,1,2,2,1,14,5,0.694,0,1.07,0.67,OAK,,5.72,1.66,R
Peter Lambert,2024/5/28 00:00,2,1,1,0,1,1,26,5,0.703,1,1.4,1,CLE,,5.72,1.66,R
Peter Lambert,2024/6/2 00:00,2.2,0,0,1,3,3,72,5,0.781,0,1.47,0.67,LAD,,5.72,1.66,R
Peter Lambert,2024/7/3 00:00,4.1,0,0,2,0,2,50,31,0.729,1,2.77,0.33,MIL,,5.72,1.66,R
Peter Lambert,2024/7/9 00:00,3,2,2,3,2,2,49,6,0.693,0,3.1,0.67,CIN,,5.72,1.66,R
Peter Lambert,2024/7/12 00:00,3.2,1,1,2,2,4,58,3,0.734,0,3.43,1,NYM,,5.72,1.66,R
Peter Lambert,2024/7/22 00:00,0.1,0,0,1,0,0,5,10,0.741,1,2.1,1,BOS,,5.72,1.66,R
Peter Lambert,2024/7/24 00:00,2,4,4,5,0,2,38,2,0.741,1,1.77,1.67,BOS,,5.72,1.66,R
Peter Lambert,2024/7/27 00:00,1,1,1,1,0,2,23,3,0.701,0,1.03,1.67,SF,,5.72,1.66,R
Peter Lambert,2024/7/30 00:00,2.1,0,0,1,0,3,24,3,0.671,0,1.7,1.67,LAA,,5.72,1.66,R
Peter Lambert,2024/8/3 00:00,1,2,2,3,0,0,16,4,0.745,0,1.37,1,SD,,5.72,1.66,R
Peter Lambert,2024/8/8 00:00,3,2,2,5,1,3,48,5,0.734,1,2.03,1.33,NYM,,5.72,1.66,R
Peter Lambert,2024/8/11 00:00,2.1,0,0,2,1,3,39,3,0.724,1,2.03,1.33,ATL,,5.72,1.66,R
Peter Lambert,2024/8/14 00:00,2.1,0,1,2,2,1,40,3,0.777,0,2.4,0.67,AZ,,5.72,1.66,R
Peter Lambert,2024/8/17 00:00,2,1,3,5,1,0,41,3,0.745,1,2.07,0.33,SD,,5.72,1.66,R
Peter Lambert,2024/8/22 00:00,2,3,3,5,2,2,47,5,0.684,0,2.03,1.33,WSH,,5.72,1.66,R
Quinn Priester,2024/4/19 00:00,4.1,4,5,7,1,2,86,5,0.741,1,4.1,4,BOS,,4.71,1.41,R
Quinn Priester,2024/4/26 00:00,6,0,0,3,1,6,84,7,0.701,0,5.05,2,SF,,4.71,1.41,R
Quinn Priester,2024/5/1 00:00,6,2,3,5,4,3,97,5,0.694,0,5.37,2,OAK,,4.71,1.41,R
Quinn Priester,2024/5/7 00:00,4.2,3,5,7,2,1,74,6,0.671,1,5.4,1.67,LAA,,4.71,1.41,R
Quinn Priester,2024/5/14 00:00,6,4,4,9,2,5,93,7,0.729,0,5.4,3,MIL,,4.71,1.41,R
Quinn Priester,2024/6/2 00:00,4.2,4,4,8,0,3,87,19,0.703,0,4.8,3.67,TOR,,4.71,1.41,R
Quinn Priester,2024/7/9 00:00,6,2,2,5,2,8,95,37,0.729,0,5.4,3.33,MIL,,4.71,1.41,R
Quinn Priester,2024/7/14 00:00,2,1,1,3,0,0,27,5,0.618,0,4.07,2.33,CWS,,4.71,1.41,R
Quinn Priester,2024/7/19 00:00,1,0,0,0,0,1,14,5,0.75,1,3,1,PHI,,4.71,1.41,R
Quinn Priester,2024/7/27 00:00,4,5,5,5,1,2,65,8,0.777,0,2.33,2,AZ,,4.71,1.41,R
Quinn Priester,2024/9/29 00:00,5,1,1,4,1,2,89,64,0.669,1,3.33,2,TB,,4.71,1.41,R
Ray Kerr,2024/5/8 00:00,1,0,0,0,0,1,11,5,0.741,1,1,0,BOS,,5.64,1.61,L
Ray Kerr,2024/5/13 00:00,2,0,0,0,0,3,19,5,0.71,1,1.5,0,CHC,,5.64,1.61,L
Ray Kerr,2024/5/15 00:00,3,1,1,5,0,2,39,2,0.71,1,2,0.33,CHC,,5.64,1.61,L
Ray Kerr,2024/5/19 00:00,3.1,2,2,4,0,4,64,4,0.745,1,2.7,1,SD,,5.64,1.61,L
Ray Kerr,2024/5/24 00:00,4,5,5,7,1,6,72,5,0.672,0,3.37,2.67,PIT,,5.64,1.61,L
Ray Kerr,2024/5/30 00:00,3.2,3,3,5,2,7,76,6,0.684,1,3.43,3.33,WSH,,5.64,1.61,L
Ray Kerr,2024/6/5 00:00,2.1,2,2,4,1,2,49,6,0.741,0,3.1,3.33,BOS,,5.64,1.61,L
Ray Kerr,2024/6/8 00:00,1,0,0,2,0,1,14,3,0.684,0,2.1,1.67,WSH,,5.64,1.61,L
Ray Kerr,2024/6/11 00:00,1,0,0,0,0,1,12,3,0.751,0,1.37,0.67,BAL,,5.64,1.61,L
Ray Kerr,2024/6/15 00:00,1,1,1,2,3,0,27,4,0.669,1,1,0.33,TB,,5.64,1.61,L
Reese Olson,2024/4/1 00:00,5.2,0,0,3,2,3,93,5,0.734,0,5.2,0,NYM,,3.53,1.18,R
Reese Olson,2024/4/8 00:00,4.1,6,6,9,3,3,89,7,0.672,0,4.65,3,PIT,,3.53,1.18,R
Reese Olson,2024/4/15 00:00,6.1,1,1,6,1,8,95,7,0.686,1,5.13,2.33,TEX,,3.53,1.18,R
Reese Olson,2024/4/20 00:00,5,2,4,5,2,4,95,5,0.726,0,5.07,3,MIN,,3.53,1.18,R
Reese Olson,2024/4/26 00:00,7,1,1,3,3,8,100,6,0.71,1,6.03,1.33,KC,,3.53,1.18,R
Reese Olson,2024/5/3 00:00,5,0,0,2,2,5,88,7,0.761,0,5.67,1,NYY,,3.53,1.18,R
Reese Olson,2024/5/8 00:00,6,1,2,1,2,4,89,5,0.703,0,6,0.67,CLE,,3.53,1.18,R
Reese Olson,2024/5/14 00:00,8,0,0,3,0,6,96,6,0.678,1,6.33,0.33,MIA,,3.53,1.18,R
Reese Olson,2024/5/20 00:00,2.2,1,2,5,1,2,52,6,0.71,0,5.4,0.67,KC,,3.53,1.18,R
Reese Olson,2024/5/25 00:00,6.1,0,1,3,3,4,93,5,0.703,1,5.43,0.33,TOR,,3.53,1.18,R
Reese Olson,2024/6/1 00:00,5.1,5,5,6,1,5,95,7,0.741,0,4.47,2,BOS,,3.53,1.18,R
Reese Olson,2024/6/7 00:00,4,8,8,12,1,6,89,6,0.729,1,5.07,4.33,MIL,,3.53,1.18,R
Reese Olson,2024/6/12 00:00,5.1,4,5,10,2,3,91,5,0.684,1,4.73,5.67,WSH,,3.53,1.18,R
Reese Olson,2024/6/17 00:00,6,0,0,4,0,8,100,5,0.724,0,5.03,4,ATL,,3.53,1.18,R
Reese Olson,2024/6/23 00:00,6.1,2,2,4,0,3,97,6,0.618,1,5.73,2,CWS,,3.53,1.18,R
Reese Olson,2024/6/29 00:00,6,2,2,5,3,9,98,6,0.671,0,6.03,1.33,LAA,,3.53,1.18,R
Reese Olson,2024/7/5 00:00,5.2,1,2,3,2,8,88,6,0.693,0,5.77,1.67,CIN,,3.53,1.18,R
Reese Olson,2024/7/10 00:00,6,3,3,6,1,3,95,5,0.703,1,5.73,2,CLE,,3.53,1.18,R
Reese Olson,2024/7/20 00:00,2,0,0,1,2,0,30,10,0.703,0,4.4,1.33,TOR,,3.53,1.18,R
Reese Olson,2024/9/16 00:00,2.1,4,4,4,1,3,50,58,0.71,0,3.37,2.33,KC,,3.53,1.18,R
Reese Olson,2024/9/21 00:00,3,1,1,1,1,3,58,5,0.751,0,2.37,1.67,BAL,,3.53,1.18,R
Reese Olson,2024/9/26 00:00,4,2,2,4,0,3,72,5,0.669,1,3.03,2.33,TB,,3.53,1.18,R
Reese Olson,2024/10/5 00:00,5,1,1,3,1,4,73,9,0.703,0,4,1.33,CLE,,3.53,1.18,R
Reese Olson,2024/10/10 00:00,4,1,1,5,1,4,74,5,0.703,1,4.33,1.33,CLE,,3.53,1.18,R
Reid Detmers,2024/3/31 00:00,5,1,1,2,3,7,88,5,0.751,0,5,1,BAL,,6.7,1.56,L
Reid Detmers,2024/4/6 00:00,6,1,1,3,1,12,94,6,0.741,1,5.5,1,BOS,,6.7,1.56,L
Reid Detmers,2024/4/12 00:00,6.1,0,0,3,2,7,98,6,0.741,0,5.7,0.67,BOS,,6.7,1.56,L
Reid Detmers,2024/4/17 00:00,5.1,1,2,7,1,4,90,5,0.669,0,5.73,0.67,TB,,6.7,1.56,L
Reid Detmers,2024/4/22 00:00,7,4,4,6,3,4,99,5,0.751,1,6.07,1.67,BAL,,6.7,1.56,L
Reid Detmers,2024/4/28 00:00,5,5,5,9,0,3,87,6,0.726,1,5.7,3.33,MIN,,6.7,1.56,L
Reid Detmers,2024/5/4 00:00,5.2,7,7,5,4,7,95,6,0.703,0,5.73,5.33,CLE,,6.7,1.56,L
Reid Detmers,2024/5/9 00:00,5,6,6,7,2,5,90,5,0.71,1,5.07,6,KC,,6.7,1.56,L
Reid Detmers,2024/5/14 00:00,5,4,5,8,2,7,95,5,0.703,1,5.07,5.67,STL,,6.7,1.56,L
Reid Detmers,2024/5/20 00:00,4,6,6,8,1,3,79,6,0.741,0,4.67,5.33,HOU,,6.7,1.56,L
Reid Detmers,2024/5/26 00:00,5,3,3,4,4,8,96,6,0.703,1,4.67,4.33,CLE,,6.7,1.56,L
Reid Detmers,2024/6/1 00:00,3.2,5,5,4,4,3,90,6,0.687,0,4.07,4.67,SEA,,6.7,1.56,L
Reid Detmers,2024/9/3 00:00,6,2,2,3,2,10,100,94,0.781,1,4.73,3.33,LAD,,6.7,1.56,L
Reid Detmers,2024/9/9 00:00,6,2,2,5,2,8,97,6,0.726,0,5.07,3,MIN,,6.7,1.56,L
Reid Detmers,2024/9/16 00:00,5.1,7,7,7,3,6,100,7,0.618,1,5.7,3.67,CWS,,6.7,1.56,L
Reid Detmers,2024/9/21 00:00,2,7,7,9,3,3,66,5,0.741,0,4.37,5.33,HOU,,6.7,1.56,L
Reid Detmers,2024/9/27 00:00,5,4,4,8,1,12,95,6,0.686,1,4.03,6,TEX,,6.7,1.56,L
Rhett Lowder,2024/8/30 00:00,4,1,1,2,4,6,77,5,0.729,1,4,1,MIL,,1.17,1.27,R
Rhett Lowder,2024/9/5 00:00,6.1,0,0,4,4,3,82,6,0.741,1,5.05,0.5,HOU,,1.17,1.27,R
Rhett Lowder,2024/9/10 00:00,5,0,0,5,0,3,84,5,0.703,0,5.03,0.33,STL,,1.17,1.27,R
Rhett Lowder,2024/9/15 00:00,5.1,3,3,6,1,5,77,5,0.726,0,5.4,1,MIN,,1.17,1.27,R
Rhett Lowder,2024/9/21 00:00,5,0,0,5,2,4,87,6,0.672,1,5.03,1,PIT,,1.17,1.27,R
Rhett Lowder,2024/9/28 00:00,5,0,0,3,3,1,91,7,0.71,0,5.03,1,CHC,,1.17,1.27,R
Richard Fitts,2024/9/8 00:00,5.2,0,2,6,1,2,66,5,0.618,1,5.2,0,CWS,,1.74,1.26,R
Richard Fitts,2024/9/13 00:00,5,0,0,2,3,2,90,5,0.761,0,5.1,0,NYY,,1.74,1.26,R
Richard Fitts,2024/9/20 00:00,5,0,0,5,1,3,80,7,0.726,1,5.07,0,MIN,,1.74,1.26,R
Richard Fitts,2024/9/25 00:00,5,4,4,6,2,2,78,5,0.703,0,5,1.33,TOR,,1.74,1.26,R
River Ryan,2024/7/22 00:00,5.1,0,1,4,3,2,73,5,0.701,1,5.1,0,SF,,1.33,1.18,R
River Ryan,2024/7/28 00:00,5.2,1,1,2,3,8,91,6,0.741,0,5.15,0.5,HOU,,1.33,1.18,R
River Ryan,2024/8/4 00:00,4.2,2,2,5,3,4,75,7,0.694,0,4.83,1,OAK,,1.33,1.18,R
River Ryan,2024/8/10 00:00,4.2,0,0,4,0,4,52,6,0.672,1,4.53,1,PIT,,1.33,1.18,R
Roansy Contreras,2024/4/1 00:00,2,2,2,2,1,3,36,5,0.684,0,2,2,WSH,,4.35,1.38,R
Roansy Contreras,2024/4/5 00:00,1,0,0,1,0,1,13,4,0.751,1,1.5,1,BAL,,4.35,1.38,R
Roansy Contreras,2024/4/7 00:00,1.2,0,0,0,0,0,11,2,0.751,1,1.4,0.67,BAL,,4.35,1.38,R
Roansy Contreras,2024/4/9 00:00,0.2,0,0,0,0,1,7,2,0.685,1,0.8,0,DET,,4.35,1.38,R
Roansy Contreras,2024/4/13 00:00,0,0,0,1,1,0,1,4,0.75,0,0.47,0,PHI,,4.35,1.38,R
Roansy Contreras,2024/4/15 00:00,0.2,0,0,0,0,1,16,2,0.734,0,0.13,0,NYM,,4.35,1.38,R
Roansy Contreras,2024/4/19 00:00,2,3,3,3,2,2,34,4,0.741,1,0.73,1,BOS,,4.35,1.38,R
Roansy Contreras,2024/4/24 00:00,2,0,0,2,1,2,34,5,0.729,1,1.4,1,MIL,,4.35,1.38,R
Roansy Contreras,2024/4/25 00:00,1,1,1,3,1,0,15,1,0.729,1,1.67,1.33,MIL,,4.35,1.38,R
Roansy Contreras,2024/4/29 00:00,2,0,0,2,2,3,41,4,0.694,0,1.67,0.33,OAK,,4.35,1.38,R
Roansy Contreras,2024/5/7 00:00,2.1,2,2,5,0,3,45,8,0.671,1,1.7,1,LAA,,4.35,1.38,R
Roansy Contreras,2024/5/10 00:00,1,0,0,0,0,0,5,3,0.71,1,1.7,0.67,CHC,,4.35,1.38,R
Roansy Contreras,2024/5/24 00:00,2,0,0,0,1,2,31,14,0.703,1,1.7,0.67,CLE,,4.35,1.38,R
Roansy Contreras,2024/5/26 00:00,1,0,0,0,0,2,16,2,0.703,1,1.33,0,CLE,,4.35,1.38,R
Roansy Contreras,2024/5/29 00:00,1,0,0,0,2,0,22,3,0.761,1,1.33,0,NYY,,4.35,1.38,R
Roansy Contreras,2024/6/1 00:00,1.2,2,2,2,0,1,25,3,0.687,0,1.07,0.67,SEA,,4.35,1.38,R
Roansy Contreras,2024/6/7 00:00,2,1,1,2,0,2,26,6,0.741,1,1.4,1,HOU,,4.35,1.38,R
Roansy Contreras,2024/6/13 00:00,1.1,1,1,2,1,1,16,6,0.777,0,1.43,1.33,AZ,,4.35,1.38,R
Roansy Contreras,2024/6/14 00:00,0.2,1,1,2,0,0,9,1,0.701,0,1.1,1,SF,,4.35,1.38,R
Roansy Contreras,2024/6/18 00:00,3,0,0,0,1,4,47,4,0.729,1,1.43,0.67,MIL,,4.35,1.38,R
Roansy Contreras,2024/6/22 00:00,1,0,0,0,0,1,10,4,0.781,0,1.4,0.33,LAD,,4.35,1.38,R
Roansy Contreras,2024/6/26 00:00,3,1,1,4,2,2,61,4,0.694,1,2.33,0.33,OAK,,4.35,1.38,R
Roansy Contreras,2024/7/4 00:00,2.2,2,3,3,3,1,53,8,0.694,0,2.07,1,OAK,,4.35,1.38,R
Roansy Contreras,2024/7/9 00:00,2,4,4,5,1,1,37,5,0.686,1,2.4,2.33,TEX,,4.35,1.38,R
Roansy Contreras,2024/7/14 00:00,1,0,0,0,0,1,16,5,0.687,1,1.73,2,SEA,,4.35,1.38,R
Roansy Contreras,2024/7/19 00:00,2,2,2,2,1,1,32,5,0.694,0,1.67,2,OAK,,4.35,1.38,R
Roansy Contreras,2024/7/23 00:00,1,0,0,0,1,1,13,4,0.687,0,1.33,0.67,SEA,,4.35,1.38,R
Roansy Contreras,2024/7/25 00:00,1,0,0,1,0,1,24,2,0.694,1,1.33,0.67,OAK,,4.35,1.38,R
Roansy Contreras,2024/7/26 00:00,1,0,0,1,0,1,15,1,0.694,1,1,0,OAK,,4.35,1.38,R
Roansy Contreras,2024/7/28 00:00,1.1,0,0,0,0,1,13,2,0.694,1,1.03,0,OAK,,4.35,1.38,R
Roansy Contreras,2024/8/2 00:00,2,0,0,1,0,5,34,5,0.734,1,1.37,0,NYM,,4.35,1.38,R
Roansy Contreras,2024/8/4 00:00,1,0,0,0,0,2,11,2,0.734,1,1.37,0,NYM,,4.35,1.38,R
Roansy Contreras,2024/8/7 00:00,1,0,0,0,0,1,10,3,0.761,0,1.33,0,NYY,,4.35,1.38,R
Roansy Contreras,2024/8/8 00:00,1,0,0,0,0,0,11,1,0.761,0,1,0,NYY,,4.35,1.38,R
Roansy Contreras,2024/8/10 00:00,0,0,1,1,0,0,2,2,0.684,0,0.67,0,WSH,,4.35,1.38,R
Roansy Contreras,2024/8/13 00:00,1,0,0,0,0,1,8,3,0.703,1,0.67,0,TOR,,4.35,1.38,R
Roansy Contreras,2024/8/16 00:00,1,0,0,1,1,0,24,3,0.724,1,0.67,0,ATL,,4.35,1.38,R
Roansy Contreras,2024/8/18 00:00,1,1,1,1,1,0,16,2,0.724,1,1,0.33,ATL,,4.35,1.38,R
Roansy Contreras,2024/8/21 00:00,1.2,0,0,0,1,3,21,3,0.71,0,1.07,0.33,KC,,4.35,1.38,R
Roansy Contreras,2024/8/23 00:00,0,2,2,2,0,0,11,2,0.703,0,0.73,1,TOR,,4.35,1.38,R
Roansy Contreras,2024/8/29 00:00,1,0,0,1,0,1,15,6,0.685,0,0.73,0.67,DET,,4.35,1.38,R
Roansy Contreras,2024/8/31 00:00,2,0,0,0,2,0,30,2,0.687,1,1,0.67,SEA,,4.35,1.38,R
Roansy Contreras,2024/9/3 00:00,0.2,3,4,2,1,0,9,3,0.781,1,1.07,1,LAD,,4.35,1.38,R
Roansy Contreras,2024/9/7 00:00,1,1,1,3,0,0,17,4,0.686,0,1.07,1.33,TEX,,4.35,1.38,R
Roansy Contreras,2024/9/10 00:00,1.1,0,0,0,1,1,25,3,0.726,0,0.77,1.33,MIN,,4.35,1.38,R
Roansy Contreras,2024/9/15 00:00,2.1,0,0,1,2,1,29,5,0.741,1,1.4,0.33,HOU,,4.35,1.38,R
Roansy Contreras,2024/9/20 00:00,3,1,1,3,0,2,41,5,0.741,0,2.07,0.33,HOU,,4.35,1.38,R
Roansy Contreras,2024/9/27 00:00,2,0,0,1,0,0,21,7,0.686,1,2.37,0.33,TEX,,4.35,1.38,R
Roansy Contreras,2024/9/29 00:00,0.1,3,3,3,1,0,17,2,0.686,1,1.7,1.33,TEX,,4.35,1.38,R
Robbie Ray,2024/7/24 00:00,5,1,1,0,2,8,86,5,0.781,0,5,1,LAD,,4.7,1.14,L
Robbie Ray,2024/7/30 00:00,4.1,4,4,7,3,4,94,6,0.694,1,4.55,2.5,OAK,,4.7,1.14,L
Robbie Ray,2024/8/4 00:00,5,2,2,3,1,9,86,5,0.693,0,4.7,2.33,CIN,,4.7,1.14,L
Robbie Ray,2024/8/9 00:00,6,2,2,5,3,7,105,5,0.685,1,5.03,2.67,DET,,4.7,1.14,L
Robbie Ray,2024/8/14 00:00,0.2,5,5,1,3,2,39,5,0.724,1,3.73,3,ATL,,4.7,1.14,L
Robbie Ray,2024/8/20 00:00,6.2,1,1,3,0,9,96,6,0.618,1,4.13,2.67,CWS,,4.7,1.14,L
Robbie Ray,2024/8/25 00:00,3,1,1,1,3,4,60,5,0.687,0,3.13,2.33,SEA,,4.7,1.14,L
Robert Gasser,2024/5/10 00:00,6,0,0,2,0,4,79,5,0.703,1,6,0,STL,,2.57,1.04,L
Robert Gasser,2024/5/15 00:00,5,1,1,6,1,2,82,5,0.672,1,5.5,0.5,PIT,,2.57,1.04,L
Robert Gasser,2024/5/21 00:00,6,4,5,10,0,0,80,6,0.678,0,5.67,1.67,MIA,,2.57,1.04,L
Robert Gasser,2024/5/27 00:00,6,0,0,3,0,7,81,6,0.71,1,5.67,1.67,CHC,,2.57,1.04,L
Robert Gasser,2024/6/1 00:00,5,3,3,7,0,3,77,5,0.618,1,5.67,2.33,CWS,,2.57,1.04,L
Rob Zastryzny,2024/7/1 00:00,1,0,0,0,0,0,10,5,0.704,0,1,0,COL,,1.17,0.65,L
Rob Zastryzny,2024/7/2 00:00,0.2,0,0,0,0,1,12,1,0.704,0,0.6,0,COL,,1.17,0.65,L
Rob Zastryzny,2024/7/4 00:00,1,0,0,0,0,1,19,2,0.704,0,0.73,0,COL,,1.17,0.65,L
Rob Zastryzny,2024/7/6 00:00,0.2,0,0,0,1,1,14,2,0.781,0,0.47,0,LAD,,1.17,0.65,L
Rob Zastryzny,2024/7/10 00:00,1,0,0,0,0,0,5,4,0.672,1,0.73,0,PIT,,1.17,0.65,L
Rob Zastryzny,2024/7/14 00:00,1.1,0,0,0,0,1,6,4,0.684,1,0.77,0,WSH,,1.17,0.65,L
Rob Zastryzny,2024/7/20 00:00,0.1,0,0,0,0,0,4,6,0.726,0,0.73,0,MIN,,1.17,0.65,L
Rob Zastryzny,2024/7/21 00:00,0.2,0,0,0,0,1,11,1,0.726,0,0.47,0,MIN,,1.17,0.65,L
Rob Zastryzny,2024/7/24 00:00,1,1,1,4,0,0,38,3,0.71,0,0.43,0.33,CHC,,1.17,0.65,L
Ronel Blanco,2024/4/1 00:00,9,0,0,0,2,7,105,5,0.703,1,9,0,TOR,,2.8,1.09,R
Ronel Blanco,2024/4/7 00:00,6,0,0,1,4,4,90,6,0.686,0,7.5,0,TEX,,2.8,1.09,R
Ronel Blanco,2024/4/13 00:00,6,2,2,5,3,5,93,6,0.686,1,7,0.67,TEX,,2.8,1.09,R
Ronel Blanco,2024/4/20 00:00,6,2,2,5,3,6,98,7,0.684,0,6,1.33,WSH,,2.8,1.09,R
Ronel Blanco,2024/4/27 00:00,5.2,2,2,5,2,8,102,7,0.704,0,5.73,2,COL,,2.8,1.09,R
Ronel Blanco,2024/5/3 00:00,6,3,3,5,2,6,94,6,0.687,1,5.73,2.33,SEA,,2.8,1.09,R
Ronel Blanco,2024/5/9 00:00,5.2,2,2,4,4,5,107,6,0.761,0,5.47,2.33,NYY,,2.8,1.09,R
Ronel Blanco,2024/5/14 00:00,3,0,0,4,1,4,54,5,0.694,1,4.73,1.67,OAK,,2.8,1.09,R
Ronel Blanco,2024/5/26 00:00,7,1,1,4,1,6,104,12,0.694,0,5.07,1,OAK,,2.8,1.09,R
Ronel Blanco,2024/5/31 00:00,4.2,4,4,3,3,6,95,5,0.726,1,4.73,1.67,MIN,,2.8,1.09,R
Ronel Blanco,2024/6/5 00:00,5.2,4,4,5,2,2,98,5,0.703,1,5.47,3,STL,,2.8,1.09,R
Ronel Blanco,2024/6/11 00:00,6,1,1,3,1,8,96,6,0.701,0,5.13,3,SF,,2.8,1.09,R
Ronel Blanco,2024/6/16 00:00,7,0,0,0,3,8,94,5,0.685,1,6.07,1.67,DET,,2.8,1.09,R
Ronel Blanco,2024/6/22 00:00,7,1,1,4,3,4,98,6,0.751,1,6.67,0.67,BAL,,2.8,1.09,R
Ronel Blanco,2024/6/28 00:00,5.2,3,6,6,3,5,98,6,0.734,0,6.4,1.33,NYM,,2.8,1.09,R
Ronel Blanco,2024/7/3 00:00,5.2,2,2,4,2,4,99,5,0.703,0,5.8,2,TOR,,2.8,1.09,R
Ronel Blanco,2024/7/9 00:00,7,2,2,4,1,7,87,6,0.678,1,5.8,2.33,MIA,,2.8,1.09,R
Ronel Blanco,2024/7/14 00:00,6,2,2,2,2,5,90,5,0.686,1,6.07,2,TEX,,2.8,1.09,R
Ronel Blanco,2024/7/21 00:00,5.2,4,4,6,1,5,100,7,0.687,0,6.07,2.67,SEA,,2.8,1.09,R
Ronel Blanco,2024/7/27 00:00,4.1,4,4,3,3,9,99,6,0.781,1,5.1,3.33,LAD,,2.8,1.09,R
Ronel Blanco,2024/8/3 00:00,5,2,2,6,2,7,89,7,0.669,1,4.77,3.33,TB,,2.8,1.09,R
Ronel Blanco,2024/8/9 00:00,4,2,3,4,3,5,88,6,0.741,0,4.37,2.67,BOS,,2.8,1.09,R
Ronel Blanco,2024/8/14 00:00,6,0,0,2,0,4,73,5,0.669,0,5,1.33,TB,,2.8,1.09,R
Ronel Blanco,2024/8/20 00:00,3.2,5,5,6,4,6,85,6,0.741,1,4.4,2.33,BOS,,2.8,1.09,R
Ronel Blanco,2024/8/26 00:00,5.2,2,2,7,2,5,91,6,0.75,0,4.8,2.33,PHI,,2.8,1.09,R
Ronel Blanco,2024/9/1 00:00,5,0,0,3,4,3,101,6,0.71,1,4.47,2.33,KC,,2.8,1.09,R
Ronel Blanco,2024/9/7 00:00,2,0,0,1,1,5,42,6,0.777,1,4.07,0.67,AZ,,2.8,1.09,R
Ronel Blanco,2024/9/15 00:00,6,0,0,4,2,5,92,8,0.671,0,4.33,0,LAA,,2.8,1.09,R
Ronel Blanco,2024/9/21 00:00,6,2,2,7,2,9,104,6,0.671,1,4.67,0.67,LAA,,2.8,1.09,R
Ronel Blanco,2024/9/27 00:00,5,0,0,1,2,3,86,6,0.703,0,5.67,0.67,CLE,,2.8,1.09,R
Ronel Blanco,2024/10/1 00:00,2,0,0,1,3,4,50,4,0.685,1,4.33,0.67,DET,,2.8,1.09,R
Ronny Henriquez,2024/4/22 00:00,2,0,0,2,1,2,47,5,0.618,1,2,0,CWS,,3.26,1.29,R
Ronny Henriquez,2024/6/26 00:00,1,0,0,0,0,1,11,65,0.777,0,1.5,0,AZ,,3.26,1.29,R
Ronny Henriquez,2024/7/23 00:00,0.1,0,0,0,0,0,1,27,0.75,1,1.03,0,PHI,,3.26,1.29,R
Ronny Henriquez,2024/8/17 00:00,2,0,0,2,0,1,27,25,0.686,0,1.03,0,TEX,,3.26,1.29,R
Ronny Henriquez,2024/8/20 00:00,0.2,0,0,1,0,1,10,3,0.745,0,0.77,0,SD,,3.26,1.29,R
Ronny Henriquez,2024/8/21 00:00,1,3,3,3,0,1,17,1,0.745,0,1.07,1,SD,,3.26,1.29,R
Ronny Henriquez,2024/8/26 00:00,2,0,0,2,1,3,32,5,0.724,1,1.07,1,ATL,,3.26,1.29,R
Ronny Henriquez,2024/8/28 00:00,1,0,0,0,1,1,19,2,0.724,1,1.33,1,ATL,,3.26,1.29,R
Ronny Henriquez,2024/9/2 00:00,1,0,0,0,0,0,20,5,0.669,0,1.33,0,TB,,3.26,1.29,R
Ronny Henriquez,2024/9/4 00:00,1,0,0,1,0,0,12,2,0.669,0,1,0,TB,,3.26,1.29,R
Ronny Henriquez,2024/9/6 00:00,2,0,0,0,0,1,13,2,0.71,0,1.33,0,KC,,3.26,1.29,R
Ronny Henriquez,2024/9/9 00:00,2,2,2,3,0,1,29,3,0.671,1,1.67,0.67,LAA,,3.26,1.29,R
Ronny Henriquez,2024/9/15 00:00,1.1,0,0,2,0,0,17,6,0.693,1,1.7,0.67,CIN,,3.26,1.29,R
Ronny Henriquez,2024/9/17 00:00,1,0,0,1,0,0,10,2,0.703,0,1.37,0.67,CLE,,3.26,1.29,R
Ronny Henriquez,2024/9/18 00:00,0.1,2,3,2,1,1,21,1,0.703,0,0.73,0.67,CLE,,3.26,1.29,R
Ronny Henriquez,2024/9/20 00:00,0.2,0,0,1,1,2,17,2,0.741,0,0.43,0.67,BOS,,3.26,1.29,R
Ross Stripling,2024/3/29 00:00,5,4,5,7,2,6,92,5,0.703,1,5,4,CLE,,6.01,1.54,R
Ross Stripling,2024/4/3 00:00,7,1,1,8,0,3,85,5,0.741,1,6,2.5,BOS,,6.01,1.54,R
Ross Stripling,2024/4/10 00:00,6,6,6,11,3,5,97,7,0.686,0,6,3.67,TEX,,6.01,1.54,R
Ross Stripling,2024/4/15 00:00,5.2,3,3,6,2,4,101,5,0.703,1,6.07,3.33,STL,,6.01,1.54,R
Ross Stripling,2024/4/21 00:00,5,3,3,5,1,4,85,6,0.703,0,5.4,4,CLE,,6.01,1.54,R
Ross Stripling,2024/4/26 00:00,5.2,2,2,6,0,3,97,5,0.751,0,5.13,2.67,BAL,,6.01,1.54,R
Ross Stripling,2024/5/1 00:00,6,0,0,3,0,2,79,5,0.672,1,5.4,1.67,PIT,,6.01,1.54,R
Ross Stripling,2024/5/7 00:00,1.2,5,11,10,2,2,60,6,0.686,1,4.13,2.33,TEX,,6.01,1.54,R
Ross Stripling,2024/5/13 00:00,5,2,3,4,2,1,52,6,0.741,0,4.07,2.33,HOU,,6.01,1.54,R
Ross Stripling,2024/5/18 00:00,5,4,4,9,0,2,87,5,0.71,0,3.73,3.67,KC,,6.01,1.54,R
Ross Stripling,2024/5/24 00:00,3.2,6,6,8,0,3,61,6,0.741,1,4.4,4,HOU,,6.01,1.54,R
Ross Stripling,2024/7/25 00:00,5.2,5,5,6,2,3,77,62,0.671,0,4.47,5,LAA,,6.01,1.54,R
Ross Stripling,2024/7/31 00:00,5.2,1,1,4,1,0,78,6,0.701,0,4.53,4,SF,,6.01,1.54,R
Ross Stripling,2024/8/6 00:00,5.1,4,4,5,1,2,79,6,0.618,1,5.17,3.33,CWS,,6.01,1.54,R
Ross Stripling,2024/8/14 00:00,1.2,1,1,2,0,1,27,8,0.734,0,3.83,2,NYM,,6.01,1.54,R
Ross Stripling,2024/8/23 00:00,4.1,0,0,2,2,4,68,9,0.729,1,3.47,1.67,MIL,,6.01,1.54,R
Ross Stripling,2024/8/27 00:00,0.1,0,0,0,0,0,2,4,0.693,0,1.8,0.33,CIN,,6.01,1.54,R
Ross Stripling,2024/8/30 00:00,1,0,0,0,1,0,16,3,0.686,0,1.73,0,TEX,,6.01,1.54,R
Ross Stripling,2024/9/1 00:00,1,0,0,2,1,1,18,2,0.686,0,0.7,0,TEX,,6.01,1.54,R
Ross Stripling,2024/9/4 00:00,3,4,4,5,1,1,47,3,0.687,1,1.67,1.33,SEA,,6.01,1.54,R
Ross Stripling,2024/9/8 00:00,0.2,6,6,6,0,2,34,4,0.685,1,1.4,3.33,DET,,6.01,1.54,R
Ross Stripling,2024/9/28 00:00,1,0,0,0,1,0,16,20,0.687,0,1.4,3.33,SEA,,6.01,1.54,R
Ryan Brasier,2024/3/29 00:00,1,0,0,1,0,1,14,5,0.703,1,1,0,STL,,3.54,0.96,R
Ryan Brasier,2024/4/1 00:00,1,1,1,1,0,1,17,3,0.701,1,1,0.5,SF,,3.54,0.96,R
Ryan Brasier,2024/4/2 00:00,1,0,0,0,1,1,12,1,0.701,1,1,0.33,SF,,3.54,0.96,R
Ryan Brasier,2024/4/6 00:00,1,0,0,1,0,3,17,4,0.71,0,1,0.33,CHC,,3.54,0.96,R
Ryan Brasier,2024/4/8 00:00,1,0,0,0,0,1,10,2,0.726,0,1,0,MIN,,3.54,0.96,R
Ryan Brasier,2024/4/12 00:00,1,3,3,2,1,0,21,4,0.745,1,1,1,SD,,3.54,0.96,R
Ryan Brasier,2024/4/14 00:00,1,0,0,1,1,0,12,2,0.745,1,1,1,SD,,3.54,0.96,R
Ryan Brasier,2024/4/19 00:00,1,1,1,3,0,1,21,5,0.734,1,1,1.33,NYM,,3.54,0.96,R
Ryan Brasier,2024/4/20 00:00,0.2,1,1,1,0,0,7,1,0.734,1,0.73,0.67,NYM,,3.54,0.96,R
Ryan Brasier,2024/4/24 00:00,1,0,0,0,0,1,10,4,0.684,0,0.73,0.67,WSH,,3.54,0.96,R
Ryan Brasier,2024/4/27 00:00,1,0,0,0,0,2,11,3,0.703,0,0.73,0.33,TOR,,3.54,0.96,R
Ryan Brasier,2024/8/17 00:00,1.1,0,0,0,0,0,8,112,0.703,0,1.03,0,STL,,3.54,0.96,R
Ryan Brasier,2024/8/20 00:00,1.1,0,0,0,0,1,18,3,0.687,1,1.07,0,SEA,,3.54,0.96,R
Ryan Brasier,2024/8/23 00:00,1,0,0,0,0,1,6,3,0.669,1,1.07,0,TB,,3.54,0.96,R
Ryan Brasier,2024/8/24 00:00,1,0,0,0,0,0,5,1,0.669,1,1.03,0,TB,,3.54,0.96,R
Ryan Brasier,2024/8/27 00:00,1,0,0,1,0,0,11,3,0.751,1,1,0,BAL,,3.54,0.96,R
Ryan Brasier,2024/8/28 00:00,0.2,0,0,1,0,1,12,1,0.751,1,0.73,0,BAL,,3.54,0.96,R
Ryan Brasier,2024/8/30 00:00,1,0,0,1,0,0,7,2,0.777,0,0.73,0,AZ,,3.54,0.96,R
Ryan Brasier,2024/9/2 00:00,0.1,2,2,2,0,0,9,3,0.777,0,0.43,0.67,AZ,,3.54,0.96,R
Ryan Brasier,2024/9/3 00:00,1,0,0,0,0,0,13,1,0.671,0,0.7,0.67,LAA,,3.54,0.96,R
Ryan Brasier,2024/9/6 00:00,1,0,0,0,0,1,12,3,0.703,1,0.7,0.67,CLE,,3.54,0.96,R
Ryan Brasier,2024/9/7 00:00,1,0,0,1,0,0,16,1,0.703,1,1,0,CLE,,3.54,0.96,R
Ryan Brasier,2024/9/10 00:00,1,0,0,1,0,1,9,3,0.71,1,1,0,CHC,,3.54,0.96,R
Ryan Brasier,2024/9/14 00:00,0.2,0,1,1,0,0,7,4,0.724,0,0.73,0,ATL,,3.54,0.96,R
Ryan Brasier,2024/9/17 00:00,1,2,2,2,1,2,25,3,0.678,0,0.73,0.67,MIA,,3.54,0.96,R
Ryan Brasier,2024/9/20 00:00,1,0,0,0,0,1,12,3,0.704,1,0.73,0.67,COL,,3.54,0.96,R
Ryan Brasier,2024/9/22 00:00,1,0,0,1,0,3,19,2,0.704,1,1,0.67,COL,,3.54,0.96,R
Ryan Brasier,2024/9/27 00:00,1,1,1,1,1,2,23,5,0.704,0,1,0.33,COL,,3.54,0.96,R
Ryan Brasier,2024/10/5 00:00,1.2,0,0,1,0,1,20,8,0.745,1,1.07,0.33,SD,,3.54,0.96,R
Ryan Brasier,2024/10/6 00:00,0.2,2,2,2,0,0,10,1,0.745,1,0.8,1,SD,,3.54,0.96,R
Ryan Brasier,2024/10/9 00:00,1.1,0,0,0,0,1,19,3,0.745,0,0.83,0.67,SD,,3.54,0.96,R
Ryan Brasier,2024/10/14 00:00,1,1,1,1,1,0,18,5,0.734,1,0.77,1,NYM,,3.54,0.96,R
Ryan Brasier,2024/10/16 00:00,1,0,0,1,1,1,20,2,0.734,0,1.03,0.33,NYM,,3.54,0.96,R
Ryan Brasier,2024/10/20 00:00,1.1,1,1,2,0,1,17,4,0.734,1,1.03,0.67,NYM,,3.54,0.96,R
Ryan Brasier,2024/10/28 00:00,1,0,0,0,1,2,22,8,0.761,0,1.03,0.33,NYY,,3.54,0.96,R
Ryan Brasier,2024/10/30 00:00,1,1,1,1,0,1,12,2,0.761,0,1.03,0.67,NYY,,3.54,0.96,R
Ryan Burr,2024/6/1 00:00,1.2,0,0,0,1,1,22,5,0.672,1,1.2,0,PIT,,4.13,1.26,R
Ryan Burr,2024/6/3 00:00,1.2,1,1,2,0,2,32,2,0.751,1,1.2,0.5,BAL,,4.13,1.26,R
Ryan Burr,2024/6/19 00:00,0.1,1,2,3,0,0,10,16,0.741,1,0.83,0.67,BOS,,4.13,1.26,R
Ryan Burr,2024/7/10 00:00,2,0,0,0,0,1,18,21,0.701,0,1.1,0.67,SF,,4.13,1.26,R
Ryan Burr,2024/7/12 00:00,1,0,0,0,0,2,10,2,0.777,0,1.03,0.33,AZ,,4.13,1.26,R
Ryan Burr,2024/7/14 00:00,0.2,0,0,0,1,1,15,2,0.777,0,1.07,0,AZ,,4.13,1.26,R
Ryan Burr,2024/7/19 00:00,0.1,0,0,0,0,1,6,5,0.685,1,0.43,0,DET,,4.13,1.26,R
Ryan Burr,2024/7/20 00:00,1,0,0,0,0,0,5,1,0.685,1,0.43,0,DET,,4.13,1.26,R
Ryan Burr,2024/7/23 00:00,0.1,0,0,0,0,0,6,3,0.669,1,0.4,0,TB,,4.13,1.26,R
Ryan Burr,2024/7/25 00:00,1,4,4,2,2,1,35,2,0.669,1,0.7,1.33,TB,,4.13,1.26,R
Ryan Burr,2024/7/30 00:00,1,0,0,0,0,1,12,5,0.751,0,0.7,1.33,BAL,,4.13,1.26,R
Ryan Burr,2024/7/31 00:00,1,0,0,1,1,3,19,1,0.751,0,1,1.33,BAL,,4.13,1.26,R
Ryan Burr,2024/8/3 00:00,1,1,1,1,2,1,23,3,0.761,0,1,0.33,NYY,,4.13,1.26,R
Ryan Burr,2024/8/4 00:00,0.2,0,0,1,0,0,13,1,0.761,0,0.73,0.33,NYY,,4.13,1.26,R
Ryan Burr,2024/8/7 00:00,0.2,2,2,2,0,1,13,3,0.751,1,0.47,1,BAL,,4.13,1.26,R
Ryan Burr,2024/8/10 00:00,1.1,0,0,0,0,3,19,3,0.694,1,0.5,0.67,OAK,,4.13,1.26,R
Ryan Burr,2024/8/13 00:00,1,0,0,0,0,3,13,3,0.671,0,0.77,0.67,LAA,,4.13,1.26,R
Ryan Burr,2024/8/18 00:00,0.2,0,0,0,1,0,11,5,0.71,0,0.77,0,CHC,,4.13,1.26,R
Ryan Burr,2024/8/19 00:00,1,2,2,3,0,2,21,1,0.693,1,0.73,0.67,CIN,,4.13,1.26,R
Ryan Burr,2024/8/22 00:00,1,0,0,2,1,2,29,3,0.671,1,0.73,0.67,LAA,,4.13,1.26,R
Ryan Burr,2024/8/28 00:00,0.1,0,0,0,0,0,3,6,0.741,0,0.7,0.67,BOS,,4.13,1.26,R
Ryan Burr,2024/8/31 00:00,1,0,0,1,0,1,10,3,0.726,0,0.7,0,MIN,,4.13,1.26,R
Ryan Burr,2024/9/3 00:00,0.1,0,0,1,0,0,11,3,0.75,1,0.4,0,PHI,,4.13,1.26,R
Ryan Burr,2024/9/4 00:00,1,1,1,2,0,1,19,1,0.75,1,0.7,0.33,PHI,,4.13,1.26,R
Ryan Burr,2024/9/7 00:00,1,0,0,0,1,2,18,3,0.724,0,0.7,0.33,ATL,,4.13,1.26,R
Ryan Burr,2024/9/9 00:00,2,0,0,0,0,3,30,2,0.734,1,1.33,0.33,NYM,,4.13,1.26,R
Ryan Burr,2024/9/14 00:00,1,0,0,0,0,1,11,5,0.703,1,1.33,0,STL,,4.13,1.26,R
Ryan Burr,2024/9/17 00:00,0.2,0,0,1,1,2,19,3,0.686,0,1.07,0,TEX,,4.13,1.26,R
Ryan Burr,2024/9/20 00:00,1,0,0,0,0,2,9,3,0.669,0,0.73,0,TB,,4.13,1.26,R
Ryan Burr,2024/9/22 00:00,1.1,0,0,1,0,3,28,2,0.669,0,0.77,0,TB,,4.13,1.26,R
Ryan Burr,2024/9/24 00:00,0.1,0,0,2,0,1,17,2,0.741,1,0.73,0,BOS,,4.13,1.26,R
Ryan Burr,2024/9/27 00:00,1,1,1,1,0,2,13,3,0.678,1,0.73,0.33,MIA,,4.13,1.26,R
Ryan Burr,2024/9/29 00:00,1,2,2,3,0,1,30,2,0.678,1,0.7,1,MIA,,4.13,1.26,R
Ryan Feltner,2024/3/31 00:00,5,3,5,5,2,4,86,5,0.777,0,5,3,AZ,,4.49,1.34,R
Ryan Feltner,2024/4/6 00:00,6,1,1,2,2,10,92,6,0.669,1,5.5,2,TB,,4.49,1.34,R
Ryan Feltner,2024/4/12 00:00,5,2,2,8,2,4,94,6,0.703,0,5.33,2,TOR,,4.49,1.34,R
Ryan Feltner,2024/4/17 00:00,5.1,6,6,9,2,8,95,5,0.75,0,5.37,3,PHI,,4.49,1.34,R
Ryan Feltner,2024/4/23 00:00,4,4,4,10,2,4,93,6,0.745,1,4.7,4,SD,,4.49,1.34,R
Ryan Feltner,2024/4/30 00:00,8,3,3,5,0,3,89,7,0.678,0,5.7,4.33,MIA,,4.49,1.34,R
Ryan Feltner,2024/5/5 00:00,5.2,5,5,8,0,3,85,5,0.672,0,5.73,4,PIT,,4.49,1.34,R
Ryan Feltner,2024/5/11 00:00,6,2,2,5,2,4,84,6,0.686,1,6.4,3.33,TEX,,4.49,1.34,R
Ryan Feltner,2024/5/17 00:00,4,5,5,7,2,2,85,6,0.701,0,5.07,4,SF,,4.49,1.34,R
Ryan Feltner,2024/5/23 00:00,6,0,0,4,2,6,94,6,0.694,0,5.33,2.33,OAK,,4.49,1.34,R
Ryan Feltner,2024/5/28 00:00,4.1,5,7,8,2,1,78,5,0.703,1,4.7,3.33,CLE,,4.49,1.34,R
Ryan Feltner,2024/6/3 00:00,4.1,8,8,10,0,3,73,6,0.693,1,4.73,4.33,CIN,,4.49,1.34,R
Ryan Feltner,2024/6/8 00:00,5.1,0,4,2,1,7,89,5,0.703,0,4.43,4.33,STL,,4.49,1.34,R
Ryan Feltner,2024/6/14 00:00,6.2,4,4,7,1,8,90,6,0.672,1,5.13,4,PIT,,4.49,1.34,R
Ryan Feltner,2024/6/19 00:00,5,6,6,7,2,6,95,5,0.781,1,5.43,3.33,LAD,,4.49,1.34,R
Ryan Feltner,2024/6/26 00:00,6,2,4,6,1,2,83,7,0.741,0,5.73,4,HOU,,4.49,1.34,R
Ryan Feltner,2024/7/2 00:00,5,1,1,6,2,3,83,6,0.729,1,5.33,3,MIL,,4.49,1.34,R
Ryan Feltner,2024/7/8 00:00,7,1,2,4,3,6,92,6,0.693,0,6,1.33,CIN,,4.49,1.34,R
Ryan Feltner,2024/7/13 00:00,3.2,3,4,2,5,7,87,5,0.734,0,5.07,1.67,NYM,,4.49,1.34,R
Ryan Feltner,2024/7/21 00:00,7,2,3,6,1,6,98,8,0.701,1,5.73,2,SF,,4.49,1.34,R
Ryan Feltner,2024/7/27 00:00,6,1,1,4,4,6,95,6,0.701,0,5.4,2,SF,,4.49,1.34,R
Ryan Feltner,2024/8/1 00:00,6,3,3,7,1,3,94,5,0.671,0,6.33,2,LAA,,4.49,1.34,R
Ryan Feltner,2024/8/7 00:00,1,1,1,2,0,1,24,6,0.734,1,4.33,1.67,NYM,,4.49,1.34,R
Ryan Feltner,2024/8/26 00:00,5,2,2,7,2,2,71,19,0.678,1,4,2,MIA,,4.49,1.34,R
Ryan Feltner,2024/8/31 00:00,4.2,5,5,6,1,6,80,5,0.751,1,3.4,2.67,BAL,,4.49,1.34,R
Ryan Feltner,2024/9/6 00:00,6,1,1,2,3,6,95,6,0.729,0,5.07,2.67,MIL,,4.49,1.34,R
Ryan Feltner,2024/9/12 00:00,5.2,2,2,3,2,6,92,6,0.685,0,5.13,2.67,DET,,4.49,1.34,R
Ryan Feltner,2024/9/17 00:00,6.2,1,1,5,2,2,93,5,0.777,1,5.8,1.33,AZ,,4.49,1.34,R
Ryan Feltner,2024/9/24 00:00,6,2,2,6,1,6,84,7,0.703,1,5.8,1.67,STL,,4.49,1.34,R
Ryan Feltner,2024/9/29 00:00,6,0,0,2,2,3,81,5,0.781,1,6.07,1,LAD,,4.49,1.34,R
Ryan Pepiot,2024/4/1 00:00,5.2,6,6,4,4,3,94,5,0.686,1,5.2,6,TEX,,3.6,1.15,R
Ryan Pepiot,2024/4/7 00:00,6,0,0,3,0,11,94,6,0.704,0,5.6,3,COL,,3.6,1.15,R
Ryan Pepiot,2024/4/13 00:00,5,4,4,5,1,6,85,6,0.701,1,5.4,3.33,SF,,3.6,1.15,R
Ryan Pepiot,2024/4/18 00:00,6,1,1,3,3,7,92,5,0.671,1,5.67,1.67,LAA,,3.6,1.15,R
Ryan Pepiot,2024/4/23 00:00,6,1,1,3,2,4,80,5,0.685,1,5.67,2,DET,,3.6,1.15,R
Ryan Pepiot,2024/4/29 00:00,6,0,0,2,0,7,87,6,0.729,0,6,0.67,MIL,,3.6,1.15,R
Ryan Pepiot,2024/5/5 00:00,2,3,3,3,1,3,44,6,0.734,1,4.67,1.33,NYM,,3.6,1.15,R
Ryan Pepiot,2024/5/22 00:00,4,3,3,2,4,3,66,17,0.741,1,4,2,BOS,,3.6,1.15,R
Ryan Pepiot,2024/5/29 00:00,5.2,2,2,3,1,7,88,7,0.694,1,3.73,2.67,OAK,,3.6,1.15,R
Ryan Pepiot,2024/6/4 00:00,6,3,3,6,0,8,89,6,0.678,0,5.07,2.67,MIA,,3.6,1.15,R
Ryan Pepiot,2024/6/10 00:00,6,4,4,9,0,9,93,6,0.751,1,5.73,3,BAL,,3.6,1.15,R
Ryan Pepiot,2024/6/15 00:00,4.2,5,5,6,3,4,90,5,0.724,0,5.4,4,ATL,,3.6,1.15,R
Ryan Pepiot,2024/6/21 00:00,3.1,2,2,3,4,3,74,6,0.672,0,4.43,3.67,PIT,,3.6,1.15,R
Ryan Pepiot,2024/6/26 00:00,5.1,1,1,1,2,8,88,5,0.687,1,4.13,2.67,SEA,,3.6,1.15,R
Ryan Pepiot,2024/7/3 00:00,4,2,2,4,3,0,88,7,0.71,0,4.07,1.67,KC,,3.6,1.15,R
Ryan Pepiot,2024/7/9 00:00,5.2,1,1,4,3,7,101,6,0.761,1,4.77,1.33,NYY,,3.6,1.15,R
Ryan Pepiot,2024/7/14 00:00,6,0,0,2,0,4,81,5,0.703,1,5.07,1,CLE,,3.6,1.15,R
Ryan Pepiot,2024/8/16 00:00,5.1,0,2,6,1,5,80,33,0.777,1,5.43,0.33,AZ,,3.6,1.15,R
Ryan Pepiot,2024/8/21 00:00,6,2,2,3,1,5,90,5,0.694,0,5.7,0.67,OAK,,3.6,1.15,R
Ryan Pepiot,2024/8/26 00:00,6,2,5,7,1,6,96,5,0.687,0,5.7,1.33,SEA,,3.6,1.15,R
Ryan Pepiot,2024/9/1 00:00,3,3,3,4,4,4,89,6,0.745,1,5,2.33,SD,,3.6,1.15,R
Ryan Pepiot,2024/9/7 00:00,5.1,1,1,6,2,4,98,6,0.751,0,4.7,2,BAL,,3.6,1.15,R
Ryan Pepiot,2024/9/12 00:00,2,2,2,4,2,1,38,5,0.703,0,3.37,2,CLE,,3.6,1.15,R
Ryan Pepiot,2024/9/18 00:00,6,1,1,2,0,12,76,6,0.741,1,4.37,1.33,BOS,,3.6,1.15,R
Ryan Pepiot,2024/9/24 00:00,5,2,2,3,4,6,86,6,0.685,0,4.33,1.67,DET,,3.6,1.15,R
Ryan Pepiot,2024/9/29 00:00,4,1,2,4,2,5,63,5,0.741,0,5,1.33,BOS,,3.6,1.15,R
Ryan Walker,2024/3/28 00:00,1,1,1,2,0,1,17,5,0.745,0,1,1,SD,,1.91,0.85,R
Ryan Walker,2024/3/29 00:00,1,0,0,1,0,0,14,1,0.745,0,1,0.5,SD,,1.91,0.85,R
Ryan Walker,2024/3/31 00:00,1,0,0,1,0,1,11,2,0.745,0,1,0.33,SD,,1.91,0.85,R
Ryan Walker,2024/4/2 00:00,1.2,0,0,0,1,2,25,2,0.781,0,1.07,0,LAD,,1.91,0.85,R
Ryan Walker,2024/4/7 00:00,1,0,0,0,0,2,10,5,0.745,1,1.07,0,SD,,1.91,0.85,R
Ryan Walker,2024/4/9 00:00,1,1,1,1,0,0,18,2,0.684,1,1.07,0.33,WSH,,1.91,0.85,R
Ryan Walker,2024/4/10 00:00,1,0,0,0,0,0,15,1,0.684,1,1,0.33,WSH,,1.91,0.85,R
Ryan Walker,2024/4/12 00:00,1,0,0,1,0,3,20,2,0.669,0,1,0.33,TB,,1.91,0.85,R
Ryan Walker,2024/4/15 00:00,0.2,0,0,1,0,1,13,3,0.678,0,0.73,0,MIA,,1.91,0.85,R
Ryan Walker,2024/4/16 00:00,0.2,3,3,2,2,0,27,1,0.678,0,0.47,1,MIA,,1.91,0.85,R
Ryan Walker,2024/4/18 00:00,1,0,0,0,0,3,13,2,0.777,1,0.47,1,AZ,,1.91,0.85,R
Ryan Walker,2024/4/20 00:00,1,0,0,0,0,2,10,2,0.777,1,0.73,1,AZ,,1.91,0.85,R
Ryan Walker,2024/4/22 00:00,1,0,0,0,0,0,6,2,0.734,1,1,0,NYM,,1.91,0.85,R
Ryan Walker,2024/4/24 00:00,1,0,0,1,0,2,22,2,0.734,1,1,0,NYM,,1.91,0.85,R
Ryan Walker,2024/4/26 00:00,1,0,0,1,1,2,33,2,0.672,1,1,0,PIT,,1.91,0.85,R
Ryan Walker,2024/4/28 00:00,1,0,0,0,0,1,11,2,0.672,1,1,0,PIT,,1.91,0.85,R
Ryan Walker,2024/5/2 00:00,1,0,0,1,0,1,16,4,0.741,0,1,0,BOS,,1.91,0.85,R
Ryan Walker,2024/5/5 00:00,1,0,0,0,0,3,12,3,0.75,0,1,0,PHI,,1.91,0.85,R
Ryan Walker,2024/5/7 00:00,1,0,0,0,0,3,16,2,0.704,0,1,0,COL,,1.91,0.85,R
Ryan Walker,2024/5/8 00:00,1,0,0,0,0,1,12,1,0.704,0,1,0,COL,,1.91,0.85,R
Ryan Walker,2024/5/11 00:00,1,0,0,2,0,1,11,3,0.693,1,1,0,CIN,,1.91,0.85,R
Ryan Walker,2024/5/12 00:00,1,1,1,4,0,1,23,1,0.693,1,1,0.33,CIN,,1.91,0.85,R
Ryan Walker,2024/5/17 00:00,1,0,0,0,0,1,12,5,0.704,1,1,0.33,COL,,1.91,0.85,R
Ryan Walker,2024/5/18 00:00,1,1,1,2,0,2,19,1,0.704,1,1,0.67,COL,,1.91,0.85,R
Ryan Walker,2024/5/21 00:00,1,0,0,0,0,2,21,3,0.672,0,1,0.33,PIT,,1.91,0.85,R
Ryan Walker,2024/5/22 00:00,1,0,0,0,0,1,13,1,0.672,0,1,0.33,PIT,,1.91,0.85,R
Ryan Walker,2024/5/24 00:00,1,0,0,0,0,1,9,2,0.734,0,1,0,NYM,,1.91,0.85,R
Ryan Walker,2024/5/26 00:00,1,0,0,1,0,1,19,2,0.734,0,1,0,NYM,,1.91,0.85,R
Ryan Walker,2024/5/27 00:00,1,0,0,0,1,0,17,1,0.75,1,1,0,PHI,,1.91,0.85,R
Ryan Walker,2024/6/1 00:00,1,3,3,3,0,2,19,5,0.761,1,1,1,NYY,,1.91,0.85,R
Ryan Walker,2024/6/2 00:00,1,0,0,1,0,2,14,1,0.761,1,1,1,NYY,,1.91,0.85,R
Ryan Walker,2024/6/5 00:00,1,0,0,0,1,2,16,3,0.777,0,1,1,AZ,,1.91,0.85,R
Ryan Walker,2024/6/8 00:00,1.1,0,0,0,0,1,13,3,0.686,0,1.03,0,TEX,,1.91,0.85,R
Ryan Walker,2024/6/10 00:00,1,0,0,1,0,0,11,2,0.741,1,1.03,0,HOU,,1.91,0.85,R
Ryan Walker,2024/6/12 00:00,1,0,0,1,0,0,7,2,0.741,1,1.03,0,HOU,,1.91,0.85,R
Ryan Walker,2024/6/15 00:00,1,0,1,1,1,1,32,3,0.671,1,1,0,LAA,,1.91,0.85,R
Ryan Walker,2024/6/16 00:00,0.2,0,0,0,0,2,9,1,0.671,1,0.73,0,LAA,,1.91,0.85,R
Ryan Walker,2024/6/19 00:00,1,0,0,0,0,1,6,3,0.71,0,0.73,0,CHC,,1.91,0.85,R
Ryan Walker,2024/6/20 00:00,1,0,0,0,0,2,14,1,0.703,0,0.73,0,STL,,1.91,0.85,R
Ryan Walker,2024/6/25 00:00,1.1,0,0,0,1,2,23,5,0.71,1,1.03,0,CHC,,1.91,0.85,R
Ryan Walker,2024/6/27 00:00,1,0,0,1,0,2,13,2,0.71,1,1.03,0,CHC,,1.91,0.85,R
Ryan Walker,2024/6/29 00:00,1.2,0,0,1,0,3,24,2,0.781,1,1.1,0,LAD,,1.91,0.85,R
Ryan Walker,2024/7/2 00:00,1,0,0,0,0,0,11,3,0.724,0,1.07,0,ATL,,1.91,0.85,R
Ryan Walker,2024/7/5 00:00,1.2,0,0,0,1,2,24,3,0.703,0,1.13,0,CLE,,1.91,0.85,R
Ryan Walker,2024/7/7 00:00,1.1,0,0,1,0,0,15,2,0.703,0,1.1,0,CLE,,1.91,0.85,R
Ryan Walker,2024/7/9 00:00,1,3,3,2,1,2,29,2,0.703,1,1.1,1,TOR,,1.91,0.85,R
Ryan Walker,2024/7/12 00:00,1.2,0,0,2,0,0,19,3,0.726,1,1.1,1,MIN,,1.91,0.85,R
Ryan Walker,2024/7/14 00:00,0.2,0,0,0,0,0,2,2,0.726,1,0.8,1,MIN,,1.91,0.85,R
Ryan Walker,2024/7/19 00:00,1,1,1,2,2,1,22,5,0.704,0,0.8,0.33,COL,,1.91,0.85,R
Ryan Walker,2024/7/21 00:00,1,0,0,1,0,1,12,2,0.704,0,0.73,0.33,COL,,1.91,0.85,R
Ryan Walker,2024/7/22 00:00,1,0,0,0,0,1,17,1,0.781,0,1,0.33,LAD,,1.91,0.85,R
Ryan Walker,2024/7/24 00:00,1,0,0,0,0,0,10,2,0.781,0,1,0,LAD,,1.91,0.85,R
Ryan Walker,2024/7/26 00:00,0.1,0,0,0,0,0,2,2,0.704,1,0.7,0,COL,,1.91,0.85,R
Ryan Walker,2024/7/27 00:00,1,1,1,1,1,0,18,1,0.704,1,0.7,0.33,COL,,1.91,0.85,R
Ryan Walker,2024/7/30 00:00,1,0,0,0,0,1,16,3,0.694,1,0.7,0.33,OAK,,1.91,0.85,R
Ryan Walker,2024/8/4 00:00,1,0,0,0,0,1,15,5,0.693,0,1,0.33,CIN,,1.91,0.85,R
Ryan Walker,2024/8/5 00:00,1.1,0,0,0,0,2,16,1,0.684,0,1.03,0,WSH,,1.91,0.85,R
Ryan Walker,2024/8/7 00:00,0.1,0,0,1,0,1,7,2,0.684,0,0.73,0,WSH,,1.91,0.85,R
Ryan Walker,2024/8/8 00:00,1,0,0,0,0,1,10,1,0.684,0,0.73,0,WSH,,1.91,0.85,R
Ryan Walker,2024/8/10 00:00,1,0,0,1,1,2,18,2,0.685,1,0.7,0,DET,,1.91,0.85,R
Ryan Walker,2024/8/12 00:00,1,0,0,1,0,1,15,2,0.724,1,1,0,ATL,,1.91,0.85,R
Ryan Walker,2024/8/18 00:00,2,0,1,2,1,5,35,6,0.694,0,1.33,0,OAK,,1.91,0.85,R
Ryan Walker,2024/8/20 00:00,1,0,0,0,0,3,11,2,0.618,1,1.33,0,CWS,,1.91,0.85,R
Ryan Walker,2024/8/23 00:00,2,0,0,0,0,5,25,3,0.687,0,1.67,0,SEA,,1.91,0.85,R
Ryan Walker,2024/8/24 00:00,1,0,0,1,0,2,14,1,0.687,0,1.33,0,SEA,,1.91,0.85,R
Ryan Walker,2024/8/27 00:00,1,0,0,1,0,1,18,3,0.729,0,1.33,0,MIL,,1.91,0.85,R
Ryan Walker,2024/8/30 00:00,1,0,0,0,0,2,14,3,0.678,1,1,0,MIA,,1.91,0.85,R
Ryan Walker,2024/9/5 00:00,1.1,0,0,0,1,3,22,6,0.777,1,1.03,0,AZ,,1.91,0.85,R
Ryan Walker,2024/9/7 00:00,1,0,0,1,0,0,10,2,0.745,0,1.03,0,SD,,1.91,0.85,R
Ryan Walker,2024/9/8 00:00,1.2,0,0,0,0,0,17,1,0.745,0,1.1,0,SD,,1.91,0.85,R
Ryan Walker,2024/9/15 00:00,1,0,0,0,1,0,19,7,0.745,1,1.07,0,SD,,1.91,0.85,R
Ryan Walker,2024/9/18 00:00,1,0,0,0,0,1,12,3,0.751,0,1.07,0,BAL,,1.91,0.85,R
Ryan Walker,2024/9/19 00:00,0.2,2,2,2,0,2,23,1,0.751,0,0.73,0.67,BAL,,1.91,0.85,R
Ryan Walker,2024/9/22 00:00,1,0,0,0,0,1,14,3,0.71,0,0.73,0.67,KC,,1.91,0.85,R
Ryan Walker,2024/9/23 00:00,1,0,0,0,0,0,14,1,0.777,0,0.73,0.67,AZ,,1.91,0.85,R
Ryan Walker,2024/9/28 00:00,1,0,0,1,1,0,29,5,0.703,1,1,0,STL,,1.91,0.85,R
Ryan Weathers,2024/3/30 00:00,4,3,3,7,2,5,94,5,0.672,1,4,3,PIT,,3.63,1.18,L
Ryan Weathers,2024/4/4 00:00,5,1,3,3,3,6,85,5,0.703,0,4.5,2,STL,,3.63,1.18,L
Ryan Weathers,2024/4/10 00:00,5,0,0,3,3,1,94,6,0.761,0,4.67,1.33,NYY,,3.63,1.18,L
Ryan Weathers,2024/4/16 00:00,6,2,2,5,1,10,90,6,0.701,1,5.33,1,SF,,3.63,1.18,L
Ryan Weathers,2024/4/22 00:00,5.2,3,3,6,3,1,96,6,0.724,0,5.4,1.67,ATL,,3.63,1.18,L
Ryan Weathers,2024/4/28 00:00,4,6,6,5,3,3,87,6,0.684,1,5.07,3.67,WSH,,3.63,1.18,L
Ryan Weathers,2024/5/3 00:00,6,3,3,5,0,5,99,5,0.694,0,5.07,4,OAK,,3.63,1.18,L
Ryan Weathers,2024/5/8 00:00,6,3,3,5,1,3,97,5,0.781,0,5.33,4,LAD,,3.63,1.18,L
Ryan Weathers,2024/5/14 00:00,8,0,0,3,0,4,97,6,0.685,0,6.67,2,DET,,3.63,1.18,L
Ryan Weathers,2024/5/20 00:00,7,1,2,2,3,8,94,6,0.729,1,7,1.33,MIL,,3.63,1.18,L
Ryan Weathers,2024/5/26 00:00,6,0,0,4,1,7,91,6,0.777,0,7,0.33,AZ,,3.63,1.18,L
Ryan Weathers,2024/6/1 00:00,6,4,4,9,0,11,96,6,0.686,1,6.33,1.67,TEX,,3.63,1.18,L
Ryan Weathers,2024/6/7 00:00,2.1,2,2,4,0,3,40,6,0.703,1,4.7,2,CLE,,3.63,1.18,L
Ryan Weathers,2024/9/18 00:00,4.1,5,6,8,0,5,74,103,0.781,1,4.07,3.67,LAD,,3.63,1.18,L
Ryan Weathers,2024/9/24 00:00,5,1,1,6,2,2,82,6,0.726,0,3.73,2.67,MIN,,3.63,1.18,L
Ryan Weathers,2024/9/29 00:00,6.1,1,1,3,2,6,97,5,0.703,0,5.07,2.33,TOR,,3.63,1.18,L
Ryne Nelson,2024/4/1 00:00,2.2,4,5,5,4,2,76,5,0.761,1,2.2,4,NYY,,4.24,1.25,R
Ryne Nelson,2024/4/7 00:00,5,3,3,5,0,7,98,6,0.724,0,3.6,3.5,ATL,,4.24,1.25,R
Ryne Nelson,2024/4/13 00:00,6,1,1,7,1,4,81,6,0.703,1,4.4,2.67,STL,,4.24,1.25,R
Ryne Nelson,2024/4/18 00:00,2,0,0,2,0,0,27,5,0.701,0,4.33,1.33,SF,,4.24,1.25,R
Ryne Nelson,2024/5/5 00:00,5,4,4,8,1,3,99,17,0.745,1,4.33,1.67,SD,,4.24,1.25,R
Ryne Nelson,2024/5/11 00:00,4.2,3,3,10,0,3,87,6,0.751,0,3.73,2.33,BAL,,4.24,1.25,R
Ryne Nelson,2024/5/17 00:00,4,8,8,11,1,4,84,6,0.685,1,4.4,5,DET,,4.24,1.25,R
Ryne Nelson,2024/5/22 00:00,5,0,0,5,3,5,86,5,0.781,0,4.4,3.67,LAD,,4.24,1.25,R
Ryne Nelson,2024/5/29 00:00,6,4,4,5,3,3,95,7,0.686,0,5,4,TEX,,4.24,1.25,R
Ryne Nelson,2024/6/3 00:00,7.2,2,2,6,0,1,80,5,0.701,1,6.07,2,SF,,4.24,1.25,R
Ryne Nelson,2024/6/8 00:00,3.1,5,6,6,4,1,91,5,0.745,0,5.43,3.67,SD,,4.24,1.25,R
Ryne Nelson,2024/6/14 00:00,6,1,1,6,1,8,95,6,0.618,1,5.43,2.67,CWS,,4.24,1.25,R
Ryne Nelson,2024/6/20 00:00,7,2,2,3,0,2,70,6,0.684,0,5.37,2.67,WSH,,4.24,1.25,R
Ryne Nelson,2024/6/26 00:00,3.2,6,6,10,0,3,77,6,0.726,1,5.4,3,MIN,,4.24,1.25,R
Ryne Nelson,2024/7/2 00:00,5,1,1,6,1,3,78,6,0.781,0,5.07,3,LAD,,4.24,1.25,R
Ryne Nelson,2024/7/7 00:00,6.2,1,1,3,1,5,87,5,0.745,0,4.8,2.67,SD,,4.24,1.25,R
Ryne Nelson,2024/7/12 00:00,7,3,3,5,0,5,98,5,0.703,1,6.07,1.67,TOR,,4.24,1.25,R
Ryne Nelson,2024/7/19 00:00,5.2,1,1,3,2,9,96,7,0.71,0,6.13,1.67,CHC,,4.24,1.25,R
Ryne Nelson,2024/7/24 00:00,6,4,4,9,2,2,90,5,0.71,0,6.07,2.67,KC,,4.24,1.25,R
Ryne Nelson,2024/7/30 00:00,7,0,0,2,2,9,106,6,0.684,1,6.07,1.67,WSH,,4.24,1.25,R
Ryne Nelson,2024/8/4 00:00,5,4,4,6,2,7,97,5,0.672,0,6,2.67,PIT,,4.24,1.25,R
Ryne Nelson,2024/8/9 00:00,7.1,2,2,3,1,9,97,5,0.75,1,6.37,2,PHI,,4.24,1.25,R
Ryne Nelson,2024/8/16 00:00,6.1,1,1,5,0,6,94,7,0.669,0,6.07,2.33,TB,,4.24,1.25,R
Ryne Nelson,2024/8/23 00:00,6,2,2,5,1,7,96,7,0.741,0,6.4,1.67,BOS,,4.24,1.25,R
Ryne Nelson,2024/8/29 00:00,6.1,2,2,8,0,4,95,6,0.734,1,6.07,1.67,NYM,,4.24,1.25,R
Ryne Nelson,2024/9/3 00:00,6.2,2,2,4,2,9,102,5,0.701,0,6.1,2,SF,,4.24,1.25,R
Ryne Nelson,2024/9/8 00:00,4.2,5,5,6,2,4,88,5,0.741,0,5.5,3,HOU,,4.24,1.25,R
Ryne Nelson,2024/9/29 00:00,3,0,0,1,0,1,37,21,0.745,1,4.47,2.33,SD,,4.24,1.25,R
Sam Aldegheri,2024/8/30 00:00,5,2,7,6,2,3,79,5,0.687,1,5,2,SEA,,4.85,1.92,L
Sam Aldegheri,2024/9/6 00:00,6,1,1,3,3,7,90,7,0.686,0,5.5,1.5,TEX,,4.85,1.92,L
Sam Aldegheri,2024/9/13 00:00,2,4,4,6,5,0,53,7,0.741,1,4.33,2.33,HOU,,4.85,1.92,L
Scott McGough,2024/3/28 00:00,1,0,0,0,1,1,17,5,0.704,1,1,0,COL,,7.44,1.68,R
Scott McGough,2024/3/31 00:00,2,0,0,1,0,0,18,3,0.704,1,1.5,0,COL,,7.44,1.68,R
Scott McGough,2024/4/2 00:00,1,0,0,0,0,2,12,2,0.761,1,1.33,0,NYY,,7.44,1.68,R
Scott McGough,2024/4/3 00:00,1,1,2,2,0,1,23,1,0.761,1,1.33,0.33,NYY,,7.44,1.68,R
Scott McGough,2024/4/5 00:00,0,0,1,1,0,0,4,2,0.724,0,0.67,0.33,ATL,,7.44,1.68,R
Scott McGough,2024/4/8 00:00,0.2,3,3,2,2,0,24,3,0.704,0,0.4,1.33,COL,,7.44,1.68,R
Scott McGough,2024/4/12 00:00,1,2,2,2,0,1,16,4,0.703,1,0.4,1.67,STL,,7.44,1.68,R
Scott McGough,2024/4/16 00:00,1.2,0,0,0,0,2,24,4,0.71,1,0.8,1.67,CHC,,7.44,1.68,R
Scott McGough,2024/4/19 00:00,1.2,0,0,0,0,1,15,3,0.701,0,1.13,0.67,SF,,7.44,1.68,R
Scott McGough,2024/4/22 00:00,1.1,1,1,3,1,0,23,3,0.703,0,1.17,0.33,STL,,7.44,1.68,R
Scott McGough,2024/4/26 00:00,1,3,3,2,2,0,25,4,0.687,0,1.1,1.33,SEA,,7.44,1.68,R
Scott McGough,2024/4/29 00:00,0.2,0,0,1,2,0,19,3,0.781,1,0.77,1.33,LAD,,7.44,1.68,R
Scott McGough,2024/4/30 00:00,1,0,1,0,2,0,20,1,0.781,1,0.73,1,LAD,,7.44,1.68,R
Scott McGough,2024/5/3 00:00,1,0,0,1,0,1,15,3,0.745,1,0.73,0,SD,,7.44,1.68,R
Scott McGough,2024/5/4 00:00,1,2,2,3,0,1,22,1,0.745,1,1,0.67,SD,,7.44,1.68,R
Scott McGough,2024/6/8 00:00,1,0,0,0,0,1,11,35,0.745,0,1,0.67,SD,,7.44,1.68,R
Scott McGough,2024/6/9 00:00,0.2,1,1,1,0,1,13,1,0.745,0,0.73,1,SD,,7.44,1.68,R
Scott McGough,2024/6/12 00:00,2.1,0,0,3,2,2,46,3,0.671,1,1.1,0.33,LAA,,7.44,1.68,R
Scott McGough,2024/6/15 00:00,2.1,1,1,1,1,2,32,3,0.618,1,1.47,0.67,CWS,,7.44,1.68,R
Scott McGough,2024/6/22 00:00,2.1,4,4,3,3,0,46,7,0.75,0,2.1,1.67,PHI,,7.44,1.68,R
Scott McGough,2024/6/26 00:00,1,1,1,1,0,2,13,4,0.726,1,1.73,2,MIN,,7.44,1.68,R
Scott McGough,2024/6/27 00:00,1.1,3,3,1,2,2,44,1,0.726,1,1.4,2.67,MIN,,7.44,1.68,R
Scott McGough,2024/8/10 00:00,2,0,0,0,1,0,30,44,0.75,1,1.37,1.33,PHI,,7.44,1.68,R
Scott McGough,2024/9/17 00:00,1,2,2,2,2,1,29,38,0.704,0,1.37,1.67,COL,,7.44,1.68,R
Scott McGough,2024/9/23 00:00,2.1,1,1,2,0,4,32,6,0.701,1,1.7,1,SF,,7.44,1.68,R
Scott McGough,2024/9/28 00:00,0.1,2,2,2,0,0,7,5,0.745,1,1.07,1.67,SD,,7.44,1.68,R
Sean Burke,2024/9/10 00:00,3,0,1,3,1,3,53,5,0.703,1,3,0,CLE,,1.42,1,R
Sean Burke,2024/9/15 00:00,5,2,2,5,2,5,85,5,0.694,1,4,1,OAK,,1.42,1,R
Sean Burke,2024/9/22 00:00,6,1,1,2,1,8,87,7,0.745,0,4.67,1,SD,,1.42,1,R
Sean Burke,2024/9/28 00:00,5,0,0,2,3,6,84,6,0.685,0,5.33,1,DET,,1.42,1,R
Sean Manaea,2024/4/1 00:00,6,0,0,1,2,8,88,5,0.685,1,6,0,DET,,3.47,1.08,L
Sean Manaea,2024/4/7 00:00,5,1,1,3,2,6,92,6,0.693,0,5.5,0.5,CIN,,3.47,1.08,L
Sean Manaea,2024/4/13 00:00,3.2,6,8,9,3,4,89,6,0.71,1,4.73,2.33,KC,,3.47,1.08,L
Sean Manaea,2024/4/19 00:00,5,2,2,4,3,3,85,6,0.781,0,4.4,3,LAD,,3.47,1.08,L
Sean Manaea,2024/4/24 00:00,4.2,0,0,4,4,6,101,5,0.701,0,4.13,2.67,SF,,3.47,1.08,L
Sean Manaea,2024/4/30 00:00,5,1,1,3,4,3,92,6,0.71,1,4.73,1,CHC,,3.47,1.08,L
Sean Manaea,2024/5/6 00:00,6,3,3,6,1,1,89,6,0.703,0,5.07,1.33,STL,,3.47,1.08,L
Sean Manaea,2024/5/13 00:00,6,1,1,4,1,6,100,7,0.75,1,5.67,1.67,PHI,,3.47,1.08,L
Sean Manaea,2024/5/19 00:00,5,2,2,5,1,4,95,6,0.678,0,5.67,2,MIA,,3.47,1.08,L
Sean Manaea,2024/5/26 00:00,5,2,2,5,1,6,88,7,0.701,1,5.33,1.67,SF,,3.47,1.08,L
Sean Manaea,2024/6/1 00:00,5.2,5,6,6,2,10,105,6,0.777,1,5.07,3,AZ,,3.47,1.08,L
Sean Manaea,2024/6/8 00:00,3.2,6,6,7,1,3,81,7,0.75,1,4.47,4.33,PHI,,3.47,1.08,L
Sean Manaea,2024/6/14 00:00,5,1,1,4,1,7,90,6,0.745,1,4.47,4,SD,,3.47,1.08,L
Sean Manaea,2024/6/19 00:00,5.2,3,3,2,3,6,95,5,0.686,0,4.47,3.33,TEX,,3.47,1.08,L
Sean Manaea,2024/6/26 00:00,5,0,0,2,5,3,77,7,0.761,1,5.07,1.33,NYY,,3.47,1.08,L
Sean Manaea,2024/7/2 00:00,7,1,2,5,2,5,97,6,0.684,0,5.73,1.33,WSH,,3.47,1.08,L
Sean Manaea,2024/7/7 00:00,6,0,0,2,3,6,89,5,0.672,0,6,0.33,PIT,,3.47,1.08,L
Sean Manaea,2024/7/12 00:00,7,3,3,5,1,9,107,5,0.704,1,6.67,1.33,COL,,3.47,1.08,L
Sean Manaea,2024/7/19 00:00,5,5,5,8,1,1,84,7,0.678,0,6,2.67,MIA,,3.47,1.08,L
Sean Manaea,2024/7/24 00:00,4.2,2,2,3,4,4,103,5,0.761,0,5.4,3.33,NYY,,3.47,1.08,L
Sean Manaea,2024/7/30 00:00,7,0,0,2,1,11,96,6,0.726,1,5.4,2.33,MIN,,3.47,1.08,L
Sean Manaea,2024/8/5 00:00,7,0,0,6,0,10,102,6,0.703,0,6.07,0.67,STL,,3.47,1.08,L
Sean Manaea,2024/8/10 00:00,3,3,3,4,5,3,85,5,0.687,0,5.67,1,SEA,,3.47,1.08,L
Sean Manaea,2024/8/16 00:00,7,3,3,5,1,4,106,6,0.678,1,5.67,2,MIA,,3.47,1.08,L
Sean Manaea,2024/8/21 00:00,7,3,3,3,0,9,90,5,0.751,1,5.67,3,BAL,,3.47,1.08,L
Sean Manaea,2024/8/27 00:00,6.2,3,3,4,0,11,103,6,0.777,0,6.73,3,AZ,,3.47,1.08,L
Sean Manaea,2024/9/1 00:00,7,0,0,2,2,5,96,5,0.618,0,6.73,2,CWS,,3.47,1.08,L
Sean Manaea,2024/9/6 00:00,6.2,4,4,3,2,9,97,5,0.693,1,6.47,2.33,CIN,,3.47,1.08,L
Sean Manaea,2024/9/11 00:00,6.2,1,1,3,4,8,109,5,0.703,0,6.47,1.67,TOR,,3.47,1.08,L
Sean Manaea,2024/9/16 00:00,7,1,1,4,1,6,85,5,0.684,1,6.47,2,WSH,,3.47,1.08,L
Sean Manaea,2024/9/21 00:00,7,3,3,3,0,6,89,5,0.75,1,6.73,1.67,PHI,,3.47,1.08,L
Sean Manaea,2024/9/27 00:00,3.2,5,6,7,2,1,91,6,0.729,0,5.73,3,MIL,,3.47,1.08,L
Sean Manaea,2024/10/2 00:00,5,2,2,6,0,4,86,5,0.729,0,5.07,3.33,MIL,,3.47,1.08,L
Sean Manaea,2024/10/8 00:00,7,1,1,3,2,6,91,6,0.75,1,5.07,2.67,PHI,,3.47,1.08,L
Sean Manaea,2024/10/14 00:00,5,2,3,2,4,7,87,6,0.781,0,5.67,1.67,LAD,,3.47,1.08,L
Sean Manaea,2024/10/20 00:00,2,5,5,6,2,2,64,6,0.781,0,4.67,2.67,LAD,,3.47,1.08,L
Seth Johnson,2024/9/8 00:00,2.1,9,9,8,3,0,58,5,0.678,0,2.1,9,MIA,,34.71,4.71,R
Seth Lugo,2024/3/30 00:00,6,0,0,2,1,4,86,5,0.726,1,6,0,MIN,,3,1.09,R
Seth Lugo,2024/4/4 00:00,6.2,1,1,8,2,3,86,5,0.618,1,6.1,0.5,CWS,,3,1.09,R
Seth Lugo,2024/4/10 00:00,6,2,2,7,2,2,90,6,0.741,1,6.07,1,HOU,,3,1.09,R
Seth Lugo,2024/4/15 00:00,7,0,0,4,1,4,99,5,0.618,0,6.4,1,CWS,,3,1.09,R
Seth Lugo,2024/4/21 00:00,5.1,4,4,9,1,1,99,6,0.751,1,6.03,2,BAL,,3,1.09,R
Seth Lugo,2024/4/26 00:00,7,0,0,3,2,9,103,5,0.685,0,6.37,1.33,DET,,3,1.09,R
Seth Lugo,2024/5/1 00:00,7,1,1,2,2,8,101,5,0.703,0,6.37,1.67,TOR,,3,1.09,R
Seth Lugo,2024/5/7 00:00,6.2,2,3,5,1,5,77,6,0.729,1,6.73,1,MIL,,3,1.09,R
Seth Lugo,2024/5/12 00:00,8,1,1,5,0,12,112,5,0.671,0,7.07,1.33,LAA,,3,1.09,R
Seth Lugo,2024/5/18 00:00,5.2,2,2,6,1,10,96,6,0.694,1,6.47,1.67,OAK,,3,1.09,R
Seth Lugo,2024/5/24 00:00,7,1,1,4,2,3,104,6,0.669,0,6.73,1.33,TB,,3,1.09,R
Seth Lugo,2024/5/29 00:00,6,1,1,6,3,5,100,5,0.726,0,6.07,1.33,MIN,,3,1.09,R
Seth Lugo,2024/6/4 00:00,6,5,5,6,1,5,98,6,0.703,0,6.33,2.33,CLE,,3,1.09,R
Seth Lugo,2024/6/10 00:00,7,4,4,8,1,4,101,6,0.761,1,6.33,3.33,NYY,,3,1.09,R
Seth Lugo,2024/6/15 00:00,6,2,2,6,1,4,98,5,0.781,0,6.33,3.67,LAD,,3,1.09,R
Seth Lugo,2024/6/20 00:00,6.2,2,2,6,3,8,95,5,0.694,0,6.4,2.67,OAK,,3,1.09,R
Seth Lugo,2024/6/25 00:00,6,0,0,2,2,8,87,5,0.678,1,6.07,1.33,MIA,,3,1.09,R
Seth Lugo,2024/6/30 00:00,6,0,0,4,1,10,93,5,0.703,1,6.07,0.67,CLE,,3,1.09,R
Seth Lugo,2024/7/6 00:00,6,2,3,5,2,5,101,6,0.704,0,6,0.67,COL,,3,1.09,R
Seth Lugo,2024/7/13 00:00,5,5,5,10,1,6,93,7,0.741,0,5.67,2.33,BOS,,3,1.09,R
Seth Lugo,2024/7/21 00:00,9,1,1,3,0,6,103,8,0.618,1,6.67,2.67,CWS,,3,1.09,R
Seth Lugo,2024/7/27 00:00,6.1,6,6,5,2,2,90,6,0.71,1,6.7,4,CHC,,3,1.09,R
Seth Lugo,2024/8/1 00:00,8,1,1,4,1,3,103,5,0.685,0,7.7,2.67,DET,,3,1.09,R
Seth Lugo,2024/8/6 00:00,5.1,4,6,6,4,4,101,5,0.741,1,6.4,3.67,BOS,,3,1.09,R
Seth Lugo,2024/8/13 00:00,4,7,8,9,2,4,83,7,0.726,0,5.7,4,MIN,,3,1.09,R
Seth Lugo,2024/8/19 00:00,7,2,2,4,3,8,97,6,0.671,1,5.37,4.33,LAA,,3,1.09,R
Seth Lugo,2024/8/25 00:00,5.1,5,6,11,1,3,94,6,0.75,1,5.37,4.67,PHI,,3,1.09,R
Seth Lugo,2024/8/30 00:00,7,1,1,6,1,9,93,5,0.741,0,6.37,2.67,HOU,,3,1.09,R
Seth Lugo,2024/9/4 00:00,7,1,1,6,1,4,103,5,0.703,1,6.37,2.33,CLE,,3,1.09,R
Seth Lugo,2024/9/10 00:00,7,0,0,3,0,10,105,6,0.761,0,7,0.67,NYY,,3,1.09,R
Seth Lugo,2024/9/16 00:00,4.2,4,4,8,2,4,96,6,0.685,1,6.07,1.67,DET,,3,1.09,R
Seth Lugo,2024/9/22 00:00,7,2,2,3,0,5,89,6,0.701,1,6.07,2,SF,,3,1.09,R
Seth Lugo,2024/9/28 00:00,2,0,0,1,1,3,36,6,0.724,0,4.4,2,ATL,,3,1.09,R
Seth Lugo,2024/10/2 00:00,4.1,1,1,5,1,6,82,4,0.751,0,4.37,1,BAL,,3,1.09,R
Seth Lugo,2024/10/9 00:00,5,2,2,2,4,2,87,7,0.761,1,3.7,1,NYY,,3,1.09,R
Shane Baz,2024/7/5 00:00,6,3,3,7,1,6,92,5,0.686,0,6,3,TEX,,3.06,1.06,R
Shane Baz,2024/7/11 00:00,4.1,3,3,6,1,5,68,6,0.761,1,5.05,3,NYY,,3.06,1.06,R
Shane Baz,2024/7/21 00:00,3.1,0,0,4,5,1,76,10,0.761,0,4.4,2,NYY,,3.06,1.06,R
Shane Baz,2024/7/26 00:00,6,2,2,2,2,7,86,5,0.693,1,4.4,1.67,CIN,,3.06,1.06,R
Shane Baz,2024/8/2 00:00,5.1,2,2,6,1,5,80,7,0.741,0,4.73,1.33,HOU,,3.06,1.06,R
Shane Baz,2024/8/8 00:00,4.1,4,4,6,2,2,91,6,0.703,0,5.07,2.67,STL,,3.06,1.06,R
Shane Baz,2024/8/13 00:00,7,3,3,7,2,6,97,5,0.741,1,5.4,3,HOU,,3.06,1.06,R
Shane Baz,2024/8/20 00:00,7.2,0,0,3,3,4,92,7,0.694,0,6.1,2.33,OAK,,3.06,1.06,R
Shane Baz,2024/8/31 00:00,5,2,2,2,3,5,79,11,0.745,1,6.4,1.67,SD,,3.06,1.06,R
Shane Baz,2024/9/6 00:00,6,1,2,2,3,5,103,6,0.751,0,6.07,1,BAL,,3.06,1.06,R
Shane Baz,2024/9/11 00:00,5.1,2,2,3,1,4,78,5,0.75,0,5.37,1.67,PHI,,3.06,1.06,R
Shane Baz,2024/9/17 00:00,7,2,2,2,1,6,96,6,0.741,1,6.03,1.67,BOS,,3.06,1.06,R
Shane Baz,2024/9/22 00:00,6,1,1,4,1,6,83,5,0.703,1,6.03,1.67,TOR,,3.06,1.06,R
Shane Baz,2024/9/28 00:00,6,2,2,3,1,7,86,6,0.741,0,6.33,1.67,BOS,,3.06,1.06,R
Shane Bieber,2024/3/28 00:00,6,0,0,4,1,11,83,5,0.694,0,6,0,OAK,,0,0.92,R
Shane Bieber,2024/4/2 00:00,6,0,0,6,0,9,83,5,0.687,0,6,0,SEA,,0,0.92,R
Shaun Anderson,2024/5/17 00:00,3,2,2,5,0,3,48,5,0.671,1,3,2,LAA,,8.27,2.14,R
Shaun Anderson,2024/5/24 00:00,0.1,0,0,1,1,0,8,7,0.726,0,1.55,1,MIN,,8.27,2.14,R
Shaun Anderson,2024/6/14 00:00,2,4,7,9,0,1,37,21,0.684,0,1.7,2,WSH,,8.27,2.14,R
Shaun Anderson,2024/6/22 00:00,3.1,5,6,8,0,3,70,8,0.687,1,1.73,3,SEA,,8.27,2.14,R
Shaun Anderson,2024/8/5 00:00,5.1,4,4,8,0,2,62,44,0.693,1,3.4,4.33,CIN,,8.27,2.14,R
Shaun Anderson,2024/9/27 00:00,2.1,0,0,3,0,1,19,53,0.703,0,3.43,3,TOR,,8.27,2.14,R
Shawn Armstrong,2024/3/28 00:00,1.1,2,2,1,2,2,29,5,0.703,1,1.1,2,TOR,,4.86,1.53,R
Shawn Armstrong,2024/3/31 00:00,1,1,2,3,1,1,26,3,0.703,1,1.05,1.5,TOR,,4.86,1.53,R
Shawn Armstrong,2024/4/3 00:00,2,0,0,1,0,1,24,3,0.686,1,1.37,1,TEX,,4.86,1.53,R
Shawn Armstrong,2024/4/7 00:00,2,1,1,1,1,1,32,4,0.704,0,1.67,0.67,COL,,4.86,1.53,R
Shawn Armstrong,2024/4/14 00:00,2,1,1,2,0,5,30,7,0.701,1,2,0.67,SF,,4.86,1.53,R
Shawn Armstrong,2024/4/16 00:00,1,0,0,0,0,1,8,2,0.671,1,1.67,0.67,LAA,,4.86,1.53,R
Shawn Armstrong,2024/4/17 00:00,1,0,0,0,0,1,13,1,0.671,1,1.33,0.33,LAA,,4.86,1.53,R
Shawn Armstrong,2024/4/19 00:00,0.2,0,0,1,0,1,8,2,0.761,0,0.73,0,NYY,,4.86,1.53,R
Shawn Armstrong,2024/4/24 00:00,1,1,1,1,1,2,23,5,0.685,1,0.73,0.33,DET,,4.86,1.53,R
Shawn Armstrong,2024/4/27 00:00,1.1,0,0,1,1,2,25,3,0.618,0,0.77,0.33,CWS,,4.86,1.53,R
Shawn Armstrong,2024/4/29 00:00,1,0,0,0,1,1,13,2,0.729,0,1.03,0.33,MIL,,4.86,1.53,R
Shawn Armstrong,2024/5/3 00:00,1.1,0,0,2,0,2,18,4,0.734,1,1.07,0,NYM,,4.86,1.53,R
Shawn Armstrong,2024/5/5 00:00,2,0,0,1,2,1,35,2,0.734,1,1.37,0,NYM,,4.86,1.53,R
Shawn Armstrong,2024/5/10 00:00,1,1,1,3,0,0,17,5,0.761,1,1.37,0.33,NYY,,4.86,1.53,R
Shawn Armstrong,2024/5/12 00:00,0.2,3,3,3,0,1,24,2,0.761,1,1.07,1.33,NYY,,4.86,1.53,R
Shawn Armstrong,2024/5/14 00:00,1,0,0,0,0,3,18,2,0.741,0,0.73,1.33,BOS,,4.86,1.53,R
Shawn Armstrong,2024/5/15 00:00,1,0,0,1,0,1,12,1,0.741,0,0.73,1,BOS,,4.86,1.53,R
Shawn Armstrong,2024/5/22 00:00,1,0,0,0,0,0,8,7,0.741,1,1,0,BOS,,4.86,1.53,R
Shawn Armstrong,2024/5/24 00:00,2,0,0,0,0,3,32,2,0.71,1,1.33,0,KC,,4.86,1.53,R
Shawn Armstrong,2024/5/26 00:00,1,1,1,1,0,1,14,2,0.71,1,1.33,0.33,KC,,4.86,1.53,R
Shawn Armstrong,2024/5/30 00:00,2,0,0,2,0,1,26,4,0.694,1,1.67,0.33,OAK,,4.86,1.53,R
Shawn Armstrong,2024/6/2 00:00,1,0,0,2,0,2,14,3,0.751,0,1.33,0.33,BAL,,4.86,1.53,R
Shawn Armstrong,2024/6/5 00:00,1,1,1,2,0,0,18,3,0.678,0,1.33,0.33,MIA,,4.86,1.53,R
Shawn Armstrong,2024/6/8 00:00,1,0,0,1,1,1,23,3,0.751,1,1,0.33,BAL,,4.86,1.53,R
Shawn Armstrong,2024/6/11 00:00,1,0,0,1,1,1,16,3,0.71,1,1,0.33,CHC,,4.86,1.53,R
Shawn Armstrong,2024/6/15 00:00,1.1,0,0,0,1,1,23,4,0.724,0,1.03,0,ATL,,4.86,1.53,R
Shawn Armstrong,2024/6/18 00:00,1,2,2,2,1,1,22,3,0.726,0,1.03,0.67,MIN,,4.86,1.53,R
Shawn Armstrong,2024/6/20 00:00,2,0,0,0,0,2,18,2,0.726,0,1.37,0.67,MIN,,4.86,1.53,R
Shawn Armstrong,2024/6/26 00:00,0.2,2,2,1,1,0,22,6,0.687,1,1.07,1.33,SEA,,4.86,1.53,R
Shawn Armstrong,2024/6/29 00:00,0.1,6,6,7,0,0,20,3,0.684,1,0.77,2.67,WSH,,4.86,1.53,R
Shawn Armstrong,2024/7/3 00:00,1,2,2,1,2,0,21,4,0.71,0,0.43,3.33,KC,,4.86,1.53,R
Shawn Armstrong,2024/7/5 00:00,1,0,0,2,1,1,17,2,0.686,0,0.7,2.67,TEX,,4.86,1.53,R
Shawn Armstrong,2024/7/7 00:00,1,3,3,5,1,1,33,2,0.686,0,1,1.67,TEX,,4.86,1.53,R
Shawn Armstrong,2024/7/13 00:00,1,0,0,1,0,0,21,6,0.703,1,1,1,CLE,,4.86,1.53,R
Shawn Armstrong,2024/7/19 00:00,1,1,1,2,0,2,21,6,0.761,0,1,1.33,NYY,,4.86,1.53,R
Shawn Armstrong,2024/7/20 00:00,1,0,0,1,0,2,24,1,0.761,0,1,0.33,NYY,,4.86,1.53,R
Shawn Armstrong,2024/7/23 00:00,2,0,0,1,1,4,34,3,0.703,0,1.33,0.33,TOR,,4.86,1.53,R
Shawn Armstrong,2024/7/28 00:00,2,0,1,3,0,1,29,5,0.693,1,1.67,0,CIN,,4.86,1.53,R
Shawn Armstrong,2024/8/2 00:00,1.2,0,0,1,1,2,30,5,0.71,0,1.73,0,CHC,,4.86,1.53,R
Shawn Armstrong,2024/8/5 00:00,2.1,1,1,2,0,4,26,3,0.734,1,1.77,0.33,NYM,,4.86,1.53,R
Shawn Armstrong,2024/8/8 00:00,0.2,1,1,2,0,0,10,3,0.669,1,1.17,0.67,TB,,4.86,1.53,R
Shawn Armstrong,2024/8/10 00:00,1.1,2,2,3,0,0,22,2,0.71,0,1.13,1.33,KC,,4.86,1.53,R
Shawn Armstrong,2024/8/12 00:00,1.1,0,0,1,1,2,22,2,0.693,0,0.8,1,CIN,,4.86,1.53,R
Shawn Armstrong,2024/8/13 00:00,1,0,0,0,0,1,7,1,0.693,0,1.07,0.67,CIN,,4.86,1.53,R
Shawn Armstrong,2024/8/18 00:00,1,0,0,0,0,0,9,5,0.781,1,1.03,0,LAD,,4.86,1.53,R
Shawn Armstrong,2024/8/20 00:00,1,0,0,0,0,1,8,2,0.729,1,1,0,MIL,,4.86,1.53,R
Shawn Armstrong,2024/8/21 00:00,0.1,0,0,0,0,1,6,1,0.729,1,0.7,0,MIL,,4.86,1.53,R
Shawn Armstrong,2024/8/25 00:00,0.2,0,0,0,0,0,5,4,0.726,0,0.43,0,MIN,,4.86,1.53,R
Shawn Armstrong,2024/8/26 00:00,1.1,0,0,2,0,1,28,1,0.745,1,0.47,0,SD,,4.86,1.53,R
Shawn Armstrong,2024/9/1 00:00,1,0,0,0,1,0,11,6,0.684,0,0.77,0,WSH,,4.86,1.53,R
Shawn Armstrong,2024/9/2 00:00,1,1,1,1,1,0,17,1,0.672,1,1.03,0.33,PIT,,4.86,1.53,R
Shawn Armstrong,2024/9/6 00:00,1,0,0,0,1,1,16,4,0.761,1,1,0.33,NYY,,4.86,1.53,R
Shawn Armstrong,2024/9/7 00:00,1,0,0,1,0,1,19,1,0.761,1,1,0.33,NYY,,4.86,1.53,R
Shawn Armstrong,2024/9/9 00:00,0.2,0,0,1,0,1,14,2,0.781,0,0.73,0,LAD,,4.86,1.53,R
Shawn Armstrong,2024/9/11 00:00,1,1,1,2,1,0,17,2,0.781,0,0.73,0.33,LAD,,4.86,1.53,R
Shawn Armstrong,2024/9/17 00:00,1,0,0,2,0,1,16,6,0.694,1,0.73,0.33,OAK,,4.86,1.53,R
Shawn Armstrong,2024/9/19 00:00,0.2,2,2,3,0,0,15,2,0.684,1,0.73,1,WSH,,4.86,1.53,R
Shawn Dubin,2024/4/13 00:00,1,0,0,0,0,2,15,5,0.686,1,1,0,TEX,,4.17,1.57,R
Shawn Dubin,2024/4/16 00:00,2.1,4,4,5,0,2,41,3,0.724,1,1.55,2,ATL,,4.17,1.57,R
Shawn Dubin,2024/4/21 00:00,1,2,2,3,2,1,29,5,0.684,0,1.37,2,WSH,,4.17,1.57,R
Shawn Dubin,2024/4/24 00:00,2.1,0,0,0,0,3,30,3,0.71,0,1.73,2,CHC,,4.17,1.57,R
Shawn Dubin,2024/5/1 00:00,1,0,1,1,2,1,21,7,0.703,1,1.37,0.67,CLE,,4.17,1.57,R
Shawn Dubin,2024/5/5 00:00,1,0,0,1,0,1,16,4,0.687,1,1.37,0,SEA,,4.17,1.57,R
Shawn Dubin,2024/5/8 00:00,1,3,3,2,2,0,24,3,0.761,0,1,1,NYY,,4.17,1.57,R
Shawn Dubin,2024/5/11 00:00,1,0,0,1,1,1,27,3,0.685,0,1,1,DET,,4.17,1.57,R
Shawn Dubin,2024/5/16 00:00,3,1,1,2,0,2,39,5,0.694,1,1.67,1.33,OAK,,4.17,1.57,R
Shawn Dubin,2024/6/5 00:00,2.1,0,0,0,0,2,24,20,0.703,1,2.03,0.33,STL,,4.17,1.57,R
Shawn Dubin,2024/6/12 00:00,2,0,0,1,1,5,37,7,0.701,0,2.37,0.33,SF,,4.17,1.57,R
Shawn Dubin,2024/6/15 00:00,1,2,3,6,2,0,42,3,0.685,1,1.7,0.67,DET,,4.17,1.57,R
Shawn Dubin,2024/6/21 00:00,2.1,1,1,3,0,3,38,6,0.751,1,1.7,1,BAL,,4.17,1.57,R
Shawn Dubin,2024/6/26 00:00,1,1,1,1,1,2,29,5,0.704,1,1.37,1.33,COL,,4.17,1.57,R
Shawn Dubin,2024/6/30 00:00,3.1,0,0,0,3,2,55,4,0.734,0,2.07,0.67,NYM,,4.17,1.57,R
Shawn Dubin,2024/7/5 00:00,2.2,3,3,5,1,2,51,5,0.726,0,2.1,1.33,MIN,,4.17,1.57,R
Shawn Dubin,2024/7/11 00:00,1.1,1,1,4,0,2,25,6,0.678,1,2.13,1.33,MIA,,4.17,1.57,R
Shawn Dubin,2024/7/13 00:00,0.1,0,0,0,0,1,6,2,0.686,1,1.13,1.33,TEX,,4.17,1.57,R
Shawn Dubin,2024/7/14 00:00,1,0,0,0,1,0,19,1,0.686,1,0.73,0.33,TEX,,4.17,1.57,R
Shawn Dubin,2024/7/21 00:00,1,0,0,0,0,0,14,7,0.687,0,0.7,0,SEA,,4.17,1.57,R
Shawn Dubin,2024/7/23 00:00,1,1,1,3,0,0,23,2,0.694,0,1,0.33,OAK,,4.17,1.57,R
Shawn Dubin,2024/7/27 00:00,1,1,1,1,2,2,21,4,0.781,1,1,0.67,LAD,,4.17,1.57,R
Shawn Dubin,2024/7/28 00:00,1,0,0,1,1,2,19,1,0.781,1,1,0.67,LAD,,4.17,1.57,R
Shawn Dubin,2024/7/30 00:00,1.1,0,0,0,1,2,22,2,0.672,1,1.03,0.33,PIT,,4.17,1.57,R
Shawn Dubin,2024/8/4 00:00,2,0,0,1,1,1,27,5,0.669,1,1.37,0,TB,,4.17,1.57,R
Shawn Dubin,2024/8/11 00:00,1,0,0,0,0,2,20,7,0.741,0,1.37,0,BOS,,4.17,1.57,R
Shawn Dubin,2024/8/16 00:00,1,0,0,1,1,2,20,5,0.618,1,1.33,0,CWS,,4.17,1.57,R
Shawn Dubin,2024/8/20 00:00,1,0,0,1,2,0,26,4,0.741,1,1,0,BOS,,4.17,1.57,R
Shawn Dubin,2024/8/22 00:00,2,0,0,0,2,2,37,2,0.751,0,1.33,0,BAL,,4.17,1.57,R
Shawn Dubin,2024/9/25 00:00,1,1,3,2,0,2,32,34,0.687,1,1.33,0.33,SEA,,4.17,1.57,R
Shawn Dubin,2024/9/28 00:00,1,0,0,0,0,2,14,3,0.703,0,1.33,0.33,CLE,,4.17,1.57,R
Shota Imanaga,2024/4/1 00:00,6,0,0,2,0,9,92,5,0.704,1,6,0,COL,,2.91,1.02,L
Shota Imanaga,2024/4/7 00:00,4,0,0,2,0,3,43,6,0.781,1,5,0,LAD,,2.91,1.02,L
Shota Imanaga,2024/4/13 00:00,5.1,0,1,5,2,4,90,6,0.687,0,5.03,0,SEA,,2.91,1.02,L
Shota Imanaga,2024/4/20 00:00,6,2,3,5,0,5,92,7,0.678,1,5.03,0.67,MIA,,2.91,1.02,L
Shota Imanaga,2024/4/26 00:00,6.1,1,1,5,1,7,88,6,0.741,0,5.73,1,BOS,,2.91,1.02,L
Shota Imanaga,2024/5/1 00:00,7,0,0,3,1,7,87,5,0.734,0,6.37,1,NYM,,2.91,1.02,L
Shota Imanaga,2024/5/7 00:00,7,2,2,7,1,8,102,6,0.745,1,6.7,1,SD,,2.91,1.02,L
Shota Imanaga,2024/5/13 00:00,5,0,0,7,3,8,98,6,0.724,0,6.33,0.67,ATL,,2.91,1.02,L
Shota Imanaga,2024/5/18 00:00,7,0,0,4,1,7,88,5,0.672,1,6.33,0.67,PIT,,2.91,1.02,L
Shota Imanaga,2024/5/29 00:00,4.1,7,7,8,1,1,81,11,0.729,0,5.37,2.33,MIL,,2.91,1.02,L
Shota Imanaga,2024/6/4 00:00,4.1,1,5,7,0,6,66,6,0.618,1,5.07,2.67,CWS,,2.91,1.02,L
Shota Imanaga,2024/6/9 00:00,6.2,2,2,5,1,7,94,5,0.693,0,4.8,3.33,CIN,,2.91,1.02,L
Shota Imanaga,2024/6/15 00:00,7,1,1,4,0,6,103,6,0.703,1,5.77,1.33,STL,,2.91,1.02,L
Shota Imanaga,2024/6/21 00:00,3,10,10,11,1,3,74,6,0.734,1,5.4,4.33,NYM,,2.91,1.02,L
Shota Imanaga,2024/6/27 00:00,6,3,3,5,2,3,93,6,0.701,0,5.33,4.67,SF,,2.91,1.02,L
Shota Imanaga,2024/7/3 00:00,6,3,3,6,1,8,86,6,0.75,1,5,5.33,PHI,,2.91,1.02,L
Shota Imanaga,2024/7/10 00:00,6,0,0,6,1,6,100,7,0.751,0,6,2,BAL,,2.91,1.02,L
Shota Imanaga,2024/7/21 00:00,7,1,1,2,1,10,90,11,0.777,1,6.33,1.33,AZ,,2.91,1.02,L
Shota Imanaga,2024/7/27 00:00,5.2,3,3,6,0,3,87,6,0.71,0,6.07,1.33,KC,,2.91,1.02,L
Shota Imanaga,2024/8/1 00:00,6.2,4,4,10,0,7,91,5,0.703,1,6.13,2.67,STL,,2.91,1.02,L
Shota Imanaga,2024/8/6 00:00,7,2,2,2,1,10,92,5,0.726,1,6.13,3,MIN,,2.91,1.02,L
Shota Imanaga,2024/8/12 00:00,5,3,7,7,1,3,81,6,0.703,0,6.07,3,CLE,,2.91,1.02,L
Shota Imanaga,2024/8/18 00:00,5,1,1,4,1,6,97,6,0.703,1,5.67,2,TOR,,2.91,1.02,L
Shota Imanaga,2024/8/24 00:00,7,2,2,4,2,3,99,6,0.678,0,5.67,2,MIA,,2.91,1.02,L
Shota Imanaga,2024/8/30 00:00,6,3,3,4,1,8,96,6,0.684,0,6,2,WSH,,2.91,1.02,L
Shota Imanaga,2024/9/4 00:00,7,0,0,0,2,7,95,5,0.672,1,6.67,1.67,PIT,,2.91,1.02,L
Shota Imanaga,2024/9/10 00:00,7,3,3,7,0,4,89,6,0.781,0,6.67,2,LAD,,2.91,1.02,L
Shota Imanaga,2024/9/16 00:00,6,2,2,5,3,11,99,6,0.694,1,6.67,1.67,OAK,,2.91,1.02,L
Shota Imanaga,2024/9/22 00:00,7,0,0,6,0,4,94,6,0.684,1,6.67,1.67,WSH,,2.91,1.02,L
Simeon Woods Richardson,2024/4/13 00:00,6,1,1,2,1,5,80,5,0.685,0,6,1,DET,,4.17,1.29,R
Simeon Woods Richardson,2024/4/25 00:00,5,2,2,7,1,6,94,12,0.618,1,5.5,1.5,CWS,,4.17,1.29,R
Simeon Woods Richardson,2024/4/30 00:00,3.2,1,2,7,2,2,81,5,0.618,0,4.73,1.33,CWS,,4.17,1.29,R
Simeon Woods Richardson,2024/5/6 00:00,6,0,0,1,1,8,82,6,0.687,1,4.73,1,SEA,,4.17,1.29,R
Simeon Woods Richardson,2024/5/11 00:00,4.1,5,5,8,1,2,91,5,0.703,0,4.43,2,TOR,,4.17,1.29,R
Simeon Woods Richardson,2024/5/17 00:00,5.1,1,1,4,0,2,79,6,0.703,0,5.07,2,CLE,,4.17,1.29,R
Simeon Woods Richardson,2024/5/22 00:00,4.2,0,0,3,1,1,77,5,0.684,0,4.47,2,WSH,,4.17,1.29,R
Simeon Woods Richardson,2024/5/28 00:00,5,2,2,3,2,4,83,6,0.71,1,4.77,1,KC,,4.17,1.29,R
Simeon Woods Richardson,2024/6/2 00:00,4.1,3,3,3,2,6,66,5,0.741,0,4.43,1.67,HOU,,4.17,1.29,R
Simeon Woods Richardson,2024/6/8 00:00,6.1,1,1,6,0,6,97,6,0.672,0,5.07,2,PIT,,4.17,1.29,R
Simeon Woods Richardson,2024/6/14 00:00,4,4,4,4,4,4,80,6,0.694,1,4.73,2.67,OAK,,4.17,1.29,R
Simeon Woods Richardson,2024/6/20 00:00,6,2,2,4,2,6,92,6,0.669,1,5.37,2.33,TB,,4.17,1.29,R
Simeon Woods Richardson,2024/6/26 00:00,5.1,3,3,4,2,4,90,6,0.777,0,5.03,3,AZ,,4.17,1.29,R
Simeon Woods Richardson,2024/7/2 00:00,5.2,3,3,4,2,4,94,6,0.685,1,5.43,2.67,DET,,4.17,1.29,R
Simeon Woods Richardson,2024/7/7 00:00,6,2,2,3,2,4,88,5,0.741,1,5.43,2.67,HOU,,4.17,1.29,R
Simeon Woods Richardson,2024/7/13 00:00,4.1,2,2,7,1,7,86,6,0.701,0,5.1,2.33,SF,,4.17,1.29,R
Simeon Woods Richardson,2024/7/23 00:00,6,0,0,3,1,5,88,10,0.75,1,5.37,1.33,PHI,,4.17,1.29,R
Simeon Woods Richardson,2024/7/29 00:00,3.1,6,6,7,3,2,81,6,0.734,0,4.4,2.67,NYM,,4.17,1.29,R
Simeon Woods Richardson,2024/8/4 00:00,4,3,3,6,3,6,89,6,0.618,1,4.37,3,CWS,,4.17,1.29,R
Simeon Woods Richardson,2024/8/10 00:00,7,2,2,4,0,7,89,6,0.703,1,4.7,3.67,CLE,,4.17,1.29,R
Simeon Woods Richardson,2024/8/16 00:00,5,2,2,3,2,1,78,6,0.686,0,5.33,2.33,TEX,,4.17,1.29,R
Simeon Woods Richardson,2024/8/21 00:00,5,1,1,4,2,7,101,5,0.745,0,5.67,1.67,SD,,4.17,1.29,R
Simeon Woods Richardson,2024/8/27 00:00,4.2,4,4,3,3,3,91,6,0.724,1,4.73,2.33,ATL,,4.17,1.29,R
Simeon Woods Richardson,2024/9/2 00:00,3.2,3,3,6,2,2,71,6,0.669,0,4.13,2.67,TB,,4.17,1.29,R
Simeon Woods Richardson,2024/9/8 00:00,4.1,2,2,3,3,2,70,6,0.71,0,3.83,3,KC,,4.17,1.29,R
Simeon Woods Richardson,2024/9/14 00:00,3,3,3,5,3,3,69,6,0.693,1,3.43,2.67,CIN,,4.17,1.29,R
Simeon Woods Richardson,2024/9/19 00:00,4.2,1,1,5,1,6,72,5,0.703,0,3.77,2,CLE,,4.17,1.29,R
Simeon Woods Richardson,2024/9/25 00:00,1,3,3,6,1,2,36,6,0.678,1,2.73,2.33,MIA,,4.17,1.29,R
Slade Cecconi,2024/4/21 00:00,6,2,2,2,0,3,64,5,0.701,0,6,2,SF,,6.66,1.42,R
Slade Cecconi,2024/4/27 00:00,6,1,1,3,1,8,84,6,0.687,0,6,1.5,SEA,,6.66,1.42,R
Slade Cecconi,2024/5/3 00:00,4.1,6,6,5,2,4,85,6,0.745,1,5.37,3,SD,,6.66,1.42,R
Slade Cecconi,2024/5/9 00:00,5.1,1,1,3,3,2,78,6,0.693,0,5.07,2.67,CIN,,6.66,1.42,R
Slade Cecconi,2024/5/14 00:00,5.2,6,6,7,1,3,89,5,0.693,1,4.8,4.33,CIN,,6.66,1.42,R
Slade Cecconi,2024/5/20 00:00,5,6,6,6,1,2,80,6,0.781,0,5.1,4.33,LAD,,6.66,1.42,R
Slade Cecconi,2024/6/1 00:00,4.2,1,1,5,0,4,71,12,0.734,0,4.8,4.33,NYM,,6.66,1.42,R
Slade Cecconi,2024/6/6 00:00,4.1,3,3,7,1,3,81,5,0.745,0,4.43,3.33,SD,,6.66,1.42,R
Slade Cecconi,2024/6/12 00:00,3,7,7,10,0,4,75,6,0.671,1,3.77,3.67,LAA,,6.66,1.42,R
Slade Cecconi,2024/6/18 00:00,6,0,0,3,0,6,70,6,0.684,0,4.37,3.33,WSH,,6.66,1.42,R
Slade Cecconi,2024/6/23 00:00,3,1,1,5,0,2,46,5,0.75,0,4,2.67,PHI,,6.66,1.42,R
Slade Cecconi,2024/6/28 00:00,4,3,3,5,2,7,88,5,0.694,1,4.33,1.33,OAK,,6.66,1.42,R
Slade Cecconi,2024/7/5 00:00,4.2,5,5,8,1,2,81,7,0.745,0,3.73,3,SD,,6.66,1.42,R
Slade Cecconi,2024/7/10 00:00,4,3,3,4,2,3,62,5,0.724,1,4.07,3.67,ATL,,6.66,1.42,R
Slade Cecconi,2024/7/29 00:00,2,0,0,0,0,3,31,19,0.684,1,3.4,2.67,WSH,,6.66,1.42,R
Slade Cecconi,2024/8/3 00:00,2.1,3,3,4,0,3,55,5,0.672,0,2.7,2,PIT,,6.66,1.42,R
Slade Cecconi,2024/8/8 00:00,3,2,2,4,1,2,52,5,0.75,1,2.37,1.67,PHI,,6.66,1.42,R
Slade Cecconi,2024/9/2 00:00,1,5,5,7,1,0,47,25,0.781,1,2.03,3.33,LAD,,6.66,1.42,R
Slade Cecconi,2024/9/7 00:00,2,1,1,1,0,3,27,5,0.741,0,2,2.67,HOU,,6.66,1.42,R
Slade Cecconi,2024/9/11 00:00,0.2,1,1,3,1,0,28,4,0.686,1,1.07,2.33,TEX,,6.66,1.42,R
Sonny Gray,2024/4/9 00:00,5,0,0,5,0,5,64,5,0.75,1,5,0,PHI,,3.84,1.09,R
Sonny Gray,2024/4/15 00:00,6,0,0,4,0,6,72,6,0.694,0,5.5,0,OAK,,3.84,1.09,R
Sonny Gray,2024/4/21 00:00,6.1,2,2,5,1,12,93,6,0.729,1,5.7,0.67,MIL,,3.84,1.09,R
Sonny Gray,2024/4/27 00:00,6,1,4,4,3,9,92,6,0.734,0,6.03,1,NYM,,3.84,1.09,R
Sonny Gray,2024/5/3 00:00,7,0,0,3,1,6,94,6,0.618,1,6.37,1,CWS,,3.84,1.09,R
Sonny Gray,2024/5/9 00:00,5,6,6,7,1,6,88,6,0.729,0,6,2.33,MIL,,3.84,1.09,R
Sonny Gray,2024/5/14 00:00,6,5,5,8,2,9,89,5,0.671,0,6,3.67,LAA,,3.84,1.09,R
Sonny Gray,2024/5/20 00:00,5.2,1,3,3,2,6,88,6,0.751,1,5.4,4,BAL,,3.84,1.09,R
Sonny Gray,2024/5/26 00:00,5,0,0,1,2,8,74,6,0.71,1,5.4,2,CHC,,3.84,1.09,R
Sonny Gray,2024/6/1 00:00,5,4,4,5,3,10,86,6,0.75,0,5.07,1.67,PHI,,3.84,1.09,R
Sonny Gray,2024/6/6 00:00,4.2,3,3,2,4,5,89,5,0.704,1,4.73,2.33,COL,,3.84,1.09,R
Sonny Gray,2024/6/12 00:00,7,1,1,4,1,9,84,6,0.672,1,5.4,2.67,PIT,,3.84,1.09,R
Sonny Gray,2024/6/17 00:00,7.2,2,2,5,2,4,84,5,0.678,0,6.13,2,MIA,,3.84,1.09,R
Sonny Gray,2024/6/23 00:00,7,1,1,1,0,8,80,6,0.701,1,7.07,1.33,SF,,3.84,1.09,R
Sonny Gray,2024/6/29 00:00,4.1,3,6,7,1,6,92,6,0.693,1,6.1,2,CIN,,3.84,1.09,R
Sonny Gray,2024/7/5 00:00,5,5,5,8,1,6,88,6,0.684,0,5.37,3,WSH,,3.84,1.09,R
Sonny Gray,2024/7/12 00:00,7,3,3,9,0,6,102,7,0.71,1,5.37,3.67,CHC,,3.84,1.09,R
Sonny Gray,2024/7/20 00:00,7,5,5,8,0,10,87,8,0.724,0,6.33,4.33,ATL,,3.84,1.09,R
Sonny Gray,2024/7/26 00:00,5,5,5,7,3,7,90,6,0.684,1,6.33,4.33,WSH,,3.84,1.09,R
Sonny Gray,2024/8/1 00:00,7,2,2,5,1,9,94,6,0.71,0,6.33,4,CHC,,3.84,1.09,R
Sonny Gray,2024/8/6 00:00,7,2,2,4,1,6,106,5,0.669,1,6.33,3,TB,,3.84,1.09,R
Sonny Gray,2024/8/12 00:00,5,6,6,5,2,9,85,6,0.693,0,6.33,3.33,CIN,,3.84,1.09,R
Sonny Gray,2024/8/18 00:00,5,2,2,7,3,6,94,6,0.781,1,5.67,3.33,LAD,,3.84,1.09,R
Sonny Gray,2024/8/24 00:00,6,5,5,7,2,7,99,6,0.726,0,5.33,4.33,MIN,,3.84,1.09,R
Sonny Gray,2024/8/29 00:00,6,1,1,3,0,4,90,5,0.745,1,5.67,2.67,SD,,3.84,1.09,R
Sonny Gray,2024/9/4 00:00,7,1,1,4,1,7,99,6,0.729,0,6.33,2.33,MIL,,3.84,1.09,R
Sonny Gray,2024/9/12 00:00,6,1,1,2,2,9,91,8,0.693,1,6.33,1,CIN,,3.84,1.09,R
Sonny Gray,2024/9/18 00:00,5.2,4,4,9,0,8,90,6,0.672,1,6.07,2,PIT,,3.84,1.09,R
Spencer Arrighetti,2024/4/10 00:00,3,7,7,7,3,3,79,5,0.71,0,3,7,KC,,4.53,1.41,R
Spencer Arrighetti,2024/4/15 00:00,4,2,2,4,2,5,87,5,0.724,1,3.5,4.5,ATL,,4.53,1.41,R
Spencer Arrighetti,2024/4/24 00:00,3.2,4,4,7,2,7,90,9,0.71,0,3.4,4.33,CHC,,4.53,1.41,R
Spencer Arrighetti,2024/5/2 00:00,5.2,2,2,4,3,6,94,8,0.703,1,4.13,2.67,CLE,,4.53,1.41,R
Spencer Arrighetti,2024/5/8 00:00,5,5,5,8,3,4,88,6,0.761,0,4.47,3.67,NYY,,4.53,1.41,R
Spencer Arrighetti,2024/5/13 00:00,5,2,2,5,2,5,86,5,0.694,1,5.07,3,OAK,,4.53,1.41,R
Spencer Arrighetti,2024/5/19 00:00,6.1,4,4,7,2,6,99,6,0.729,1,5.37,3.67,MIL,,4.53,1.41,R
Spencer Arrighetti,2024/5/25 00:00,5,3,3,5,3,7,97,6,0.694,0,5.37,3,OAK,,4.53,1.41,R
Spencer Arrighetti,2024/5/30 00:00,6,0,0,2,3,8,90,5,0.687,0,5.7,2.33,SEA,,4.53,1.41,R
Spencer Arrighetti,2024/6/4 00:00,3,1,1,3,3,4,64,5,0.703,1,4.67,1.33,STL,,4.53,1.41,R
Spencer Arrighetti,2024/6/10 00:00,5.2,1,1,4,3,6,99,6,0.701,0,4.73,0.67,SF,,4.53,1.41,R
Spencer Arrighetti,2024/6/15 00:00,1.1,7,7,5,2,2,48,5,0.685,1,3.1,3,DET,,4.53,1.41,R
Spencer Arrighetti,2024/6/20 00:00,4.1,3,3,5,4,2,80,5,0.618,0,3.47,3.67,CWS,,4.53,1.41,R
Spencer Arrighetti,2024/6/26 00:00,7,0,0,3,0,10,89,6,0.704,1,4.07,3.33,COL,,4.53,1.41,R
Spencer Arrighetti,2024/7/2 00:00,4,6,7,6,4,5,89,6,0.703,0,5.03,3,TOR,,4.53,1.41,R
Spencer Arrighetti,2024/7/7 00:00,5,2,2,7,2,6,101,5,0.726,0,5.33,2.67,MIN,,4.53,1.41,R
Spencer Arrighetti,2024/7/13 00:00,6,1,1,2,3,7,85,6,0.686,1,5,3,TEX,,4.53,1.41,R
Spencer Arrighetti,2024/7/22 00:00,6,4,4,7,1,3,94,9,0.694,0,5.67,2.33,OAK,,4.53,1.41,R
Spencer Arrighetti,2024/7/28 00:00,6,3,3,4,2,8,97,6,0.781,1,6,2.67,LAD,,4.53,1.41,R
Spencer Arrighetti,2024/8/4 00:00,6,1,1,5,2,12,100,7,0.669,1,6,2.67,TB,,4.53,1.41,R
Spencer Arrighetti,2024/8/10 00:00,7,2,2,2,1,13,92,6,0.741,0,6.33,2,BOS,,4.53,1.41,R
Spencer Arrighetti,2024/8/16 00:00,5.2,4,4,7,2,5,93,6,0.618,1,6.07,2.33,CWS,,4.53,1.41,R
Spencer Arrighetti,2024/8/22 00:00,6,0,0,3,1,6,94,6,0.751,0,6.07,2,BAL,,4.53,1.41,R
Spencer Arrighetti,2024/8/28 00:00,7.2,0,0,2,4,11,103,6,0.75,0,6.13,1.33,PHI,,4.53,1.41,R
Spencer Arrighetti,2024/9/4 00:00,0.2,3,9,5,3,0,38,7,0.693,0,4.47,1,CIN,,4.53,1.41,R
Spencer Arrighetti,2024/9/10 00:00,6.2,2,2,7,1,7,97,6,0.694,1,4.53,1.67,OAK,,4.53,1.41,R
Spencer Arrighetti,2024/9/16 00:00,5,2,2,8,1,3,102,6,0.745,0,3.8,2.33,SD,,4.53,1.41,R
Spencer Arrighetti,2024/9/22 00:00,6,2,2,5,0,6,78,6,0.671,1,5.73,2,LAA,,4.53,1.41,R
Spencer Arrighetti,2024/9/27 00:00,2.1,0,0,0,3,4,52,5,0.703,0,4.37,1.33,CLE,,4.53,1.41,R
Spencer Bivens,2024/6/16 00:00,3,1,1,1,0,4,36,5,0.671,1,3,1,LAA,,3.14,1.19,R
Spencer Bivens,2024/6/19 00:00,2,2,3,5,2,1,49,3,0.71,0,2.5,1.5,CHC,,3.14,1.19,R
Spencer Bivens,2024/6/22 00:00,1,0,0,0,0,2,13,3,0.703,0,2,1,STL,,3.14,1.19,R
Spencer Bivens,2024/6/24 00:00,2,0,0,0,2,3,43,2,0.71,1,1.67,0.67,CHC,,3.14,1.19,R
Spencer Bivens,2024/6/27 00:00,1,0,0,0,0,1,7,3,0.71,1,1.33,0,CHC,,3.14,1.19,R
Spencer Bivens,2024/6/30 00:00,5,1,1,4,0,3,60,3,0.781,1,2.67,0.33,LAD,,3.14,1.19,R
Spencer Bivens,2024/7/5 00:00,3,1,1,4,1,2,64,5,0.703,0,3,0.67,CLE,,3.14,1.19,R
Spencer Bivens,2024/7/27 00:00,1,0,0,1,0,0,9,22,0.704,1,3,0.67,COL,,3.14,1.19,R
Spencer Bivens,2024/7/28 00:00,1,0,0,2,1,1,21,1,0.704,1,1.67,0.33,COL,,3.14,1.19,R
Spencer Bivens,2024/7/30 00:00,2.2,0,0,1,0,1,37,2,0.694,1,1.4,0,OAK,,3.14,1.19,R
Spencer Bivens,2024/8/4 00:00,1,0,0,1,0,0,12,5,0.693,0,1.4,0,CIN,,3.14,1.19,R
Spencer Bivens,2024/8/15 00:00,1,0,0,0,0,1,13,11,0.724,1,1.4,0,ATL,,3.14,1.19,R
Spencer Bivens,2024/8/17 00:00,1.1,1,1,2,0,0,21,2,0.694,0,1.03,0.33,OAK,,3.14,1.19,R
Spencer Bivens,2024/8/19 00:00,0.1,2,2,2,0,0,12,2,0.618,1,0.73,1,CWS,,3.14,1.19,R
Spencer Bivens,2024/8/21 00:00,0.1,0,1,2,0,0,14,2,0.618,1,0.43,1,CWS,,3.14,1.19,R
Spencer Bivens,2024/8/24 00:00,3,0,0,2,0,2,36,3,0.687,0,1.07,0.67,SEA,,3.14,1.19,R
Spencer Bivens,2024/8/28 00:00,0.1,0,0,2,0,0,13,4,0.729,0,1.07,0,MIL,,3.14,1.19,R
Spencer Bivens,2024/8/31 00:00,1.2,1,1,0,1,0,18,3,0.678,1,1.43,0.33,MIA,,3.14,1.19,R
Spencer Bivens,2024/9/4 00:00,4,2,2,2,1,3,54,4,0.777,1,1.77,1,AZ,,3.14,1.19,R
Spencer Bivens,2024/9/8 00:00,4.1,1,1,4,1,3,63,4,0.745,0,3.1,1.33,SD,,3.14,1.19,R
Spencer Bivens,2024/9/12 00:00,2,2,2,2,0,1,31,4,0.729,1,3.37,1.67,MIL,,3.14,1.19,R
Spencer Bivens,2024/9/15 00:00,0.2,0,1,1,0,0,13,3,0.745,1,2.1,1,SD,,3.14,1.19,R
Spencer Bivens,2024/9/19 00:00,2,0,0,3,1,2,35,4,0.751,0,1.4,0.67,BAL,,3.14,1.19,R
Spencer Bivens,2024/9/21 00:00,2,0,0,2,0,2,28,2,0.71,0,1.4,0,KC,,3.14,1.19,R
Spencer Bivens,2024/9/23 00:00,1,0,0,1,0,2,21,2,0.777,0,1.67,0,AZ,,3.14,1.19,R
Spencer Bivens,2024/9/25 00:00,1,3,3,2,1,1,27,2,0.777,0,1.33,1,AZ,,3.14,1.19,R
Spencer Bivens,2024/9/28 00:00,1,0,0,1,0,2,18,3,0.703,1,1,1,STL,,3.14,1.19,R
Spencer Howard,2024/5/28 00:00,4,0,0,5,0,4,49,5,0.75,1,4,0,PHI,,6.21,2,R
Spencer Howard,2024/6/3 00:00,4.2,2,2,4,0,3,67,6,0.777,0,4.1,1,AZ,,6.21,2,R
Spencer Howard,2024/6/8 00:00,4.2,1,1,3,3,2,74,5,0.686,0,4.13,1,TEX,,6.21,2,R
Spencer Howard,2024/6/14 00:00,2.1,4,4,7,4,1,59,6,0.671,1,3.5,2.33,LAA,,6.21,2,R
Spencer Howard,2024/6/19 00:00,1,2,3,4,1,3,33,5,0.71,0,2.43,2.33,CHC,,6.21,2,R
Spencer Howard,2024/6/24 00:00,4.2,0,0,4,1,8,77,5,0.71,1,2.43,2,CHC,,6.21,2,R
Spencer Howard,2024/6/29 00:00,2.2,6,6,6,2,0,57,5,0.781,1,2.47,2.67,LAD,,6.21,2,R
Spencer Howard,2024/7/11 00:00,3,4,4,7,3,4,75,12,0.685,0,3.13,3.33,DET,,6.21,2,R
Spencer Howard,2024/7/20 00:00,2,1,4,4,0,2,46,9,0.745,1,2.4,3.67,SD,,6.21,2,R
Spencer Schwellenbach,2024/5/29 00:00,5,3,3,5,1,5,88,5,0.684,1,5,3,WSH,,3.35,1.04,R
Spencer Schwellenbach,2024/6/5 00:00,4.2,6,6,7,2,4,85,7,0.741,0,4.6,4.5,BOS,,3.35,1.04,R
Spencer Schwellenbach,2024/6/12 00:00,6,2,2,4,2,3,89,7,0.751,0,5.07,3.67,BAL,,3.35,1.04,R
Spencer Schwellenbach,2024/6/18 00:00,6,1,1,3,2,7,89,6,0.685,1,5.4,3,DET,,3.35,1.04,R
Spencer Schwellenbach,2024/6/24 00:00,5,4,4,8,0,6,86,6,0.703,0,5.67,2.33,STL,,3.35,1.04,R
Spencer Schwellenbach,2024/6/30 00:00,5,4,4,5,2,7,85,6,0.672,1,5.33,3,PIT,,3.35,1.04,R
Spencer Schwellenbach,2024/7/6 00:00,6,1,1,7,0,6,81,6,0.75,1,5.33,3,PHI,,3.35,1.04,R
Spencer Schwellenbach,2024/7/12 00:00,7,1,1,3,1,3,94,6,0.745,0,6,2,SD,,3.35,1.04,R
Spencer Schwellenbach,2024/7/21 00:00,6,4,4,7,0,8,98,9,0.703,1,6.33,2,STL,,3.35,1.04,R
Spencer Schwellenbach,2024/7/27 00:00,7,0,0,2,0,11,89,6,0.734,0,6.67,1.67,NYM,,3.35,1.04,R
Spencer Schwellenbach,2024/8/2 00:00,7,3,3,6,0,10,94,6,0.678,1,6.67,2.33,MIA,,3.35,1.04,R
Spencer Schwellenbach,2024/8/11 00:00,6,2,2,6,2,7,96,9,0.704,0,6.67,1.67,COL,,3.35,1.04,R
Spencer Schwellenbach,2024/8/16 00:00,5,3,3,4,2,8,92,5,0.671,0,6,2.67,LAA,,3.35,1.04,R
Spencer Schwellenbach,2024/8/22 00:00,6.2,2,2,3,1,9,94,6,0.75,1,5.73,2.33,PHI,,3.35,1.04,R
Spencer Schwellenbach,2024/8/27 00:00,4.2,0,0,5,3,8,106,5,0.726,0,5.13,1.67,MIN,,3.35,1.04,R
Spencer Schwellenbach,2024/9/1 00:00,5.2,2,2,5,1,2,82,5,0.75,0,5.2,1.33,PHI,,3.35,1.04,R
Spencer Schwellenbach,2024/9/7 00:00,5,3,6,10,0,3,72,6,0.703,1,4.8,1.67,TOR,,3.35,1.04,R
Spencer Schwellenbach,2024/9/13 00:00,6,2,2,4,1,6,92,6,0.781,1,5.4,2.33,LAD,,3.35,1.04,R
Spencer Schwellenbach,2024/9/18 00:00,6,1,1,5,2,5,94,5,0.693,0,5.67,2,CIN,,3.35,1.04,R
Spencer Schwellenbach,2024/9/24 00:00,7,1,1,3,1,4,87,6,0.734,1,6.33,1.33,NYM,,3.35,1.04,R
Spencer Schwellenbach,2024/9/30 00:00,7,1,1,4,0,5,94,6,0.734,1,6.67,1,NYM,,3.35,1.04,R
Spencer Strider,2024/3/29 00:00,5,2,2,3,2,8,90,5,0.75,0,5,2,PHI,,7,1.67,R
Spencer Strider,2024/4/5 00:00,4,5,5,7,3,4,88,7,0.777,1,4.5,3.5,AZ,,7,1.67,R
Spencer Turnbull,2024/4/2 00:00,5,0,1,3,0,7,83,5,0.693,1,5,0,CIN,,2.65,1.05,R
Spencer Turnbull,2024/4/8 00:00,6,0,0,2,1,6,82,6,0.703,0,5.5,0,STL,,2.65,1.05,R
Spencer Turnbull,2024/4/13 00:00,4,3,3,4,4,3,88,5,0.672,1,5,1,PIT,,2.65,1.05,R
Spencer Turnbull,2024/4/19 00:00,7,0,0,1,2,6,92,6,0.618,1,5.67,1,CWS,,2.65,1.05,R
Spencer Turnbull,2024/4/24 00:00,5,1,1,3,3,8,89,5,0.693,0,5.33,1.33,CIN,,2.65,1.05,R
Spencer Turnbull,2024/4/30 00:00,5.1,2,2,4,0,6,98,6,0.671,0,5.7,1,LAA,,2.65,1.05,R
Spencer Turnbull,2024/5/7 00:00,2,0,0,0,1,0,33,7,0.703,1,4.03,1,TOR,,2.65,1.05,R
Spencer Turnbull,2024/5/12 00:00,1,0,0,1,0,2,18,5,0.678,0,2.7,0.67,MIA,,2.65,1.05,R
Spencer Turnbull,2024/5/15 00:00,3,3,3,5,1,0,54,3,0.734,1,2,1,NYM,,2.65,1.05,R
Spencer Turnbull,2024/5/19 00:00,1,2,2,4,0,1,24,4,0.684,1,1.67,1.67,WSH,,2.65,1.05,R
Spencer Turnbull,2024/5/25 00:00,1,1,1,2,0,3,24,6,0.704,0,1.67,2,COL,,2.65,1.05,R
Spencer Turnbull,2024/5/29 00:00,1,1,1,2,0,1,22,4,0.701,0,1,1.33,SF,,2.65,1.05,R
Spencer Turnbull,2024/6/1 00:00,3,0,0,0,0,6,49,3,0.703,1,1.67,0.67,STL,,2.65,1.05,R
Spencer Turnbull,2024/6/12 00:00,1.1,2,2,2,4,1,39,11,0.741,0,1.7,1,BOS,,2.65,1.05,R
Spencer Turnbull,2024/6/16 00:00,2.2,0,0,1,1,4,37,4,0.751,0,2.1,0.67,BAL,,2.65,1.05,R
Spencer Turnbull,2024/6/21 00:00,3,0,0,2,1,2,49,5,0.777,1,2.1,0.67,AZ,,2.65,1.05,R
Spencer Turnbull,2024/6/26 00:00,3,1,1,1,2,2,37,5,0.685,0,2.73,0.33,DET,,2.65,1.05,R
Steven Matz,2024/3/31 00:00,5.1,2,2,5,2,3,81,5,0.781,0,5.1,2,LAD,,5.08,1.44,L
Steven Matz,2024/4/6 00:00,5,0,0,4,1,3,85,6,0.678,1,5.05,1,MIA,,5.08,1.44,L
Steven Matz,2024/4/12 00:00,4.2,1,4,8,0,2,76,6,0.777,0,4.77,1,AZ,,5.08,1.44,L
Steven Matz,2024/4/17 00:00,5,5,5,7,3,4,94,5,0.694,0,4.73,2,OAK,,5.08,1.44,L
Steven Matz,2024/4/23 00:00,4.1,7,7,6,3,4,92,6,0.777,1,4.43,4.33,AZ,,5.08,1.44,L
Steven Matz,2024/4/30 00:00,3.1,4,4,7,2,1,73,7,0.685,0,4.07,5.33,DET,,5.08,1.44,L
Steven Matz,2024/9/3 00:00,4.2,3,3,3,1,7,78,126,0.729,0,3.8,4.67,MIL,,5.08,1.44,L
Steven Matz,2024/9/8 00:00,4,2,2,2,1,4,56,5,0.687,1,3.77,3,SEA,,5.08,1.44,L
Steven Matz,2024/9/15 00:00,2,0,0,1,1,3,29,7,0.703,0,3.4,1.67,TOR,,5.08,1.44,L
Steven Matz,2024/9/20 00:00,3,1,1,2,1,1,45,5,0.703,1,3,1,CLE,,5.08,1.44,L
Steven Matz,2024/9/26 00:00,2,0,0,2,0,1,27,6,0.704,0,2.33,0.33,COL,,5.08,1.44,L
Steven Matz,2024/9/29 00:00,1,0,0,2,0,0,18,3,0.701,0,2,0.33,SF,,5.08,1.44,L
Steven Okert,2024/3/30 00:00,1,0,0,1,1,2,16,5,0.71,0,1,0,KC,,5.09,1.5,L
Steven Okert,2024/4/3 00:00,1,0,0,0,1,3,20,4,0.729,0,1,0,MIL,,5.09,1.5,L
Steven Okert,2024/4/8 00:00,1,1,1,3,0,1,16,5,0.781,1,1,0.33,LAD,,5.09,1.5,L
Steven Okert,2024/4/10 00:00,1,0,0,1,0,1,16,2,0.781,1,1,0.33,LAD,,5.09,1.5,L
Steven Okert,2024/4/13 00:00,1,0,0,0,0,2,13,3,0.685,0,1,0.33,DET,,5.09,1.5,L
Steven Okert,2024/4/17 00:00,0.2,1,1,3,0,1,18,4,0.751,0,0.73,0.33,BAL,,5.09,1.5,L
Steven Okert,2024/4/20 00:00,0.1,1,1,1,1,0,17,3,0.685,1,0.43,0.67,DET,,5.09,1.5,L
Steven Okert,2024/4/23 00:00,1,1,1,1,0,1,11,3,0.618,1,0.43,1,CWS,,5.09,1.5,L
Steven Okert,2024/4/25 00:00,0.1,0,1,1,1,0,10,2,0.618,1,0.4,0.67,CWS,,5.09,1.5,L
Steven Okert,2024/4/28 00:00,2,0,0,0,0,2,30,3,0.671,0,1.03,0.33,LAA,,5.09,1.5,L
Steven Okert,2024/5/1 00:00,1,0,0,0,0,1,13,3,0.618,0,1.03,0,CWS,,5.09,1.5,L
Steven Okert,2024/5/4 00:00,0.1,0,0,0,1,1,14,3,0.741,1,1.03,0,BOS,,5.09,1.5,L
Steven Okert,2024/5/7 00:00,0.2,1,1,1,1,1,19,3,0.687,1,0.43,0.33,SEA,,5.09,1.5,L
Steven Okert,2024/5/11 00:00,0.1,0,0,1,1,0,11,4,0.703,0,0.13,0.33,TOR,,5.09,1.5,L
Steven Okert,2024/5/14 00:00,1,0,0,1,1,0,10,3,0.761,1,0.43,0.33,NYY,,5.09,1.5,L
Steven Okert,2024/5/16 00:00,1,0,0,0,0,0,6,2,0.761,1,0.7,0,NYY,,5.09,1.5,L
Steven Okert,2024/5/17 00:00,0.2,1,1,1,0,0,11,1,0.703,0,0.73,0.33,CLE,,5.09,1.5,L
Steven Okert,2024/5/22 00:00,1.1,0,0,0,0,2,14,5,0.684,0,0.77,0.33,WSH,,5.09,1.5,L
Steven Okert,2024/5/24 00:00,1,0,0,0,0,0,5,2,0.686,1,0.77,0.33,TEX,,5.09,1.5,L
Steven Okert,2024/5/29 00:00,1,0,0,0,0,0,8,5,0.71,1,1.03,0,KC,,5.09,1.5,L
Steven Okert,2024/5/31 00:00,1,0,0,0,0,0,10,2,0.741,0,1,0,HOU,,5.09,1.5,L
Steven Okert,2024/6/2 00:00,0.2,0,0,1,0,0,16,2,0.741,0,0.73,0,HOU,,5.09,1.5,L
Steven Okert,2024/6/5 00:00,1,0,0,1,0,2,12,3,0.761,0,0.73,0,NYY,,5.09,1.5,L
Steven Okert,2024/6/10 00:00,0.2,0,0,0,0,0,10,5,0.704,1,0.47,0,COL,,5.09,1.5,L
Steven Okert,2024/6/12 00:00,1,2,2,3,0,0,18,2,0.704,1,0.73,0.67,COL,,5.09,1.5,L
Steven Okert,2024/6/19 00:00,0.2,0,0,0,1,0,19,7,0.669,1,0.47,0.67,TB,,5.09,1.5,L
Steven Okert,2024/6/20 00:00,0.1,1,1,2,0,0,15,1,0.669,1,0.43,1,TB,,5.09,1.5,L
Steven Okert,2024/6/26 00:00,1.1,0,0,0,0,3,19,6,0.777,0,0.47,0.33,AZ,,5.09,1.5,L
Steven Okert,2024/6/29 00:00,1,0,0,1,1,1,17,3,0.687,0,0.73,0.33,SEA,,5.09,1.5,L
Steven Okert,2024/6/30 00:00,0.2,1,1,1,0,0,16,1,0.687,0,0.77,0.33,SEA,,5.09,1.5,L
Steven Okert,2024/7/8 00:00,0.1,2,2,1,0,1,8,8,0.618,0,0.43,1,CWS,,5.09,1.5,L
Steven Okert,2024/7/10 00:00,1,0,0,0,0,0,9,2,0.618,0,0.43,1,CWS,,5.09,1.5,L
Steven Okert,2024/7/14 00:00,0.2,0,0,1,1,2,18,4,0.701,0,0.43,0.67,SF,,5.09,1.5,L
Steven Okert,2024/7/20 00:00,0.2,2,3,2,1,0,11,6,0.729,1,0.47,0.67,MIL,,5.09,1.5,L
Steven Okert,2024/7/24 00:00,0.1,0,0,1,1,0,14,4,0.75,1,0.17,0.67,PHI,,5.09,1.5,L
Steven Okert,2024/7/27 00:00,0.1,1,1,2,0,1,21,3,0.685,0,0.13,1,DET,,5.09,1.5,L
Steven Okert,2024/7/29 00:00,0.2,0,0,0,1,1,13,2,0.734,0,0.13,0.33,NYM,,5.09,1.5,L
Steven Okert,2024/8/4 00:00,0.1,0,0,0,0,1,3,6,0.618,1,0.13,0.33,CWS,,5.09,1.5,L
Steven Okert,2024/8/13 00:00,1,1,1,1,0,0,15,9,0.71,1,0.43,0.33,KC,,5.09,1.5,L
Steven Okert,2024/8/14 00:00,1,0,0,0,1,0,15,1,0.71,1,0.7,0.33,KC,,5.09,1.5,L
Steven Okert,2024/8/16 00:00,0.2,0,0,0,0,1,8,2,0.686,0,0.73,0.33,TEX,,5.09,1.5,L
Steven Okert,2024/8/20 00:00,0.1,4,4,4,0,0,19,4,0.745,0,0.43,1.33,SD,,5.09,1.5,L
Steven Okert,2024/8/21 00:00,1,0,0,0,0,1,15,1,0.745,0,0.43,1.33,SD,,5.09,1.5,L
Steven Okert,2024/8/23 00:00,1,0,0,1,1,1,18,2,0.703,1,0.7,1.33,STL,,5.09,1.5,L
Taijuan Walker,2024/4/28 00:00,6.1,6,6,8,2,4,90,5,0.745,0,6.1,6,SD,,7.1,1.72,R
Taijuan Walker,2024/5/5 00:00,6.1,3,3,5,1,7,90,7,0.701,1,6.1,4.5,SF,,7.1,1.72,R
Taijuan Walker,2024/5/11 00:00,6,1,1,8,1,4,86,6,0.678,0,6.07,3.33,MIA,,7.1,1.72,R
Taijuan Walker,2024/5/16 00:00,3.1,2,2,4,2,1,59,5,0.734,1,5.07,2,NYM,,7.1,1.72,R
Taijuan Walker,2024/5/22 00:00,4.2,3,3,6,4,5,86,6,0.686,1,4.43,2,TEX,,7.1,1.72,R
Taijuan Walker,2024/5/27 00:00,6,5,6,9,2,4,98,5,0.701,0,4.43,3.33,SF,,7.1,1.72,R
Taijuan Walker,2024/6/2 00:00,5,4,4,5,3,5,93,6,0.703,1,5.07,4,STL,,7.1,1.72,R
Taijuan Walker,2024/6/9 00:00,5.2,2,2,2,1,6,79,7,0.734,1,5.4,3.67,NYM,,7.1,1.72,R
Taijuan Walker,2024/6/15 00:00,5.2,3,3,6,2,4,92,6,0.751,0,5.13,3,BAL,,7.1,1.72,R
Taijuan Walker,2024/6/21 00:00,4,4,4,5,3,3,77,6,0.777,1,4.8,3,AZ,,7.1,1.72,R
Taijuan Walker,2024/8/13 00:00,4,3,3,4,3,5,76,53,0.678,1,4.4,3.33,MIA,,7.1,1.72,R
Taijuan Walker,2024/8/18 00:00,4.2,3,3,4,3,3,99,5,0.684,1,4.07,3.33,WSH,,7.1,1.72,R
Taijuan Walker,2024/8/23 00:00,3,6,6,8,1,2,78,5,0.71,0,3.73,4,KC,,7.1,1.72,R
Taijuan Walker,2024/8/28 00:00,6,6,6,13,1,0,93,5,0.741,1,4.4,5,HOU,,7.1,1.72,R
Taijuan Walker,2024/9/3 00:00,3,2,2,4,0,0,41,6,0.703,0,4,4.67,TOR,,7.1,1.72,R
Taijuan Walker,2024/9/7 00:00,2,2,3,3,2,2,35,4,0.678,0,3.67,3.33,MIA,,7.1,1.72,R
Taijuan Walker,2024/9/14 00:00,3,0,0,3,0,0,37,7,0.734,1,2.67,1.33,NYM,,7.1,1.72,R
Taijuan Walker,2024/9/19 00:00,3.1,8,8,6,3,2,71,5,0.734,0,2.7,3.33,NYM,,7.1,1.72,R
Taijuan Walker,2024/9/24 00:00,1.2,3,3,4,3,1,55,5,0.71,1,2.43,3.67,CHC,,7.1,1.72,R
Taj Bradley,2024/5/10 00:00,6,1,1,4,2,7,93,5,0.761,1,6,1,NYY,,4.11,1.22,R
Taj Bradley,2024/5/15 00:00,5,2,2,4,1,6,83,5,0.741,0,5.5,1.5,BOS,,4.11,1.22,R
Taj Bradley,2024/5/20 00:00,7,5,5,6,0,10,92,5,0.741,1,6,2.67,BOS,,4.11,1.22,R
Taj Bradley,2024/5/26 00:00,5,0,0,1,3,6,95,6,0.71,1,5.67,2.33,KC,,4.11,1.22,R
Taj Bradley,2024/6/1 00:00,3.1,9,9,9,3,3,79,6,0.751,0,5.03,4.67,BAL,,4.11,1.22,R
Taj Bradley,2024/6/8 00:00,5,1,1,3,1,7,99,7,0.751,1,4.37,3.33,BAL,,4.11,1.22,R
Taj Bradley,2024/6/13 00:00,7,0,2,3,2,11,103,5,0.71,1,5.03,3.33,CHC,,4.11,1.22,R
Taj Bradley,2024/6/19 00:00,6,2,2,7,2,3,104,6,0.726,0,6,1,MIN,,4.11,1.22,R
Taj Bradley,2024/6/24 00:00,5.1,1,1,2,4,8,88,5,0.687,1,6.03,1,SEA,,4.11,1.22,R
Taj Bradley,2024/6/30 00:00,5.2,0,0,3,2,11,99,6,0.684,1,5.43,1,WSH,,4.11,1.22,R
Taj Bradley,2024/7/6 00:00,6,1,2,5,2,5,79,6,0.686,0,5.43,0.67,TEX,,4.11,1.22,R
Taj Bradley,2024/7/12 00:00,7,0,0,5,2,8,97,6,0.703,1,6.07,0.33,CLE,,4.11,1.22,R
Taj Bradley,2024/7/20 00:00,7,0,0,1,2,5,99,8,0.761,0,6.67,0.33,NYY,,4.11,1.22,R
Taj Bradley,2024/7/25 00:00,6,0,0,2,1,7,83,5,0.703,0,6.67,0,TOR,,4.11,1.22,R
Taj Bradley,2024/7/31 00:00,5,4,4,4,1,6,94,6,0.678,1,6,1.33,MIA,,4.11,1.22,R
Taj Bradley,2024/8/7 00:00,4.2,5,5,9,3,3,92,7,0.703,0,5.07,3,STL,,4.11,1.22,R
Taj Bradley,2024/8/12 00:00,4.1,6,6,8,2,6,93,5,0.741,1,4.43,5,HOU,,4.11,1.22,R
Taj Bradley,2024/8/19 00:00,6,3,3,5,3,2,89,7,0.694,0,4.77,4.67,OAK,,4.11,1.22,R
Taj Bradley,2024/8/24 00:00,6,5,6,7,0,5,99,5,0.781,0,5.37,4.67,LAD,,4.11,1.22,R
Taj Bradley,2024/8/30 00:00,2.1,8,8,8,2,2,71,6,0.745,1,4.7,5.33,SD,,4.11,1.22,R
Taj Bradley,2024/9/5 00:00,7,4,4,6,1,10,101,6,0.726,1,5.03,5.67,MIN,,4.11,1.22,R
Taj Bradley,2024/9/10 00:00,6,3,4,6,2,6,90,5,0.75,0,5.03,5,PHI,,4.11,1.22,R
Taj Bradley,2024/9/15 00:00,4.1,2,2,5,3,6,99,5,0.703,0,5.7,3,CLE,,4.11,1.22,R
Taj Bradley,2024/9/21 00:00,5,1,1,6,2,4,103,6,0.703,1,5.03,2,TOR,,4.11,1.22,R
Taj Bradley,2024/9/27 00:00,6,0,0,3,1,7,71,6,0.741,0,5.03,1,BOS,,4.11,1.22,R
Tanner Banks,2024/3/31 00:00,1,0,0,0,1,1,22,5,0.685,1,1,0,DET,,3.98,1.3,L
Tanner Banks,2024/4/6 00:00,1,0,0,1,0,2,18,6,0.71,0,1,0,KC,,3.98,1.3,L
Tanner Banks,2024/4/8 00:00,2.1,1,1,2,0,5,43,2,0.703,0,1.37,0.33,CLE,,3.98,1.3,L
Tanner Banks,2024/4/10 00:00,1,0,0,0,0,1,6,2,0.703,0,1.37,0.33,CLE,,3.98,1.3,L
Tanner Banks,2024/4/14 00:00,2,1,5,3,2,2,45,4,0.693,1,1.7,0.67,CIN,,3.98,1.3,L
Tanner Banks,2024/4/17 00:00,1.1,0,1,1,0,1,13,3,0.71,1,1.37,0.33,KC,,3.98,1.3,L
Tanner Banks,2024/4/20 00:00,0.2,2,2,4,1,1,26,3,0.75,0,1.1,1,PHI,,3.98,1.3,L
Tanner Banks,2024/4/21 00:00,1.2,0,0,1,0,2,24,1,0.75,0,0.83,0.67,PHI,,3.98,1.3,L
Tanner Banks,2024/4/25 00:00,0,1,1,3,0,0,8,4,0.726,0,0.47,1,MIN,,3.98,1.3,L
Tanner Banks,2024/4/26 00:00,1,1,1,3,0,1,15,1,0.669,1,0.73,0.67,TB,,3.98,1.3,L
Tanner Banks,2024/4/30 00:00,0.2,1,1,2,0,0,13,4,0.726,1,0.4,1,MIN,,3.98,1.3,L
Tanner Banks,2024/5/1 00:00,1.1,2,2,3,0,1,22,1,0.726,1,0.77,1.33,MIN,,3.98,1.3,L
Tanner Banks,2024/5/4 00:00,0.1,0,0,0,0,1,5,3,0.703,0,0.47,1,STL,,3.98,1.3,L
Tanner Banks,2024/5/6 00:00,2,0,0,0,0,3,28,2,0.669,0,1.07,0.67,TB,,3.98,1.3,L
Tanner Banks,2024/5/10 00:00,1.1,2,2,2,0,0,20,4,0.703,1,1.07,0.67,CLE,,3.98,1.3,L
Tanner Banks,2024/5/17 00:00,2,1,1,2,0,2,30,7,0.761,0,1.7,1,NYY,,3.98,1.3,L
Tanner Banks,2024/5/22 00:00,2.1,0,0,1,0,4,35,5,0.703,0,1.73,1,TOR,,3.98,1.3,L
Tanner Banks,2024/5/24 00:00,1,0,0,0,0,0,13,2,0.751,1,1.7,0.33,BAL,,3.98,1.3,L
Tanner Banks,2024/5/28 00:00,1,1,1,1,2,1,26,4,0.703,1,1.37,0.33,TOR,,3.98,1.3,L
Tanner Banks,2024/5/29 00:00,1,0,0,0,0,1,11,1,0.703,1,1,0.33,TOR,,3.98,1.3,L
Tanner Banks,2024/6/2 00:00,2.1,0,0,1,0,2,27,4,0.729,0,1.37,0.33,MIL,,3.98,1.3,L
Tanner Banks,2024/6/4 00:00,0.1,2,2,2,0,0,13,2,0.71,0,1.07,0.67,CHC,,3.98,1.3,L
Tanner Banks,2024/6/8 00:00,1.2,0,0,1,0,2,22,4,0.741,1,1.13,0.67,BOS,,3.98,1.3,L
Tanner Banks,2024/6/9 00:00,1,1,1,1,0,1,17,1,0.741,1,0.77,1,BOS,,3.98,1.3,L
Tanner Banks,2024/6/11 00:00,1,1,1,0,1,1,12,2,0.687,0,1.07,0.67,SEA,,3.98,1.3,L
Tanner Banks,2024/6/13 00:00,1,0,0,0,0,2,9,2,0.687,0,1,0.67,SEA,,3.98,1.3,L
Tanner Banks,2024/6/15 00:00,1,0,0,2,0,1,21,2,0.777,0,1,0.33,AZ,,3.98,1.3,L
Tanner Banks,2024/6/20 00:00,0.1,0,1,1,0,0,5,5,0.741,1,0.7,0,HOU,,3.98,1.3,L
Tanner Banks,2024/6/24 00:00,0.1,0,0,0,2,0,10,4,0.781,1,0.4,0,LAD,,3.98,1.3,L
Tanner Banks,2024/6/25 00:00,2,0,0,1,0,1,23,1,0.781,1,0.73,0,LAD,,3.98,1.3,L
Tanner Banks,2024/6/28 00:00,1,1,1,1,0,3,15,3,0.704,1,1.03,0.33,COL,,3.98,1.3,L
Tanner Banks,2024/6/29 00:00,1.1,0,0,1,1,1,26,1,0.704,1,1.37,0.33,COL,,3.98,1.3,L
Tanner Banks,2024/7/2 00:00,1,0,0,0,0,1,11,3,0.703,0,1.03,0.33,CLE,,3.98,1.3,L
Tanner Banks,2024/7/3 00:00,1.1,0,0,0,0,1,15,1,0.703,0,1.07,0,CLE,,3.98,1.3,L
Tanner Banks,2024/7/5 00:00,0.2,0,0,0,0,1,11,2,0.678,0,0.77,0,MIA,,3.98,1.3,L
Tanner Banks,2024/7/7 00:00,1,2,2,1,1,0,19,2,0.678,0,0.77,0.67,MIA,,3.98,1.3,L
Tanner Banks,2024/7/13 00:00,1.1,1,1,2,0,2,23,6,0.672,1,0.77,1,PIT,,3.98,1.3,L
Tanner Banks,2024/7/20 00:00,1,0,2,1,3,2,28,7,0.71,0,1.03,1,KC,,3.98,1.3,L
Tanner Banks,2024/7/23 00:00,2,1,1,2,1,2,32,3,0.686,0,1.37,0.67,TEX,,3.98,1.3,L
Tanner Banks,2024/7/25 00:00,0.1,0,0,0,0,0,5,2,0.686,0,1.03,0.33,TEX,,3.98,1.3,L
Tanner Banks,2024/7/29 00:00,1,0,0,1,0,3,18,4,0.71,1,1.03,0.33,KC,,3.98,1.3,L
Tanner Banks,2024/7/31 00:00,1,0,0,0,0,0,7,2,0.761,1,0.7,0,NYY,,3.98,1.3,L
Tanner Banks,2024/8/2 00:00,2,0,0,0,1,3,28,2,0.687,0,1.33,0,SEA,,3.98,1.3,L
Tanner Banks,2024/8/5 00:00,2,1,1,1,0,1,18,3,0.781,0,1.67,0.33,LAD,,3.98,1.3,L
Tanner Banks,2024/8/9 00:00,1,0,0,0,0,0,9,4,0.777,0,1.67,0.33,AZ,,3.98,1.3,L
Tanner Banks,2024/8/11 00:00,0.1,1,1,1,1,0,12,2,0.777,0,1.03,0.67,AZ,,3.98,1.3,L
Tanner Banks,2024/8/13 00:00,1,1,1,2,1,2,28,2,0.678,1,0.7,0.67,MIA,,3.98,1.3,L
Tanner Banks,2024/8/15 00:00,1,0,0,2,0,0,10,2,0.684,1,0.7,0.67,WSH,,3.98,1.3,L
Tanner Banks,2024/8/18 00:00,1.1,1,1,2,1,2,25,3,0.684,1,1.03,0.67,WSH,,3.98,1.3,L
Tanner Banks,2024/8/22 00:00,1,0,0,1,0,1,23,4,0.724,0,1.03,0.33,ATL,,3.98,1.3,L
Tanner Banks,2024/8/23 00:00,1,0,0,0,0,0,12,1,0.71,0,1.03,0.33,KC,,3.98,1.3,L
Tanner Banks,2024/8/27 00:00,1,0,0,0,0,0,9,4,0.741,1,1,0,HOU,,3.98,1.3,L
Tanner Banks,2024/8/30 00:00,1,0,0,0,0,2,9,3,0.724,1,1,0,ATL,,3.98,1.3,L
Tanner Banks,2024/9/3 00:00,1.1,0,0,2,0,3,20,4,0.703,0,1.03,0,TOR,,3.98,1.3,L
Tanner Banks,2024/9/7 00:00,1,1,1,2,0,2,24,4,0.678,0,1.03,0.33,MIA,,3.98,1.3,L
Tanner Banks,2024/9/8 00:00,1,0,0,0,0,2,15,1,0.678,0,1.03,0.33,MIA,,3.98,1.3,L
Tanner Banks,2024/9/10 00:00,1,0,0,1,2,0,22,2,0.669,1,1,0.33,TB,,3.98,1.3,L
Tanner Banks,2024/9/16 00:00,1,1,1,1,1,0,30,6,0.729,0,1,0.33,MIL,,3.98,1.3,L
Tanner Banks,2024/9/19 00:00,1,0,0,1,0,1,11,3,0.734,0,1,0.33,NYM,,3.98,1.3,L
Tanner Banks,2024/9/21 00:00,1,1,1,1,2,1,19,2,0.734,0,1,0.67,NYM,,3.98,1.3,L
Tanner Banks,2024/9/24 00:00,1.1,3,3,3,0,1,20,3,0.71,1,1.03,1.33,CHC,,3.98,1.3,L
Tanner Banks,2024/9/27 00:00,1,0,1,2,1,0,31,3,0.684,0,1.03,1.33,WSH,,3.98,1.3,L
Tanner Banks,2024/9/29 00:00,1,0,0,0,0,2,10,2,0.684,0,1.03,1,WSH,,3.98,1.3,L
Tanner Banks,2024/10/5 00:00,1,1,1,2,0,2,20,6,0.734,1,1,0.33,NYM,,3.98,1.3,L
Tanner Bibee,2024/3/30 00:00,4,3,3,6,5,4,88,5,0.694,0,4,3,OAK,,3.47,1.12,R
Tanner Bibee,2024/4/4 00:00,5.1,1,1,5,0,9,91,5,0.726,0,4.55,2,MIN,,3.47,1.12,R
Tanner Bibee,2024/4/10 00:00,4.1,5,5,6,3,2,84,6,0.618,1,4.4,3,CWS,,3.47,1.12,R
Tanner Bibee,2024/4/16 00:00,5,1,1,5,2,3,92,6,0.741,0,4.73,2.33,BOS,,3.47,1.12,R
Tanner Bibee,2024/4/21 00:00,5.2,2,2,5,2,8,97,5,0.694,1,4.77,2.67,OAK,,3.47,1.12,R
Tanner Bibee,2024/4/27 00:00,7,0,0,2,0,9,91,6,0.724,0,5.73,1,ATL,,3.47,1.12,R
Tanner Bibee,2024/5/3 00:00,5,6,6,8,1,4,91,6,0.671,1,5.73,2.67,LAA,,3.47,1.12,R
Tanner Bibee,2024/5/8 00:00,4,4,4,5,0,5,82,5,0.685,1,5.33,3.33,DET,,3.47,1.12,R
Tanner Bibee,2024/5/13 00:00,5.1,0,0,3,2,4,94,5,0.686,0,4.7,3.33,TEX,,3.47,1.12,R
Tanner Bibee,2024/5/19 00:00,7,1,1,4,1,8,95,6,0.726,1,5.37,1.67,MIN,,3.47,1.12,R
Tanner Bibee,2024/5/25 00:00,6,3,3,6,1,6,91,6,0.671,0,6.03,1.33,LAA,,3.47,1.12,R
Tanner Bibee,2024/5/31 00:00,6.1,1,1,3,1,7,89,6,0.684,1,6.37,1.67,WSH,,3.47,1.12,R
Tanner Bibee,2024/6/6 00:00,5,2,3,6,1,7,94,6,0.71,1,5.7,2,KC,,3.47,1.12,R
Tanner Bibee,2024/6/12 00:00,5.1,4,4,4,1,11,102,6,0.693,0,5.4,2.33,CIN,,3.47,1.12,R
Tanner Bibee,2024/6/19 00:00,6,0,0,3,1,12,93,7,0.687,1,5.37,2,SEA,,3.47,1.12,R
Tanner Bibee,2024/6/24 00:00,6,1,2,5,1,7,97,5,0.751,0,5.7,1.67,BAL,,3.47,1.12,R
Tanner Bibee,2024/6/29 00:00,6,2,2,4,0,3,89,5,0.71,0,6,1,KC,,3.47,1.12,R
Tanner Bibee,2024/7/5 00:00,4.2,4,4,6,2,6,99,6,0.701,1,5.4,2.33,SF,,3.47,1.12,R
Tanner Bibee,2024/7/10 00:00,7,4,4,5,3,8,109,5,0.685,0,5.73,3.33,DET,,3.47,1.12,R
Tanner Bibee,2024/7/19 00:00,5.2,0,0,2,3,3,102,9,0.745,1,5.47,2.67,SD,,3.47,1.12,R
Tanner Bibee,2024/7/24 00:00,5,1,1,2,1,4,67,5,0.685,1,5.73,1.67,DET,,3.47,1.12,R
Tanner Bibee,2024/7/29 00:00,6,2,2,7,0,2,95,5,0.685,0,5.4,1,DET,,3.47,1.12,R
Tanner Bibee,2024/8/11 00:00,5.2,1,1,6,0,5,84,13,0.726,0,5.4,1.33,MIN,,3.47,1.12,R
Tanner Bibee,2024/8/17 00:00,5,1,2,3,1,7,83,6,0.729,0,5.4,1.33,MIL,,3.47,1.12,R
Tanner Bibee,2024/8/23 00:00,5.2,4,4,8,1,6,94,6,0.686,1,5.13,2,TEX,,3.47,1.12,R
Tanner Bibee,2024/8/28 00:00,5,5,5,8,2,6,99,5,0.71,1,5.07,3.33,KC,,3.47,1.12,R
Tanner Bibee,2024/9/3 00:00,6,1,1,2,3,6,91,6,0.71,0,5.4,3.33,KC,,3.47,1.12,R
Tanner Bibee,2024/9/8 00:00,5,2,2,4,3,4,94,5,0.781,0,5.33,2.67,LAD,,3.47,1.12,R
Tanner Bibee,2024/9/13 00:00,6,3,3,8,0,9,91,5,0.669,1,5.67,2,TB,,3.47,1.12,R
Tanner Bibee,2024/9/18 00:00,6.2,2,2,5,1,5,96,5,0.726,1,5.73,2.33,MIN,,3.47,1.12,R
Tanner Bibee,2024/9/24 00:00,7,1,1,4,2,7,88,6,0.693,1,6.4,2,CIN,,3.47,1.12,R
Tanner Bibee,2024/10/5 00:00,4.2,0,0,4,1,6,76,11,0.685,1,5.8,1,DET,,3.47,1.12,R
Tanner Bibee,2024/10/10 00:00,4,2,2,4,2,3,64,5,0.685,0,5.07,1,DET,,3.47,1.12,R
Tanner Bibee,2024/10/15 00:00,1.1,2,3,5,1,2,39,5,0.761,0,3.1,1.33,NYY,,3.47,1.12,R
Tanner Bibee,2024/10/19 00:00,5.2,2,2,6,0,5,73,4,0.761,1,3.43,2,NYY,,3.47,1.12,R
Tanner Gordon,2024/7/7 00:00,6.1,5,5,8,0,4,78,5,0.71,1,6.1,5,KC,,8.65,1.72,R
Tanner Gordon,2024/7/12 00:00,3,6,6,8,2,3,81,5,0.734,0,4.55,5.5,NYM,,8.65,1.72,R
Tanner Gordon,2024/7/27 00:00,6,4,4,9,0,5,79,15,0.701,0,5.03,5,SF,,8.65,1.72,R
Tanner Gordon,2024/8/3 00:00,6,1,1,1,1,4,86,7,0.745,0,5,3.67,SD,,8.65,1.72,R
Tanner Gordon,2024/8/9 00:00,5,2,2,6,0,7,89,6,0.724,1,5.67,2.33,ATL,,8.65,1.72,R
Tanner Gordon,2024/8/14 00:00,0.2,3,4,3,2,0,44,5,0.777,0,3.73,2,AZ,,8.65,1.72,R
Tanner Gordon,2024/8/21 00:00,4,5,5,8,1,2,83,7,0.684,0,3.07,3.33,WSH,,8.65,1.72,R
Tanner Gordon,2024/9/11 00:00,3.1,7,7,10,0,1,67,21,0.685,0,2.43,5,DET,,8.65,1.72,R
Tanner Houck,2024/4/1 00:00,6,0,0,3,0,10,83,5,0.694,0,6,0,OAK,,3.12,1.14,R
Tanner Houck,2024/4/7 00:00,6,0,0,4,2,7,99,6,0.671,0,6,0,LAA,,3.12,1.14,R
Tanner Houck,2024/4/12 00:00,5.2,4,7,12,0,2,98,5,0.671,1,5.73,1.33,LAA,,3.12,1.14,R
Tanner Houck,2024/4/17 00:00,9,0,0,3,0,9,94,5,0.703,1,6.73,1.33,CLE,,3.12,1.14,R
Tanner Houck,2024/4/23 00:00,6,2,2,5,3,4,91,6,0.703,0,6.73,2,CLE,,3.12,1.14,R
Tanner Houck,2024/4/28 00:00,6.2,1,1,4,0,9,95,5,0.71,1,7.07,1,CHC,,3.12,1.14,R
Tanner Houck,2024/5/3 00:00,6,3,4,6,2,5,99,5,0.726,0,6.07,2,MIN,,3.12,1.14,R
Tanner Houck,2024/5/10 00:00,7,3,3,6,1,4,95,7,0.684,1,6.4,2.33,WSH,,3.12,1.14,R
Tanner Houck,2024/5/15 00:00,5.2,1,3,5,3,7,112,5,0.669,1,6.07,2.33,TB,,3.12,1.14,R
Tanner Houck,2024/5/20 00:00,7,0,0,2,1,5,94,5,0.669,0,6.4,1.33,TB,,3.12,1.14,R
Tanner Houck,2024/5/26 00:00,6,1,1,7,1,7,93,6,0.729,1,6.07,0.67,MIL,,3.12,1.14,R
Tanner Houck,2024/5/31 00:00,7,1,1,3,2,6,95,5,0.685,1,6.67,0.67,DET,,3.12,1.14,R
Tanner Houck,2024/6/6 00:00,7,2,2,3,0,9,93,6,0.618,0,6.67,1.33,CWS,,3.12,1.14,R
Tanner Houck,2024/6/13 00:00,6,3,3,8,0,5,94,7,0.75,1,6.67,2,PHI,,3.12,1.14,R
Tanner Houck,2024/6/18 00:00,5.2,2,3,6,2,5,103,5,0.703,0,6.07,2.33,TOR,,3.12,1.14,R
Tanner Houck,2024/6/24 00:00,6.2,2,3,5,1,7,101,6,0.703,1,5.8,2.33,TOR,,3.12,1.14,R
Tanner Houck,2024/6/29 00:00,4.1,7,8,9,1,4,80,5,0.745,1,5.17,3.67,SD,,3.12,1.14,R
Tanner Houck,2024/7/5 00:00,3.1,1,3,2,4,1,68,6,0.761,0,4.47,3.33,NYY,,3.12,1.14,R
Tanner Houck,2024/7/11 00:00,6,0,0,2,3,6,103,6,0.694,1,4.4,2.67,OAK,,3.12,1.14,R
Tanner Houck,2024/7/22 00:00,6,4,4,10,3,2,92,11,0.704,0,5.03,1.67,COL,,3.12,1.14,R
Tanner Houck,2024/7/28 00:00,6,3,4,5,4,2,97,6,0.761,1,6,2.33,NYY,,3.12,1.14,R
Tanner Houck,2024/8/3 00:00,5,6,6,8,2,7,89,6,0.686,0,5.67,4.33,TEX,,3.12,1.14,R
Tanner Houck,2024/8/9 00:00,6,1,1,4,3,1,82,6,0.741,1,5.67,3.33,HOU,,3.12,1.14,R
Tanner Houck,2024/8/14 00:00,6.2,2,2,6,2,3,108,5,0.686,1,5.73,3,TEX,,3.12,1.14,R
Tanner Houck,2024/8/19 00:00,6,2,3,8,0,8,90,5,0.741,0,6.07,1.67,HOU,,3.12,1.14,R
Tanner Houck,2024/8/25 00:00,6,6,6,7,4,2,91,6,0.777,1,6.07,3.33,AZ,,3.12,1.14,R
Tanner Houck,2024/8/30 00:00,6,0,0,3,2,6,95,5,0.685,0,6,2.67,DET,,3.12,1.14,R
Tanner Houck,2024/9/4 00:00,5,4,4,5,1,7,84,5,0.734,0,5.67,3.33,NYM,,3.12,1.14,R
Tanner Houck,2024/9/18 00:00,4,1,1,4,0,4,60,14,0.669,0,5,1.67,TB,,3.12,1.14,R
Tanner Houck,2024/9/23 00:00,5,0,0,1,1,0,57,5,0.703,0,4.67,1.67,TOR,,3.12,1.14,R
Tarik Skubal,2024/3/28 00:00,6,0,0,3,0,6,83,5,0.618,0,6,0,CWS,,2.39,0.92,L
Tarik Skubal,2024/4/5 00:00,6.1,4,4,4,2,9,92,8,0.694,1,6.05,2,OAK,,2.39,0.92,L
Tarik Skubal,2024/4/12 00:00,5,0,0,2,2,5,93,7,0.726,1,5.7,1.33,MIN,,2.39,0.92,L
Tarik Skubal,2024/4/17 00:00,6.1,2,4,5,1,6,86,5,0.686,1,5.73,2,TEX,,2.39,0.92,L
Tarik Skubal,2024/4/22 00:00,6,0,0,3,0,9,86,5,0.669,0,5.7,0.67,TB,,2.39,0.92,L
Tarik Skubal,2024/4/28 00:00,7,1,1,4,1,6,91,6,0.71,1,6.37,1,KC,,2.39,0.92,L
Tarik Skubal,2024/5/5 00:00,6,2,2,6,0,12,96,7,0.761,0,6.33,1,NYY,,2.39,0.92,L
Tarik Skubal,2024/5/11 00:00,6.1,2,2,7,2,7,97,6,0.741,1,6.37,1.67,HOU,,2.39,0.92,L
Tarik Skubal,2024/5/17 00:00,6,0,0,1,0,6,74,6,0.777,0,6.03,1.33,AZ,,2.39,0.92,L
Tarik Skubal,2024/5/22 00:00,5,4,4,6,2,6,96,5,0.71,0,5.7,2,KC,,2.39,0.92,L
Tarik Skubal,2024/5/29 00:00,7,0,0,3,1,8,93,7,0.672,1,6,1.33,PIT,,2.39,0.92,L
Tarik Skubal,2024/6/3 00:00,6,1,1,7,2,6,96,5,0.686,0,6,1.67,TEX,,2.39,0.92,L
Tarik Skubal,2024/6/9 00:00,6.2,1,1,5,2,10,95,6,0.729,1,6.4,0.67,MIL,,2.39,0.92,L
Tarik Skubal,2024/6/14 00:00,6.1,4,4,6,1,2,84,5,0.741,0,6.1,2,HOU,,2.39,0.92,L
Tarik Skubal,2024/6/19 00:00,4,4,5,7,2,7,83,5,0.724,0,5.43,3,ATL,,2.39,0.92,L
Tarik Skubal,2024/6/25 00:00,7,0,0,3,1,7,91,6,0.75,1,5.7,2.67,PHI,,2.39,0.92,L
Tarik Skubal,2024/7/2 00:00,6,3,3,4,1,7,94,7,0.726,0,5.67,2.33,MIN,,2.39,0.92,L
Tarik Skubal,2024/7/7 00:00,7,1,1,3,0,13,93,5,0.693,0,6.67,1.33,CIN,,2.39,0.92,L
Tarik Skubal,2024/7/12 00:00,6,2,2,2,1,8,101,5,0.781,1,6.33,2,LAD,,2.39,0.92,L
Tarik Skubal,2024/7/22 00:00,7,1,1,10,1,6,97,10,0.703,0,6.67,1.33,CLE,,2.39,0.92,L
Tarik Skubal,2024/7/27 00:00,7,2,2,5,2,8,96,5,0.726,1,6.67,1.67,MIN,,2.39,0.92,L
Tarik Skubal,2024/8/2 00:00,6.1,5,5,7,2,8,95,6,0.71,1,6.7,2.67,KC,,2.39,0.92,L
Tarik Skubal,2024/8/7 00:00,7,2,2,3,2,9,102,5,0.687,0,6.7,3,SEA,,2.39,0.92,L
Tarik Skubal,2024/8/13 00:00,6,1,1,3,1,9,88,6,0.687,1,6.37,2.67,SEA,,2.39,0.92,L
Tarik Skubal,2024/8/18 00:00,6,1,1,3,4,5,100,5,0.761,1,6.33,1.33,NYY,,2.39,0.92,L
Tarik Skubal,2024/8/24 00:00,5,3,3,8,0,8,88,6,0.618,0,5.67,1.67,CWS,,2.39,0.92,L
Tarik Skubal,2024/8/31 00:00,8,1,1,4,0,8,98,7,0.741,1,6.33,1.67,BOS,,2.39,0.92,L
Tarik Skubal,2024/9/6 00:00,5.2,2,2,9,0,7,96,6,0.694,0,6.07,2,OAK,,2.39,0.92,L
Tarik Skubal,2024/9/12 00:00,6,1,1,4,0,6,84,6,0.704,1,6.4,1.33,COL,,2.39,0.92,L
Tarik Skubal,2024/9/18 00:00,5,1,1,3,1,7,95,6,0.71,0,5.4,1.33,KC,,2.39,0.92,L
Tarik Skubal,2024/9/24 00:00,7,0,0,2,1,7,103,6,0.669,1,6,0.67,TB,,2.39,0.92,L
Tarik Skubal,2024/10/1 00:00,6,0,0,4,1,6,88,7,0.741,0,6,0.33,HOU,,2.39,0.92,L
Tarik Skubal,2024/10/7 00:00,7,0,0,3,0,8,92,6,0.703,0,6.67,0,CLE,,2.39,0.92,L
Tarik Skubal,2024/10/12 00:00,6,5,5,6,1,6,84,5,0.703,0,6.33,1.67,CLE,,2.39,0.92,L
Tayler Scott,2024/3/28 00:00,1,0,0,0,1,1,18,5,0.761,1,1,0,NYY,,2.23,1.17,R
Tayler Scott,2024/3/29 00:00,0.1,2,2,1,2,0,25,1,0.761,1,0.55,1,NYY,,2.23,1.17,R
Tayler Scott,2024/3/31 00:00,1,0,0,0,1,3,22,2,0.761,1,0.7,0.67,NYY,,2.23,1.17,R
Tayler Scott,2024/4/3 00:00,1,0,0,0,0,2,14,3,0.703,1,0.7,0.67,TOR,,2.23,1.17,R
Tayler Scott,2024/4/6 00:00,0.2,0,0,1,0,2,10,3,0.686,0,0.73,0,TEX,,2.23,1.17,R
Tayler Scott,2024/4/8 00:00,2,0,0,1,1,2,32,2,0.686,0,1.07,0,TEX,,2.23,1.17,R
Tayler Scott,2024/4/10 00:00,0.1,0,0,0,0,0,3,2,0.71,0,0.77,0,KC,,2.23,1.17,R
Tayler Scott,2024/4/11 00:00,2,0,0,1,0,1,31,1,0.71,0,1.37,0,KC,,2.23,1.17,R
Tayler Scott,2024/4/14 00:00,1,0,0,2,0,1,23,3,0.686,1,1.03,0,TEX,,2.23,1.17,R
Tayler Scott,2024/4/21 00:00,1,1,1,1,0,0,16,7,0.684,0,1.33,0.33,WSH,,2.23,1.17,R
Tayler Scott,2024/4/23 00:00,1,0,1,0,2,1,31,2,0.71,0,1,0.33,CHC,,2.23,1.17,R
Tayler Scott,2024/4/27 00:00,1,0,0,1,1,2,25,4,0.704,0,1,0.33,COL,,2.23,1.17,R
Tayler Scott,2024/5/2 00:00,1.1,0,0,0,1,1,21,5,0.703,1,1.03,0,CLE,,2.23,1.17,R
Tayler Scott,2024/5/4 00:00,0.2,0,0,0,1,2,15,2,0.687,1,0.77,0,SEA,,2.23,1.17,R
Tayler Scott,2024/5/7 00:00,1,1,1,2,0,0,16,3,0.761,0,0.77,0.33,NYY,,2.23,1.17,R
Tayler Scott,2024/5/8 00:00,1,1,1,1,1,0,13,1,0.761,0,0.73,0.67,NYY,,2.23,1.17,R
Tayler Scott,2024/5/11 00:00,0.2,0,0,0,0,1,9,3,0.685,0,0.73,0.67,DET,,2.23,1.17,R
Tayler Scott,2024/5/13 00:00,1,0,0,1,0,3,16,2,0.694,1,0.73,0.33,OAK,,2.23,1.17,R
Tayler Scott,2024/5/14 00:00,2,0,0,0,0,3,30,1,0.694,1,1.07,0,OAK,,2.23,1.17,R
Tayler Scott,2024/5/17 00:00,1,0,0,1,0,1,17,3,0.729,1,1.33,0,MIL,,2.23,1.17,R
Tayler Scott,2024/5/19 00:00,2,0,0,1,0,2,30,2,0.729,1,1.67,0,MIL,,2.23,1.17,R
Tayler Scott,2024/5/21 00:00,2,0,0,1,1,1,31,2,0.671,1,1.67,0,LAA,,2.23,1.17,R
Tayler Scott,2024/5/25 00:00,1,0,0,1,1,1,22,4,0.694,0,1.67,0,OAK,,2.23,1.17,R
Tayler Scott,2024/5/27 00:00,1,0,0,0,0,0,11,2,0.687,0,1.33,0,SEA,,2.23,1.17,R
Tayler Scott,2024/5/29 00:00,0.2,0,1,0,2,0,14,2,0.687,0,0.73,0,SEA,,2.23,1.17,R
Tayler Scott,2024/6/4 00:00,2,1,1,3,0,0,32,6,0.703,1,1.07,0.33,STL,,2.23,1.17,R
Tayler Scott,2024/6/8 00:00,1,0,0,1,0,0,17,4,0.671,0,1.07,0.33,LAA,,2.23,1.17,R
Tayler Scott,2024/6/10 00:00,2,0,0,0,1,1,29,2,0.701,0,1.67,0.33,SF,,2.23,1.17,R
Tayler Scott,2024/6/11 00:00,1,0,0,0,1,1,17,1,0.701,0,1.33,0,SF,,2.23,1.17,R
Tayler Scott,2024/6/15 00:00,1,1,1,1,0,2,18,4,0.685,1,1.33,0.33,DET,,2.23,1.17,R
Tayler Scott,2024/6/18 00:00,1,0,0,0,0,1,13,3,0.618,0,1,0.33,CWS,,2.23,1.17,R
Tayler Scott,2024/6/20 00:00,1.2,0,0,0,1,2,19,2,0.618,0,1.07,0.33,CWS,,2.23,1.17,R
Tayler Scott,2024/6/21 00:00,0.1,0,0,0,0,0,3,1,0.751,1,0.77,0,BAL,,2.23,1.17,R
Tayler Scott,2024/6/25 00:00,1,0,0,1,0,0,16,4,0.704,1,0.77,0,COL,,2.23,1.17,R
Tayler Scott,2024/6/28 00:00,0.1,0,0,0,0,0,3,3,0.734,0,0.4,0,NYM,,2.23,1.17,R
Tayler Scott,2024/6/29 00:00,1.1,0,0,0,1,1,23,1,0.734,0,0.73,0,NYM,,2.23,1.17,R
Tayler Scott,2024/6/30 00:00,2,0,1,1,1,1,29,1,0.734,0,1.07,0,NYM,,2.23,1.17,R
Tayler Scott,2024/7/3 00:00,0.1,0,0,1,0,0,7,3,0.703,0,1.07,0,TOR,,2.23,1.17,R
Tayler Scott,2024/7/4 00:00,1,0,0,0,1,2,13,1,0.703,0,1.03,0,TOR,,2.23,1.17,R
Tayler Scott,2024/7/11 00:00,0.2,0,0,0,0,1,14,7,0.678,1,0.43,0,MIA,,2.23,1.17,R
Tayler Scott,2024/7/13 00:00,2,0,1,1,1,1,28,2,0.686,1,1.07,0,TEX,,2.23,1.17,R
Tayler Scott,2024/7/20 00:00,0.1,0,0,0,0,0,4,7,0.687,0,0.77,0,SEA,,2.23,1.17,R
Tayler Scott,2024/7/24 00:00,1,0,0,1,0,1,20,4,0.694,0,1.03,0,OAK,,2.23,1.17,R
Tayler Scott,2024/7/26 00:00,1,0,0,0,0,3,17,2,0.781,1,0.7,0,LAD,,2.23,1.17,R
Tayler Scott,2024/7/27 00:00,1,1,1,1,1,3,26,1,0.781,1,1,0.33,LAD,,2.23,1.17,R
Tayler Scott,2024/7/29 00:00,3,0,0,0,0,4,35,2,0.672,1,1.67,0.33,PIT,,2.23,1.17,R
Tayler Scott,2024/8/2 00:00,0.1,0,0,0,1,0,8,4,0.669,1,1.37,0.33,TB,,2.23,1.17,R
Tayler Scott,2024/8/3 00:00,1,2,2,2,1,1,19,1,0.669,1,1.37,0.67,TB,,2.23,1.17,R
Tayler Scott,2024/8/7 00:00,0.1,1,1,1,1,0,13,4,0.686,0,0.4,1,TEX,,2.23,1.17,R
Tayler Scott,2024/8/9 00:00,0.1,0,0,0,1,1,9,2,0.741,0,0.4,1,BOS,,2.23,1.17,R
Tayler Scott,2024/8/12 00:00,1.1,0,0,1,0,2,24,3,0.669,0,0.43,0.33,TB,,2.23,1.17,R
Tayler Scott,2024/8/14 00:00,0.2,0,0,0,0,1,7,2,0.669,0,0.47,0,TB,,2.23,1.17,R
Tayler Scott,2024/8/19 00:00,1.1,1,1,1,0,1,19,5,0.741,1,0.8,0.33,BOS,,2.23,1.17,R
Tayler Scott,2024/8/21 00:00,2,1,1,2,2,1,34,2,0.741,1,1.1,0.67,BOS,,2.23,1.17,R
Tayler Scott,2024/8/23 00:00,1,0,0,0,0,2,15,2,0.751,0,1.37,0.67,BAL,,2.23,1.17,R
Tayler Scott,2024/8/24 00:00,1,0,0,1,1,2,23,1,0.751,0,1.33,0.33,BAL,,2.23,1.17,R
Tayler Scott,2024/8/27 00:00,1,0,0,1,0,2,13,3,0.75,0,1,0,PHI,,2.23,1.17,R
Tayler Scott,2024/9/1 00:00,1,1,1,2,1,2,33,5,0.71,1,1,0.33,KC,,2.23,1.17,R
Tayler Scott,2024/9/4 00:00,2.1,1,1,4,1,1,58,3,0.693,0,1.37,0.67,CIN,,2.23,1.17,R
Tayler Scott,2024/9/11 00:00,1,0,0,0,1,0,17,7,0.694,1,1.37,0.67,OAK,,2.23,1.17,R
Tayler Scott,2024/9/14 00:00,0.1,1,1,0,2,0,17,3,0.671,0,1.07,0.67,LAA,,2.23,1.17,R
Tayler Scott,2024/9/16 00:00,1,1,1,3,0,1,16,2,0.745,0,0.7,0.67,SD,,2.23,1.17,R
Tobias Myers,2024/4/23 00:00,5,1,1,4,1,4,83,5,0.672,0,5,1,PIT,,3,1.17,R
Tobias Myers,2024/4/28 00:00,5,4,4,5,0,5,64,5,0.761,1,5,2.5,NYY,,3,1.17,R
Tobias Myers,2024/5/4 00:00,3,4,4,3,4,2,62,6,0.71,0,4.33,3,CHC,,3,1.17,R
Tobias Myers,2024/5/9 00:00,4,1,1,3,4,6,84,5,0.703,1,4,3,STL,,3,1.17,R
Tobias Myers,2024/5/21 00:00,1,0,0,1,0,2,16,12,0.678,0,2.67,1.67,MIA,,3,1.17,R
Tobias Myers,2024/5/26 00:00,4.1,1,1,6,0,4,64,5,0.741,0,3.03,0.67,BOS,,3,1.17,R
Tobias Myers,2024/5/31 00:00,4.1,5,5,7,1,4,78,5,0.618,1,3.07,2,CWS,,3,1.17,R
Tobias Myers,2024/6/7 00:00,8,0,0,1,3,5,100,7,0.685,0,5.4,2,DET,,3,1.17,R
Tobias Myers,2024/6/12 00:00,6,1,1,3,1,4,66,5,0.703,1,6.03,2,TOR,,3,1.17,R
Tobias Myers,2024/6/18 00:00,6.1,0,0,4,2,6,90,6,0.671,0,6.7,0.33,LAA,,3,1.17,R
Tobias Myers,2024/6/23 00:00,5,1,1,5,0,3,78,5,0.745,0,5.7,0.67,SD,,3,1.17,R
Tobias Myers,2024/6/29 00:00,6,3,3,7,2,6,82,6,0.71,1,5.7,1.33,CHC,,3,1.17,R
Tobias Myers,2024/7/4 00:00,6,4,4,8,1,5,101,5,0.704,0,5.67,2.67,COL,,3,1.17,R
Tobias Myers,2024/7/10 00:00,8,0,0,4,1,6,103,6,0.672,1,6.67,2.33,PIT,,3,1.17,R
Tobias Myers,2024/7/22 00:00,5.1,2,3,6,2,6,87,12,0.71,0,6.37,2,CHC,,3,1.17,R
Tobias Myers,2024/7/28 00:00,4,1,1,3,1,5,75,6,0.678,1,5.7,1,MIA,,3,1.17,R
Tobias Myers,2024/8/4 00:00,5,1,1,4,1,2,64,7,0.684,0,4.7,1.33,WSH,,3,1.17,R
Tobias Myers,2024/8/10 00:00,7.1,0,0,3,0,9,99,6,0.693,1,5.37,0.67,CIN,,3,1.17,R
Tobias Myers,2024/8/15 00:00,5.2,2,4,8,1,1,93,5,0.781,1,5.77,1,LAD,,3,1.17,R
Tobias Myers,2024/8/21 00:00,4,2,2,6,2,5,89,6,0.703,0,5.43,1.33,STL,,3,1.17,R
Tobias Myers,2024/8/27 00:00,5,3,3,3,1,4,82,6,0.701,1,4.73,2.33,SF,,3,1.17,R
Tobias Myers,2024/9/1 00:00,5.2,2,3,8,4,7,99,5,0.693,0,4.73,2.33,CIN,,3,1.17,R
Tobias Myers,2024/9/7 00:00,6,1,1,4,1,11,98,6,0.704,1,5.4,2,COL,,3,1.17,R
Tobias Myers,2024/9/14 00:00,6,4,4,9,0,3,97,7,0.777,0,5.73,2.33,AZ,,3,1.17,R
Tobias Myers,2024/9/19 00:00,4,1,3,4,3,5,93,5,0.777,1,5.33,2,AZ,,3,1.17,R
Tobias Myers,2024/9/24 00:00,4,2,2,6,0,2,49,5,0.672,0,4.67,2.33,PIT,,3,1.17,R
Tobias Myers,2024/9/28 00:00,4,0,0,1,0,5,56,4,0.734,1,4,1,NYM,,3,1.17,R
Tobias Myers,2024/10/3 00:00,5,0,0,2,0,5,66,5,0.734,1,4.33,0.67,NYM,,3,1.17,R
Tommy Henry,2024/3/30 00:00,4,5,5,6,2,4,80,5,0.704,1,4,5,COL,,7.04,1.75,L
Tommy Henry,2024/4/5 00:00,5,2,2,6,2,5,102,6,0.724,0,4.5,3.5,ATL,,7.04,1.75,L
Tommy Henry,2024/4/10 00:00,5,2,3,4,3,6,95,5,0.704,0,4.67,3,COL,,7.04,1.75,L
Tommy Henry,2024/4/16 00:00,4.1,5,5,9,1,3,74,6,0.71,1,4.7,3,CHC,,7.04,1.75,L
Tommy Henry,2024/4/23 00:00,6,1,1,5,1,6,93,7,0.703,0,5.03,2.67,STL,,7.04,1.75,L
Tommy Henry,2024/4/29 00:00,4,2,2,5,2,0,72,6,0.781,1,4.7,2.67,LAD,,7.04,1.75,L
Tommy Henry,2024/6/9 00:00,2.1,2,2,3,2,1,46,41,0.745,0,4.03,1.67,SD,,7.04,1.75,L
Tommy Henry,2024/6/15 00:00,4,5,5,5,3,3,75,6,0.618,1,3.37,3,CWS,,7.04,1.75,L
Tommy Henry,2024/6/22 00:00,3.2,6,6,6,2,2,69,7,0.75,0,3.1,4.33,PHI,,7.04,1.75,L
Tony Santillan,2024/7/13 00:00,0.2,0,0,2,0,1,10,5,0.678,1,0.2,0,MIA,,3,1,R
Tony Santillan,2024/7/14 00:00,0.1,0,0,0,0,0,5,1,0.678,1,0.15,0,MIA,,3,1,R
Tony Santillan,2024/7/19 00:00,1,0,0,0,0,2,11,5,0.684,0,0.43,0,WSH,,3,1,R
Tony Santillan,2024/7/24 00:00,2,0,0,0,0,4,26,5,0.724,0,1.03,0,ATL,,3,1,R
Tony Santillan,2024/7/27 00:00,1,0,0,0,1,2,23,3,0.669,0,1.33,0,TB,,3,1,R
Tony Santillan,2024/7/30 00:00,1,0,0,0,1,0,23,3,0.71,1,1.33,0,CHC,,3,1,R
Tony Santillan,2024/8/3 00:00,1,1,1,1,0,0,8,4,0.701,1,1,0.33,SF,,3,1,R
Tony Santillan,2024/8/4 00:00,0.2,0,0,1,0,2,18,1,0.701,1,0.73,0.33,SF,,3,1,R
Tony Santillan,2024/8/8 00:00,1.1,0,0,1,0,2,17,4,0.678,0,0.77,0.33,MIA,,3,1,R
Tony Santillan,2024/8/10 00:00,1,1,1,1,0,2,21,2,0.729,0,0.77,0.33,MIL,,3,1,R
Tony Santillan,2024/8/13 00:00,1,0,0,0,0,2,10,3,0.703,1,1.03,0.33,STL,,3,1,R
Tony Santillan,2024/8/17 00:00,1,0,1,2,0,1,21,4,0.71,1,1,0.33,KC,,3,1,R
Tony Santillan,2024/8/19 00:00,1.1,0,0,0,1,1,19,2,0.703,0,1.03,0,TOR,,3,1,R
Tony Santillan,2024/8/21 00:00,0.2,0,0,0,1,2,24,2,0.703,0,0.77,0,TOR,,3,1,R
Tony Santillan,2024/8/23 00:00,1,0,0,0,0,0,18,2,0.672,0,0.77,0,PIT,,3,1,R
Tony Santillan,2024/8/27 00:00,1,3,3,2,1,2,23,4,0.694,1,0.73,1,OAK,,3,1,R
Tony Santillan,2024/8/29 00:00,1.2,0,0,0,0,4,19,2,0.694,1,1.07,1,OAK,,3,1,R
Tony Santillan,2024/8/31 00:00,1.2,0,0,1,1,5,31,2,0.729,1,1.13,1,MIL,,3,1,R
Tony Santillan,2024/9/5 00:00,1.2,0,0,0,1,1,26,5,0.741,1,1.2,0,HOU,,3,1,R
Tony Santillan,2024/9/6 00:00,1,0,0,0,0,2,12,1,0.734,0,1.13,0,NYM,,3,1,R
Tony Santillan,2024/9/8 00:00,1,1,1,2,1,2,28,2,0.734,0,1.07,0.33,NYM,,3,1,R
Tony Santillan,2024/9/10 00:00,1,0,0,0,0,1,8,2,0.703,0,1,0.33,STL,,3,1,R
Tony Santillan,2024/9/13 00:00,0.1,0,0,0,0,0,6,3,0.726,0,0.7,0.33,MIN,,3,1,R
Tony Santillan,2024/9/15 00:00,0.2,1,1,2,0,1,19,2,0.726,0,0.43,0.33,MIN,,3,1,R
Tony Santillan,2024/9/18 00:00,1,3,3,4,1,2,32,3,0.724,1,0.43,1.33,ATL,,3,1,R
Tony Santillan,2024/9/22 00:00,1,0,0,0,0,2,13,4,0.672,1,0.73,1.33,PIT,,3,1,R
Tony Santillan,2024/9/25 00:00,1,0,0,1,0,2,15,3,0.703,0,1,1,CLE,,3,1,R
Tony Santillan,2024/9/28 00:00,1,0,0,1,0,0,10,3,0.71,0,1,0,CHC,,3,1,R
Tony Santillan,2024/9/29 00:00,1,0,0,0,0,1,9,1,0.71,0,1,0,CHC,,3,1,R
Trevor Richards,2024/3/28 00:00,1,0,0,0,1,1,18,5,0.669,0,1,0,TB,,4.55,1.21,R
Trevor Richards,2024/3/30 00:00,1,0,0,2,0,0,16,2,0.669,0,1,0,TB,,4.55,1.21,R
Trevor Richards,2024/4/1 00:00,0.2,0,0,0,0,1,12,2,0.741,0,0.73,0,HOU,,4.55,1.21,R
Trevor Richards,2024/4/3 00:00,0.2,0,0,0,0,1,13,2,0.741,0,0.47,0,HOU,,4.55,1.21,R
Trevor Richards,2024/4/5 00:00,1.1,0,0,0,0,3,19,2,0.761,0,0.5,0,NYY,,4.55,1.21,R
Trevor Richards,2024/4/7 00:00,1,0,0,0,2,2,27,2,0.761,0,0.77,0,NYY,,4.55,1.21,R
Trevor Richards,2024/4/9 00:00,1,2,2,1,1,1,28,2,0.687,1,1.03,0.67,SEA,,4.55,1.21,R
Trevor Richards,2024/4/16 00:00,1,2,2,1,1,1,26,7,0.761,1,1,1.33,NYY,,4.55,1.21,R
Trevor Richards,2024/4/17 00:00,1,0,0,0,0,1,14,1,0.761,1,1,1.33,NYY,,4.55,1.21,R
Trevor Richards,2024/4/21 00:00,1.1,0,0,0,3,1,33,4,0.745,0,1.03,0.67,SD,,4.55,1.21,R
Trevor Richards,2024/4/24 00:00,1,0,0,1,0,0,30,3,0.71,0,1.03,0,KC,,4.55,1.21,R
Trevor Richards,2024/4/26 00:00,1.1,1,1,2,0,2,25,2,0.781,1,1.07,0.33,LAD,,4.55,1.21,R
Trevor Richards,2024/4/29 00:00,1,1,1,1,0,1,14,3,0.71,1,1.03,0.67,KC,,4.55,1.21,R
Trevor Richards,2024/5/1 00:00,1,0,0,0,0,1,11,2,0.71,1,1.03,0.67,KC,,4.55,1.21,R
Trevor Richards,2024/5/3 00:00,0.1,0,0,0,0,0,4,2,0.684,0,0.7,0.33,WSH,,4.55,1.21,R
Trevor Richards,2024/5/4 00:00,1,0,0,0,0,1,12,1,0.684,0,0.7,0,WSH,,4.55,1.21,R
Trevor Richards,2024/5/7 00:00,1.1,0,0,0,0,1,18,3,0.75,0,0.73,0,PHI,,4.55,1.21,R
Trevor Richards,2024/5/11 00:00,2,0,0,0,0,2,18,4,0.726,1,1.37,0,MIN,,4.55,1.21,R
Trevor Richards,2024/5/18 00:00,1,0,0,0,1,2,16,7,0.669,1,1.37,0,TB,,4.55,1.21,R
Trevor Richards,2024/5/19 00:00,1,0,0,0,0,1,12,1,0.669,1,1.33,0,TB,,4.55,1.21,R
Trevor Richards,2024/5/21 00:00,0.2,1,1,1,0,2,12,2,0.618,1,0.73,0.33,CWS,,4.55,1.21,R
Trevor Richards,2024/5/23 00:00,1,0,0,0,0,0,12,2,0.685,0,0.73,0.33,DET,,4.55,1.21,R
Trevor Richards,2024/5/26 00:00,1.1,3,3,2,3,1,37,3,0.685,0,0.77,1.33,DET,,4.55,1.21,R
Trevor Richards,2024/5/29 00:00,3.1,0,0,1,1,0,38,3,0.618,0,1.73,1,CWS,,4.55,1.21,R
Trevor Richards,2024/6/2 00:00,1,0,0,0,0,0,11,4,0.672,1,1.73,1,PIT,,4.55,1.21,R
Trevor Richards,2024/6/4 00:00,2,0,0,0,0,4,40,2,0.751,1,2.03,0,BAL,,4.55,1.21,R
Trevor Richards,2024/6/9 00:00,0.2,2,2,2,1,0,13,5,0.694,0,1.07,0.67,OAK,,4.55,1.21,R
Trevor Richards,2024/6/11 00:00,0.2,0,0,1,1,0,15,2,0.729,0,0.8,0.67,MIL,,4.55,1.21,R
Trevor Richards,2024/6/12 00:00,1,0,0,0,0,3,16,1,0.729,0,0.47,0.67,MIL,,4.55,1.21,R
Trevor Richards,2024/6/15 00:00,2.1,0,0,1,0,1,31,3,0.703,1,1.1,0,CLE,,4.55,1.21,R
Trevor Richards,2024/6/17 00:00,2,0,0,0,1,1,33,2,0.741,1,1.7,0,BOS,,4.55,1.21,R
Trevor Richards,2024/6/21 00:00,1,0,0,1,0,2,15,4,0.703,0,1.7,0,CLE,,4.55,1.21,R
Trevor Richards,2024/6/23 00:00,2,0,0,0,0,1,23,2,0.703,0,1.67,0,CLE,,4.55,1.21,R
Trevor Richards,2024/6/25 00:00,1,0,0,0,0,2,21,2,0.741,0,1.33,0,BOS,,4.55,1.21,R
Trevor Richards,2024/6/28 00:00,1,0,2,3,0,0,22,3,0.761,1,1.33,0,NYY,,4.55,1.21,R
Trevor Richards,2024/7/1 00:00,1.1,0,0,0,0,1,11,3,0.741,1,1.03,0,HOU,,4.55,1.21,R
Trevor Richards,2024/7/2 00:00,1,0,1,1,0,0,14,1,0.741,1,1.03,0,HOU,,4.55,1.21,R
Trevor Richards,2024/7/4 00:00,1.2,1,1,1,0,4,21,2,0.741,1,1.1,0.33,HOU,,4.55,1.21,R
Trevor Richards,2024/7/6 00:00,1,3,3,3,0,2,24,2,0.687,0,1.07,1.33,SEA,,4.55,1.21,R
Trevor Richards,2024/7/9 00:00,0.2,2,2,2,1,0,25,3,0.701,0,0.8,2,SF,,4.55,1.21,R
Trevor Richards,2024/7/12 00:00,1,2,2,1,2,1,25,3,0.777,0,0.73,2.33,AZ,,4.55,1.21,R
Trevor Richards,2024/7/14 00:00,1,0,0,0,0,0,17,2,0.777,0,0.73,1.33,AZ,,4.55,1.21,R
Trevor Richards,2024/7/20 00:00,0.1,3,3,4,1,0,24,6,0.685,1,0.7,1.67,DET,,4.55,1.21,R
Trevor Richards,2024/7/25 00:00,0.1,4,4,4,2,0,32,5,0.669,1,0.4,2.33,TB,,4.55,1.21,R
Trevor Richards,2024/7/29 00:00,2,0,0,0,2,1,30,4,0.751,0,0.73,2.33,BAL,,4.55,1.21,R
Trevor Richards,2024/8/2 00:00,1,0,0,0,0,1,9,4,0.618,1,1.03,1.33,CWS,,4.55,1.21,R
Trevor Richards,2024/8/4 00:00,1,0,0,0,0,2,21,2,0.618,1,1.33,0,CWS,,4.55,1.21,R
Trevor Richards,2024/8/7 00:00,0.2,3,3,1,5,0,45,3,0.71,0,0.73,1,CHC,,4.55,1.21,R
Trevor Richards,2024/8/9 00:00,1,0,0,0,0,1,9,2,0.703,1,0.73,1,CLE,,4.55,1.21,R
Trevor Richards,2024/8/12 00:00,1,0,0,1,0,2,25,3,0.71,1,0.73,1,KC,,4.55,1.21,R
Trevor Richards,2024/8/14 00:00,1,0,0,1,2,2,33,2,0.71,1,1,0,KC,,4.55,1.21,R
Trevor Richards,2024/8/18 00:00,1.1,0,0,0,0,1,13,4,0.686,0,1.03,0,TEX,,4.55,1.21,R
Trevor Richards,2024/8/19 00:00,2,0,0,0,0,1,27,1,0.745,0,1.37,0,SD,,4.55,1.21,R
Trevor Richards,2024/8/23 00:00,2,2,2,3,3,1,44,4,0.703,1,1.7,0.67,STL,,4.55,1.21,R
Trevor Richards,2024/8/26 00:00,2,1,1,2,1,2,33,3,0.724,1,2,1,ATL,,4.55,1.21,R
Trevor Rogers,2024/3/31 00:00,5,4,4,7,4,6,97,5,0.672,1,5,4,PIT,,4.92,1.58,L
Trevor Rogers,2024/4/6 00:00,5,2,3,5,3,3,90,6,0.703,0,5,3,STL,,4.92,1.58,L
Trevor Rogers,2024/4/12 00:00,5,2,2,8,1,5,80,6,0.724,1,5,2.67,ATL,,4.92,1.58,L
Trevor Rogers,2024/4/17 00:00,5.2,1,1,4,0,6,93,5,0.701,1,5.07,1.67,SF,,4.92,1.58,L
Trevor Rogers,2024/4/23 00:00,5.2,3,5,7,1,4,84,6,0.724,0,5.13,2,ATL,,4.92,1.58,L
Trevor Rogers,2024/4/29 00:00,5,3,3,4,3,3,89,6,0.684,1,5.13,2.33,WSH,,4.92,1.58,L
Trevor Rogers,2024/5/4 00:00,2.1,8,8,8,3,1,78,5,0.694,0,4.1,4.67,OAK,,4.92,1.58,L
Trevor Rogers,2024/5/10 00:00,3.1,4,5,9,2,3,81,6,0.75,1,3.4,5,PHI,,4.92,1.58,L
Trevor Rogers,2024/5/15 00:00,5,0,0,3,2,6,83,5,0.685,0,3.4,4,DET,,4.92,1.58,L
Trevor Rogers,2024/5/21 00:00,3.2,4,4,6,4,4,90,6,0.729,1,3.77,2.67,MIL,,4.92,1.58,L
Trevor Rogers,2024/5/27 00:00,5.1,1,1,6,2,3,90,6,0.745,0,4.43,1.67,SD,,4.92,1.58,L
Trevor Rogers,2024/6/2 00:00,6,4,4,6,2,3,87,6,0.686,1,4.77,3,TEX,,4.92,1.58,L
Trevor Rogers,2024/6/9 00:00,5,1,1,2,4,5,88,7,0.703,1,5.37,2,CLE,,4.92,1.58,L
Trevor Rogers,2024/6/15 00:00,7,2,2,6,0,3,93,6,0.684,0,6,2.33,WSH,,4.92,1.58,L
Trevor Rogers,2024/6/21 00:00,6.1,2,2,4,1,5,90,6,0.687,1,6.03,1.67,SEA,,4.92,1.58,L
Trevor Rogers,2024/6/27 00:00,6,3,3,6,4,4,103,6,0.75,0,6.37,2.33,PHI,,4.92,1.58,L
Trevor Rogers,2024/7/3 00:00,3,2,2,5,3,6,84,6,0.741,1,5.03,2.33,BOS,,4.92,1.58,L
Trevor Rogers,2024/7/9 00:00,5.1,2,2,6,2,5,107,6,0.741,0,4.7,2.33,HOU,,4.92,1.58,L
Trevor Rogers,2024/7/14 00:00,5.2,2,2,2,3,4,87,5,0.693,0,4.43,2,CIN,,4.92,1.58,L
Trevor Rogers,2024/7/21 00:00,4.2,1,2,5,2,5,99,7,0.734,1,4.83,1.67,NYM,,4.92,1.58,L
Trevor Rogers,2024/7/26 00:00,5.1,2,2,6,0,1,93,5,0.729,0,4.83,1.67,MIL,,4.92,1.58,L
Trevor Rogers,2024/8/1 00:00,4.1,5,5,6,3,3,94,6,0.703,0,4.47,2.67,CLE,,4.92,1.58,L
Trevor Rogers,2024/8/7 00:00,5,2,3,7,2,2,94,6,0.703,0,4.73,3,TOR,,4.92,1.58,L
Trevor Rogers,2024/8/13 00:00,5,5,5,7,2,2,78,6,0.684,1,4.7,4,WSH,,4.92,1.58,L
Trevor Rogers,2024/8/19 00:00,4.2,3,3,5,3,5,91,6,0.734,0,4.73,3.33,NYM,,4.92,1.58,L
Trevor Williams,2024/4/3 00:00,5.1,2,2,3,2,5,91,5,0.672,1,5.1,2,PIT,,2.03,1.04,R
Trevor Williams,2024/4/8 00:00,5,1,1,3,3,2,81,5,0.701,0,5.05,1.5,SF,,2.03,1.04,R
Trevor Williams,2024/4/14 00:00,5.1,3,3,6,1,7,78,6,0.694,0,5.07,2,OAK,,2.03,1.04,R
Trevor Williams,2024/4/20 00:00,6,1,1,3,0,4,77,6,0.741,1,5.37,1.67,HOU,,2.03,1.04,R
Trevor Williams,2024/4/26 00:00,5,1,1,5,2,1,80,6,0.678,0,5.37,1.67,MIA,,2.03,1.04,R
Trevor Williams,2024/5/1 00:00,5,0,0,5,4,3,79,5,0.686,0,5.33,0.67,TEX,,2.03,1.04,R
Trevor Williams,2024/5/7 00:00,5,0,0,2,0,8,77,6,0.751,1,5,0.33,BAL,,2.03,1.04,R
Trevor Williams,2024/5/14 00:00,5,1,3,4,1,2,81,7,0.618,0,5,0.33,CWS,,2.03,1.04,R
Trevor Williams,2024/5/19 00:00,4.1,3,3,5,1,3,97,5,0.75,0,4.7,1.33,PHI,,2.03,1.04,R
Trevor Williams,2024/5/25 00:00,5,1,1,5,0,8,85,6,0.687,1,4.7,1.67,SEA,,2.03,1.04,R
Trevor Williams,2024/5/30 00:00,5.2,1,1,4,2,4,95,5,0.724,0,4.77,1.67,ATL,,2.03,1.04,R
Trevor Williams,2024/9/20 00:00,5,1,1,3,0,7,66,113,0.71,0,5.07,1,CHC,,2.03,1.04,R
Trevor Williams,2024/9/27 00:00,5,0,0,3,2,5,77,7,0.75,1,5.07,0.67,PHI,,2.03,1.04,R
Tristan Beck,2024/9/3 00:00,3.1,1,1,2,2,4,61,5,0.777,1,3.1,1,AZ,,1.69,1.13,R
Tristan Beck,2024/9/10 00:00,2,1,1,3,0,1,27,7,0.729,1,2.55,1,MIL,,1.69,1.13,R
Tristan Beck,2024/9/13 00:00,2.2,0,0,2,0,4,41,3,0.745,1,2.43,0.67,SD,,1.69,1.13,R
Tristan Beck,2024/9/17 00:00,1,0,0,2,0,1,13,4,0.751,0,1.73,0.33,BAL,,1.69,1.13,R
Tristan Beck,2024/9/21 00:00,2,0,0,0,0,1,16,4,0.71,0,1.73,0,KC,,1.69,1.13,R
Tristan Beck,2024/9/24 00:00,1,0,0,1,0,0,12,3,0.777,0,1.33,0,AZ,,1.69,1.13,R
Tristan Beck,2024/9/28 00:00,4,1,1,4,2,3,72,4,0.703,1,2.33,0.33,STL,,1.69,1.13,R
Triston McKenzie,2024/4/1 00:00,3.1,4,5,4,2,2,78,5,0.687,0,3.1,4,SEA,,5.11,1.56,R
Triston McKenzie,2024/4/8 00:00,5.2,0,0,3,4,2,87,7,0.618,1,4.15,2,CWS,,5.11,1.56,R
Triston McKenzie,2024/4/13 00:00,4,5,6,4,6,1,84,5,0.761,1,4.1,3,NYY,,5.11,1.56,R
Triston McKenzie,2024/4/19 00:00,5,1,1,3,3,6,84,6,0.694,1,4.73,2,OAK,,5.11,1.56,R
Triston McKenzie,2024/4/25 00:00,4,2,2,6,2,7,75,6,0.741,1,4.33,2.67,BOS,,5.11,1.56,R
Triston McKenzie,2024/5/1 00:00,7,2,2,5,1,6,90,6,0.741,0,5.33,1.67,HOU,,5.11,1.56,R
Triston McKenzie,2024/5/6 00:00,5,1,1,3,3,6,83,5,0.685,1,5.33,1.67,DET,,5.11,1.56,R
Triston McKenzie,2024/5/11 00:00,6.2,1,2,4,3,5,91,5,0.618,0,6.07,1.33,CWS,,5.11,1.56,R
Triston McKenzie,2024/5/17 00:00,6.2,1,1,2,4,5,91,6,0.726,1,5.8,1,MIN,,5.11,1.56,R
Triston McKenzie,2024/5/22 00:00,5,3,3,5,3,5,95,5,0.734,1,5.8,1.67,NYM,,5.11,1.56,R
Triston McKenzie,2024/5/28 00:00,5,4,4,6,3,9,94,6,0.704,0,5.4,2.67,COL,,5.11,1.56,R
Triston McKenzie,2024/6/4 00:00,5.1,5,5,9,2,7,86,7,0.71,1,5.03,4,KC,,5.11,1.56,R
Triston McKenzie,2024/6/11 00:00,5.1,2,2,4,2,4,75,7,0.693,0,5.07,3.67,CIN,,5.11,1.56,R
Triston McKenzie,2024/6/18 00:00,2.1,4,4,3,4,0,59,7,0.687,1,4.1,3.67,SEA,,5.11,1.56,R
Triston McKenzie,2024/6/23 00:00,3,3,3,3,4,6,74,5,0.703,1,3.4,3,TOR,,5.11,1.56,R
Triston McKenzie,2024/6/28 00:00,2.1,5,5,5,3,3,58,5,0.71,0,2.4,4,KC,,5.11,1.56,R
Tyler Alexander,2024/3/31 00:00,5,5,5,6,2,4,82,5,0.703,1,5,5,TOR,,5.1,1.24,L
Tyler Alexander,2024/4/6 00:00,4.1,4,4,8,2,4,93,6,0.704,0,4.55,4.5,COL,,5.1,1.24,L
Tyler Alexander,2024/4/14 00:00,6,2,2,6,1,4,86,8,0.701,1,5.03,3.67,SF,,5.1,1.24,L
Tyler Alexander,2024/4/19 00:00,5.1,0,0,2,1,4,79,5,0.761,0,5.07,2,NYY,,5.1,1.24,L
Tyler Alexander,2024/4/24 00:00,4,2,2,3,1,4,56,5,0.685,1,5.03,1.33,DET,,5.1,1.24,L
Tyler Alexander,2024/4/30 00:00,4,3,3,6,2,3,85,6,0.729,0,4.37,1.67,MIL,,5.1,1.24,L
Tyler Alexander,2024/5/6 00:00,4,2,2,4,1,7,75,6,0.618,1,4,2.33,CWS,,5.1,1.24,L
Tyler Alexander,2024/5/12 00:00,7,6,6,7,2,3,90,6,0.761,1,5,3.67,NYY,,5.1,1.24,L
Tyler Alexander,2024/5/17 00:00,7.1,3,3,3,0,4,105,5,0.703,0,6.03,3.67,TOR,,5.1,1.24,L
Tyler Alexander,2024/5/24 00:00,5,8,8,11,1,4,93,7,0.71,1,6.37,5.67,KC,,5.1,1.24,L
Tyler Alexander,2024/5/30 00:00,4.2,4,4,7,0,7,79,6,0.694,1,5.43,5,OAK,,5.1,1.24,L
Tyler Alexander,2024/7/23 00:00,3,0,0,3,0,4,49,54,0.703,0,4.07,4,TOR,,5.1,1.24,L
Tyler Alexander,2024/7/30 00:00,2.1,1,1,1,0,3,27,7,0.678,1,3.1,1.67,MIA,,5.1,1.24,L
Tyler Alexander,2024/8/4 00:00,4.1,0,0,2,1,5,58,5,0.741,0,3.07,0.33,HOU,,5.1,1.24,L
Tyler Alexander,2024/8/10 00:00,4.2,1,1,6,2,3,89,6,0.751,1,3.47,0.67,BAL,,5.1,1.24,L
Tyler Alexander,2024/8/18 00:00,5.2,3,3,5,2,5,79,8,0.777,1,4.5,1.33,AZ,,5.1,1.24,L
Tyler Alexander,2024/8/23 00:00,4.1,3,3,5,2,1,69,5,0.781,0,4.5,2.33,LAD,,5.1,1.24,L
Tyler Alexander,2024/8/28 00:00,4.1,5,5,5,1,4,76,5,0.687,0,4.47,3.67,SEA,,5.1,1.24,L
Tyler Alexander,2024/9/4 00:00,3.2,4,4,9,0,2,50,7,0.726,1,3.8,4,MIN,,5.1,1.24,L
Tyler Alexander,2024/9/9 00:00,4.1,1,1,1,0,1,52,5,0.75,0,3.8,3.33,PHI,,5.1,1.24,L
Tyler Alexander,2024/9/14 00:00,5,4,4,4,2,2,57,5,0.703,0,4.1,3,CLE,,5.1,1.24,L
Tyler Alexander,2024/9/20 00:00,4.1,0,0,2,1,6,65,6,0.703,1,4.4,1.67,TOR,,5.1,1.24,L
Tyler Alexander,2024/9/26 00:00,5,0,0,4,0,6,74,6,0.685,0,4.7,1.33,DET,,5.1,1.24,L
Tyler Anderson,2024/4/2 00:00,7,0,0,4,2,5,83,5,0.678,0,7,0,MIA,,3.81,1.29,L
Tyler Anderson,2024/4/8 00:00,7,0,0,4,1,3,91,6,0.669,1,7,0,TB,,3.81,1.29,L
Tyler Anderson,2024/4/14 00:00,4.1,3,3,4,3,4,93,6,0.741,0,6.03,1,BOS,,3.81,1.29,L
Tyler Anderson,2024/4/19 00:00,7,1,2,3,3,2,95,5,0.693,0,6.03,1.33,CIN,,3.81,1.29,L
Tyler Anderson,2024/4/24 00:00,5,2,2,4,4,7,105,5,0.751,1,5.37,2,BAL,,3.81,1.29,L
Tyler Anderson,2024/4/30 00:00,6,3,3,5,2,6,92,6,0.75,1,6,2,PHI,,3.81,1.29,L
Tyler Anderson,2024/5/6 00:00,6.1,4,4,6,3,5,93,6,0.672,0,5.7,3,PIT,,3.81,1.29,L
Tyler Anderson,2024/5/11 00:00,6.2,3,3,7,1,4,93,5,0.71,1,6.1,3.33,KC,,3.81,1.29,L
Tyler Anderson,2024/5/17 00:00,7,1,1,2,2,4,96,6,0.686,0,6.43,2.67,TEX,,3.81,1.29,L
Tyler Anderson,2024/5/22 00:00,8,1,1,6,2,4,95,5,0.741,0,7.07,1.67,HOU,,3.81,1.29,L
Tyler Anderson,2024/5/29 00:00,5,1,1,4,6,4,95,7,0.761,1,6.67,1,NYY,,3.81,1.29,L
Tyler Anderson,2024/6/3 00:00,6.2,1,1,5,3,2,91,5,0.745,1,6.4,1,SD,,3.81,1.29,L
Tyler Anderson,2024/6/8 00:00,6,4,4,7,1,3,90,5,0.741,1,5.73,2,HOU,,3.81,1.29,L
Tyler Anderson,2024/6/14 00:00,5.1,1,1,5,5,5,105,6,0.701,0,5.77,2,SF,,3.81,1.29,L
Tyler Anderson,2024/6/19 00:00,7,1,1,4,3,5,99,5,0.729,1,6.03,2,MIL,,3.81,1.29,L
Tyler Anderson,2024/6/25 00:00,5,3,3,5,5,2,109,6,0.694,1,5.7,1.67,OAK,,3.81,1.29,L
Tyler Anderson,2024/6/30 00:00,4.2,6,6,7,1,2,88,5,0.685,1,5.4,3.33,DET,,3.81,1.29,L
Tyler Anderson,2024/7/6 00:00,8,0,0,3,0,10,98,6,0.71,0,5.73,3,CHC,,3.81,1.29,L
Tyler Anderson,2024/7/12 00:00,6,4,4,6,0,4,92,6,0.687,1,6.07,3.33,SEA,,3.81,1.29,L
Tyler Anderson,2024/7/22 00:00,5.2,1,1,3,1,8,96,10,0.687,0,6.4,1.67,SEA,,3.81,1.29,L
Tyler Anderson,2024/7/27 00:00,7,3,3,6,1,10,101,5,0.694,1,6.07,2.67,OAK,,3.81,1.29,L
Tyler Anderson,2024/8/2 00:00,5,3,3,8,2,3,100,6,0.734,1,5.73,2.33,NYM,,3.81,1.29,L
Tyler Anderson,2024/8/8 00:00,6,1,1,3,1,7,95,6,0.761,0,6,2.33,NYY,,3.81,1.29,L
Tyler Anderson,2024/8/14 00:00,5.2,7,7,6,4,8,98,6,0.703,1,5.4,3.67,TOR,,3.81,1.29,L
Tyler Anderson,2024/8/20 00:00,6,4,5,11,2,2,95,6,0.71,0,5.73,4,KC,,3.81,1.29,L
Tyler Anderson,2024/8/25 00:00,5,2,2,4,4,3,97,5,0.703,0,5.4,4.33,TOR,,3.81,1.29,L
Tyler Anderson,2024/8/31 00:00,4,4,4,6,3,3,83,6,0.687,1,5,3.33,SEA,,3.81,1.29,L
Tyler Anderson,2024/9/7 00:00,5,1,2,1,2,7,92,7,0.686,0,4.67,2.33,TEX,,3.81,1.29,L
Tyler Anderson,2024/9/14 00:00,5,4,4,7,3,4,97,7,0.741,1,4.67,3,HOU,,3.81,1.29,L
Tyler Anderson,2024/9/20 00:00,2.2,3,6,8,0,4,75,6,0.741,0,4.07,2.67,HOU,,3.81,1.29,L
Tyler Anderson,2024/9/26 00:00,4.1,4,5,4,3,2,82,6,0.618,0,3.77,3.67,CWS,,3.81,1.29,L
Tyler Glasnow,2024/3/28 00:00,6,1,1,2,1,5,81,5,0.703,1,6,1,STL,,3.49,0.95,R
Tyler Glasnow,2024/4/3 00:00,6,3,3,4,2,7,100,6,0.701,1,6,2,SF,,3.49,0.95,R
Tyler Glasnow,2024/4/9 00:00,7,0,0,3,0,14,88,6,0.726,0,6.33,1.33,MIN,,3.49,0.95,R
Tyler Glasnow,2024/4/15 00:00,5,6,6,8,2,5,94,6,0.684,1,6,3,WSH,,3.49,0.95,R
Tyler Glasnow,2024/4/21 00:00,8,0,0,7,0,10,101,6,0.734,1,6.67,2,NYM,,3.49,0.95,R
Tyler Glasnow,2024/4/27 00:00,6,1,1,2,3,9,95,6,0.703,0,6.33,2.33,TOR,,3.49,0.95,R
Tyler Glasnow,2024/5/4 00:00,7,2,2,5,1,10,96,7,0.724,1,7,1,ATL,,3.49,0.95,R
Tyler Glasnow,2024/5/10 00:00,7,1,1,1,2,10,99,6,0.745,0,6.67,1.33,SD,,3.49,0.95,R
Tyler Glasnow,2024/5/16 00:00,5,4,4,6,1,8,92,6,0.693,1,6.33,2.33,CIN,,3.49,0.95,R
Tyler Glasnow,2024/5/22 00:00,5,3,3,4,1,6,95,6,0.777,1,5.67,2.67,AZ,,3.49,0.95,R
Tyler Glasnow,2024/5/28 00:00,7,2,2,2,4,8,92,6,0.734,0,5.67,3,NYM,,3.49,0.95,R
Tyler Glasnow,2024/6/4 00:00,6,1,1,3,2,9,97,7,0.672,0,6,2,PIT,,3.49,0.95,R
Tyler Glasnow,2024/6/9 00:00,6,5,5,8,1,12,104,5,0.761,0,6.33,2.67,NYY,,3.49,0.95,R
Tyler Glasnow,2024/6/16 00:00,7,0,0,3,1,9,85,7,0.71,1,6.33,2,KC,,3.49,0.95,R
Tyler Glasnow,2024/6/22 00:00,7,1,2,2,0,10,74,6,0.671,1,6.67,2,LAA,,3.49,0.95,R
Tyler Glasnow,2024/6/29 00:00,3,5,5,7,2,1,61,7,0.701,0,5.67,2,SF,,3.49,0.95,R
Tyler Glasnow,2024/7/5 00:00,6,5,5,3,2,7,98,6,0.729,1,5.33,3.67,MIL,,3.49,0.95,R
Tyler Glasnow,2024/7/24 00:00,5,2,2,4,4,4,91,19,0.701,1,4.67,4,SF,,3.49,0.95,R
Tyler Glasnow,2024/7/30 00:00,7,3,3,6,1,8,102,6,0.745,0,6,3.33,SD,,3.49,0.95,R
Tyler Glasnow,2024/8/5 00:00,6,3,3,5,0,9,91,6,0.75,1,6,2.67,PHI,,3.49,0.95,R
Tyler Glasnow,2024/8/11 00:00,7,2,2,5,1,4,98,6,0.672,1,6.67,2.67,PIT,,3.49,0.95,R
Tyler Holton,2024/3/30 00:00,1,0,0,1,0,1,18,5,0.618,0,1,0,CWS,,2.19,0.78,L
Tyler Holton,2024/3/31 00:00,1.1,0,0,0,0,4,19,1,0.618,0,1.05,0,CWS,,2.19,0.78,L
Tyler Holton,2024/4/4 00:00,2,0,0,1,0,1,17,4,0.734,0,1.37,0,NYM,,2.19,0.78,L
Tyler Holton,2024/4/8 00:00,1,1,1,2,1,0,18,4,0.672,0,1.37,0.33,PIT,,2.19,0.78,L
Tyler Holton,2024/4/9 00:00,1,1,1,1,0,1,15,1,0.672,0,1.33,0.67,PIT,,2.19,0.78,L
Tyler Holton,2024/4/13 00:00,1.2,0,0,0,0,1,16,4,0.726,1,1.07,0.67,MIN,,2.19,0.78,L
Tyler Holton,2024/4/15 00:00,0.2,0,0,0,0,0,4,2,0.686,1,0.8,0.33,TEX,,2.19,0.78,L
Tyler Holton,2024/4/18 00:00,1.1,0,0,2,0,0,25,3,0.686,1,0.83,0,TEX,,2.19,0.78,L
Tyler Holton,2024/4/21 00:00,2,0,0,0,0,1,20,3,0.726,0,1.1,0,MIN,,2.19,0.78,L
Tyler Holton,2024/4/26 00:00,0.1,5,5,2,1,1,21,5,0.71,1,1.07,1.67,KC,,2.19,0.78,L
Tyler Holton,2024/4/30 00:00,1,1,1,1,1,0,18,4,0.703,1,1.03,2,STL,,2.19,0.78,L
Tyler Holton,2024/5/4 00:00,1.2,0,0,0,0,2,23,4,0.761,0,0.77,2,NYY,,2.19,0.78,L
Tyler Holton,2024/5/7 00:00,3,0,0,2,0,3,31,3,0.703,0,1.73,0.33,CLE,,2.19,0.78,L
Tyler Holton,2024/5/11 00:00,2,0,0,1,0,2,25,4,0.741,1,2.07,0,HOU,,2.19,0.78,L
Tyler Holton,2024/5/15 00:00,1,0,0,0,0,0,8,4,0.678,1,2,0,MIA,,2.19,0.78,L
Tyler Holton,2024/5/19 00:00,1,1,1,1,0,1,16,4,0.777,0,1.33,0.33,AZ,,2.19,0.78,L
Tyler Holton,2024/5/21 00:00,3.1,2,2,2,1,2,36,2,0.71,0,1.7,1,KC,,2.19,0.78,L
Tyler Holton,2024/5/25 00:00,1,0,0,1,0,1,14,4,0.703,1,1.7,1,TOR,,2.19,0.78,L
Tyler Holton,2024/5/26 00:00,1,3,3,2,1,1,18,1,0.703,1,1.7,1.67,TOR,,2.19,0.78,L
Tyler Holton,2024/5/30 00:00,1.1,0,0,0,0,2,21,4,0.741,0,1.03,1,BOS,,2.19,0.78,L
Tyler Holton,2024/6/2 00:00,2.1,0,0,0,0,1,24,3,0.741,0,1.4,1,BOS,,2.19,0.78,L
Tyler Holton,2024/6/4 00:00,0.2,1,1,2,0,0,12,2,0.686,0,1.13,0.33,TEX,,2.19,0.78,L
Tyler Holton,2024/6/7 00:00,1,0,0,0,0,0,5,3,0.729,1,1.1,0.33,MIL,,2.19,0.78,L
Tyler Holton,2024/6/11 00:00,2.1,0,1,1,0,2,29,4,0.684,1,1.1,0.33,WSH,,2.19,0.78,L
Tyler Holton,2024/6/13 00:00,0.2,0,0,0,1,1,12,2,0.684,1,1.1,0,WSH,,2.19,0.78,L
Tyler Holton,2024/6/16 00:00,2,0,0,0,0,1,15,3,0.741,0,1.43,0,HOU,,2.19,0.78,L
Tyler Holton,2024/6/23 00:00,1,0,0,1,0,1,14,7,0.618,1,1.07,0,CWS,,2.19,0.78,L
Tyler Holton,2024/6/24 00:00,1.1,3,3,2,2,2,36,1,0.75,1,1.37,1,PHI,,2.19,0.78,L
Tyler Holton,2024/6/26 00:00,1.2,1,1,4,1,1,29,2,0.75,1,1.1,1.33,PHI,,2.19,0.78,L
Tyler Holton,2024/6/29 00:00,0.1,0,0,0,0,0,2,3,0.671,0,0.8,1.33,LAA,,2.19,0.78,L
Tyler Holton,2024/6/30 00:00,0.1,0,0,0,0,1,6,1,0.671,0,0.47,0.33,LAA,,2.19,0.78,L
Tyler Holton,2024/7/3 00:00,1.1,0,0,1,0,0,20,3,0.726,0,0.43,0,MIN,,2.19,0.78,L
Tyler Holton,2024/7/6 00:00,1.2,0,0,1,1,2,33,3,0.693,0,0.8,0,CIN,,2.19,0.78,L
Tyler Holton,2024/7/8 00:00,1.2,0,0,0,0,0,22,2,0.703,1,1.17,0,CLE,,2.19,0.78,L
Tyler Holton,2024/7/10 00:00,1.1,0,0,1,0,1,24,2,0.703,1,1.17,0,CLE,,2.19,0.78,L
Tyler Holton,2024/7/12 00:00,0.2,0,0,2,1,0,9,2,0.781,1,0.83,0,LAD,,2.19,0.78,L
Tyler Holton,2024/7/14 00:00,2,0,0,1,0,2,30,2,0.781,1,1.1,0,LAD,,2.19,0.78,L
Tyler Holton,2024/7/19 00:00,1,0,0,0,0,0,10,5,0.703,0,1.07,0,TOR,,2.19,0.78,L
Tyler Holton,2024/7/20 00:00,2,0,0,1,0,3,29,1,0.703,0,1.67,0,TOR,,2.19,0.78,L
Tyler Holton,2024/7/23 00:00,1.2,0,0,1,1,2,31,3,0.703,0,1.4,0,CLE,,2.19,0.78,L
Tyler Holton,2024/7/25 00:00,2,0,0,2,0,2,36,2,0.703,0,1.73,0,CLE,,2.19,0.78,L
Tyler Holton,2024/7/30 00:00,2.2,0,0,2,0,1,34,5,0.703,1,1.8,0,CLE,,2.19,0.78,L
Tyler Holton,2024/8/3 00:00,3,0,0,0,0,3,31,4,0.71,1,2.4,0,KC,,2.19,0.78,L
Tyler Holton,2024/8/6 00:00,0.1,0,0,0,0,1,3,3,0.687,0,1.77,0,SEA,,2.19,0.78,L
Tyler Holton,2024/8/8 00:00,1.2,1,1,2,0,0,13,2,0.687,0,1.43,0.33,SEA,,2.19,0.78,L
Tyler Holton,2024/8/11 00:00,1.1,0,0,2,1,0,23,3,0.701,0,0.8,0.33,SF,,2.19,0.78,L
Tyler Holton,2024/8/14 00:00,1,0,0,0,0,2,13,3,0.687,1,1.1,0.33,SEA,,2.19,0.78,L
Tyler Holton,2024/8/17 00:00,3,0,0,1,0,2,45,3,0.761,1,1.7,0,NYY,,2.19,0.78,L
Tyler Holton,2024/8/21 00:00,1.2,0,0,0,0,2,20,4,0.71,0,1.73,0,CHC,,2.19,0.78,L
Tyler Holton,2024/8/22 00:00,1,0,0,0,0,0,9,1,0.71,0,1.73,0,CHC,,2.19,0.78,L
Tyler Holton,2024/8/25 00:00,1.1,0,0,2,0,2,31,3,0.618,0,1.1,0,CWS,,2.19,0.78,L
Tyler Holton,2024/8/26 00:00,1,0,0,0,0,0,11,1,0.618,0,1.03,0,CWS,,2.19,0.78,L
Tyler Holton,2024/8/30 00:00,0.2,1,1,2,0,1,20,4,0.741,1,0.77,0.33,BOS,,2.19,0.78,L
Tyler Holton,2024/8/31 00:00,1,0,0,0,1,0,17,1,0.741,1,0.73,0.33,BOS,,2.19,0.78,L
Tyler Holton,2024/9/2 00:00,2,0,0,1,0,1,32,2,0.745,0,1.07,0.33,SD,,2.19,0.78,L
Tyler Holton,2024/9/5 00:00,1,0,0,1,0,0,13,3,0.745,0,1.33,0,SD,,2.19,0.78,L
Tyler Holton,2024/9/6 00:00,1.1,0,1,0,0,3,17,1,0.694,0,1.37,0,OAK,,2.19,0.78,L
Tyler Holton,2024/9/8 00:00,1,0,0,0,0,0,6,2,0.694,0,1.03,0,OAK,,2.19,0.78,L
Tyler Holton,2024/9/11 00:00,2,0,0,1,0,1,29,3,0.704,1,1.37,0,COL,,2.19,0.78,L
Tyler Holton,2024/9/13 00:00,1,0,0,1,0,2,19,2,0.751,1,1.33,0,BAL,,2.19,0.78,L
Tyler Holton,2024/9/15 00:00,1.1,0,0,1,1,1,22,2,0.751,1,1.37,0,BAL,,2.19,0.78,L
Tyler Holton,2024/9/17 00:00,2,0,0,0,0,2,32,2,0.71,0,1.37,0,KC,,2.19,0.78,L
Tyler Holton,2024/9/20 00:00,1,2,2,2,0,1,18,3,0.751,0,1.37,0.67,BAL,,2.19,0.78,L
Tyler Holton,2024/9/22 00:00,2,0,0,0,1,4,34,2,0.751,0,1.67,0.67,BAL,,2.19,0.78,L
Tyler Holton,2024/9/25 00:00,1.1,0,0,0,0,1,19,3,0.669,1,1.37,0.67,TB,,2.19,0.78,L
Tyler Holton,2024/9/27 00:00,1,0,0,0,1,1,17,2,0.618,1,1.37,0,CWS,,2.19,0.78,L
Tyler Holton,2024/10/1 00:00,0.1,0,0,0,0,0,2,4,0.741,0,0.73,0,HOU,,2.19,0.78,L
Tyler Holton,2024/10/2 00:00,1,0,0,0,0,1,18,1,0.741,0,0.7,0,HOU,,2.19,0.78,L
Tyler Holton,2024/10/5 00:00,0,4,4,3,1,0,20,3,0.703,0,0.37,1.33,CLE,,2.19,0.78,L
Tyler Holton,2024/10/9 00:00,1,0,0,0,0,1,11,4,0.703,1,0.67,1.33,CLE,,2.19,0.78,L
Tyler Holton,2024/10/10 00:00,2,1,1,1,0,1,27,1,0.703,1,1,1.67,CLE,,2.19,0.78,L
Tyler Holton,2024/10/12 00:00,1.1,1,1,2,0,3,29,2,0.703,0,1.37,0.67,CLE,,2.19,0.78,L
Tyler Mahle,2024/8/6 00:00,5,1,1,5,1,2,76,5,0.741,1,5,1,HOU,,4.97,1.42,R
Tyler Mahle,2024/8/12 00:00,4.2,2,2,3,3,7,92,6,0.741,0,4.6,1.5,BOS,,4.97,1.42,R
Tyler Mahle,2024/8/18 00:00,3,4,4,6,0,1,61,6,0.726,1,4.07,2.33,MIN,,4.97,1.42,R
Tyler Phillips,2024/7/7 00:00,4,1,1,3,0,7,53,5,0.724,0,4,1,ATL,,6.87,1.42,R
Tyler Phillips,2024/7/13 00:00,6,4,4,6,0,5,79,6,0.694,1,5,2.5,OAK,,6.87,1.42,R
Tyler Phillips,2024/7/21 00:00,6,0,0,4,1,3,85,8,0.672,0,5.33,1.67,PIT,,6.87,1.42,R
Tyler Phillips,2024/7/27 00:00,9,0,0,4,1,4,105,6,0.703,1,7,1.33,CLE,,6.87,1.42,R
Tyler Phillips,2024/8/2 00:00,1.2,8,8,5,3,1,54,6,0.687,0,5.4,2.67,SEA,,6.87,1.42,R
Tyler Phillips,2024/8/7 00:00,5,4,4,6,1,3,79,5,0.781,0,5.07,4,LAD,,6.87,1.42,R
Tyler Phillips,2024/8/14 00:00,4.1,5,5,9,1,4,87,7,0.678,1,3.43,5.67,MIA,,6.87,1.42,R
Tyler Phillips,2024/9/3 00:00,0.2,6,6,8,0,1,36,20,0.703,0,3.1,5,TOR,,6.87,1.42,R
Tyler Wells,2024/3/31 00:00,6,3,4,5,0,7,82,5,0.671,1,6,3,LAA,,5.87,1.37,R
Tyler Wells,2024/4/6 00:00,5.1,3,3,7,2,3,87,6,0.672,0,5.55,3,PIT,,5.87,1.37,R
Tyler Wells,2024/4/12 00:00,4,4,4,6,1,3,90,6,0.729,1,5.03,3.33,MIL,,5.87,1.37,R
Tylor Megill,2024/3/31 00:00,4,1,2,3,3,4,78,5,0.729,1,4,1,MIL,,4.04,1.31,R
Tylor Megill,2024/5/20 00:00,5,2,3,4,2,7,86,50,0.703,0,4.5,1.5,CLE,,4.04,1.31,R
Tylor Megill,2024/5/28 00:00,7,0,0,3,1,9,99,8,0.781,1,5.33,1,LAD,,4.04,1.31,R
Tylor Megill,2024/6/3 00:00,5,4,5,7,3,4,87,6,0.684,0,5.67,2,WSH,,4.04,1.31,R
Tylor Megill,2024/6/11 00:00,4.2,3,3,5,2,8,87,8,0.678,1,5.4,2.33,MIA,,4.04,1.31,R
Tylor Megill,2024/6/16 00:00,5,2,2,5,2,5,92,5,0.745,1,4.73,3,SD,,4.04,1.31,R
Tylor Megill,2024/6/22 00:00,3,6,6,5,3,6,78,6,0.71,0,4.07,3.67,CHC,,4.04,1.31,R
Tylor Megill,2024/6/29 00:00,5.1,4,4,5,3,6,101,7,0.741,1,4.37,4,HOU,,4.04,1.31,R
Tylor Megill,2024/7/27 00:00,6,4,4,5,2,4,95,28,0.724,1,4.7,4.67,ATL,,4.04,1.31,R
Tylor Megill,2024/7/31 00:00,2,1,1,3,1,2,34,4,0.726,1,4.37,3,MIN,,4.04,1.31,R
Tylor Megill,2024/8/30 00:00,5.1,1,1,5,1,6,97,30,0.618,0,4.37,2,CWS,,4.04,1.31,R
Tylor Megill,2024/9/4 00:00,4,3,3,5,1,3,67,5,0.741,1,3.7,1.67,BOS,,4.04,1.31,R
Tylor Megill,2024/9/9 00:00,6,0,0,1,2,9,88,5,0.703,0,5.03,1.33,TOR,,4.04,1.31,R
Tylor Megill,2024/9/17 00:00,6,0,1,2,2,4,94,8,0.684,1,5.33,1,WSH,,4.04,1.31,R
Tylor Megill,2024/9/22 00:00,4,1,1,4,2,6,83,5,0.75,1,5.33,0.33,PHI,,4.04,1.31,R
Tylor Megill,2024/9/30 00:00,5.2,3,3,8,2,8,100,8,0.724,0,5.07,1.33,ATL,,4.04,1.31,R
Tylor Megill,2024/10/6 00:00,1.1,1,1,1,2,2,33,6,0.75,0,3.43,1.67,PHI,,4.04,1.31,R
Tylor Megill,2024/10/16 00:00,3,4,4,5,3,3,72,10,0.781,1,3.1,2.67,LAD,,4.04,1.31,R
Ty Blach,2024/4/22 00:00,1,0,0,0,0,1,9,5,0.745,1,1,0,SD,,6.94,1.7,L
Ty Blach,2024/4/24 00:00,5,4,4,5,2,0,76,2,0.745,1,3,2,SD,,6.94,1.7,L
Ty Blach,2024/5/2 00:00,4,0,0,3,0,2,45,8,0.678,0,3.33,1.33,MIA,,6.94,1.7,L
Ty Blach,2024/5/7 00:00,3,1,1,4,1,2,46,5,0.701,1,4,1.67,SF,,6.94,1.7,L
Ty Blach,2024/5/12 00:00,5,1,1,7,0,2,70,5,0.686,1,4,0.67,TEX,,6.94,1.7,L
Ty Blach,2024/5/18 00:00,3,6,6,7,1,3,64,6,0.701,0,3.67,2.67,SF,,6.94,1.7,L
Ty Blach,2024/5/24 00:00,6.2,2,2,5,1,2,78,6,0.75,1,4.73,3,PHI,,6.94,1.7,L
Ty Blach,2024/5/29 00:00,7,2,2,6,2,5,94,5,0.703,1,5.4,3.33,CLE,,6.94,1.7,L
Ty Blach,2024/6/4 00:00,5,4,4,10,0,2,87,6,0.693,1,6.07,2.67,CIN,,6.94,1.7,L
Ty Blach,2024/6/9 00:00,5,4,4,8,1,3,79,5,0.703,0,5.67,3.33,STL,,6.94,1.7,L
Ty Blach,2024/6/15 00:00,5.2,2,2,7,1,5,78,6,0.672,1,5.07,3.33,PIT,,6.94,1.7,L
Ty Blach,2024/6/20 00:00,4,5,5,10,1,2,76,5,0.781,1,4.73,3.67,LAD,,6.94,1.7,L
Ty Blach,2024/6/26 00:00,0.2,1,1,4,0,2,29,6,0.741,0,3.13,2.67,HOU,,6.94,1.7,L
Ty Blach,2024/7/2 00:00,2,1,1,3,1,1,39,6,0.729,1,2.07,2.33,MIL,,6.94,1.7,L
Ty Blach,2024/7/7 00:00,1,3,3,1,2,0,23,5,0.71,1,1.07,1.67,KC,,6.94,1.7,L
Ty Blach,2024/7/11 00:00,1.1,0,0,1,0,0,23,4,0.693,0,1.37,1.33,CIN,,6.94,1.7,L
Ty Blach,2024/7/23 00:00,2.1,6,6,7,1,1,59,12,0.741,1,1.4,3,BOS,,6.94,1.7,L
Ty Blach,2024/7/26 00:00,2,3,3,4,2,1,38,3,0.701,0,1.73,3,SF,,6.94,1.7,L
Ty Blach,2024/9/1 00:00,4,5,5,5,2,1,63,37,0.751,1,2.7,4.67,BAL,,6.94,1.7,L
Ty Blach,2024/9/7 00:00,3.2,5,5,6,0,1,57,6,0.729,0,3.07,4.33,MIL,,6.94,1.7,L
Ty Madden,2024/8/26 00:00,5,1,2,4,3,2,87,5,0.618,0,5,1,CWS,,4.3,1.43,R
Ty Madden,2024/9/2 00:00,4,2,2,4,0,1,56,7,0.745,0,4.5,1.5,SD,,4.3,1.43,R
Ty Madden,2024/9/8 00:00,5,1,1,5,1,7,83,6,0.694,0,4.67,1.33,OAK,,4.3,1.43,R
Ty Madden,2024/9/14 00:00,3.2,1,1,3,1,2,69,6,0.751,1,4.07,1.33,BAL,,4.3,1.43,R
Ty Madden,2024/9/22 00:00,2.1,3,3,5,2,3,48,8,0.751,0,3.43,1.67,BAL,,4.3,1.43,R
Ty Madden,2024/9/28 00:00,3,3,3,4,1,2,60,6,0.618,1,2.77,2.33,CWS,,4.3,1.43,R
Ty Madden,2024/10/5 00:00,0.2,2,2,1,3,1,33,7,0.703,0,1.77,2.67,CLE,,4.3,1.43,R
Valente Bellozo,2024/6/26 00:00,5,0,0,2,0,2,72,5,0.71,0,5,0,KC,,3.67,1.31,R
Valente Bellozo,2024/7/2 00:00,5,5,5,7,1,8,98,6,0.741,1,5,2.5,BOS,,3.67,1.31,R
Valente Bellozo,2024/8/2 00:00,5,2,2,2,2,5,66,31,0.724,0,5,2.33,ATL,,3.67,1.31,R
Valente Bellozo,2024/8/7 00:00,5.2,0,0,5,2,4,92,5,0.693,1,5.07,2.33,CIN,,3.67,1.31,R
Valente Bellozo,2024/8/13 00:00,7,0,0,4,1,4,95,6,0.75,0,5.73,0.67,PHI,,3.67,1.31,R
Valente Bellozo,2024/8/18 00:00,5.1,2,2,7,2,4,83,5,0.734,0,5.77,0.67,NYM,,3.67,1.31,R
Valente Bellozo,2024/8/24 00:00,4.2,5,6,7,5,1,83,6,0.71,1,5.43,2.33,CHC,,3.67,1.31,R
Valente Bellozo,2024/8/29 00:00,4,6,6,7,2,4,74,5,0.704,0,4.43,4.33,COL,,3.67,1.31,R
Valente Bellozo,2024/9/4 00:00,6,0,0,3,2,1,85,6,0.684,1,4.73,3.67,WSH,,3.67,1.31,R
Valente Bellozo,2024/9/9 00:00,5.1,1,3,6,1,2,91,5,0.672,0,5.03,2.33,PIT,,3.67,1.31,R
Valente Bellozo,2024/9/14 00:00,5.1,3,3,6,1,4,92,5,0.684,0,5.4,1.33,WSH,,3.67,1.31,R
Valente Bellozo,2024/9/20 00:00,5.1,3,3,7,1,3,89,6,0.724,1,5.1,2.33,ATL,,3.67,1.31,R
Valente Bellozo,2024/9/26 00:00,5,1,1,6,1,2,74,6,0.726,0,5.07,2.33,MIN,,3.67,1.31,R
Wade Miley,2024/4/10 00:00,4,1,1,1,2,0,52,5,0.693,0,4,1,CIN,,6.43,1.43,L
Wade Miley,2024/4/16 00:00,3,4,4,5,2,2,66,6,0.745,1,3.5,2.5,SD,,6.43,1.43,L
Walker Buehler,2024/5/6 00:00,4,3,3,6,0,4,77,5,0.678,1,4,3,MIA,,5.38,1.55,R
Walker Buehler,2024/5/12 00:00,3.1,3,3,5,2,2,77,6,0.745,0,3.55,3,SD,,5.38,1.55,R
Walker Buehler,2024/5/18 00:00,6,0,0,3,0,7,78,6,0.693,1,4.37,2,CIN,,5.38,1.55,R
Walker Buehler,2024/5/25 00:00,5.2,3,3,6,1,4,91,7,0.693,0,4.77,2,CIN,,5.38,1.55,R
Walker Buehler,2024/5/31 00:00,6,3,4,6,4,7,92,6,0.704,1,5.73,2,COL,,5.38,1.55,R
Walker Buehler,2024/6/6 00:00,3,3,4,6,1,3,78,6,0.672,0,4.73,3,PIT,,5.38,1.55,R
Walker Buehler,2024/6/12 00:00,5,2,3,7,1,2,88,6,0.686,1,4.67,2.67,TEX,,5.38,1.55,R
Walker Buehler,2024/6/18 00:00,4,7,7,7,1,2,70,6,0.704,0,4,4,COL,,5.38,1.55,R
Walker Buehler,2024/8/14 00:00,3.1,3,4,4,4,3,87,57,0.729,0,4.03,4,MIL,,5.38,1.55,R
Walker Buehler,2024/8/20 00:00,4,3,3,7,3,1,82,6,0.687,1,3.7,4.33,SEA,,5.38,1.55,R
Walker Buehler,2024/8/28 00:00,4.2,2,4,5,1,4,90,8,0.751,1,3.77,2.67,BAL,,5.38,1.55,R
Walker Buehler,2024/9/3 00:00,5,2,2,5,2,6,83,6,0.671,0,4.4,2.33,LAA,,5.38,1.55,R
Walker Buehler,2024/9/9 00:00,5,5,5,9,1,4,86,6,0.71,1,4.73,3,CHC,,5.38,1.55,R
Walker Buehler,2024/9/15 00:00,6,1,2,3,5,5,97,6,0.724,0,5.33,2.67,ATL,,5.38,1.55,R
Walker Buehler,2024/9/21 00:00,5.1,4,4,5,1,9,89,6,0.704,1,5.37,3.33,COL,,5.38,1.55,R
Walker Buehler,2024/9/26 00:00,5,1,1,5,1,1,71,5,0.745,1,5.37,2,SD,,5.38,1.55,R
Walker Buehler,2024/10/8 00:00,5,6,6,7,1,0,77,12,0.745,0,5.03,3.67,SD,,5.38,1.55,R
Walker Buehler,2024/10/16 00:00,4,0,0,3,2,6,90,8,0.734,0,4.67,2.33,NYM,,5.38,1.55,R
Walker Buehler,2024/10/28 00:00,5,0,0,2,2,5,76,12,0.761,0,4.67,2,NYY,,5.38,1.55,R
Walker Buehler,2024/10/30 00:00,1,0,0,0,0,2,16,2,0.761,0,3.33,0,NYY,,5.38,1.55,R
Will Warren,2024/7/30 00:00,5.1,4,4,4,2,6,97,5,0.75,0,5.1,4,PHI,,10.32,1.9,R
Will Warren,2024/8/7 00:00,4.1,8,8,8,3,6,93,8,0.671,1,4.6,6,LAA,,10.32,1.9,R
Will Warren,2024/8/14 00:00,5,2,2,7,0,5,94,7,0.618,0,4.73,4.67,CWS,,10.32,1.9,R
Will Warren,2024/8/24 00:00,3,5,6,7,1,6,76,10,0.704,1,4.03,5,COL,,10.32,1.9,R
Will Warren,2024/8/31 00:00,4,4,4,5,3,3,76,7,0.703,1,4,3.67,STL,,10.32,1.9,R
Will Warren,2024/9/28 00:00,1,3,3,2,1,3,22,28,0.672,1,2.67,4,PIT,,10.32,1.9,R
Xzavion Curry,2024/4/15 00:00,5,0,0,2,1,3,73,5,0.741,0,5,0,BOS,,4.64,1.05,R
Xzavion Curry,2024/5/21 00:00,4.1,2,2,7,0,2,66,36,0.734,1,4.55,1,NYM,,4.64,1.05,R
Xzavion Curry,2024/5/27 00:00,3.1,6,7,6,2,3,74,6,0.704,0,4.07,2.67,COL,,4.64,1.05,R
Xzavion Curry,2024/6/26 00:00,3,2,2,3,0,1,50,30,0.751,0,3.4,3.33,BAL,,4.64,1.05,R
Xzavion Curry,2024/7/12 00:00,1.2,0,0,1,0,3,21,16,0.669,0,2.43,2.67,TB,,4.64,1.05,R
Xzavion Curry,2024/7/23 00:00,4.1,2,2,4,1,1,62,11,0.685,1,2.77,1.33,DET,,4.64,1.05,R
Xzavion Curry,2024/8/3 00:00,3,4,4,6,1,2,49,11,0.751,1,2.77,2,BAL,,4.64,1.05,R
Xzavion Curry,2024/8/31 00:00,0.2,0,0,0,0,0,6,28,0.701,0,2.43,2,SF,,4.64,1.05,R
Xzavion Curry,2024/9/1 00:00,1.2,0,0,0,0,2,28,1,0.701,0,1.47,1.33,SF,,4.64,1.05,R
Xzavion Curry,2024/9/5 00:00,1,0,0,0,0,1,13,4,0.75,1,0.8,0,PHI,,4.64,1.05,R
Xzavion Curry,2024/9/6 00:00,1,4,4,4,1,2,27,1,0.75,1,1.07,1.33,PHI,,4.64,1.05,R
Xzavion Curry,2024/9/11 00:00,4.2,0,0,2,0,3,59,5,0.672,0,2.07,1.33,PIT,,4.64,1.05,R
Xzavion Curry,2024/9/18 00:00,2.2,0,0,0,0,3,32,7,0.781,1,2.47,1.33,LAD,,4.64,1.05,R
Xzavion Curry,2024/9/21 00:00,0.1,0,0,0,0,1,3,3,0.724,1,2.17,0,ATL,,4.64,1.05,R
Xzavion Curry,2024/9/22 00:00,1,1,1,1,0,0,11,1,0.724,1,1.1,0.33,ATL,,4.64,1.05,R
Xzavion Curry,2024/9/28 00:00,5,1,1,2,1,1,65,6,0.703,0,2.03,0.67,TOR,,4.64,1.05,R
Yonny Chirinos,2024/6/19 00:00,5,2,2,8,0,6,87,5,0.703,1,5,2,STL,,6.3,1.87,R
Yonny Chirinos,2024/6/25 00:00,5,1,1,3,3,5,78,6,0.71,0,5,1.5,KC,,6.3,1.87,R
Yonny Chirinos,2024/6/30 00:00,4.1,3,3,9,1,4,87,5,0.75,0,4.7,2,PHI,,6.3,1.87,R
Yonny Chirinos,2024/7/6 00:00,5,3,3,6,1,5,85,6,0.618,1,4.7,2.33,CWS,,6.3,1.87,R
Yonny Chirinos,2024/7/12 00:00,5.2,7,7,8,4,1,89,6,0.693,0,4.77,4.33,CIN,,6.3,1.87,R
Yonny Chirinos,2024/7/22 00:00,5,5,5,9,4,4,89,10,0.734,1,5.07,5,NYM,,6.3,1.87,R
Yoshinobu Yamamoto,2024/3/30 00:00,5,0,0,2,0,5,68,5,0.703,1,5,0,STL,,3,1.11,R
Yoshinobu Yamamoto,2024/4/6 00:00,5,0,0,3,2,8,80,7,0.71,0,5,0,CHC,,3,1.11,R
Yoshinobu Yamamoto,2024/4/12 00:00,5,3,3,4,1,6,91,6,0.745,1,5,1,SD,,3,1.11,R
Yoshinobu Yamamoto,2024/4/19 00:00,6,3,4,7,1,9,99,7,0.734,1,5.33,2,NYM,,3,1.11,R
Yoshinobu Yamamoto,2024/4/25 00:00,6,0,0,4,1,7,97,6,0.684,0,5.67,2,WSH,,3,1.11,R
Yoshinobu Yamamoto,2024/5/1 00:00,6,0,0,5,2,5,94,6,0.777,0,6,1,AZ,,3,1.11,R
Yoshinobu Yamamoto,2024/5/7 00:00,8,2,2,5,0,5,97,6,0.678,1,6.67,0.67,MIA,,3,1.11,R
Yoshinobu Yamamoto,2024/5/13 00:00,5.2,4,4,5,2,6,84,6,0.701,0,6.4,2,SF,,3,1.11,R
Yoshinobu Yamamoto,2024/5/20 00:00,6.1,2,2,7,1,8,100,7,0.777,1,6.43,2.67,AZ,,3,1.11,R
Yoshinobu Yamamoto,2024/5/26 00:00,5,4,4,6,2,8,100,6,0.693,0,5.43,3.33,CIN,,3,1.11,R
Yoshinobu Yamamoto,2024/6/1 00:00,6,1,1,7,1,7,101,6,0.704,1,5.7,2.33,COL,,3,1.11,R
Yoshinobu Yamamoto,2024/6/7 00:00,7,0,0,2,2,7,106,6,0.761,0,6,1.67,NYY,,3,1.11,R
Yoshinobu Yamamoto,2024/6/15 00:00,2,0,0,1,1,1,28,8,0.71,1,5,0.33,KC,,3,1.11,R
Yoshinobu Yamamoto,2024/9/10 00:00,4,0,1,3,0,8,59,87,0.71,1,4.33,0,CHC,,3,1.11,R
Yoshinobu Yamamoto,2024/9/16 00:00,4,0,0,4,2,3,72,6,0.724,0,3.33,0,ATL,,3,1.11,R
Yoshinobu Yamamoto,2024/9/22 00:00,3,4,4,5,3,4,79,6,0.704,1,3.67,1.33,COL,,3,1.11,R
Yoshinobu Yamamoto,2024/9/28 00:00,5,2,2,4,0,6,71,6,0.704,0,4,2,COL,,3,1.11,R
Yoshinobu Yamamoto,2024/10/5 00:00,3,5,5,5,2,1,60,7,0.745,1,3.67,3.67,SD,,3,1.11,R
Yoshinobu Yamamoto,2024/10/11 00:00,5,0,0,2,1,2,63,6,0.745,1,4.33,2.33,SD,,3,1.11,R
Yoshinobu Yamamoto,2024/10/17 00:00,4.1,2,2,4,1,8,73,6,0.734,0,4.03,2.33,NYM,,3,1.11,R
Yoshinobu Yamamoto,2024/10/26 00:00,6.1,1,1,1,2,4,86,9,0.761,1,5.07,1,NYY,,3,1.11,R
Yusei Kikuchi,2024/3/30 00:00,4.1,3,3,6,3,4,90,5,0.669,0,4.1,3,TB,,4.05,1.2,L
Yusei Kikuchi,2024/4/5 00:00,5.1,0,0,4,2,7,96,6,0.761,0,4.6,1.5,NYY,,4.05,1.2,L
Yusei Kikuchi,2024/4/10 00:00,6,1,1,3,2,9,89,5,0.687,1,5.07,1.33,SEA,,4.05,1.2,L
Yusei Kikuchi,2024/4/16 00:00,6,1,1,4,1,9,94,6,0.761,1,5.7,0.67,NYY,,4.05,1.2,L
Yusei Kikuchi,2024/4/22 00:00,6,2,2,5,0,4,81,6,0.71,0,6,1.33,KC,,4.05,1.2,L
Yusei Kikuchi,2024/4/27 00:00,6,4,4,9,0,3,91,5,0.781,1,6,2.33,LAD,,4.05,1.2,L
Yusei Kikuchi,2024/5/3 00:00,6,1,1,6,1,7,100,6,0.684,0,6,2.33,WSH,,4.05,1.2,L
Yusei Kikuchi,2024/5/10 00:00,8,2,2,4,0,3,97,7,0.726,1,6.67,2.33,MIN,,4.05,1.2,L
Yusei Kikuchi,2024/5/15 00:00,4.1,1,1,6,1,9,88,5,0.751,0,6.03,1.33,BAL,,4.05,1.2,L
Yusei Kikuchi,2024/5/21 00:00,6,2,3,5,3,6,101,6,0.618,1,6.03,1.67,CWS,,4.05,1.2,L
Yusei Kikuchi,2024/5/26 00:00,3,5,5,8,0,0,56,5,0.685,0,4.37,2.67,DET,,4.05,1.2,L
Yusei Kikuchi,2024/6/1 00:00,5.1,5,6,9,1,4,89,6,0.672,1,4.7,4,PIT,,4.05,1.2,L
Yusei Kikuchi,2024/6/6 00:00,6,1,1,4,1,6,89,5,0.751,1,4.7,3.67,BAL,,4.05,1.2,L
Yusei Kikuchi,2024/6/11 00:00,5,0,0,3,4,5,97,5,0.729,0,5.37,2,MIL,,4.05,1.2,L
Yusei Kikuchi,2024/6/17 00:00,4,5,5,7,0,7,79,6,0.741,1,5,2,BOS,,4.05,1.2,L
Yusei Kikuchi,2024/6/23 00:00,2,4,4,8,1,3,59,6,0.703,0,3.67,3,CLE,,4.05,1.2,L
Yusei Kikuchi,2024/6/28 00:00,5,4,4,4,1,7,84,5,0.761,1,3.67,4.33,NYY,,4.05,1.2,L
Yusei Kikuchi,2024/7/3 00:00,5.2,2,2,5,2,5,95,5,0.741,1,4.07,3.33,HOU,,4.05,1.2,L
Yusei Kikuchi,2024/7/9 00:00,7.1,2,2,6,0,13,100,6,0.701,0,5.77,2.67,SF,,4.05,1.2,L
Yusei Kikuchi,2024/7/14 00:00,4.2,7,7,6,3,6,86,5,0.777,0,5.5,3.67,AZ,,4.05,1.2,L
Yusei Kikuchi,2024/7/20 00:00,5,4,4,5,2,8,94,6,0.685,1,5.43,4.33,DET,,4.05,1.2,L
Yusei Kikuchi,2024/7/26 00:00,4.2,5,5,8,2,5,96,6,0.686,1,4.47,5.33,TEX,,4.05,1.2,L
Yusei Kikuchi,2024/8/2 00:00,5.2,2,2,3,3,11,95,7,0.669,1,4.8,3.67,TB,,4.05,1.2,L
Yusei Kikuchi,2024/8/7 00:00,5.1,2,2,4,3,8,100,5,0.686,0,4.83,3,TEX,,4.05,1.2,L
Yusei Kikuchi,2024/8/13 00:00,5.2,1,1,3,0,5,92,6,0.669,0,5.17,1.67,TB,,4.05,1.2,L
Yusei Kikuchi,2024/8/19 00:00,5.2,1,3,6,1,7,99,6,0.741,1,5.17,1.33,BOS,,4.05,1.2,L
Yusei Kikuchi,2024/8/25 00:00,5.2,3,3,2,3,4,98,6,0.751,0,5.2,1.67,BAL,,4.05,1.2,L
Yusei Kikuchi,2024/8/31 00:00,7,1,1,5,0,12,101,6,0.71,1,5.8,1.67,KC,,4.05,1.2,L
Yusei Kikuchi,2024/9/7 00:00,6,4,4,7,0,6,99,7,0.777,1,6.07,2.67,AZ,,4.05,1.2,L
Yusei Kikuchi,2024/9/13 00:00,7,3,3,3,2,6,86,6,0.671,0,6.67,2.67,LAA,,4.05,1.2,L
Yusei Kikuchi,2024/9/19 00:00,6,1,1,5,1,9,101,6,0.671,1,6.33,2.67,LAA,,4.05,1.2,L
Yusei Kikuchi,2024/9/25 00:00,6,0,2,4,1,8,98,6,0.687,1,6.33,1.33,SEA,,4.05,1.2,L
Yu Darvish,2024/3/28 00:00,5,1,1,5,1,7,78,5,0.701,1,5,1,SF,,3.31,1.07,R
Yu Darvish,2024/4/2 00:00,7,3,3,5,1,6,82,5,0.703,1,6,2,STL,,3.31,1.07,R
Yu Darvish,2024/4/8 00:00,3,4,4,4,3,4,65,6,0.71,1,5,2.67,CHC,,3.31,1.07,R
Yu Darvish,2024/4/14 00:00,5,3,3,4,2,2,92,6,0.781,0,5,3.33,LAD,,3.31,1.07,R
Yu Darvish,2024/4/30 00:00,5,0,0,3,0,3,70,16,0.693,1,4.33,2.33,CIN,,3.31,1.07,R
Yu Darvish,2024/5/6 00:00,5,0,0,3,1,5,83,6,0.71,0,5,1,CHC,,3.31,1.07,R
Yu Darvish,2024/5/12 00:00,7,0,0,2,1,7,101,6,0.781,1,5.67,0,LAD,,3.31,1.07,R
Yu Darvish,2024/5/19 00:00,7,0,0,2,1,9,99,7,0.724,0,6.33,0,ATL,,3.31,1.07,R
Yu Darvish,2024/5/24 00:00,5.2,7,7,9,1,5,81,5,0.761,1,6.4,2.33,NYY,,3.31,1.07,R
Yu Darvish,2024/5/29 00:00,3,2,3,6,1,2,66,5,0.678,1,5.07,3,MIA,,3.31,1.07,R
Yu Darvish,2024/9/4 00:00,2.2,3,3,4,2,4,63,98,0.685,1,3.47,4,DET,,3.31,1.07,R
Yu Darvish,2024/9/10 00:00,5,2,2,7,0,5,63,6,0.687,0,3.4,2.33,SEA,,3.31,1.07,R
Yu Darvish,2024/9/16 00:00,6,0,0,3,2,3,79,6,0.741,1,4.4,1.67,HOU,,3.31,1.07,R
Yu Darvish,2024/9/22 00:00,6.1,2,2,3,0,9,87,6,0.618,1,5.7,1.33,CWS,,3.31,1.07,R
Yu Darvish,2024/9/27 00:00,5.1,3,3,3,3,4,80,5,0.777,0,5.73,1.67,AZ,,3.31,1.07,R
Yu Darvish,2024/10/6 00:00,7,1,1,3,2,3,82,9,0.781,0,6.07,2,LAD,,3.31,1.07,R
Yu Darvish,2024/10/11 00:00,6.2,2,2,3,1,4,77,5,0.781,0,6.1,2,LAD,,3.31,1.07,R
Zach Eflin,2024/3/28 00:00,5.2,6,6,6,1,5,81,5,0.703,1,5.2,6,TOR,,3.59,1.15,R
Zach Eflin,2024/4/2 00:00,6.1,1,1,5,1,5,83,5,0.686,1,5.65,3.5,TEX,,3.59,1.15,R
Zach Eflin,2024/4/8 00:00,5,5,5,9,0,5,76,6,0.671,0,5.43,4,LAA,,3.59,1.15,R
Zach Eflin,2024/4/15 00:00,6.1,0,0,6,0,5,76,7,0.671,1,5.73,2,LAA,,3.59,1.15,R
Zach Eflin,2024/4/20 00:00,6,0,0,3,0,6,78,5,0.761,0,5.7,1.67,NYY,,3.59,1.15,R
Zach Eflin,2024/4/26 00:00,6,4,5,9,2,4,90,6,0.618,0,6.03,1.33,CWS,,3.59,1.15,R
Zach Eflin,2024/5/1 00:00,5.2,3,3,6,0,6,88,5,0.729,0,5.73,2.33,MIL,,3.59,1.15,R
Zach Eflin,2024/5/7 00:00,7,1,1,6,0,3,94,6,0.618,1,6.07,2.67,CWS,,3.59,1.15,R
Zach Eflin,2024/5/13 00:00,5,3,3,6,0,2,91,6,0.741,0,5.73,2.33,BOS,,3.59,1.15,R
Zach Eflin,2024/5/18 00:00,6,4,4,9,0,3,75,5,0.703,0,6,2.67,TOR,,3.59,1.15,R
Zach Eflin,2024/6/5 00:00,4,2,2,3,0,3,55,18,0.678,0,5,3,MIA,,3.59,1.15,R
Zach Eflin,2024/6/11 00:00,5.2,2,2,7,0,3,81,6,0.71,1,5.07,2.67,CHC,,3.59,1.15,R
Zach Eflin,2024/6/16 00:00,5.2,3,4,7,1,7,87,5,0.724,0,4.8,2.33,ATL,,3.59,1.15,R
Zach Eflin,2024/6/22 00:00,7,4,4,5,1,6,95,6,0.672,0,5.8,3,PIT,,3.59,1.15,R
Zach Eflin,2024/6/28 00:00,6,0,0,4,1,6,93,6,0.684,1,6.07,2.33,WSH,,3.59,1.15,R
Zach Eflin,2024/7/4 00:00,5,5,6,7,1,3,96,6,0.71,0,6,3,KC,,3.59,1.15,R
Zach Eflin,2024/7/10 00:00,7,1,2,4,1,6,103,6,0.761,1,6,2,NYY,,3.59,1.15,R
Zach Eflin,2024/7/19 00:00,5,4,5,7,4,5,88,9,0.761,0,5.67,3.33,NYY,,3.59,1.15,R
Zach Eflin,2024/7/24 00:00,5.2,2,2,6,0,4,85,5,0.703,0,5.73,2.33,TOR,,3.59,1.15,R
Zach Eflin,2024/7/29 00:00,6,3,3,10,0,7,98,5,0.703,1,5.4,3,TOR,,3.59,1.15,R
Zach Eflin,2024/8/3 00:00,6.1,2,2,5,1,3,92,5,0.703,0,5.77,2.33,CLE,,3.59,1.15,R
Zach Eflin,2024/8/9 00:00,7,0,0,4,1,7,94,6,0.669,0,6.37,1.67,TB,,3.59,1.15,R
Zach Eflin,2024/8/15 00:00,6,1,1,5,0,8,87,6,0.741,1,6.37,1,BOS,,3.59,1.15,R
Zach Eflin,2024/9/1 00:00,7,1,1,4,1,9,85,17,0.704,0,6.67,0.67,COL,,3.59,1.15,R
Zach Eflin,2024/9/7 00:00,5.2,3,3,8,1,4,91,6,0.669,1,6.07,1.67,TB,,3.59,1.15,R
Zach Eflin,2024/9/13 00:00,6.2,1,1,5,1,3,100,6,0.685,0,6.13,1.67,DET,,3.59,1.15,R
Zach Eflin,2024/9/19 00:00,6,2,2,6,1,5,93,6,0.701,1,5.8,2,SF,,3.59,1.15,R
Zach Eflin,2024/9/25 00:00,4.2,3,3,4,5,1,92,6,0.761,0,5.47,2,NYY,,3.59,1.15,R
Zach Eflin,2024/10/2 00:00,4,1,1,4,1,3,75,7,0.71,1,4.73,2,KC,,3.59,1.15,R
Zach Plesac,2024/6/17 00:00,6,3,3,4,2,1,86,5,0.729,1,6,3,MIL,,8.25,1.58,R
Zach Plesac,2024/6/22 00:00,3.1,6,6,7,1,1,65,5,0.781,0,4.55,4.5,LAD,,8.25,1.58,R
Zach Plesac,2024/6/28 00:00,2.2,2,2,1,4,3,57,6,0.685,1,3.77,3.67,DET,,8.25,1.58,R
Zack Kelly,2024/4/24 00:00,2,0,0,0,0,3,28,5,0.703,0,2,0,CLE,,3.97,1.25,R
Zack Kelly,2024/4/26 00:00,2,0,0,1,0,1,26,2,0.71,1,2,0,CHC,,3.97,1.25,R
Zack Kelly,2024/4/30 00:00,1,0,0,0,0,2,20,4,0.701,1,1.67,0,SF,,3.97,1.25,R
Zack Kelly,2024/5/2 00:00,0.2,2,2,4,0,0,23,2,0.701,1,1.07,0.67,SF,,3.97,1.25,R
Zack Kelly,2024/5/5 00:00,1.2,0,0,1,2,2,34,3,0.726,0,0.8,0.67,MIN,,3.97,1.25,R
Zack Kelly,2024/5/12 00:00,1,0,0,0,2,0,24,7,0.684,1,0.8,0.67,WSH,,3.97,1.25,R
Zack Kelly,2024/5/14 00:00,2,0,1,0,1,2,21,2,0.669,1,1.4,0,TB,,3.97,1.25,R
Zack Kelly,2024/5/16 00:00,1,0,0,0,4,1,29,2,0.669,1,1.33,0,TB,,3.97,1.25,R
Zack Kelly,2024/5/18 00:00,0.1,0,0,1,0,0,18,2,0.703,0,1.03,0,STL,,3.97,1.25,R
Zack Kelly,2024/5/22 00:00,2,1,1,2,1,1,33,4,0.669,0,1.03,0.33,TB,,3.97,1.25,R
Zack Kelly,2024/5/25 00:00,3,1,1,2,0,2,42,3,0.729,1,1.7,0.67,MIL,,3.97,1.25,R
Zack Kelly,2024/6/5 00:00,1,0,0,0,0,2,12,11,0.724,1,2,0.67,ATL,,3.97,1.25,R
Zack Kelly,2024/6/8 00:00,0.1,0,0,0,0,0,5,3,0.618,0,1.37,0.33,CWS,,3.97,1.25,R
Zack Kelly,2024/6/9 00:00,2,0,0,0,2,3,32,1,0.618,0,1.03,0,CWS,,3.97,1.25,R
Zack Kelly,2024/6/12 00:00,1,1,1,0,1,2,16,3,0.75,1,1.03,0.33,PHI,,3.97,1.25,R
Zack Kelly,2024/6/14 00:00,2,0,0,0,0,3,21,2,0.761,1,1.67,0.33,NYY,,3.97,1.25,R
Zack Kelly,2024/6/16 00:00,1,0,0,0,0,2,13,2,0.761,1,1.33,0.33,NYY,,3.97,1.25,R
Zack Kelly,2024/6/18 00:00,1.1,0,0,0,0,1,18,2,0.703,0,1.37,0,TOR,,3.97,1.25,R
Zack Kelly,2024/6/22 00:00,0.1,0,0,0,0,0,6,4,0.693,0,0.73,0,CIN,,3.97,1.25,R
Zack Kelly,2024/6/23 00:00,2.2,0,0,1,0,3,33,1,0.693,0,1.13,0,CIN,,3.97,1.25,R
Zack Kelly,2024/6/29 00:00,1,0,1,2,0,2,31,6,0.745,1,1.1,0,SD,,3.97,1.25,R
Zack Kelly,2024/7/2 00:00,1,1,2,3,0,1,18,3,0.678,0,1.4,0.33,MIA,,3.97,1.25,R
Zack Kelly,2024/7/4 00:00,2,1,2,1,1,3,30,2,0.678,0,1.33,0.67,MIA,,3.97,1.25,R
Zack Kelly,2024/7/9 00:00,1,0,0,0,0,1,7,5,0.694,1,1.33,0.67,OAK,,3.97,1.25,R
Zack Kelly,2024/7/13 00:00,2,0,0,2,0,2,24,4,0.71,1,1.67,0.33,KC,,3.97,1.25,R
Zack Kelly,2024/7/19 00:00,1.1,1,1,0,2,2,30,6,0.781,0,1.37,0.33,LAD,,3.97,1.25,R
Zack Kelly,2024/7/22 00:00,2,1,2,1,0,3,26,3,0.704,0,1.7,0.67,COL,,3.97,1.25,R
Zack Kelly,2024/7/26 00:00,0.2,2,2,3,0,0,16,4,0.761,1,1.1,1.33,NYY,,3.97,1.25,R
Zack Kelly,2024/7/27 00:00,0.2,0,0,1,0,0,7,1,0.761,1,0.8,1,NYY,,3.97,1.25,R
Zack Kelly,2024/7/30 00:00,0.1,1,1,1,2,0,16,3,0.687,1,0.17,1,SEA,,3.97,1.25,R
Zack Kelly,2024/7/31 00:00,1,0,0,0,1,1,15,1,0.687,1,0.43,0.33,SEA,,3.97,1.25,R
Zack Kelly,2024/8/4 00:00,1,0,0,1,0,1,23,4,0.686,0,0.7,0.33,TEX,,3.97,1.25,R
Zack Kelly,2024/8/6 00:00,1,0,0,0,0,2,10,2,0.71,0,1,0,KC,,3.97,1.25,R
Zack Kelly,2024/8/9 00:00,0.2,0,0,3,0,0,15,3,0.741,1,0.73,0,HOU,,3.97,1.25,R
Zack Kelly,2024/8/10 00:00,1,1,1,1,0,1,17,1,0.741,1,0.73,0.33,HOU,,3.97,1.25,R
Zack Kelly,2024/8/12 00:00,0.2,1,1,0,1,1,16,2,0.686,1,0.47,0.67,TEX,,3.97,1.25,R
Zack Kelly,2024/8/14 00:00,1,1,2,3,0,1,17,2,0.686,1,0.73,1,TEX,,3.97,1.25,R
Zack Kelly,2024/8/16 00:00,0.1,0,0,1,0,0,6,2,0.751,0,0.43,0.67,BAL,,3.97,1.25,R
Zack Kelly,2024/8/20 00:00,1,0,0,0,0,0,8,4,0.741,0,0.7,0.33,HOU,,3.97,1.25,R
Zack Kelly,2024/8/21 00:00,0.1,0,0,0,0,0,5,1,0.741,0,0.4,0,HOU,,3.97,1.25,R
Zack Kelly,2024/8/24 00:00,1,0,0,0,0,1,13,3,0.777,1,0.7,0,AZ,,3.97,1.25,R
Zack Kelly,2024/8/26 00:00,3,0,0,0,2,4,49,2,0.703,1,1.37,0,TOR,,3.97,1.25,R
Zack Kelly,2024/9/1 00:00,0.2,2,2,2,0,1,14,6,0.685,0,1.4,0.67,DET,,3.97,1.25,R
Zack Kelly,2024/9/4 00:00,1,0,0,0,0,1,13,3,0.734,0,1.4,0.67,NYM,,3.97,1.25,R
Zack Kelly,2024/9/6 00:00,1,0,0,1,0,0,17,2,0.618,1,0.73,0.67,CWS,,3.97,1.25,R
Zack Kelly,2024/9/8 00:00,0.1,5,5,5,1,1,21,2,0.618,1,0.7,1.67,CWS,,3.97,1.25,R
Zack Kelly,2024/9/10 00:00,1,0,0,0,2,2,24,2,0.751,1,0.7,1.67,BAL,,3.97,1.25,R
Zack Kelly,2024/9/12 00:00,0.1,0,0,0,0,0,2,2,0.761,0,0.4,1.67,NYY,,3.97,1.25,R
Zack Kelly,2024/9/13 00:00,0,3,3,1,2,0,14,1,0.761,0,0.37,1,NYY,,3.97,1.25,R
Zack Littell,2024/3/30 00:00,6,0,0,4,2,6,92,5,0.703,1,6,0,TOR,,3.63,1.25,R
Zack Littell,2024/4/5 00:00,5,1,1,5,0,5,69,6,0.704,0,5.5,0.5,COL,,3.63,1.25,R
Zack Littell,2024/4/10 00:00,4.1,1,1,6,3,4,99,5,0.671,0,5.03,0.67,LAA,,3.63,1.25,R
Zack Littell,2024/4/17 00:00,5.2,3,3,8,0,7,107,7,0.671,1,4.77,1.67,LAA,,3.63,1.25,R
Zack Littell,2024/4/22 00:00,6,5,6,9,0,7,86,5,0.685,1,5.1,3,DET,,3.63,1.25,R
Zack Littell,2024/4/28 00:00,6,2,2,8,0,6,97,6,0.618,0,5.73,3.33,CWS,,3.63,1.25,R
Zack Littell,2024/5/4 00:00,6,1,1,6,0,7,87,6,0.734,1,6,2.67,NYM,,3.63,1.25,R
Zack Littell,2024/5/11 00:00,5.2,2,2,4,2,3,80,7,0.761,1,5.73,1.67,NYY,,3.63,1.25,R
Zack Littell,2024/5/16 00:00,5,4,4,7,1,3,91,5,0.741,0,5.4,2.33,BOS,,3.63,1.25,R
Zack Littell,2024/5/21 00:00,5.2,2,2,3,1,7,77,5,0.741,1,5.13,2.67,BOS,,3.63,1.25,R
Zack Littell,2024/5/28 00:00,7,3,3,6,1,9,95,7,0.694,1,5.73,3,OAK,,3.63,1.25,R
Zack Littell,2024/6/2 00:00,6,3,3,11,1,2,93,5,0.751,0,6.07,2.67,BAL,,3.63,1.25,R
Zack Littell,2024/6/9 00:00,6,3,3,7,1,3,100,7,0.751,1,6.33,3,BAL,,3.63,1.25,R
Zack Littell,2024/6/14 00:00,2,6,7,8,1,2,59,5,0.724,0,4.67,4,ATL,,3.63,1.25,R
Zack Littell,2024/6/20 00:00,5,2,2,5,2,5,95,6,0.726,0,4.33,3.67,MIN,,3.63,1.25,R
Zack Littell,2024/6/25 00:00,5,2,2,4,1,6,72,5,0.687,1,4,3.33,SEA,,3.63,1.25,R
Zack Littell,2024/7/2 00:00,5,0,0,4,0,4,68,7,0.71,0,5,1.33,KC,,3.63,1.25,R
Zack Littell,2024/7/7 00:00,4,7,7,9,1,5,83,5,0.686,0,4.67,3,TEX,,3.63,1.25,R
Zack Littell,2024/7/13 00:00,6,1,2,6,2,3,87,6,0.703,1,5,2.67,CLE,,3.63,1.25,R
Zack Littell,2024/7/22 00:00,5.2,5,5,9,2,6,102,9,0.761,0,5.07,4.33,NYY,,3.63,1.25,R
Zack Littell,2024/7/27 00:00,7,0,0,3,1,5,96,5,0.693,1,6.07,2,CIN,,3.63,1.25,R
Zack Littell,2024/8/3 00:00,5.2,1,1,4,1,3,79,7,0.741,0,5.8,2,HOU,,3.63,1.25,R
Zack Littell,2024/8/9 00:00,5,1,3,7,1,5,90,6,0.751,1,5.73,0.67,BAL,,3.63,1.25,R
Zack Littell,2024/8/14 00:00,5,1,1,1,2,3,68,5,0.741,1,5.07,1,HOU,,3.63,1.25,R
Zack Littell,2024/9/2 00:00,4,4,4,7,4,2,78,19,0.726,1,4.67,2,MIN,,3.63,1.25,R
Zack Littell,2024/9/8 00:00,5,0,0,3,1,4,81,6,0.751,0,4.67,1.67,BAL,,3.63,1.25,R
Zack Littell,2024/9/13 00:00,6,0,0,2,0,5,89,5,0.703,0,5,1.33,CLE,,3.63,1.25,R
Zack Littell,2024/9/19 00:00,7,0,0,1,0,7,75,6,0.741,1,6,0,BOS,,3.63,1.25,R
Zack Littell,2024/9/25 00:00,4.2,3,3,7,0,7,91,6,0.685,0,5.73,1,DET,,3.63,1.25,R
Zack Thompson,2024/3/29 00:00,5.1,5,5,6,2,4,87,5,0.781,0,5.1,5,LAD,,9.53,1.88,L
Zack Thompson,2024/4/3 00:00,5,3,3,5,4,5,92,5,0.745,0,5.05,4,SD,,9.53,1.88,L
Zack Thompson,2024/4/10 00:00,3.1,0,0,4,0,6,47,7,0.75,1,4.4,2.67,PHI,,9.53,1.88,L
Zack Thompson,2024/4/20 00:00,0.2,3,3,2,1,0,25,10,0.729,1,2.77,2,MIL,,9.53,1.88,L
Zack Thompson,2024/4/23 00:00,2.2,7,7,7,1,5,66,3,0.777,1,1.83,3.33,AZ,,9.53,1.88,L
Zack Wheeler,2024/3/29 00:00,6,0,0,5,0,5,89,5,0.724,1,6,0,ATL,,2.57,0.96,R
Zack Wheeler,2024/4/3 00:00,6,1,3,4,1,10,93,5,0.693,1,6,0.5,CIN,,2.57,0.96,R
Zack Wheeler,2024/4/9 00:00,7,3,3,6,1,5,107,6,0.703,0,6.33,1.33,STL,,2.57,0.96,R
Zack Wheeler,2024/4/14 00:00,5,4,5,5,3,10,100,5,0.672,1,6,2.67,PIT,,2.57,0.96,R
Zack Wheeler,2024/4/20 00:00,7.1,0,0,1,2,8,106,6,0.618,1,6.37,2.33,CWS,,2.57,0.96,R
Zack Wheeler,2024/4/25 00:00,6,0,0,1,4,8,103,5,0.693,0,6.03,1.33,CIN,,2.57,0.96,R
Zack Wheeler,2024/5/1 00:00,5,1,1,5,1,6,106,6,0.671,0,6.03,0.33,LAA,,2.57,0.96,R
Zack Wheeler,2024/5/6 00:00,7,0,1,4,1,11,102,5,0.701,1,6,0.33,SF,,2.57,0.96,R
Zack Wheeler,2024/5/12 00:00,4,6,6,6,3,2,80,6,0.678,0,5.33,2.33,MIA,,2.57,0.96,R
Zack Wheeler,2024/5/17 00:00,7.1,2,2,3,3,6,104,5,0.684,1,6.03,2.67,WSH,,2.57,0.96,R
Zack Wheeler,2024/5/23 00:00,7,2,2,5,2,5,91,6,0.686,1,6.03,3.33,TEX,,2.57,0.96,R
Zack Wheeler,2024/5/28 00:00,6,0,0,2,2,9,101,5,0.701,0,6.7,1.33,SF,,2.57,0.96,R
Zack Wheeler,2024/6/3 00:00,7,1,1,5,3,6,114,6,0.729,1,6.67,1,MIL,,2.57,0.96,R
Zack Wheeler,2024/6/11 00:00,7,1,1,3,1,4,88,8,0.741,0,6.67,0.67,BOS,,2.57,0.96,R
Zack Wheeler,2024/6/16 00:00,4.1,8,8,9,2,4,91,5,0.751,0,6.03,3.33,BAL,,2.57,0.96,R
Zack Wheeler,2024/6/22 00:00,7,1,1,2,0,8,97,6,0.777,1,6.03,3.33,AZ,,2.57,0.96,R
Zack Wheeler,2024/6/27 00:00,6.2,2,2,7,2,5,115,5,0.678,1,5.77,3.67,MIA,,2.57,0.96,R
Zack Wheeler,2024/7/3 00:00,6,2,2,5,2,7,102,6,0.71,0,6.4,1.67,CHC,,2.57,0.96,R
Zack Wheeler,2024/7/9 00:00,5,1,1,3,2,7,76,6,0.781,1,5.73,1.67,LAD,,2.57,0.96,R
Zack Wheeler,2024/7/23 00:00,7,0,0,3,2,7,107,14,0.726,0,6,1,MIN,,2.57,0.96,R
Zack Wheeler,2024/7/29 00:00,5,7,7,7,3,6,103,6,0.761,1,5.67,2.67,NYY,,2.57,0.96,R
Zack Wheeler,2024/8/4 00:00,8,0,0,2,1,9,97,6,0.687,0,6.67,2.33,SEA,,2.57,0.96,R
Zack Wheeler,2024/8/9 00:00,6,2,2,7,2,8,100,5,0.777,0,6.33,3,AZ,,2.57,0.96,R
Zack Wheeler,2024/8/15 00:00,6,1,2,3,0,6,96,6,0.684,1,6.67,1,WSH,,2.57,0.96,R
Zack Wheeler,2024/8/20 00:00,6,2,2,6,0,8,97,5,0.724,0,6,1.67,ATL,,2.57,0.96,R
Zack Wheeler,2024/8/26 00:00,6,2,2,6,2,6,97,6,0.741,1,6,1.67,HOU,,2.57,0.96,R
Zack Wheeler,2024/8/31 00:00,7,0,0,4,0,7,96,5,0.724,1,6.33,1.33,ATL,,2.57,0.96,R
Zack Wheeler,2024/9/6 00:00,6,1,1,2,1,7,84,6,0.678,0,6.33,1,MIA,,2.57,0.96,R
Zack Wheeler,2024/9/11 00:00,6,2,2,4,3,9,103,5,0.669,1,6.33,1,TB,,2.57,0.96,R
Zack Wheeler,2024/9/17 00:00,7,1,1,4,0,6,99,6,0.729,0,6.33,1.33,MIL,,2.57,0.96,R
Zack Wheeler,2024/9/22 00:00,7,2,2,7,1,8,94,5,0.734,0,6.67,1.67,NYM,,2.57,0.96,R
Zack Wheeler,2024/9/28 00:00,6.1,2,2,3,2,11,97,6,0.684,0,6.7,1.67,WSH,,2.57,0.96,R
Zack Wheeler,2024/10/5 00:00,7,0,0,1,4,9,111,7,0.734,1,6.7,1.33,NYM,,2.57,0.96,R
Zac Gallen,2024/3/28 00:00,5,1,1,3,2,3,90,5,0.704,1,5,1,COL,,3.65,1.26,R
Zac Gallen,2024/4/2 00:00,6,0,0,3,3,6,96,5,0.761,1,5.5,0.5,NYY,,3.65,1.26,R
Zac Gallen,2024/4/8 00:00,5,3,3,8,0,10,108,6,0.704,0,5.33,1.33,COL,,3.65,1.26,R
Zac Gallen,2024/4/14 00:00,6,0,0,4,2,7,90,6,0.703,1,5.67,1,STL,,3.65,1.26,R
Zac Gallen,2024/4/20 00:00,5,5,5,9,1,6,99,6,0.701,0,5.33,2.67,SF,,3.65,1.26,R
Zac Gallen,2024/4/26 00:00,5,3,3,3,1,3,61,6,0.687,0,5.33,2.67,SEA,,3.65,1.26,R
Zac Gallen,2024/5/7 00:00,6,0,0,1,3,6,79,11,0.693,0,5.33,2.67,CIN,,3.65,1.26,R
Zac Gallen,2024/5/12 00:00,6,2,2,4,2,4,86,5,0.751,0,5.67,1.67,BAL,,3.65,1.26,R
Zac Gallen,2024/5/18 00:00,6.2,3,3,7,0,10,98,6,0.685,1,6.07,1.67,DET,,3.65,1.26,R
Zac Gallen,2024/5/24 00:00,7,3,3,8,1,5,96,6,0.678,1,6.4,2.67,MIA,,3.65,1.26,R
Zac Gallen,2024/5/30 00:00,0,0,0,1,0,0,5,6,0.734,0,4.4,2,NYM,,3.65,1.26,R
Zac Gallen,2024/6/29 00:00,6,0,0,1,1,7,77,30,0.694,1,4.33,1,OAK,,3.65,1.26,R
Zac Gallen,2024/7/4 00:00,4,3,3,4,3,4,86,5,0.781,0,3.33,1,LAD,,3.65,1.26,R
Zac Gallen,2024/7/9 00:00,5.1,4,5,7,1,4,105,5,0.724,1,5.03,2.33,ATL,,3.65,1.26,R
Zac Gallen,2024/7/14 00:00,3.2,6,7,9,1,1,70,5,0.703,1,4.1,4.33,TOR,,3.65,1.26,R
Zac Gallen,2024/7/20 00:00,5,0,0,3,6,4,102,6,0.71,0,4.43,3.33,CHC,,3.65,1.26,R
Zac Gallen,2024/7/26 00:00,6,3,3,5,3,6,102,6,0.672,1,4.73,3,PIT,,3.65,1.26,R
Zac Gallen,2024/7/31 00:00,6,1,1,6,1,6,91,5,0.684,1,5.67,1.33,WSH,,3.65,1.26,R
Zac Gallen,2024/8/5 00:00,7,5,5,8,2,4,93,5,0.703,0,6.33,3,CLE,,3.65,1.26,R
Zac Gallen,2024/8/10 00:00,4.1,1,1,5,2,3,87,5,0.75,1,5.7,2.33,PHI,,3.65,1.26,R
Zac Gallen,2024/8/17 00:00,5,4,4,9,2,3,98,7,0.669,0,5.37,3.33,TB,,3.65,1.26,R
Zac Gallen,2024/8/24 00:00,6,0,0,2,4,9,99,7,0.741,0,5.03,1.67,BOS,,3.65,1.26,R
Zac Gallen,2024/8/30 00:00,5,5,5,6,2,7,100,6,0.781,1,5.33,3,LAD,,3.65,1.26,R
Zac Gallen,2024/9/4 00:00,6,0,0,0,4,8,100,5,0.701,0,5.67,1.67,SF,,3.65,1.26,R
Zac Gallen,2024/9/10 00:00,5,0,0,2,2,7,94,6,0.686,1,5.33,1.67,TEX,,3.65,1.26,R
Zac Gallen,2024/9/15 00:00,5,3,3,6,2,7,98,5,0.729,1,5.33,1,MIL,,3.65,1.26,R
Zac Gallen,2024/9/20 00:00,5,4,4,7,1,5,96,5,0.729,0,5,2.33,MIL,,3.65,1.26,R
Zac Gallen,2024/9/25 00:00,6,1,1,2,2,11,97,5,0.701,1,5.33,2.67,SF,,3.65,1.26,R
Zebby Matthews,2024/8/13 00:00,5,2,2,5,0,5,77,5,0.71,1,5,2,KC,,6.69,1.65,R
Zebby Matthews,2024/8/19 00:00,5,2,5,4,2,1,92,6,0.745,0,5,2,SD,,6.69,1.65,R
Zebby Matthews,2024/8/25 00:00,5,1,1,4,0,7,86,6,0.703,1,5,1.67,STL,,6.69,1.65,R
Zebby Matthews,2024/8/31 00:00,2,9,9,10,0,5,69,6,0.703,1,4,4,TOR,,6.69,1.65,R
Zebby Matthews,2024/9/6 00:00,5,4,4,9,1,4,89,6,0.71,0,4,4.67,KC,,6.69,1.65,R
Zebby Matthews,2024/9/11 00:00,3.1,2,2,5,2,5,61,5,0.671,1,3.37,5,LAA,,6.69,1.65,R
Zebby Matthews,2024/9/17 00:00,4.2,1,1,5,1,5,76,6,0.703,0,4.1,2.33,CLE,,6.69,1.65,R
Zebby Matthews,2024/9/22 00:00,4.2,1,1,2,2,6,87,5,0.741,0,3.83,1.33,BOS,,6.69,1.65,R
Zebby Matthews,2024/9/28 00:00,3,6,6,7,3,5,80,6,0.751,1,3.8,2.67,BAL,,6.69,1.65,R
