pitcher,game_date,IP,ER,R,H,BB,SO,Pit,rest_days,opp_ops,is_home,avg_ip_last3,avg_er_last3,opp_team,Team,season_era,season_whip,hand
Aaron Ashby,2025-05-24 00:00:00,1,0,0,1,0,2,14,5,0.655,0,1,0,PIT,,2.16,1.17,L
Aaron Ashby,2025-05-27 00:00:00,2,0,0,1,1,2,37,3,0.745,1,1.5,0,BOS,,2.16,1.17,L
Aaron Ashby,2025-06-06 00:00:00,1,0,0,0,0,3,13,10,0.711,1,1.33,0,SD,,2.16,1.17,L
Aaron Ashby,2025-06-08 00:00:00,2,0,0,1,0,1,25,2,0.711,1,1.67,0,SD,,2.16,1.17,L
Aaron Ashby,2025-06-12 00:00:00,3,0,0,3,0,1,33,4,0.693,1,2,0,STL,,2.16,1.17,L
Aaron Ashby,2025-06-19 00:00:00,1.2,2,2,3,0,1,27,7,0.751,0,2.07,0.67,CHC,,2.16,1.17,L
Aaron Ashby,2025-06-21 00:00:00,2,0,0,1,0,2,22,2,0.708,0,2.07,0.67,MIN,,2.16,1.17,L
Aaron Ashby,2025-06-23 00:00:00,3,0,0,3,1,6,52,2,0.655,1,2.07,0.67,PIT,,2.16,1.17,L
Aaron Ashby,2025-06-28 00:00:00,1,0,0,0,2,0,18,5,0.679,1,2,0,COL,,2.16,1.17,L
Aaron Ashby,2025-07-02 00:00:00,0.1,0,0,0,0,1,10,4,0.753,0,1.37,0,NYM,,2.16,1.17,L
Aaron Ashby,2025-07-04 00:00:00,2.1,0,0,0,0,3,32,2,0.708,0,1.07,0,MIA,,2.16,1.17,L
Aaron Ashby,2025-07-07 00:00:00,2,1,1,2,1,3,39,3,0.768,1,1.4,0.33,LAD,,2.16,1.17,L
Aaron Ashby,2025-07-09 00:00:00,0.1,1,1,1,2,1,21,2,0.768,1,1.4,0.67,LAD,,2.16,1.17,L
Aaron Ashby,2025-07-19 00:00:00,1.1,1,1,3,0,2,16,10,0.768,0,1.07,1,LAD,,2.16,1.17,L
Aaron Ashby,2025-07-21 00:00:00,2,0,0,3,1,1,34,2,0.74,0,1.07,0.67,SEA,,2.16,1.17,L
Aaron Ashby,2025-07-25 00:00:00,1.1,1,1,2,1,1,25,4,0.708,1,1.4,0.67,MIA,,2.16,1.17,L
Aaron Ashby,2025-07-27 00:00:00,1,0,0,0,2,1,19,2,0.708,1,1.37,0.33,MIA,,2.16,1.17,L
Aaron Ashby,2025-07-29 00:00:00,3.1,1,1,1,1,2,42,2,0.751,1,1.73,0.67,CHC,,2.16,1.17,L
Aaron Ashby,2025-08-01 00:00:00,1.1,0,0,1,0,0,16,3,0.693,0,1.73,0.33,WSH,,2.16,1.17,L
Aaron Ashby,2025-08-03 00:00:00,1.2,0,0,1,0,3,23,2,0.693,0,1.8,0.33,WSH,,2.16,1.17,L
Aaron Ashby,2025-08-05 00:00:00,2,1,1,1,3,2,38,2,0.72,0,1.43,0.33,ATL,,2.16,1.17,L
Aaron Ashby,2025-08-09 00:00:00,1.2,1,1,2,0,1,20,4,0.753,1,1.47,0.67,NYM,,2.16,1.17,L
Aaron Ashby,2025-08-12 00:00:00,1,0,0,0,0,1,9,3,0.655,1,1.4,0.67,PIT,,2.16,1.17,L
Aaron Ashby,2025-08-15 00:00:00,1,0,0,0,0,2,18,3,0.706,0,1.07,0.33,CIN,,2.16,1.17,L
Aaron Ashby,2025-08-16 00:00:00,0.2,0,0,0,0,2,10,1,0.706,0,0.73,0,CIN,,2.16,1.17,L
Aaron Ashby,2025-08-19 00:00:00,3.2,1,1,4,0,3,50,3,0.751,0,1.47,0.33,CHC,,2.16,1.17,L
Aaron Ashby,2025-08-22 00:00:00,2,1,1,1,1,1,23,3,0.697,1,1.8,0.67,SF,,2.16,1.17,L
Aaron Ashby,2025-08-25 00:00:00,1.2,0,0,1,1,5,36,3,0.757,1,2.13,0.67,AZ,,2.16,1.17,L
Aaron Ashby,2025-08-27 00:00:00,2,0,0,0,0,3,28,2,0.757,1,1.73,0.33,AZ,,2.16,1.17,L
Aaron Ashby,2025-08-29 00:00:00,1,2,2,2,1,1,26,2,0.761,0,1.4,0.67,TOR,,2.16,1.17,L
Aaron Ashby,2025-08-30 00:00:00,0.1,0,0,0,0,0,3,1,0.761,0,1.03,0.67,TOR,,2.16,1.17,L
Aaron Ashby,2025-09-01 00:00:00,0.2,0,0,0,0,1,9,2,0.759,1,0.43,0.67,PHI,,2.16,1.17,L
Aaron Ashby,2025-09-03 00:00:00,0.2,0,0,1,1,1,17,2,0.759,1,0.17,0,PHI,,2.16,1.17,L
Aaron Ashby,2025-09-04 00:00:00,1,0,0,0,1,1,14,1,0.759,1,0.47,0,PHI,,2.16,1.17,L
Aaron Ashby,2025-09-06 00:00:00,1.2,1,1,1,1,2,20,2,0.655,0,0.8,0.33,PIT,,2.16,1.17,L
Aaron Ashby,2025-09-09 00:00:00,1.2,2,2,4,0,2,32,3,0.684,0,1.13,1,TEX,,2.16,1.17,L
Aaron Ashby,2025-09-12 00:00:00,1.2,0,0,3,1,0,31,3,0.693,1,1.2,1,STL,,2.16,1.17,L
Aaron Ashby,2025-09-14 00:00:00,1.1,0,0,1,1,3,31,2,0.693,1,1.17,0.67,STL,,2.16,1.17,L
Aaron Ashby,2025-09-18 00:00:00,1.1,0,0,2,0,3,14,4,0.695,1,1.13,0,LAA,,2.16,1.17,L
Aaron Ashby,2025-09-20 00:00:00,2.2,0,0,4,0,1,39,2,0.693,0,1.47,0,STL,,2.16,1.17,L
Aaron Ashby,2025-09-22 00:00:00,1,0,0,0,0,2,16,2,0.711,0,1.43,0,SD,,2.16,1.17,L
Aaron Ashby,2025-09-24 00:00:00,0.1,0,0,0,0,1,5,2,0.711,0,1.1,0,SD,,2.16,1.17,L
Aaron Ashby,2025-09-28 00:00:00,2,0,0,0,1,2,26,4,0.706,1,1.03,0,CIN,,2.16,1.17,L
Aaron Ashby,2025-10-04 00:00:00,1.1,0,0,0,0,1,16,6,0.751,1,1.07,0,CHC,,2.16,1.17,L
Aaron Ashby,2025-10-06 00:00:00,1.2,3,3,3,2,1,43,2,0.751,1,1.43,1,CHC,,2.16,1.17,L
Aaron Ashby,2025-10-09 00:00:00,1.1,0,1,1,2,1,32,3,0.751,0,1.13,1,CHC,,2.16,1.17,L
Aaron Ashby,2025-10-11 00:00:00,0.1,0,0,1,0,1,11,2,0.751,1,0.8,1,CHC,,2.16,1.17,L
Aaron Ashby,2025-10-13 00:00:00,1,0,0,0,1,1,19,2,0.768,1,0.73,0,LAD,,2.16,1.17,L
Aaron Ashby,2025-10-14 00:00:00,0.2,0,0,1,0,1,18,1,0.768,1,0.43,0,LAD,,2.16,1.17,L
Aaron Ashby,2025-10-16 00:00:00,0.1,1,1,2,1,1,16,2,0.768,0,0.43,0.33,LAD,,2.16,1.17,L
Aaron Bummer,2025-03-27 00:00:00,1,1,1,1,1,0,19,5,0.711,0,1,1,SD,,3.81,1.25,L
Aaron Bummer,2025-03-29 00:00:00,0.2,1,1,1,1,2,15,2,0.711,0,0.6,1,SD,,3.81,1.25,L
Aaron Bummer,2025-04-04 00:00:00,1,0,0,2,0,2,20,6,0.708,1,0.73,0.67,MIA,,3.81,1.25,L
Aaron Bummer,2025-04-09 00:00:00,1.1,1,1,1,0,2,15,5,0.759,1,0.77,0.67,PHI,,3.81,1.25,L
Aaron Bummer,2025-04-10 00:00:00,1,0,0,0,2,1,22,1,0.759,1,1.03,0.33,PHI,,3.81,1.25,L
Aaron Bummer,2025-04-14 00:00:00,1.1,1,1,3,0,2,26,4,0.761,0,1.07,0.67,TOR,,3.81,1.25,L
Aaron Bummer,2025-04-18 00:00:00,1.1,0,0,0,0,1,18,4,0.708,1,1.07,0.33,MIN,,3.81,1.25,L
Aaron Bummer,2025-04-22 00:00:00,2,0,0,0,0,3,40,4,0.693,1,1.4,0.33,STL,,3.81,1.25,L
Aaron Bummer,2025-04-25 00:00:00,1,0,0,0,0,1,9,3,0.757,0,1.37,0,AZ,,3.81,1.25,L
Aaron Bummer,2025-04-27 00:00:00,0.2,2,2,2,1,0,25,2,0.757,0,1.07,0.67,AZ,,3.81,1.25,L
Aaron Bummer,2025-05-03 00:00:00,2,0,1,3,0,2,36,6,0.768,1,1.07,0.67,LAD,,3.81,1.25,L
Aaron Bummer,2025-05-07 00:00:00,1.2,0,0,0,1,2,20,4,0.706,1,1.13,0.67,CIN,,3.81,1.25,L
Aaron Bummer,2025-05-09 00:00:00,1,0,0,0,0,2,11,2,0.655,0,1.4,0,PIT,,3.81,1.25,L
Aaron Bummer,2025-05-11 00:00:00,1,0,0,0,1,0,16,2,0.655,0,1.07,0,PIT,,3.81,1.25,L
Aaron Bummer,2025-05-14 00:00:00,0.2,0,2,3,0,0,21,3,0.693,1,0.73,0,WSH,,3.81,1.25,L
Aaron Bummer,2025-05-17 00:00:00,0.1,2,2,2,0,0,13,3,0.745,0,0.43,0.67,BOS,,3.81,1.25,L
Aaron Bummer,2025-05-20 00:00:00,1.2,0,0,0,1,0,21,3,0.693,0,0.5,0.67,WSH,,3.81,1.25,L
Aaron Bummer,2025-05-22 00:00:00,1.1,0,0,1,0,2,19,2,0.693,0,0.8,0.67,WSH,,3.81,1.25,L
Aaron Bummer,2025-05-29 00:00:00,1.1,0,0,0,0,2,22,7,0.759,0,1.13,0,PHI,,3.81,1.25,L
Aaron Bummer,2025-06-01 00:00:00,2,0,0,1,0,5,29,3,0.745,1,1.4,0,BOS,,3.81,1.25,L
Aaron Bummer,2025-06-04 00:00:00,0.1,0,0,0,0,0,6,3,0.757,1,1.07,0,AZ,,3.81,1.25,L
Aaron Bummer,2025-06-05 00:00:00,1.2,0,0,1,0,1,24,1,0.757,1,1.1,0,AZ,,3.81,1.25,L
Aaron Bummer,2025-06-10 00:00:00,0.2,1,1,1,1,0,19,5,0.736,0,0.5,0.33,MIL,,3.81,1.25,L
Aaron Bummer,2025-06-13 00:00:00,0.2,0,0,2,0,0,8,3,0.679,1,0.53,0.33,COL,,3.81,1.25,L
Aaron Bummer,2025-06-15 00:00:00,0.2,0,0,1,0,0,16,2,0.679,1,0.2,0.33,COL,,3.81,1.25,L
Aaron Bummer,2025-06-20 00:00:00,1.1,2,2,1,3,0,28,5,0.708,0,0.5,0.67,MIA,,3.81,1.25,L
Aaron Bummer,2025-06-25 00:00:00,2.2,0,0,3,0,2,35,5,0.753,0,1.17,0.67,NYM,,3.81,1.25,L
Aaron Bummer,2025-07-02 00:00:00,2.1,0,0,0,0,3,24,7,0.695,1,1.8,0.67,LAA,,3.81,1.25,L
Aaron Bummer,2025-07-05 00:00:00,2.1,3,3,2,1,5,52,3,0.699,1,2.13,1,BAL,,3.81,1.25,L
Aaron Bummer,2025-07-10 00:00:00,0.1,0,1,1,1,1,6,5,0.749,0,1.43,1,ATH,,3.81,1.25,L
Aaron Bummer,2025-07-12 00:00:00,2,3,3,4,0,1,33,2,0.693,0,1.4,2,STL,,3.81,1.25,L
Aaron Bummer,2025-07-18 00:00:00,0.2,3,3,3,0,1,17,6,0.787,1,0.77,2,NYY,,3.81,1.25,L
Aaron Bummer,2025-07-21 00:00:00,1,0,0,1,0,0,14,3,0.697,1,1.07,2,SF,,3.81,1.25,L
Aaron Bummer,2025-07-23 00:00:00,0.2,0,0,1,0,0,11,2,0.697,1,0.47,1,SF,,3.81,1.25,L
Aaron Bummer,2025-07-25 00:00:00,0.2,0,0,1,1,0,14,2,0.684,0,0.47,0,TEX,,3.81,1.25,L
Aaron Bummer,2025-07-29 00:00:00,0.2,2,2,2,1,1,23,4,0.706,0,0.2,0.67,KC,,3.81,1.25,L
Aaron Bummer,2025-08-04 00:00:00,1.2,0,0,0,0,1,20,6,0.736,1,0.53,0.67,MIL,,3.81,1.25,L
Aaron Bummer,2025-08-06 00:00:00,2.1,0,0,2,0,1,45,2,0.736,1,1.17,0.67,MIL,,3.81,1.25,L
Aaron Bummer,2025-08-09 00:00:00,1.2,1,1,2,0,1,30,3,0.708,1,1.5,0.33,MIA,,3.81,1.25,L
Aaron Bummer,2025-08-13 00:00:00,2.1,0,0,2,1,3,51,4,0.753,0,1.8,0.33,NYM,,3.81,1.25,L
Aaron Bummer,2025-08-17 00:00:00,2,0,0,1,0,1,27,4,0.67,0,1.77,0.33,CLE,,3.81,1.25,L
Aaron Bummer,2025-08-23 00:00:00,1.1,0,0,0,0,0,14,6,0.753,1,1.73,0,NYM,,3.81,1.25,L
Aaron Civale,2025-03-30 00:00:00,3,5,5,4,1,2,68,5,0.787,0,3,5,NYY,,4.85,1.26,R
Aaron Civale,2025-05-22 00:00:00,4,2,2,4,2,3,73,53,0.655,0,3.5,3.5,PIT,,4.85,1.26,R
Aaron Civale,2025-05-27 00:00:00,5,1,1,3,1,4,79,5,0.745,1,4,2.67,BOS,,4.85,1.26,R
Aaron Civale,2025-06-02 00:00:00,5.1,2,2,7,1,5,86,6,0.706,0,4.7,1.67,CIN,,4.85,1.26,R
Aaron Civale,2025-06-09 00:00:00,4.2,2,2,5,2,5,80,7,0.72,1,4.77,1.67,ATL,,4.85,1.26,R
Aaron Civale,2025-06-15 00:00:00,5,2,2,6,4,4,104,6,0.684,0,4.77,2,TEX,,4.85,1.26,R
Aaron Civale,2025-06-21 00:00:00,7,5,5,9,1,2,96,6,0.761,0,5.4,3,TOR,,4.85,1.26,R
Aaron Civale,2025-06-27 00:00:00,4,1,1,3,4,4,80,6,0.697,1,5.33,2.67,SF,,4.85,1.26,R
Aaron Civale,2025-07-03 00:00:00,5,2,5,5,2,4,93,6,0.768,0,5.33,2.67,LAD,,4.85,1.26,R
Aaron Civale,2025-07-08 00:00:00,4,5,5,7,2,0,79,5,0.761,1,4.33,2.67,TOR,,4.85,1.26,R
Aaron Civale,2025-07-13 00:00:00,5.2,4,4,3,2,3,93,5,0.67,1,4.73,3.67,CLE,,4.85,1.26,R
Aaron Civale,2025-07-20 00:00:00,6,0,1,3,1,6,94,7,0.655,0,5.07,3,PIT,,4.85,1.26,R
Aaron Civale,2025-07-26 00:00:00,5,0,0,3,0,6,69,6,0.751,1,5.4,1.33,CHC,,4.85,1.26,R
Aaron Civale,2025-08-02 00:00:00,6.1,0,0,1,2,8,94,7,0.695,0,5.7,0,LAA,,4.85,1.26,R
Aaron Civale,2025-08-08 00:00:00,3.1,9,9,8,2,6,77,6,0.67,1,4.73,3,CLE,,4.85,1.26,R
Aaron Civale,2025-08-15 00:00:00,6,3,3,8,1,3,95,7,0.706,0,5.07,4,KC,,4.85,1.26,R
Aaron Civale,2025-08-22 00:00:00,5,4,4,5,4,5,91,7,0.708,1,4.7,5.33,MIN,,4.85,1.26,R
Aaron Civale,2025-08-27 00:00:00,4.2,5,5,5,1,4,86,5,0.706,1,5.07,4,KC,,4.85,1.26,R
Aaron Civale,2025-09-01 00:00:00,3,0,0,1,0,4,41,5,0.72,1,4.07,3,ATL,,4.85,1.26,R
Aaron Civale,2025-09-08 00:00:00,2,1,1,2,0,1,45,7,0.72,0,3.07,2,ATL,,4.85,1.26,R
Aaron Civale,2025-09-17 00:00:00,3,0,0,0,0,3,55,9,0.655,0,2.67,0.33,PIT,,4.85,1.26,R
Aaron Civale,2025-09-20 00:00:00,2,1,1,2,0,3,29,3,0.706,0,2.33,0.67,CIN,,4.85,1.26,R
Aaron Civale,2025-09-24 00:00:00,3,1,1,2,0,3,40,4,0.753,1,2.67,0.67,NYM,,4.85,1.26,R
Aaron Civale,2025-10-04 00:00:00,4.1,0,0,3,0,3,55,10,0.736,0,3.03,0.67,MIL,,4.85,1.26,R
Aaron Nola,2025-03-30 00:00:00,5.1,5,5,6,0,8,95,5,0.693,0,5.1,5,WSH,,6.01,1.35,R
Aaron Nola,2025-04-05 00:00:00,6,3,3,7,1,2,97,6,0.768,1,5.55,4,LAD,,6.01,1.35,R
Aaron Nola,2025-04-11 00:00:00,5,2,2,5,4,7,93,6,0.693,0,5.37,3.33,STL,,6.01,1.35,R
Aaron Nola,2025-04-16 00:00:00,5.1,6,7,9,4,8,99,5,0.697,1,5.37,3.67,SF,,6.01,1.35,R
Aaron Nola,2025-04-21 00:00:00,6.1,4,4,7,2,6,101,5,0.753,0,5.4,4,NYM,,6.01,1.35,R
Aaron Nola,2025-04-27 00:00:00,7,1,1,3,1,6,99,6,0.751,0,6.07,3.67,CHC,,6.01,1.35,R
Aaron Nola,2025-05-03 00:00:00,6,0,0,4,1,8,109,6,0.757,1,6.37,1.67,AZ,,6.01,1.35,R
Aaron Nola,2025-05-09 00:00:00,5,4,4,6,2,5,87,6,0.67,0,6,1.67,CLE,,6.01,1.35,R
Aaron Nola,2025-05-14 00:00:00,3.2,9,9,12,1,2,83,5,0.693,1,4.73,4.33,STL,,6.01,1.35,R
Aaron Nola,2025-08-17 00:00:00,2.1,6,6,7,1,4,53,95,0.693,0,3.43,6.33,WSH,,6.01,1.35,R
Aaron Nola,2025-08-23 00:00:00,6,2,3,5,1,6,97,6,0.693,1,3.77,5.67,WSH,,6.01,1.35,R
Aaron Nola,2025-08-28 00:00:00,6,4,4,4,3,4,95,5,0.72,1,4.7,4,ATL,,6.01,1.35,R
Aaron Nola,2025-09-03 00:00:00,5,6,6,6,2,6,95,6,0.736,0,5.67,4,MIL,,6.01,1.35,R
Aaron Nola,2025-09-08 00:00:00,6,0,0,3,2,7,94,5,0.753,1,5.67,3.33,NYM,,6.01,1.35,R
Aaron Nola,2025-09-14 00:00:00,6,6,6,6,1,5,97,6,0.706,1,5.67,4,KC,,6.01,1.35,R
Aaron Nola,2025-09-20 00:00:00,5.1,4,4,7,2,4,84,6,0.757,0,5.7,3.33,AZ,,6.01,1.35,R
Aaron Nola,2025-09-26 00:00:00,8,1,1,2,0,9,90,6,0.708,1,6.37,3.67,MIN,,6.01,1.35,R
Aaron Nola,2025-10-08 00:00:00,2,0,0,1,0,3,31,12,0.768,0,5.03,1.67,LAD,,6.01,1.35,R
Adam Mazur,2025-06-18 00:00:00,5.2,4,4,5,4,5,97,5,0.759,1,5.2,4,PHI,,4.8,1.5,R
Adam Mazur,2025-08-28 00:00:00,4,2,2,4,1,2,60,71,0.753,0,4.6,3,NYM,,4.8,1.5,R
Adam Mazur,2025-09-02 00:00:00,6,4,5,10,0,5,90,5,0.693,0,5.07,3.33,WSH,,4.8,1.5,R
Adam Mazur,2025-09-09 00:00:00,4.1,4,6,8,3,1,96,7,0.693,1,4.7,3.33,WSH,,4.8,1.5,R
Adam Mazur,2025-09-14 00:00:00,6,0,2,1,2,4,83,5,0.73,1,5.37,2.67,DET,,4.8,1.5,R
Adam Mazur,2025-09-20 00:00:00,4,2,2,5,2,2,63,6,0.684,0,4.7,2,TEX,,4.8,1.5,R
Adrian Houser,2025-05-20 00:00:00,6,0,0,2,3,2,90,5,0.74,1,6,0,SEA,,3.31,1.28,R
Adrian Houser,2025-05-26 00:00:00,6,0,0,3,1,6,99,6,0.753,0,6,0,NYM,,3.31,1.28,R
Adrian Houser,2025-06-01 00:00:00,6.1,3,3,8,1,6,95,6,0.699,0,6.03,1,BAL,,3.31,1.28,R
Adrian Houser,2025-06-07 00:00:00,6,1,1,6,1,6,92,6,0.706,1,6.03,1.33,KC,,3.31,1.28,R
Adrian Houser,2025-06-13 00:00:00,5,3,3,6,4,2,92,6,0.684,0,5.7,2.33,TEX,,3.31,1.28,R
Adrian Houser,2025-06-22 00:00:00,6.1,2,2,7,3,4,90,9,0.761,0,5.7,2,TOR,,3.31,1.28,R
Adrian Houser,2025-06-28 00:00:00,7,0,0,4,1,5,88,6,0.697,1,6.03,1.67,SF,,3.31,1.28,R
Adrian Houser,2025-07-04 00:00:00,8,0,2,4,2,6,96,6,0.679,0,7.03,0.67,COL,,3.31,1.28,R
Adrian Houser,2025-07-09 00:00:00,7,1,1,7,2,2,96,5,0.761,1,7.33,0.33,TOR,,3.31,1.28,R
Adrian Houser,2025-07-19 00:00:00,4.1,3,4,10,1,5,78,10,0.655,0,6.37,1.33,PIT,,3.31,1.28,R
Adrian Houser,2025-07-25 00:00:00,6.2,3,3,5,3,3,83,6,0.751,1,5.77,2.33,CHC,,3.31,1.28,R
Adrian Houser,2025-08-04 00:00:00,5.2,5,5,11,1,3,93,10,0.695,0,5.17,3.67,LAA,,3.31,1.28,R
Adrian Houser,2025-08-10 00:00:00,5,4,4,6,3,4,94,6,0.74,0,5.47,4,SEA,,3.31,1.28,R
Adrian Houser,2025-08-16 00:00:00,5,0,0,4,0,6,69,6,0.697,0,5.07,3,SF,,3.31,1.28,R
Adrian Houser,2025-08-22 00:00:00,6.1,4,4,6,2,2,93,6,0.693,1,5.37,2.67,STL,,3.31,1.28,R
Adrian Houser,2025-08-29 00:00:00,4,1,1,6,3,4,86,7,0.693,0,5.03,1.67,WSH,,3.31,1.28,R
Adrian Houser,2025-09-03 00:00:00,7,4,4,4,1,8,87,5,0.74,1,5.7,3,SEA,,3.31,1.28,R
Adrian Houser,2025-09-09 00:00:00,5.1,3,3,4,0,9,83,6,0.675,0,5.37,2.67,CWS,,3.31,1.28,R
Adrian Houser,2025-09-14 00:00:00,6,2,2,7,1,2,90,5,0.751,0,6.03,3,CHC,,3.31,1.28,R
Adrian Houser,2025-09-20 00:00:00,6,3,3,5,3,2,102,6,0.745,1,5.7,2.67,BOS,,3.31,1.28,R
Adrian Houser,2025-09-26 00:00:00,6,4,4,7,2,5,96,6,0.761,0,6,3,TOR,,3.31,1.28,R
AJ Smith-Shawver,2025-03-30 00:00:00,4,2,2,6,3,4,77,5,0.711,0,4,2,SD,,3.86,1.42,R
AJ Smith-Shawver,2025-04-05 00:00:00,4.2,3,3,7,3,6,82,6,0.708,1,4.1,2.5,MIA,,3.86,1.42,R
AJ Smith-Shawver,2025-04-12 00:00:00,5,2,2,6,2,7,91,7,0.714,0,4.4,2.33,TB,,3.86,1.42,R
AJ Smith-Shawver,2025-04-29 00:00:00,5.1,2,2,4,1,5,59,17,0.679,0,4.77,2.33,COL,,3.86,1.42,R
AJ Smith-Shawver,2025-05-05 00:00:00,8,0,0,1,4,5,99,6,0.706,1,6.03,1.33,CIN,,3.86,1.42,R
AJ Smith-Shawver,2025-05-10 00:00:00,5.2,1,1,5,2,7,97,5,0.655,0,6.1,1,PIT,,3.86,1.42,R
AJ Smith-Shawver,2025-05-15 00:00:00,6,0,1,2,2,6,86,5,0.693,1,6.4,0.33,WSH,,3.86,1.42,R
AJ Smith-Shawver,2025-05-22 00:00:00,3,7,7,8,3,1,85,7,0.693,0,4.73,2.67,WSH,,3.86,1.42,R
AJ Smith-Shawver,2025-05-29 00:00:00,2.2,2,2,3,1,1,38,7,0.759,0,3.73,3,PHI,,3.86,1.42,R
Allan Winans,2025-06-23 00:00:00,4.1,4,4,5,0,1,62,5,0.706,0,4.1,4,CIN,,8.68,1.71,R
Allan Winans,2025-06-28 00:00:00,2,2,3,3,2,2,50,5,0.749,1,3.05,3,ATH,,8.68,1.71,R
Allan Winans,2025-07-26 00:00:00,3,3,4,5,1,3,59,28,0.759,1,3.03,3,PHI,,8.68,1.71,R
Andrew Abbott,2025-04-12 00:00:00,5,1,1,2,2,5,81,5,0.655,1,5,1,PIT,,2.87,1.15,L
Andrew Abbott,2025-04-18 00:00:00,6,1,1,2,1,11,93,6,0.699,0,5.5,1,BAL,,2.87,1.15,L
Andrew Abbott,2025-04-25 00:00:00,4,4,4,5,5,4,84,7,0.679,0,5,2,COL,,2.87,1.15,L
Andrew Abbott,2025-05-01 00:00:00,4,0,1,3,4,3,74,6,0.693,1,4.67,1.67,STL,,2.87,1.15,L
Andrew Abbott,2025-05-06 00:00:00,5,0,0,4,0,8,91,5,0.72,0,4.33,1.33,ATL,,2.87,1.15,L
Andrew Abbott,2025-05-13 00:00:00,6,1,1,4,0,7,96,7,0.675,1,5,0.33,CWS,,2.87,1.15,L
Andrew Abbott,2025-05-18 00:00:00,5,0,0,4,3,5,96,5,0.67,1,5.33,0.33,CLE,,2.87,1.15,L
Andrew Abbott,2025-05-24 00:00:00,5.2,1,1,6,2,2,83,6,0.751,1,5.4,0.67,CHC,,2.87,1.15,L
Andrew Abbott,2025-05-30 00:00:00,7,0,0,1,1,8,93,6,0.751,0,5.73,0.33,CHC,,2.87,1.15,L
Andrew Abbott,2025-06-04 00:00:00,6,5,5,7,1,6,100,5,0.736,1,6.07,2,MIL,,2.87,1.15,L
Andrew Abbott,2025-06-10 00:00:00,9,0,0,3,1,5,110,6,0.67,0,7.33,1.67,CLE,,2.87,1.15,L
Andrew Abbott,2025-06-17 00:00:00,5.2,1,5,8,0,5,90,7,0.708,1,6.73,2,MIN,,2.87,1.15,L
Andrew Abbott,2025-06-22 00:00:00,7,1,1,4,0,3,100,5,0.693,0,7.07,0.67,STL,,2.87,1.15,L
Andrew Abbott,2025-06-28 00:00:00,5,1,1,7,2,4,102,6,0.711,1,5.73,1,SD,,2.87,1.15,L
Andrew Abbott,2025-07-04 00:00:00,3.1,4,4,9,0,2,66,6,0.759,0,5.03,2,PHI,,2.87,1.15,L
Andrew Abbott,2025-07-09 00:00:00,7.2,1,1,6,2,5,100,5,0.708,1,5.1,2,MIA,,2.87,1.15,L
Andrew Abbott,2025-07-20 00:00:00,6,2,2,6,1,5,95,11,0.753,0,5.43,2.33,NYM,,2.87,1.15,L
Andrew Abbott,2025-07-26 00:00:00,6,1,1,2,3,7,95,6,0.714,1,6.4,1.33,TB,,2.87,1.15,L
Andrew Abbott,2025-07-31 00:00:00,5.1,2,3,5,5,1,96,5,0.72,1,5.7,1.67,ATL,,2.87,1.15,L
Andrew Abbott,2025-08-06 00:00:00,6.2,4,4,7,2,3,100,6,0.751,0,5.77,2.33,CHC,,2.87,1.15,L
Andrew Abbott,2025-08-11 00:00:00,7.2,3,3,6,0,6,104,5,0.759,1,6.17,3,PHI,,2.87,1.15,L
Andrew Abbott,2025-08-17 00:00:00,7,0,0,4,0,7,92,6,0.736,1,6.8,2.33,MIL,,2.87,1.15,L
Andrew Abbott,2025-08-23 00:00:00,4,6,7,8,0,6,73,6,0.757,0,6.07,3,AZ,,2.87,1.15,L
Andrew Abbott,2025-08-30 00:00:00,5,2,2,3,4,7,96,7,0.693,1,5.33,2.67,STL,,2.87,1.15,L
Andrew Abbott,2025-09-05 00:00:00,4.2,5,5,9,1,5,98,6,0.753,1,4.4,4.33,NYM,,2.87,1.15,L
Andrew Abbott,2025-09-10 00:00:00,8,1,1,5,2,6,102,5,0.711,0,5.73,2.67,SD,,2.87,1.15,L
Andrew Abbott,2025-09-16 00:00:00,4.2,3,3,8,0,7,96,6,0.693,0,5.47,3,STL,,2.87,1.15,L
Andrew Abbott,2025-09-21 00:00:00,4.2,0,0,5,1,2,86,5,0.751,1,5.47,1.33,CHC,,2.87,1.15,L
Andrew Abbott,2025-09-27 00:00:00,5.1,3,3,5,0,4,85,6,0.736,0,4.5,2,MIL,,2.87,1.15,L
Andrew Alvarez,2025-09-01 00:00:00,5,0,0,1,2,4,81,5,0.708,1,5,0,MIA,,2.31,1.11,L
Andrew Alvarez,2025-09-07 00:00:00,4.2,2,2,3,3,2,87,6,0.751,0,4.6,1,CHC,,2.31,1.11,L
Andrew Alvarez,2025-09-13 00:00:00,6,0,0,3,1,5,85,6,0.655,1,5.07,0.67,PIT,,2.31,1.11,L
Andrew Alvarez,2025-09-19 00:00:00,3.1,4,6,7,1,4,82,6,0.753,0,4.43,2,NYM,,2.31,1.11,L
Andrew Alvarez,2025-09-24 00:00:00,4.1,0,0,2,3,5,83,5,0.72,0,4.4,1.33,ATL,,2.31,1.11,L
Andrew Heaney,2025-03-30 00:00:00,5,1,1,4,1,2,79,5,0.708,0,5,1,MIA,,5.52,1.38,L
Andrew Heaney,2025-04-06 00:00:00,7,1,1,5,1,10,100,7,0.787,1,6,1,NYY,,5.52,1.38,L
Andrew Heaney,2025-04-12 00:00:00,6,4,4,3,2,6,89,6,0.706,0,6,2,CIN,,5.52,1.38,L
Andrew Heaney,2025-04-17 00:00:00,7.1,0,0,5,2,4,95,5,0.693,1,6.7,1.67,WSH,,5.52,1.38,L
Andrew Heaney,2025-04-23 00:00:00,6,0,0,1,0,9,95,6,0.695,0,6.37,1.33,LAA,,5.52,1.38,L
Andrew Heaney,2025-04-29 00:00:00,4.2,4,4,5,3,0,70,6,0.751,1,5.77,1.33,CHC,,5.52,1.38,L
Andrew Heaney,2025-05-04 00:00:00,3.2,4,4,8,4,3,101,5,0.711,1,4.47,2.67,SD,,5.52,1.38,L
Andrew Heaney,2025-05-10 00:00:00,6,2,2,4,3,2,82,6,0.72,1,4.47,3.33,ATL,,5.52,1.38,L
Andrew Heaney,2025-05-16 00:00:00,5,1,1,4,3,2,94,6,0.759,0,4.73,2.33,PHI,,5.52,1.38,L
Andrew Heaney,2025-05-21 00:00:00,5,1,1,3,2,4,97,5,0.706,1,5.33,1.33,CIN,,5.52,1.38,L
Andrew Heaney,2025-05-26 00:00:00,5,5,5,8,3,2,74,5,0.757,0,5,2.33,AZ,,5.52,1.38,L
Andrew Heaney,2025-06-01 00:00:00,5.2,2,2,5,0,3,87,6,0.711,0,5.07,2.67,SD,,5.52,1.38,L
Andrew Heaney,2025-06-07 00:00:00,6,1,1,4,0,5,71,6,0.759,1,5.4,2.67,PHI,,5.52,1.38,L
Andrew Heaney,2025-06-12 00:00:00,6,3,3,4,0,7,76,5,0.751,0,5.73,2,CHC,,5.52,1.38,L
Andrew Heaney,2025-06-19 00:00:00,4,7,7,8,3,2,85,7,0.73,0,5.33,3.67,DET,,5.52,1.38,L
Andrew Heaney,2025-06-24 00:00:00,4,7,7,7,3,3,85,5,0.736,0,4.67,5.67,MIL,,5.52,1.38,L
Andrew Heaney,2025-06-30 00:00:00,6.2,0,0,3,1,7,95,6,0.693,1,4.73,4.67,STL,,5.52,1.38,L
Andrew Heaney,2025-07-07 00:00:00,3,4,4,6,1,2,76,7,0.706,0,4.4,3.67,KC,,5.52,1.38,L
Andrew Heaney,2025-07-12 00:00:00,2,3,3,3,1,0,34,5,0.708,0,3.73,2.33,MIN,,5.52,1.38,L
Andrew Heaney,2025-07-20 00:00:00,4,7,7,9,2,1,82,8,0.675,1,3,4.67,CWS,,5.52,1.38,L
Andrew Heaney,2025-07-26 00:00:00,5,0,0,2,0,4,71,6,0.757,1,3.67,3.33,AZ,,5.52,1.38,L
Andrew Heaney,2025-08-01 00:00:00,3.1,3,4,7,1,1,74,6,0.679,0,4.03,3.33,COL,,5.52,1.38,L
Andrew Heaney,2025-08-06 00:00:00,4.2,1,1,2,0,1,76,5,0.697,1,4.1,1.33,SF,,5.52,1.38,L
Andrew Heaney,2025-08-11 00:00:00,4,5,6,9,2,3,90,5,0.736,0,3.77,3,MIL,,5.52,1.38,L
Andrew Heaney,2025-08-17 00:00:00,0.2,1,1,1,1,0,20,6,0.751,0,2.8,2.33,CHC,,5.52,1.38,L
Andrew Heaney,2025-08-25 00:00:00,0.2,5,5,5,0,1,31,8,0.693,0,1.47,3.67,STL,,5.52,1.38,L
Andrew Heaney,2025-09-27 00:00:00,2,3,3,4,1,2,53,33,0.74,0,0.8,3,SEA,,5.52,1.38,L
Andre Pallante,2025-03-30 00:00:00,5,2,2,4,2,3,78,5,0.708,1,5,2,MIN,,5.31,1.44,R
Andre Pallante,2025-04-06 00:00:00,4.1,2,2,4,3,6,92,7,0.745,0,4.55,2,BOS,,5.31,1.44,R
Andre Pallante,2025-04-11 00:00:00,7,0,0,2,2,4,93,5,0.759,1,5.37,1.33,PHI,,5.31,1.44,R
Andre Pallante,2025-04-17 00:00:00,6,4,4,7,0,2,95,6,0.753,0,5.7,2,NYM,,5.31,1.44,R
Andre Pallante,2025-04-22 00:00:00,4.1,4,4,7,3,1,83,5,0.72,0,5.7,2.67,ATL,,5.31,1.44,R
Andre Pallante,2025-04-28 00:00:00,6,3,3,6,2,4,90,6,0.706,0,5.37,3.67,CIN,,5.31,1.44,R
Andre Pallante,2025-05-04 00:00:00,3.1,4,4,9,4,1,72,6,0.753,1,4.4,3.67,NYM,,5.31,1.44,R
Andre Pallante,2025-05-10 00:00:00,7.1,2,2,5,0,7,91,6,0.693,0,5.4,3,WSH,,5.31,1.44,R
Andre Pallante,2025-05-16 00:00:00,7,2,2,7,0,4,100,6,0.706,0,5.73,2.67,KC,,5.31,1.44,R
Andre Pallante,2025-05-21 00:00:00,5.2,3,3,4,4,3,90,5,0.73,1,6.43,2.33,DET,,5.31,1.44,R
Andre Pallante,2025-05-27 00:00:00,5.2,3,4,6,3,7,96,6,0.699,0,5.8,2.67,BAL,,5.31,1.44,R
Andre Pallante,2025-06-03 00:00:00,4.1,7,7,7,0,2,71,7,0.706,1,4.83,4.33,KC,,5.31,1.44,R
Andre Pallante,2025-06-09 00:00:00,6,2,2,7,1,3,92,6,0.761,1,5.1,4,TOR,,5.31,1.44,R
Andre Pallante,2025-06-14 00:00:00,4.1,3,4,4,2,7,82,5,0.736,0,4.73,4,MIL,,5.31,1.44,R
Andre Pallante,2025-06-20 00:00:00,6,0,0,3,1,4,87,6,0.706,1,5.37,1.67,CIN,,5.31,1.44,R
Andre Pallante,2025-06-26 00:00:00,5,2,2,7,2,2,94,6,0.751,1,5.03,1.67,CHC,,5.31,1.44,R
Andre Pallante,2025-07-01 00:00:00,7,0,0,1,2,3,94,5,0.655,0,6,0.67,PIT,,5.31,1.44,R
Andre Pallante,2025-07-09 00:00:00,6,7,7,8,1,1,100,8,0.693,1,6,3,WSH,,5.31,1.44,R
Andre Pallante,2025-07-18 00:00:00,4.2,5,6,9,2,3,89,9,0.757,0,5.73,4,AZ,,5.31,1.44,R
Andre Pallante,2025-07-23 00:00:00,5,5,5,8,2,5,97,5,0.679,0,5.07,5.67,COL,,5.31,1.44,R
Andre Pallante,2025-07-28 00:00:00,7,0,0,1,1,4,81,5,0.708,1,5.4,3.33,MIA,,5.31,1.44,R
Andre Pallante,2025-08-03 00:00:00,5,2,2,5,3,4,93,6,0.711,0,5.67,2.33,SD,,5.31,1.44,R
Andre Pallante,2025-08-09 00:00:00,1.2,6,6,7,1,0,53,6,0.751,1,4.4,2.67,CHC,,5.31,1.44,R
Andre Pallante,2025-08-15 00:00:00,5,4,4,6,3,8,99,6,0.787,1,3.73,4,NYY,,5.31,1.44,R
Andre Pallante,2025-08-20 00:00:00,5.1,5,5,8,3,4,93,5,0.708,0,3.77,5,MIA,,5.31,1.44,R
Andre Pallante,2025-08-26 00:00:00,5,7,8,8,1,3,91,6,0.655,1,5.03,5.33,PIT,,5.31,1.44,R
Andre Pallante,2025-08-31 00:00:00,5,2,5,6,4,6,95,5,0.706,0,5.03,4.67,CIN,,5.31,1.44,R
Andre Pallante,2025-09-06 00:00:00,6,2,2,5,1,3,89,6,0.697,1,5.33,3.67,SF,,5.31,1.44,R
Andre Pallante,2025-09-12 00:00:00,5,2,5,3,4,0,72,6,0.736,0,5.33,2,MIL,,5.31,1.44,R
Andre Pallante,2025-09-17 00:00:00,5,4,4,6,3,3,102,5,0.706,1,5.33,2.67,CIN,,5.31,1.44,R
Andre Pallante,2025-09-23 00:00:00,2.2,2,5,3,2,4,66,6,0.697,0,4.07,2.67,SF,,5.31,1.44,R
Angel Zerpa,2025-03-27 00:00:00,1.1,1,1,3,0,0,19,5,0.67,1,1.1,1,CLE,,4.18,1.38,L
Angel Zerpa,2025-03-31 00:00:00,1,1,1,2,0,1,21,4,0.736,0,1.05,1,MIL,,4.18,1.38,L
Angel Zerpa,2025-04-02 00:00:00,0.1,0,0,1,1,0,12,2,0.736,0,0.73,0.67,MIL,,4.18,1.38,L
Angel Zerpa,2025-04-08 00:00:00,1,0,0,1,0,0,21,6,0.708,1,0.7,0.33,MIN,,4.18,1.38,L
Angel Zerpa,2025-04-12 00:00:00,0.2,0,0,0,1,1,14,4,0.67,0,0.43,0,CLE,,4.18,1.38,L
Angel Zerpa,2025-04-15 00:00:00,0.2,1,1,1,1,1,19,3,0.787,0,0.47,0.33,NYY,,4.18,1.38,L
Angel Zerpa,2025-04-16 00:00:00,1,0,0,0,0,2,12,1,0.787,0,0.47,0.33,NYY,,4.18,1.38,L
Angel Zerpa,2025-04-18 00:00:00,0.1,1,1,2,0,1,13,2,0.73,0,0.43,0.67,DET,,4.18,1.38,L
Angel Zerpa,2025-04-24 00:00:00,2,0,0,1,1,1,36,6,0.679,1,1.03,0.33,COL,,4.18,1.38,L
Angel Zerpa,2025-04-27 00:00:00,1,1,1,1,0,1,16,3,0.714,1,1.03,0.67,HOU,,4.18,1.38,L
Angel Zerpa,2025-04-29 00:00:00,1,0,0,1,0,2,16,2,0.714,0,1.33,0.33,TB,,4.18,1.38,L
Angel Zerpa,2025-05-01 00:00:00,1,0,0,2,0,0,15,2,0.714,0,1,0.33,TB,,4.18,1.38,L
Angel Zerpa,2025-05-04 00:00:00,1.2,1,1,3,0,0,20,3,0.699,0,1.07,0.33,BAL,,4.18,1.38,L
Angel Zerpa,2025-05-06 00:00:00,1,1,1,3,0,2,27,2,0.675,1,1.07,0.67,CWS,,4.18,1.38,L
Angel Zerpa,2025-05-10 00:00:00,1,5,5,4,1,0,35,4,0.745,1,1.07,2.33,BOS,,4.18,1.38,L
Angel Zerpa,2025-05-16 00:00:00,1,0,0,1,0,0,20,6,0.693,1,1,2,STL,,4.18,1.38,L
Angel Zerpa,2025-05-17 00:00:00,1,0,0,0,0,0,8,1,0.693,1,1,1.67,STL,,4.18,1.38,L
Angel Zerpa,2025-05-20 00:00:00,0.1,0,0,0,0,0,6,3,0.697,0,0.7,0,SF,,4.18,1.38,L
Angel Zerpa,2025-05-21 00:00:00,1,0,0,1,0,1,17,1,0.697,0,0.7,0,SF,,4.18,1.38,L
Angel Zerpa,2025-05-24 00:00:00,1,0,0,0,0,1,12,3,0.708,0,0.7,0,MIN,,4.18,1.38,L
Angel Zerpa,2025-05-26 00:00:00,1,0,0,1,0,0,15,2,0.706,1,1,0,CIN,,4.18,1.38,L
Angel Zerpa,2025-05-27 00:00:00,0.2,0,0,0,0,0,9,1,0.706,1,0.73,0,CIN,,4.18,1.38,L
Angel Zerpa,2025-05-28 00:00:00,0.2,1,1,2,0,0,14,1,0.706,1,0.47,0.33,CIN,,4.18,1.38,L
Angel Zerpa,2025-06-01 00:00:00,1.2,0,0,0,0,0,21,4,0.73,1,0.53,0.33,DET,,4.18,1.38,L
Angel Zerpa,2025-06-03 00:00:00,0.2,0,0,1,1,0,16,2,0.693,0,0.53,0.33,STL,,4.18,1.38,L
Angel Zerpa,2025-06-05 00:00:00,3,0,0,1,1,4,42,2,0.693,0,1.47,0,STL,,4.18,1.38,L
Angel Zerpa,2025-06-08 00:00:00,1,0,0,0,0,2,16,3,0.675,0,1.4,0,CWS,,4.18,1.38,L
Angel Zerpa,2025-06-11 00:00:00,1,0,0,0,0,2,11,3,0.787,1,1.67,0,NYY,,4.18,1.38,L
Angel Zerpa,2025-06-12 00:00:00,1.1,0,0,0,0,2,19,1,0.787,1,1.03,0,NYY,,4.18,1.38,L
Angel Zerpa,2025-06-15 00:00:00,1,0,0,1,1,2,29,3,0.749,1,1.03,0,ATH,,4.18,1.38,L
Angel Zerpa,2025-06-19 00:00:00,1,0,0,1,0,1,10,4,0.684,0,1.03,0,TEX,,4.18,1.38,L
Angel Zerpa,2025-06-20 00:00:00,0.2,0,0,2,0,0,11,1,0.711,0,0.73,0,SD,,4.18,1.38,L
Angel Zerpa,2025-06-22 00:00:00,0.1,1,1,0,2,0,14,2,0.711,0,0.43,0.33,SD,,4.18,1.38,L
Angel Zerpa,2025-06-26 00:00:00,0.1,0,0,0,0,1,5,4,0.714,1,0.13,0.33,TB,,4.18,1.38,L
Angel Zerpa,2025-06-27 00:00:00,1,0,0,0,0,3,13,1,0.768,1,0.4,0.33,LAD,,4.18,1.38,L
Angel Zerpa,2025-06-29 00:00:00,1,1,1,2,0,1,9,2,0.768,1,0.7,0.33,LAD,,4.18,1.38,L
Angel Zerpa,2025-07-01 00:00:00,0.2,0,0,0,2,0,13,2,0.74,0,0.73,0.33,SEA,,4.18,1.38,L
Angel Zerpa,2025-07-02 00:00:00,0.2,2,2,1,0,0,9,1,0.74,0,0.47,1,SEA,,4.18,1.38,L
Angel Zerpa,2025-07-08 00:00:00,1,0,0,0,0,2,13,6,0.655,1,0.47,0.67,PIT,,4.18,1.38,L
Angel Zerpa,2025-07-11 00:00:00,1.1,0,0,0,1,3,29,3,0.753,1,0.77,0.67,NYM,,4.18,1.38,L
Angel Zerpa,2025-07-12 00:00:00,1,0,0,0,0,1,15,1,0.753,1,1.03,0,NYM,,4.18,1.38,L
Angel Zerpa,2025-07-18 00:00:00,1,0,0,0,1,1,14,6,0.708,0,1.03,0,MIA,,4.18,1.38,L
Angel Zerpa,2025-07-26 00:00:00,0.2,0,0,1,0,1,9,8,0.67,1,0.73,0,CLE,,4.18,1.38,L
Angel Zerpa,2025-07-27 00:00:00,1,1,1,2,0,2,14,1,0.67,1,0.73,0.33,CLE,,4.18,1.38,L
Angel Zerpa,2025-07-29 00:00:00,0.1,2,2,2,1,0,16,2,0.72,1,0.43,1,ATL,,4.18,1.38,L
Angel Zerpa,2025-07-30 00:00:00,1,0,0,1,0,0,16,1,0.72,1,0.7,1,ATL,,4.18,1.38,L
Angel Zerpa,2025-08-04 00:00:00,1.1,0,0,0,0,1,15,5,0.745,0,0.73,0.67,BOS,,4.18,1.38,L
Angel Zerpa,2025-08-05 00:00:00,0.1,1,1,3,0,0,13,1,0.745,0,0.73,0.33,BOS,,4.18,1.38,L
Angel Zerpa,2025-08-09 00:00:00,0.1,0,0,0,0,1,5,4,0.708,0,0.43,0.33,MIN,,4.18,1.38,L
Angel Zerpa,2025-08-10 00:00:00,1.1,0,0,0,0,2,15,1,0.708,0,0.43,0.33,MIN,,4.18,1.38,L
Angel Zerpa,2025-08-11 00:00:00,1,0,0,1,0,1,17,1,0.693,1,0.73,0,WSH,,4.18,1.38,L
Angel Zerpa,2025-08-15 00:00:00,1,0,0,0,0,2,9,4,0.675,1,1.03,0,CWS,,4.18,1.38,L
Angel Zerpa,2025-08-17 00:00:00,0.2,0,0,0,1,2,18,2,0.675,1,0.73,0,CWS,,4.18,1.38,L
Angel Zerpa,2025-08-19 00:00:00,1.2,0,0,1,1,0,29,2,0.684,1,0.8,0,TEX,,4.18,1.38,L
Angel Zerpa,2025-08-21 00:00:00,1.2,0,0,0,0,1,15,2,0.684,1,0.87,0,TEX,,4.18,1.38,L
Angel Zerpa,2025-08-22 00:00:00,0,1,1,3,0,0,12,1,0.73,0,0.8,0.33,DET,,4.18,1.38,L
Angel Zerpa,2025-08-24 00:00:00,0.1,1,1,2,0,0,10,2,0.73,0,0.43,0.67,DET,,4.18,1.38,L
Angel Zerpa,2025-08-27 00:00:00,1,0,0,1,0,1,15,3,0.675,0,0.37,0.67,CWS,,4.18,1.38,L
Angel Zerpa,2025-08-29 00:00:00,1,0,0,1,0,1,18,2,0.73,1,0.7,0.33,DET,,4.18,1.38,L
Angel Zerpa,2025-08-30 00:00:00,0.1,0,0,0,0,0,2,1,0.73,1,0.7,0,DET,,4.18,1.38,L
Angel Zerpa,2025-09-05 00:00:00,1,0,0,0,1,0,14,6,0.708,1,0.7,0,MIN,,4.18,1.38,L
Angel Zerpa,2025-09-07 00:00:00,0.2,0,0,1,0,0,15,2,0.708,1,0.43,0,MIN,,4.18,1.38,L
Angel Zerpa,2025-09-09 00:00:00,0.1,0,0,1,1,1,19,2,0.67,0,0.43,0,CLE,,4.18,1.38,L
Angel Zerpa,2025-09-10 00:00:00,1.2,1,1,1,2,1,22,1,0.67,0,0.5,0.33,CLE,,4.18,1.38,L
Angel Zerpa,2025-09-13 00:00:00,1,3,3,3,1,1,22,3,0.759,0,0.77,1.33,PHI,,4.18,1.38,L
Angel Zerpa,2025-09-17 00:00:00,1,1,1,1,0,0,15,4,0.74,1,1.07,1.67,SEA,,4.18,1.38,L
Angel Zerpa,2025-09-21 00:00:00,0.2,1,1,1,0,0,14,4,0.761,1,0.73,1.67,TOR,,4.18,1.38,L
Angel Zerpa,2025-09-26 00:00:00,1.1,0,0,0,0,1,13,5,0.749,0,0.77,0.67,ATH,,4.18,1.38,L
Angel Zerpa,2025-09-27 00:00:00,0.2,1,1,2,0,0,11,1,0.749,0,0.5,0.67,ATH,,4.18,1.38,L
Anthony Banda,2025-03-28 00:00:00,1,0,0,0,0,2,10,5,0.73,1,1,0,DET,,3.18,1.22,L
Anthony Banda,2025-03-29 00:00:00,1,0,0,0,0,2,10,1,0.73,1,1,0,DET,,3.18,1.22,L
Anthony Banda,2025-04-01 00:00:00,1,0,0,1,1,1,29,3,0.72,1,1,0,ATL,,3.18,1.22,L
Anthony Banda,2025-04-05 00:00:00,1,0,0,0,0,0,11,4,0.759,0,1,0,PHI,,3.18,1.22,L
Anthony Banda,2025-04-07 00:00:00,0.1,2,2,3,0,0,16,2,0.693,0,0.7,0.67,WSH,,3.18,1.22,L
Anthony Banda,2025-04-09 00:00:00,1,0,0,0,0,0,11,2,0.693,0,0.7,0.67,WSH,,3.18,1.22,L
Anthony Banda,2025-04-14 00:00:00,1,2,2,2,1,1,25,5,0.679,1,0.7,1.33,COL,,3.18,1.22,L
Anthony Banda,2025-04-16 00:00:00,1,0,0,0,0,1,17,2,0.679,1,1,0.67,COL,,3.18,1.22,L
Anthony Banda,2025-04-20 00:00:00,0.2,0,0,1,0,1,14,4,0.684,0,0.73,0.67,TEX,,3.18,1.22,L
Anthony Banda,2025-04-22 00:00:00,1,0,0,2,0,0,16,2,0.751,0,0.73,0,CHC,,3.18,1.22,L
Anthony Banda,2025-04-23 00:00:00,0.2,0,0,1,1,0,12,1,0.751,0,0.47,0,CHC,,3.18,1.22,L
Anthony Banda,2025-04-28 00:00:00,1.2,2,2,1,1,0,21,5,0.708,1,0.8,0.67,MIA,,3.18,1.22,L
Anthony Banda,2025-04-30 00:00:00,1,0,0,0,0,0,11,2,0.708,1,0.8,0.67,MIA,,3.18,1.22,L
Anthony Banda,2025-05-03 00:00:00,1.1,0,0,0,0,1,14,3,0.72,0,1.1,0.67,ATL,,3.18,1.22,L
Anthony Banda,2025-05-04 00:00:00,1.1,0,0,1,0,0,19,1,0.72,0,1.07,0,ATL,,3.18,1.22,L
Anthony Banda,2025-05-06 00:00:00,1,0,0,2,1,1,14,2,0.708,0,1.07,0,MIA,,3.18,1.22,L
Anthony Banda,2025-05-09 00:00:00,1.2,4,4,3,3,2,31,3,0.757,0,1.1,1.33,AZ,,3.18,1.22,L
Anthony Banda,2025-05-13 00:00:00,1,0,0,1,0,1,19,4,0.749,1,1.07,1.33,ATH,,3.18,1.22,L
Anthony Banda,2025-05-15 00:00:00,1,0,0,0,1,1,14,2,0.749,1,1.07,1.33,ATH,,3.18,1.22,L
Anthony Banda,2025-05-18 00:00:00,2,1,1,2,0,2,33,3,0.695,1,1.33,0.33,LAA,,3.18,1.22,L
Anthony Banda,2025-05-20 00:00:00,0.1,0,0,0,0,0,3,2,0.757,1,1.03,0.33,AZ,,3.18,1.22,L
Anthony Banda,2025-05-23 00:00:00,0.2,0,0,0,2,1,10,3,0.753,0,0.77,0.33,NYM,,3.18,1.22,L
Anthony Banda,2025-05-24 00:00:00,1,0,0,1,1,0,20,1,0.753,0,0.43,0,NYM,,3.18,1.22,L
Anthony Banda,2025-05-31 00:00:00,1,0,0,0,1,2,19,7,0.787,1,0.73,0,NYY,,3.18,1.22,L
Anthony Banda,2025-06-01 00:00:00,0.2,2,2,0,2,1,18,1,0.787,1,0.73,0.67,NYY,,3.18,1.22,L
Anthony Banda,2025-06-03 00:00:00,0.1,0,0,0,0,0,3,2,0.753,1,0.43,0.67,NYM,,3.18,1.22,L
Anthony Banda,2025-06-04 00:00:00,1,0,0,0,0,0,11,1,0.753,1,0.43,0.67,NYM,,3.18,1.22,L
Anthony Banda,2025-06-06 00:00:00,1,0,0,0,0,0,15,2,0.693,0,0.7,0,STL,,3.18,1.22,L
Anthony Banda,2025-06-09 00:00:00,2,0,0,0,0,1,23,3,0.711,0,1.33,0,SD,,3.18,1.22,L
Anthony Banda,2025-06-11 00:00:00,0.2,0,0,0,0,0,6,2,0.711,0,1.07,0,SD,,3.18,1.22,L
Anthony Banda,2025-06-14 00:00:00,0.1,0,0,0,0,0,7,3,0.697,1,0.77,0,SF,,3.18,1.22,L
Anthony Banda,2025-06-16 00:00:00,0.2,0,0,0,1,2,21,2,0.711,1,0.17,0,SD,,3.18,1.22,L
Anthony Banda,2025-06-17 00:00:00,1,0,0,2,1,2,21,1,0.711,1,0.43,0,SD,,3.18,1.22,L
Anthony Banda,2025-06-22 00:00:00,1,0,0,1,1,0,13,5,0.693,1,0.73,0,WSH,,3.18,1.22,L
Anthony Banda,2025-06-24 00:00:00,0.2,3,3,2,1,1,21,2,0.679,0,0.73,1,COL,,3.18,1.22,L
Anthony Banda,2025-06-27 00:00:00,0.1,0,0,1,1,1,8,3,0.706,0,0.43,1,KC,,3.18,1.22,L
Anthony Banda,2025-06-28 00:00:00,0.2,0,0,0,0,1,13,1,0.706,0,0.17,1,KC,,3.18,1.22,L
Anthony Banda,2025-07-01 00:00:00,1,0,0,0,0,3,17,3,0.675,1,0.43,0,CWS,,3.18,1.22,L
Anthony Banda,2025-07-04 00:00:00,2,1,1,2,1,0,26,3,0.714,1,1.07,0.33,HOU,,3.18,1.22,L
Anthony Banda,2025-07-06 00:00:00,1,1,1,1,0,0,9,2,0.714,1,1.33,0.67,HOU,,3.18,1.22,L
Anthony Banda,2025-07-07 00:00:00,1,0,0,0,0,1,15,1,0.736,0,1.33,0.67,MIL,,3.18,1.22,L
Anthony Banda,2025-07-11 00:00:00,0.1,1,1,2,1,0,21,4,0.697,0,0.7,0.67,SF,,3.18,1.22,L
Anthony Banda,2025-07-18 00:00:00,0.2,0,0,0,0,0,10,7,0.736,1,0.43,0.33,MIL,,3.18,1.22,L
Anthony Banda,2025-07-19 00:00:00,0.2,0,0,1,0,2,11,1,0.736,1,0.17,0.33,MIL,,3.18,1.22,L
Anthony Banda,2025-07-20 00:00:00,1,0,0,2,0,0,18,1,0.736,1,0.47,0,MIL,,3.18,1.22,L
Anthony Banda,2025-07-23 00:00:00,1,0,0,1,0,3,17,3,0.708,1,0.73,0,MIN,,3.18,1.22,L
Anthony Banda,2025-07-25 00:00:00,1.2,0,0,1,0,1,19,2,0.745,0,1.07,0,BOS,,3.18,1.22,L
Anthony Banda,2025-07-29 00:00:00,0.2,0,0,1,0,0,7,4,0.706,0,0.8,0,CIN,,3.18,1.22,L
Anthony Banda,2025-07-30 00:00:00,1,0,0,0,0,2,13,1,0.706,0,0.8,0,CIN,,3.18,1.22,L
Anthony Banda,2025-08-02 00:00:00,1,0,0,0,0,2,11,3,0.714,0,0.73,0,TB,,3.18,1.22,L
Anthony Banda,2025-08-04 00:00:00,1,1,1,1,0,1,20,2,0.693,1,1,0.33,STL,,3.18,1.22,L
Anthony Banda,2025-08-05 00:00:00,0.2,0,0,0,1,1,15,1,0.693,1,0.73,0.33,STL,,3.18,1.22,L
Anthony Banda,2025-08-08 00:00:00,0.2,0,0,1,0,1,17,3,0.761,1,0.47,0.33,TOR,,3.18,1.22,L
Anthony Banda,2025-08-10 00:00:00,0.1,0,0,0,0,0,4,2,0.761,1,0.17,0,TOR,,3.18,1.22,L
Anthony Banda,2025-08-11 00:00:00,1,0,0,1,1,1,17,1,0.695,0,0.43,0,LAA,,3.18,1.22,L
Anthony Banda,2025-08-13 00:00:00,0.2,0,0,0,2,1,16,2,0.695,0,0.43,0,LAA,,3.18,1.22,L
Anthony Banda,2025-08-16 00:00:00,0.2,0,0,0,0,1,11,3,0.711,1,0.47,0,SD,,3.18,1.22,L
Anthony Banda,2025-08-17 00:00:00,0.1,1,1,2,0,1,14,1,0.711,1,0.17,0.33,SD,,3.18,1.22,L
Anthony Banda,2025-08-19 00:00:00,1,0,0,0,0,0,10,2,0.679,0,0.43,0.33,COL,,3.18,1.22,L
Anthony Banda,2025-08-25 00:00:00,1,0,0,0,2,1,25,6,0.706,1,0.7,0.33,CIN,,3.18,1.22,L
Anthony Banda,2025-08-29 00:00:00,0.2,0,0,0,0,1,8,4,0.757,1,0.73,0,AZ,,3.18,1.22,L
Anthony Banda,2025-09-02 00:00:00,0.2,0,0,0,0,0,6,4,0.655,0,0.47,0,PIT,,3.18,1.22,L
Anthony Banda,2025-09-05 00:00:00,0.2,1,1,0,2,0,24,3,0.699,0,0.2,0.33,BAL,,3.18,1.22,L
Anthony Banda,2025-09-10 00:00:00,1,0,0,0,1,3,17,5,0.679,1,0.47,0.33,COL,,3.18,1.22,L
Anthony Banda,2025-09-15 00:00:00,0.1,1,1,1,1,1,16,5,0.759,1,0.43,0.67,PHI,,3.18,1.22,L
Anthony Banda,2025-09-16 00:00:00,1,0,0,0,1,0,11,1,0.759,1,0.7,0.33,PHI,,3.18,1.22,L
Anthony Banda,2025-09-18 00:00:00,1,0,0,0,0,1,12,2,0.697,1,0.7,0.33,SF,,3.18,1.22,L
Anthony Banda,2025-09-20 00:00:00,1,0,0,1,0,1,10,2,0.697,1,1,0,SF,,3.18,1.22,L
Anthony Banda,2025-09-25 00:00:00,1,0,0,0,0,2,12,5,0.757,0,1,0,AZ,,3.18,1.22,L
Anthony Banda,2025-09-26 00:00:00,1.1,0,0,0,1,1,14,1,0.74,0,1.03,0,SEA,,3.18,1.22,L
Anthony Banda,2025-10-08 00:00:00,1,0,0,0,1,2,11,12,0.759,1,1.03,0,PHI,,3.18,1.22,L
Anthony Banda,2025-10-16 00:00:00,1,0,0,0,0,1,10,8,0.736,1,1.03,0,MIL,,3.18,1.22,L
Anthony Banda,2025-10-17 00:00:00,0.2,0,0,1,0,0,8,1,0.736,1,0.73,0,MIL,,3.18,1.22,L
Anthony Banda,2025-10-24 00:00:00,0.2,3,3,3,0,0,12,7,0.761,0,0.47,1,TOR,,3.18,1.22,L
Anthony Banda,2025-10-27 00:00:00,0.1,0,0,0,0,0,3,3,0.761,1,0.17,1,TOR,,3.18,1.22,L
Anthony Banda,2025-10-28 00:00:00,0.2,2,2,1,1,0,15,1,0.761,1,0.17,1.67,TOR,,3.18,1.22,L
Anthony Banda,2025-10-29 00:00:00,1.1,1,1,2,0,0,20,1,0.761,1,0.47,1,TOR,,3.18,1.22,L
Anthony DeSclafani,2025-06-15 00:00:00,2.1,2,2,3,0,2,38,5,0.711,1,2.1,2,SD,,5.12,1.27,R
Anthony DeSclafani,2025-06-19 00:00:00,2,3,4,5,0,1,41,4,0.761,0,2.05,2.5,TOR,,5.12,1.27,R
Anthony DeSclafani,2025-06-23 00:00:00,3,0,0,0,2,4,45,4,0.675,0,2.37,1.67,CWS,,5.12,1.27,R
Anthony DeSclafani,2025-07-01 00:00:00,2,0,0,1,0,2,25,8,0.697,1,2.33,1,SF,,5.12,1.27,R
Anthony DeSclafani,2025-07-06 00:00:00,4,4,4,4,0,6,60,5,0.706,1,3,1.33,KC,,5.12,1.27,R
Anthony DeSclafani,2025-07-11 00:00:00,3,0,0,2,2,2,58,5,0.695,0,3,1.33,LAA,,5.12,1.27,R
Anthony DeSclafani,2025-07-20 00:00:00,3,1,1,4,0,4,38,9,0.693,1,3.33,1.67,STL,,5.12,1.27,R
Anthony DeSclafani,2025-07-25 00:00:00,4,0,0,0,2,3,50,5,0.655,0,3.33,0.33,PIT,,5.12,1.27,R
Anthony DeSclafani,2025-08-01 00:00:00,2.1,4,4,5,3,0,59,7,0.749,0,3.03,1.67,ATH,,5.12,1.27,R
Anthony DeSclafani,2025-08-06 00:00:00,4.1,0,0,3,0,4,71,5,0.711,1,3.4,1.33,SD,,5.12,1.27,R
Anthony DeSclafani,2025-08-12 00:00:00,3,2,2,3,2,3,52,6,0.684,0,3.07,2,TEX,,5.12,1.27,R
Anthony DeSclafani,2025-09-08 00:00:00,3,4,4,4,0,2,38,27,0.697,0,3.37,2,SF,,5.12,1.27,R
Anthony DeSclafani,2025-09-14 00:00:00,2.2,2,2,3,1,3,59,6,0.708,0,2.73,2.67,MIN,,5.12,1.27,R
Anthony Molina,2025-05-14 00:00:00,1,0,0,0,0,1,12,5,0.684,0,1,0,TEX,,7.27,1.67,R
Anthony Molina,2025-06-14 00:00:00,2,0,0,1,0,2,29,31,0.72,0,1.5,0,ATL,,7.27,1.67,R
Anthony Molina,2025-06-17 00:00:00,1.2,5,5,6,0,0,39,3,0.693,0,1.4,1.67,WSH,,7.27,1.67,R
Anthony Molina,2025-06-20 00:00:00,2,1,1,4,0,1,30,3,0.757,1,1.73,2,AZ,,7.27,1.67,R
Anthony Molina,2025-06-25 00:00:00,2,1,1,2,0,2,30,5,0.768,1,1.73,2.33,LAD,,7.27,1.67,R
Anthony Molina,2025-08-05 00:00:00,5,7,7,9,1,2,83,41,0.761,1,3,3,TOR,,7.27,1.67,R
Anthony Molina,2025-08-14 00:00:00,2.1,1,1,2,1,3,46,9,0.757,1,3.03,3,AZ,,7.27,1.67,R
Anthony Molina,2025-08-17 00:00:00,1,0,0,1,1,2,23,3,0.757,1,2.7,2.67,AZ,,7.27,1.67,R
Anthony Molina,2025-08-19 00:00:00,3.1,2,2,5,1,0,61,2,0.768,1,2.07,1,LAD,,7.27,1.67,R
Anthony Molina,2025-08-22 00:00:00,1.1,3,3,4,0,0,33,3,0.655,0,1.73,1.67,PIT,,7.27,1.67,R
Anthony Molina,2025-09-01 00:00:00,2.2,2,2,3,1,3,58,10,0.697,1,2.13,2.33,SF,,7.27,1.67,R
Anthony Molina,2025-09-06 00:00:00,1.1,0,0,1,0,3,28,5,0.711,1,1.47,1.67,SD,,7.27,1.67,R
Anthony Molina,2025-09-07 00:00:00,1,0,0,1,0,1,12,1,0.711,1,1.43,0.67,SD,,7.27,1.67,R
Anthony Molina,2025-09-10 00:00:00,1.2,3,4,4,0,0,38,3,0.768,0,1.1,1,LAD,,7.27,1.67,R
Anthony Molina,2025-09-16 00:00:00,2,0,0,1,0,2,31,6,0.708,1,1.4,1,MIA,,7.27,1.67,R
Anthony Molina,2025-09-18 00:00:00,2,2,3,5,0,0,22,2,0.708,1,1.73,1.67,MIA,,7.27,1.67,R
Anthony Molina,2025-09-25 00:00:00,2.1,1,1,3,1,2,33,7,0.74,0,2.03,1,SEA,,7.27,1.67,R
Anthony Veneziano,2025-03-28 00:00:00,1,0,0,0,0,1,18,5,0.655,1,1,0,PIT,,4.68,1.56,L
Anthony Veneziano,2025-03-29 00:00:00,0.2,1,1,0,1,1,11,1,0.655,1,0.6,0.5,PIT,,4.68,1.56,L
Anthony Veneziano,2025-04-01 00:00:00,0.1,0,0,1,1,0,12,3,0.753,1,0.43,0.33,NYM,,4.68,1.56,L
Anthony Veneziano,2025-04-02 00:00:00,1,0,0,0,0,1,11,1,0.753,1,0.43,0.33,NYM,,4.68,1.56,L
Anthony Veneziano,2025-04-05 00:00:00,0.2,0,0,2,0,2,12,3,0.72,0,0.43,0,ATL,,4.68,1.56,L
Anthony Veneziano,2025-04-07 00:00:00,0.1,0,0,2,0,0,11,2,0.753,0,0.43,0,NYM,,4.68,1.56,L
Anthony Veneziano,2025-04-11 00:00:00,0.1,2,2,1,1,0,16,4,0.693,1,0.13,0.67,WSH,,4.68,1.56,L
Anthony Veneziano,2025-04-12 00:00:00,0.2,0,0,1,0,0,7,1,0.693,1,0.13,0.67,WSH,,4.68,1.56,L
Anthony Veneziano,2025-04-16 00:00:00,1.1,0,0,1,1,0,20,4,0.757,1,0.47,0.67,AZ,,4.68,1.56,L
Anthony Veneziano,2025-04-18 00:00:00,2.1,1,1,4,0,2,53,2,0.759,0,1.13,0.33,PHI,,4.68,1.56,L
Anthony Veneziano,2025-04-22 00:00:00,1,0,0,0,1,1,17,4,0.706,1,1.4,0.33,CIN,,4.68,1.56,L
Anthony Veneziano,2025-04-23 00:00:00,0.1,1,1,1,1,0,17,1,0.706,1,1.07,0.67,CIN,,4.68,1.56,L
Anthony Veneziano,2025-04-26 00:00:00,1,0,0,0,0,0,14,3,0.74,0,0.7,0.33,SEA,,4.68,1.56,L
Anthony Veneziano,2025-04-28 00:00:00,1,0,0,0,1,0,11,2,0.768,0,0.7,0.33,LAD,,4.68,1.56,L
Anthony Veneziano,2025-04-30 00:00:00,1,0,0,0,0,0,11,2,0.768,0,1,0,LAD,,4.68,1.56,L
Anthony Veneziano,2025-05-03 00:00:00,1,0,0,0,0,2,8,3,0.749,1,1,0,ATH,,4.68,1.56,L
Anthony Veneziano,2025-05-04 00:00:00,0.1,0,0,0,0,1,4,1,0.749,1,0.7,0,ATH,,4.68,1.56,L
Anthony Veneziano,2025-05-06 00:00:00,0.2,2,2,3,1,1,26,2,0.768,1,0.43,0.67,LAD,,4.68,1.56,L
Anthony Veneziano,2025-05-11 00:00:00,1,0,0,0,0,1,10,5,0.675,0,0.43,0.67,CWS,,4.68,1.56,L
Anthony Veneziano,2025-05-12 00:00:00,0.2,2,2,2,0,2,21,1,0.751,0,0.47,1.33,CHC,,4.68,1.56,L
Anthony Veneziano,2025-06-06 00:00:00,1,0,0,0,1,2,17,25,0.714,0,0.73,0.67,TB,,4.68,1.56,L
Anthony Veneziano,2025-06-08 00:00:00,2,0,0,3,0,2,35,2,0.714,0,1.07,0.67,TB,,4.68,1.56,L
Anthony Veneziano,2025-06-13 00:00:00,0.2,2,2,3,0,0,23,5,0.693,0,1.07,0.67,WSH,,4.68,1.56,L
Anthony Veneziano,2025-06-14 00:00:00,0.2,0,0,1,1,1,26,1,0.693,0,0.8,0.67,WSH,,4.68,1.56,L
Anthony Veneziano,2025-08-20 00:00:00,1,0,0,1,0,1,15,67,0.708,0,0.47,0.67,MIA,,4.68,1.56,L
Anthony Veneziano,2025-08-22 00:00:00,3,2,2,2,1,4,57,2,0.714,0,1.4,0.67,TB,,4.68,1.56,L
Antonio Senzatela,2025-03-29 00:00:00,4.1,0,0,9,2,0,78,5,0.714,0,4.1,0,TB,,6.65,1.84,R
Antonio Senzatela,2025-04-03 00:00:00,5.1,0,1,10,0,3,92,5,0.759,0,4.6,0,PHI,,6.65,1.84,R
Antonio Senzatela,2025-04-09 00:00:00,4.1,8,9,8,1,3,78,6,0.736,1,4.43,2.67,MIL,,6.65,1.84,R
Antonio Senzatela,2025-04-14 00:00:00,4.1,4,4,9,1,1,91,5,0.768,0,4.43,4,LAD,,6.65,1.84,R
Antonio Senzatela,2025-04-20 00:00:00,6,1,1,6,1,2,83,6,0.693,1,4.73,4.33,WSH,,6.65,1.84,R
Antonio Senzatela,2025-04-26 00:00:00,5,4,4,8,0,4,94,6,0.706,1,5.03,3,CIN,,6.65,1.84,R
Antonio Senzatela,2025-05-02 00:00:00,5,4,4,7,2,4,93,6,0.697,0,5.33,3,SF,,6.65,1.84,R
Antonio Senzatela,2025-05-09 00:00:00,4.2,4,8,9,2,2,90,7,0.711,1,4.73,4,SD,,6.65,1.84,R
Antonio Senzatela,2025-05-14 00:00:00,4.2,6,6,8,4,3,97,5,0.684,0,4.47,4.67,TEX,,6.65,1.84,R
Antonio Senzatela,2025-05-20 00:00:00,6,4,4,10,1,3,88,6,0.759,1,4.8,4.67,PHI,,6.65,1.84,R
Antonio Senzatela,2025-05-25 00:00:00,4.1,4,4,6,1,4,75,5,0.787,1,4.77,4.67,NYY,,6.65,1.84,R
Antonio Senzatela,2025-05-31 00:00:00,4,7,7,8,2,2,82,6,0.753,0,4.7,5,NYM,,6.65,1.84,R
Antonio Senzatela,2025-06-06 00:00:00,4,0,0,3,4,2,84,6,0.753,1,4.03,3.67,NYM,,6.65,1.84,R
Antonio Senzatela,2025-06-12 00:00:00,4,7,7,9,3,2,92,6,0.697,1,4,4.67,SF,,6.65,1.84,R
Antonio Senzatela,2025-06-17 00:00:00,5,0,1,3,3,0,83,5,0.693,0,4.33,2.33,WSH,,6.65,1.84,R
Antonio Senzatela,2025-06-22 00:00:00,5.1,2,2,4,1,5,84,5,0.757,1,4.7,3,AZ,,6.65,1.84,R
Antonio Senzatela,2025-06-28 00:00:00,4.1,5,5,8,3,2,85,6,0.736,0,4.73,2.33,MIL,,6.65,1.84,R
Antonio Senzatela,2025-07-04 00:00:00,5.2,3,3,7,1,4,95,6,0.675,1,4.8,3.33,CWS,,6.65,1.84,R
Antonio Senzatela,2025-07-09 00:00:00,5,4,4,8,1,3,76,5,0.745,0,4.77,4,BOS,,6.65,1.84,R
Antonio Senzatela,2025-07-19 00:00:00,7,3,3,6,1,3,78,10,0.708,1,5.73,3.33,MIN,,6.65,1.84,R
Antonio Senzatela,2025-07-26 00:00:00,4,6,6,6,2,3,77,7,0.699,0,5.33,4.33,BAL,,6.65,1.84,R
Antonio Senzatela,2025-08-01 00:00:00,0.2,8,8,7,2,0,31,6,0.655,1,3.73,5.67,PIT,,6.65,1.84,R
Antonio Senzatela,2025-08-17 00:00:00,5,0,0,4,1,2,61,16,0.757,1,3.07,4.67,AZ,,6.65,1.84,R
Antonio Senzatela,2025-08-22 00:00:00,4,5,5,8,3,4,86,5,0.655,0,3.07,4.33,PIT,,6.65,1.84,R
Antonio Senzatela,2025-08-29 00:00:00,3,2,2,3,1,2,56,7,0.751,1,4,2.33,CHC,,6.65,1.84,R
Antonio Senzatela,2025-09-02 00:00:00,4.2,1,1,5,0,1,66,4,0.697,1,3.73,2.67,SF,,6.65,1.84,R
Antonio Senzatela,2025-09-07 00:00:00,3.2,0,0,4,2,3,71,5,0.711,1,3.47,1,SD,,6.65,1.84,R
Antonio Senzatela,2025-09-13 00:00:00,3,4,4,5,1,2,51,6,0.711,0,3.47,1.67,SD,,6.65,1.84,R
Antonio Senzatela,2025-09-24 00:00:00,2.2,0,0,3,1,4,51,11,0.74,0,2.8,1.33,SEA,,6.65,1.84,R
Antonio Senzatela,2025-09-28 00:00:00,1,0,0,1,0,0,16,4,0.697,0,2.07,1.33,SF,,6.65,1.84,R
Austin Cox,2025-06-22 00:00:00,1,0,0,1,0,2,19,5,0.708,0,1,0,MIA,,8.86,1.73,L
Austin Cox,2025-06-25 00:00:00,2,1,1,2,0,3,38,3,0.753,0,1.5,0.5,NYM,,8.86,1.73,L
Austin Cox,2025-07-03 00:00:00,2,0,0,1,0,3,30,8,0.695,1,1.67,0.33,LAA,,8.86,1.73,L
Austin Cox,2025-07-05 00:00:00,0.2,1,1,2,0,2,15,2,0.699,1,1.4,0.67,BAL,,8.86,1.73,L
Austin Cox,2025-07-08 00:00:00,1.1,0,0,1,0,1,27,3,0.749,0,1.1,0.33,ATH,,8.86,1.73,L
Austin Cox,2025-07-11 00:00:00,1,0,0,0,1,0,11,3,0.693,0,0.77,0.33,STL,,8.86,1.73,L
Austin Cox,2025-08-02 00:00:00,0.1,1,1,3,0,1,17,22,0.706,0,0.73,0.33,CIN,,8.86,1.73,L
Austin Cox,2025-08-05 00:00:00,2.1,1,1,1,2,1,51,3,0.736,1,1.07,0.67,MIL,,8.86,1.73,L
Austin Cox,2025-08-09 00:00:00,1,0,0,0,0,2,18,4,0.708,1,1.07,0.67,MIA,,8.86,1.73,L
Austin Cox,2025-08-12 00:00:00,2.2,5,5,6,1,2,48,3,0.753,0,1.77,2,NYM,,8.86,1.73,L
Austin Cox,2025-08-18 00:00:00,3,3,3,4,1,3,58,6,0.675,1,2.07,2.67,CWS,,8.86,1.73,L
Austin Cox,2025-08-23 00:00:00,1,2,2,3,0,0,27,5,0.753,1,2.07,3.33,NYM,,8.86,1.73,L
Austin Cox,2025-08-28 00:00:00,3,7,7,6,2,2,68,5,0.759,0,2.33,4,PHI,,8.86,1.73,L
Austin Gomber,2025-06-15 00:00:00,5,0,0,2,1,4,76,5,0.72,0,5,0,ATL,,7.49,1.72,L
Austin Gomber,2025-06-20 00:00:00,4.2,9,9,12,1,0,81,5,0.757,1,4.6,4.5,AZ,,7.49,1.72,L
Austin Gomber,2025-06-26 00:00:00,5,1,1,4,1,1,77,6,0.768,1,4.73,3.33,LAD,,7.49,1.72,L
Austin Gomber,2025-07-02 00:00:00,5,2,2,8,1,1,78,6,0.714,1,4.73,4,HOU,,7.49,1.72,L
Austin Gomber,2025-07-07 00:00:00,4.2,4,5,7,1,5,91,5,0.745,0,4.73,2.33,BOS,,7.49,1.72,L
Austin Gomber,2025-07-13 00:00:00,4.1,2,3,6,2,3,90,6,0.706,0,4.43,2.67,CIN,,7.49,1.72,L
Austin Gomber,2025-07-21 00:00:00,5.2,5,5,11,0,6,87,8,0.693,1,4.5,3.67,STL,,7.49,1.72,L
Austin Gomber,2025-07-27 00:00:00,4.1,4,4,4,3,2,78,6,0.699,0,4.47,3.67,BAL,,7.49,1.72,L
Austin Gomber,2025-08-02 00:00:00,5,3,4,5,1,5,89,6,0.655,1,4.77,4,PIT,,7.49,1.72,L
Austin Gomber,2025-08-08 00:00:00,6,6,6,5,3,3,92,6,0.757,0,5.03,4.33,AZ,,7.49,1.72,L
Austin Gomber,2025-08-13 00:00:00,5,5,5,9,1,2,85,5,0.693,0,5.33,4.67,STL,,7.49,1.72,L
Austin Gomber,2025-08-19 00:00:00,3,7,7,9,2,2,75,6,0.768,1,4.67,6,LAD,,7.49,1.72,L
Bailey Falter,2025-03-29 00:00:00,6,2,2,7,0,4,87,5,0.708,0,6,2,MIA,,4.45,1.28,L
Bailey Falter,2025-04-05 00:00:00,4,7,7,7,1,5,88,7,0.787,1,5,4.5,NYY,,4.45,1.28,L
Bailey Falter,2025-04-11 00:00:00,5,3,5,3,5,4,79,6,0.706,0,5,4,CIN,,4.45,1.28,L
Bailey Falter,2025-04-16 00:00:00,7,0,0,2,1,2,83,5,0.693,1,5.33,3.33,WSH,,4.45,1.28,L
Bailey Falter,2025-04-22 00:00:00,4,3,3,5,0,5,65,6,0.695,0,5.33,2,LAA,,4.45,1.28,L
Bailey Falter,2025-04-27 00:00:00,4.1,5,7,8,2,2,81,5,0.768,0,5.03,2.67,LAD,,4.45,1.28,L
Bailey Falter,2025-05-03 00:00:00,7,1,1,2,2,6,89,6,0.711,1,5.03,3,SD,,4.45,1.28,L
Bailey Falter,2025-05-09 00:00:00,6,0,0,2,2,3,89,6,0.72,1,5.7,2,ATL,,4.45,1.28,L
Bailey Falter,2025-05-14 00:00:00,3.2,0,0,3,5,3,78,5,0.753,0,5.4,0.33,NYM,,4.45,1.28,L
Bailey Falter,2025-05-20 00:00:00,7,0,0,4,0,5,79,6,0.706,1,5.4,0,CIN,,4.45,1.28,L
Bailey Falter,2025-05-25 00:00:00,5.2,2,3,4,3,1,84,5,0.736,1,5.13,0.67,MIL,,4.45,1.28,L
Bailey Falter,2025-05-31 00:00:00,6.1,0,0,2,1,1,79,6,0.711,0,6.1,0.67,SD,,4.45,1.28,L
Bailey Falter,2025-06-06 00:00:00,3.2,4,4,5,2,2,65,6,0.759,1,4.83,2,PHI,,4.45,1.28,L
Bailey Falter,2025-06-11 00:00:00,5.1,1,1,5,1,3,71,5,0.708,1,4.8,1.67,MIA,,4.45,1.28,L
Bailey Falter,2025-06-17 00:00:00,5,3,3,5,1,4,78,6,0.73,0,4.43,2.67,DET,,4.45,1.28,L
Bailey Falter,2025-06-22 00:00:00,5.1,3,3,6,5,1,89,5,0.684,1,5.07,2.33,TEX,,4.45,1.28,L
Bailey Falter,2025-06-28 00:00:00,1.2,1,1,4,1,1,30,6,0.753,1,3.77,2.33,NYM,,4.45,1.28,L
Bailey Falter,2025-07-04 00:00:00,5.2,3,4,3,0,4,75,6,0.74,0,3.83,2.33,SEA,,4.45,1.28,L
Bailey Falter,2025-07-09 00:00:00,4.2,3,3,6,2,3,74,5,0.706,0,3.53,2.33,KC,,4.45,1.28,L
Bailey Falter,2025-07-18 00:00:00,4,4,4,6,1,2,78,9,0.675,1,4.47,3.33,CWS,,4.45,1.28,L
Bailey Falter,2025-07-23 00:00:00,7,1,1,4,0,8,87,5,0.73,1,5.07,2.67,DET,,4.45,1.28,L
Bailey Falter,2025-07-29 00:00:00,5,1,1,2,4,1,70,6,0.697,0,5.33,2,SF,,4.45,1.28,L
Bailey Falter,2025-08-04 00:00:00,4,7,7,8,2,2,88,6,0.745,0,5.33,3,BOS,,4.45,1.28,L
Bailey Falter,2025-08-11 00:00:00,4,2,2,3,3,5,76,7,0.693,1,4.33,3.33,WSH,,4.45,1.28,L
Bailey Falter,2025-08-16 00:00:00,2,2,2,3,1,2,32,5,0.675,1,3.33,3.67,CWS,,4.45,1.28,L
Bailey Falter,2025-08-22 00:00:00,2,4,4,6,1,2,57,6,0.73,0,2.67,2.67,DET,,4.45,1.28,L
Bailey Ober,2025-03-30 00:00:00,2.2,8,8,8,3,3,77,5,0.693,0,2.2,8,STL,,5.1,1.3,R
Bailey Ober,2025-04-05 00:00:00,4,1,1,3,2,5,84,6,0.714,1,3.1,4.5,HOU,,5.1,1.3,R
Bailey Ober,2025-04-10 00:00:00,6,1,1,5,1,4,73,5,0.706,0,4.07,3.33,KC,,5.1,1.3,R
Bailey Ober,2025-04-15 00:00:00,6.1,3,3,5,0,5,77,5,0.753,1,5.37,1.67,NYM,,5.1,1.3,R
Bailey Ober,2025-04-22 00:00:00,6,1,1,8,1,6,87,7,0.675,1,6.03,1.67,CWS,,5.1,1.3,R
Bailey Ober,2025-04-28 00:00:00,7.2,1,1,8,0,2,102,6,0.67,0,6.43,1.67,CLE,,5.1,1.3,R
Bailey Ober,2025-05-03 00:00:00,6,1,1,7,1,6,94,5,0.745,0,6.4,1,BOS,,5.1,1.3,R
Bailey Ober,2025-05-08 00:00:00,5,1,2,8,1,6,91,5,0.699,1,6.07,1,BAL,,5.1,1.3,R
Bailey Ober,2025-05-14 00:00:00,4.2,3,3,2,3,3,102,6,0.699,0,5.07,1.67,BAL,,5.1,1.3,R
Bailey Ober,2025-05-19 00:00:00,3,1,1,3,0,3,42,5,0.67,1,4.07,1.67,CLE,,5.1,1.3,R
Bailey Ober,2025-05-25 00:00:00,6.2,1,1,7,1,3,89,6,0.706,1,4.47,1.67,KC,,5.1,1.3,R
Bailey Ober,2025-05-31 00:00:00,4,2,2,6,1,4,97,6,0.74,0,4.4,1.33,SEA,,5.1,1.3,R
Bailey Ober,2025-06-06 00:00:00,7,5,5,5,1,4,87,6,0.761,1,5.73,2.67,TOR,,5.1,1.3,R
Bailey Ober,2025-06-12 00:00:00,4.2,7,7,6,6,3,98,6,0.684,1,5.07,4.67,TEX,,5.1,1.3,R
Bailey Ober,2025-06-18 00:00:00,5.2,4,4,9,0,5,87,6,0.706,0,5.47,5.33,CIN,,5.1,1.3,R
Bailey Ober,2025-06-23 00:00:00,7,7,7,7,0,7,102,5,0.74,1,5.47,6,SEA,,5.1,1.3,R
Bailey Ober,2025-06-28 00:00:00,5.2,7,7,11,1,5,96,5,0.73,0,5.8,6,DET,,5.1,1.3,R
Bailey Ober,2025-08-02 00:00:00,5,4,4,6,1,4,91,35,0.67,0,5.73,6,CLE,,5.1,1.3,R
Bailey Ober,2025-08-09 00:00:00,6,1,1,4,1,4,89,7,0.706,1,5.4,4,KC,,5.1,1.3,R
Bailey Ober,2025-08-14 00:00:00,5.1,3,3,4,0,4,89,5,0.73,1,5.37,2.67,DET,,5.1,1.3,R
Bailey Ober,2025-08-20 00:00:00,5.2,2,2,3,1,7,82,6,0.749,1,5.43,2,ATH,,5.1,1.3,R
Bailey Ober,2025-08-26 00:00:00,5,4,4,10,0,3,96,6,0.761,0,5.1,3,TOR,,5.1,1.3,R
Bailey Ober,2025-09-01 00:00:00,5,4,4,6,2,3,69,6,0.675,1,5.07,3.33,CWS,,5.1,1.3,R
Bailey Ober,2025-09-07 00:00:00,5.1,1,1,4,1,6,85,6,0.706,0,5.03,3,KC,,5.1,1.3,R
Bailey Ober,2025-09-14 00:00:00,6,4,4,4,0,9,101,7,0.757,1,5.37,3,AZ,,5.1,1.3,R
Bailey Ober,2025-09-20 00:00:00,5,6,6,8,2,1,90,6,0.67,1,5.37,3.67,CLE,,5.1,1.3,R
Bailey Ober,2025-09-25 00:00:00,6,0,0,2,1,5,78,5,0.684,0,5.67,3.33,TEX,,5.1,1.3,R
Beau Brieske,2025-03-27 00:00:00,1,0,0,0,0,1,12,5,0.768,0,1,0,LAD,,6.55,1.64,R
Beau Brieske,2025-03-28 00:00:00,0.1,4,5,4,0,0,21,1,0.768,0,0.55,2,LAD,,6.55,1.64,R
Beau Brieske,2025-04-01 00:00:00,1.1,1,1,0,1,1,22,4,0.74,0,0.73,1.67,SEA,,6.55,1.64,R
Beau Brieske,2025-04-05 00:00:00,1,0,0,1,0,0,9,4,0.675,1,0.73,1.67,CWS,,6.55,1.64,R
Beau Brieske,2025-04-07 00:00:00,1,0,1,2,0,0,19,2,0.787,1,1.03,0.33,NYY,,6.55,1.64,R
Beau Brieske,2025-04-11 00:00:00,1.2,1,1,1,1,1,28,4,0.708,0,1.07,0.33,MIN,,6.55,1.64,R
Beau Brieske,2025-04-17 00:00:00,1,1,1,2,1,1,30,6,0.706,1,1.07,0.67,KC,,6.55,1.64,R
Beau Brieske,2025-05-03 00:00:00,0.1,0,0,1,0,0,6,16,0.695,0,0.77,0.67,LAA,,6.55,1.64,R
Beau Brieske,2025-05-04 00:00:00,1,0,0,0,0,2,17,1,0.695,0,0.7,0.33,LAA,,6.55,1.64,R
Beau Brieske,2025-05-08 00:00:00,1,0,0,0,1,2,17,4,0.679,0,0.7,0,COL,,6.55,1.64,R
Beau Brieske,2025-05-11 00:00:00,2,2,2,3,0,0,35,3,0.684,1,1.33,0.67,TEX,,6.55,1.64,R
Beau Brieske,2025-05-13 00:00:00,1,1,2,1,0,2,16,2,0.745,1,1.33,1,BOS,,6.55,1.64,R
Beau Brieske,2025-05-16 00:00:00,1,0,0,2,0,0,18,3,0.761,0,1.33,1,TOR,,6.55,1.64,R
Beau Brieske,2025-05-17 00:00:00,0.1,0,0,0,2,0,15,1,0.761,0,0.7,0.33,TOR,,6.55,1.64,R
Beau Brieske,2025-05-21 00:00:00,2,0,0,0,0,2,25,4,0.693,0,1.03,0,STL,,6.55,1.64,R
Beau Brieske,2025-05-23 00:00:00,1,0,0,1,1,0,20,2,0.67,1,1.03,0,CLE,,6.55,1.64,R
Beau Brieske,2025-05-26 00:00:00,1,0,0,0,1,0,15,3,0.697,1,1.33,0,SF,,6.55,1.64,R
Beau Brieske,2025-05-30 00:00:00,1,0,0,0,0,2,12,4,0.706,0,1,0,KC,,6.55,1.64,R
Beau Brieske,2025-05-31 00:00:00,1,1,1,2,0,0,11,1,0.706,0,1,0.33,KC,,6.55,1.64,R
Beau Brieske,2025-06-03 00:00:00,1.1,0,0,0,1,2,26,3,0.675,0,1.03,0.33,CWS,,6.55,1.64,R
Beau Brieske,2025-06-05 00:00:00,0.1,0,1,1,1,0,6,2,0.675,0,0.73,0.33,CWS,,6.55,1.64,R
Beau Brieske,2025-06-11 00:00:00,0.1,5,5,3,2,0,25,6,0.699,0,0.43,1.67,BAL,,6.55,1.64,R
Ben Brown,2025-03-31 00:00:00,5,3,3,6,2,5,75,5,0.749,0,5,3,ATH,,5.92,1.44,R
Ben Brown,2025-04-06 00:00:00,4,5,5,7,4,5,79,6,0.711,1,4.5,4,SD,,5.92,1.44,R
Ben Brown,2025-04-12 00:00:00,6,0,0,5,0,5,84,6,0.768,0,5,2.67,LAD,,5.92,1.44,R
Ben Brown,2025-04-19 00:00:00,4,1,1,3,4,6,100,7,0.757,1,4.67,2,AZ,,5.92,1.44,R
Ben Brown,2025-04-26 00:00:00,3.2,6,6,9,1,5,80,7,0.759,1,4.4,2.33,PHI,,5.92,1.44,R
Ben Brown,2025-05-02 00:00:00,6,0,0,4,0,4,74,6,0.736,0,4.4,2.33,MIL,,5.92,1.44,R
Ben Brown,2025-05-07 00:00:00,5,3,3,6,2,9,103,5,0.697,1,4.73,3,SF,,5.92,1.44,R
Ben Brown,2025-05-13 00:00:00,5.1,2,2,5,0,6,72,6,0.708,1,5.37,1.67,MIA,,5.92,1.44,R
Ben Brown,2025-05-19 00:00:00,4.2,6,6,7,0,8,83,6,0.708,0,4.77,3.67,MIA,,5.92,1.44,R
Ben Brown,2025-05-25 00:00:00,4.1,8,8,7,2,4,85,6,0.706,0,4.47,5.33,CIN,,5.92,1.44,R
Ben Brown,2025-05-31 00:00:00,6,0,0,1,1,9,77,6,0.706,1,4.77,4.67,CIN,,5.92,1.44,R
Ben Brown,2025-06-06 00:00:00,7,2,2,7,1,7,92,6,0.73,0,5.7,3.33,DET,,5.92,1.44,R
Ben Brown,2025-06-11 00:00:00,5.2,6,6,8,3,5,100,5,0.759,0,6.07,2.67,PHI,,5.92,1.44,R
Ben Brown,2025-06-17 00:00:00,5,2,2,6,2,5,86,6,0.736,1,5.73,3.33,MIL,,5.92,1.44,R
Ben Brown,2025-06-23 00:00:00,5,8,8,9,2,3,81,6,0.693,0,5.07,5.33,STL,,5.92,1.44,R
Ben Brown,2025-07-21 00:00:00,4,6,7,7,0,4,63,28,0.706,1,4.67,5.33,KC,,5.92,1.44,R
Ben Brown,2025-07-27 00:00:00,5,1,1,3,0,4,57,6,0.675,0,4.67,5,CWS,,5.92,1.44,R
Ben Brown,2025-08-04 00:00:00,4,1,1,2,0,5,56,8,0.706,1,4.33,2.67,CIN,,5.92,1.44,R
Ben Brown,2025-08-12 00:00:00,4,1,1,4,1,0,55,8,0.761,0,4.33,1,TOR,,5.92,1.44,R
Ben Brown,2025-08-17 00:00:00,2.2,2,2,4,2,4,54,5,0.655,1,3.4,1.33,PIT,,5.92,1.44,R
Ben Brown,2025-08-23 00:00:00,3,1,1,2,0,3,44,6,0.695,0,3.07,1.33,LAA,,5.92,1.44,R
Ben Brown,2025-08-29 00:00:00,2,2,3,4,0,5,47,6,0.679,0,2.4,1.67,COL,,5.92,1.44,R
Ben Brown,2025-09-03 00:00:00,1.1,2,2,1,2,3,33,5,0.72,1,2.03,1.67,ATL,,5.92,1.44,R
Ben Brown,2025-09-09 00:00:00,1,0,0,0,0,2,14,6,0.72,0,1.37,1.33,ATL,,5.92,1.44,R
Ben Brown,2025-10-04 00:00:00,2,0,0,1,2,3,43,25,0.736,0,1.37,0.67,MIL,,5.92,1.44,R
Ben Casparius,2025-03-27 00:00:00,1,0,0,1,1,1,26,5,0.73,1,1,0,DET,,4.64,1.27,R
Ben Casparius,2025-03-29 00:00:00,1,0,0,0,0,1,11,2,0.73,1,1,0,DET,,4.64,1.27,R
Ben Casparius,2025-04-02 00:00:00,2,0,0,2,1,3,29,4,0.72,1,1.33,0,ATL,,4.64,1.27,R
Ben Casparius,2025-04-05 00:00:00,2,0,0,0,0,1,23,3,0.759,0,1.67,0,PHI,,4.64,1.27,R
Ben Casparius,2025-04-08 00:00:00,2,0,0,2,0,2,35,3,0.693,0,2,0,WSH,,4.64,1.27,R
Ben Casparius,2025-04-12 00:00:00,1.2,6,6,7,1,1,41,4,0.751,1,1.73,2,CHC,,4.64,1.27,R
Ben Casparius,2025-04-16 00:00:00,3,1,1,2,0,3,47,4,0.679,1,2.07,2.33,COL,,4.64,1.27,R
Ben Casparius,2025-04-20 00:00:00,1.2,0,0,0,0,1,23,4,0.684,0,1.8,2.33,TEX,,4.64,1.27,R
Ben Casparius,2025-04-23 00:00:00,2.2,0,0,1,0,4,40,3,0.751,0,2.13,0.33,CHC,,4.64,1.27,R
Ben Casparius,2025-04-27 00:00:00,3.2,0,0,2,0,5,54,4,0.655,1,2.2,0,PIT,,4.64,1.27,R
Ben Casparius,2025-05-05 00:00:00,4,1,1,5,2,5,70,8,0.708,0,3.13,0.33,MIA,,4.64,1.27,R
Ben Casparius,2025-05-11 00:00:00,1.1,1,1,2,0,1,23,6,0.757,0,2.77,0.67,AZ,,4.64,1.27,R
Ben Casparius,2025-05-14 00:00:00,1,0,0,0,0,0,6,3,0.749,1,2.03,0.67,ATH,,4.64,1.27,R
Ben Casparius,2025-05-17 00:00:00,2.1,2,2,3,0,2,37,3,0.695,1,1.4,1,LAA,,4.64,1.27,R
Ben Casparius,2025-05-20 00:00:00,0.1,0,0,0,0,1,6,3,0.757,1,1.07,0.67,AZ,,4.64,1.27,R
Ben Casparius,2025-05-23 00:00:00,3,0,0,0,1,6,46,3,0.753,0,1.73,0.67,NYM,,4.64,1.27,R
Ben Casparius,2025-05-27 00:00:00,1.2,0,0,0,0,3,20,4,0.67,0,1.43,0,CLE,,4.64,1.27,R
Ben Casparius,2025-05-30 00:00:00,1,0,0,1,1,1,20,3,0.787,1,1.73,0,NYY,,4.64,1.27,R
Ben Casparius,2025-06-03 00:00:00,2.2,0,0,0,0,2,28,4,0.753,1,1.47,0,NYM,,4.64,1.27,R
Ben Casparius,2025-06-07 00:00:00,1,2,2,5,0,0,22,4,0.693,0,1.4,0.67,STL,,4.64,1.27,R
Ben Casparius,2025-06-11 00:00:00,4,1,1,3,2,2,54,4,0.711,0,2.4,1,SD,,4.64,1.27,R
Ben Casparius,2025-06-16 00:00:00,3.2,2,2,3,1,2,62,5,0.711,1,2.73,1.67,SD,,4.64,1.27,R
Ben Casparius,2025-06-22 00:00:00,5,3,3,5,1,2,77,6,0.693,1,4.07,2,WSH,,4.64,1.27,R
Ben Casparius,2025-06-28 00:00:00,4,6,6,8,1,4,75,6,0.706,0,4.07,3.67,KC,,4.64,1.27,R
Ben Casparius,2025-07-04 00:00:00,3,6,6,9,0,3,59,6,0.714,1,4,5,HOU,,4.64,1.27,R
Ben Casparius,2025-07-09 00:00:00,1.2,0,0,1,0,1,25,5,0.736,0,2.73,4,MIL,,4.64,1.27,R
Ben Casparius,2025-07-13 00:00:00,1.1,0,0,0,0,1,18,4,0.697,0,1.77,2,SF,,4.64,1.27,R
Ben Casparius,2025-07-19 00:00:00,1.1,2,2,3,1,1,37,6,0.736,1,1.13,0.67,MIL,,4.64,1.27,R
Ben Casparius,2025-07-22 00:00:00,0,3,3,1,3,0,17,3,0.708,1,0.73,1.67,MIN,,4.64,1.27,R
Ben Casparius,2025-07-25 00:00:00,1,0,0,1,0,0,19,3,0.745,0,0.7,1.67,BOS,,4.64,1.27,R
Ben Casparius,2025-07-29 00:00:00,1.1,0,0,0,0,1,14,4,0.706,0,0.7,1,CIN,,4.64,1.27,R
Ben Casparius,2025-08-03 00:00:00,0.1,0,0,0,0,0,4,5,0.714,0,0.73,0,TB,,4.64,1.27,R
Ben Casparius,2025-08-05 00:00:00,1,1,1,3,0,0,17,2,0.693,1,0.73,0.33,STL,,4.64,1.27,R
Ben Casparius,2025-08-08 00:00:00,1.1,0,0,1,0,2,19,3,0.761,1,0.73,0.33,TOR,,4.64,1.27,R
Ben Casparius,2025-08-10 00:00:00,0.1,0,0,0,0,0,2,2,0.761,1,0.73,0.33,TOR,,4.64,1.27,R
Ben Casparius,2025-08-12 00:00:00,0.1,0,1,2,0,1,15,2,0.695,0,0.43,0,LAA,,4.64,1.27,R
Ben Casparius,2025-08-15 00:00:00,1,0,0,1,0,0,17,3,0.711,1,0.4,0,SD,,4.64,1.27,R
Ben Casparius,2025-08-17 00:00:00,0.2,0,0,0,0,1,9,2,0.711,1,0.43,0,SD,,4.64,1.27,R
Ben Casparius,2025-08-19 00:00:00,1,0,0,1,0,1,11,2,0.679,0,0.73,0,COL,,4.64,1.27,R
Ben Casparius,2025-08-21 00:00:00,0.1,0,0,0,1,0,6,2,0.679,0,0.43,0,COL,,4.64,1.27,R
Ben Casparius,2025-08-23 00:00:00,1,0,0,0,0,0,6,2,0.711,0,0.7,0,SD,,4.64,1.27,R
Ben Casparius,2025-08-26 00:00:00,1,2,2,1,1,3,20,3,0.706,1,0.7,0.67,CIN,,4.64,1.27,R
Ben Casparius,2025-08-29 00:00:00,1,0,0,0,2,2,25,3,0.757,1,1,0.67,AZ,,4.64,1.27,R
Ben Casparius,2025-09-03 00:00:00,1.1,1,1,2,0,0,22,5,0.655,0,1.03,1,PIT,,4.64,1.27,R
Ben Casparius,2025-09-05 00:00:00,0.2,0,0,0,1,0,13,2,0.699,0,0.77,0.33,BAL,,4.64,1.27,R
Ben Lively,2025-03-27 00:00:00,5,3,3,4,0,3,67,5,0.706,0,5,3,KC,,3.22,1.19,R
Ben Lively,2025-04-02 00:00:00,4.1,4,4,7,2,4,86,6,0.711,0,4.55,3.5,SD,,3.22,1.19,R
Ben Lively,2025-04-08 00:00:00,5,0,0,2,3,4,80,6,0.675,1,4.7,2.33,CWS,,3.22,1.19,R
Ben Lively,2025-04-13 00:00:00,6,4,4,7,2,5,93,5,0.706,1,5.03,2.67,KC,,3.22,1.19,R
Ben Lively,2025-04-19 00:00:00,5.1,0,0,4,1,3,90,6,0.655,0,5.37,1.33,PIT,,3.22,1.19,R
Ben Lively,2025-04-26 00:00:00,5,4,4,6,3,4,104,7,0.745,1,5.37,2.67,BOS,,3.22,1.19,R
Ben Lively,2025-05-01 00:00:00,5.2,0,0,5,0,2,91,5,0.708,1,5.1,1.33,MIN,,3.22,1.19,R
Ben Lively,2025-05-06 00:00:00,5.1,1,1,2,2,3,63,5,0.693,0,5.1,1.67,WSH,,3.22,1.19,R
Ben Lively,2025-05-12 00:00:00,3,0,0,1,2,1,45,6,0.736,1,4.43,0.33,MIL,,3.22,1.19,R
Blade Tidwell,2025-05-04 00:00:00,3.2,6,6,9,3,2,82,5,0.693,0,3.2,6,STL,,9,2.2,R
Blade Tidwell,2025-06-20 00:00:00,3.2,2,2,4,3,4,74,47,0.759,0,3.2,4,PHI,,9,2.2,R
Blade Tidwell,2025-06-27 00:00:00,3.1,4,4,5,2,1,73,7,0.655,0,3.17,4,PIT,,9,2.2,R
Blade Tidwell,2025-07-02 00:00:00,4.1,3,3,5,2,3,80,5,0.736,1,3.47,3,MIL,,9,2.2,R
Blake Snell,2025-03-27 00:00:00,5,2,2,5,4,2,92,5,0.73,1,5,2,DET,,2.35,1.26,L
Blake Snell,2025-04-02 00:00:00,4,0,5,5,4,2,80,6,0.72,1,4.5,1,ATL,,2.35,1.26,L
Blake Snell,2025-08-02 00:00:00,5,3,3,5,0,8,86,122,0.714,0,4.67,1.67,TB,,2.35,1.26,L
Blake Snell,2025-08-09 00:00:00,5,0,0,3,3,10,90,7,0.761,1,4.67,1,TOR,,2.35,1.26,L
Blake Snell,2025-08-16 00:00:00,6,0,0,5,2,3,96,7,0.711,1,5.33,1,SD,,2.35,1.26,L
Blake Snell,2025-08-22 00:00:00,7,2,2,6,2,5,97,6,0.711,0,6,0.67,SD,,2.35,1.26,L
Blake Snell,2025-08-29 00:00:00,5.1,3,3,4,3,8,86,7,0.757,1,6.03,1.67,AZ,,2.35,1.26,L
Blake Snell,2025-09-04 00:00:00,5,5,5,9,3,6,90,6,0.655,0,5.7,3.33,PIT,,2.35,1.26,L
Blake Snell,2025-09-10 00:00:00,6,0,0,2,2,11,104,6,0.679,1,5.37,2.67,COL,,2.35,1.26,L
Blake Snell,2025-09-17 00:00:00,7,0,0,2,2,12,112,7,0.759,1,6,1.67,PHI,,2.35,1.26,L
Blake Snell,2025-09-24 00:00:00,6,1,1,5,1,5,95,7,0.757,0,6.33,0.33,AZ,,2.35,1.26,L
Blake Snell,2025-09-30 00:00:00,7,2,2,4,1,9,91,6,0.706,1,6.67,1,CIN,,2.35,1.26,L
Blake Snell,2025-10-06 00:00:00,6,0,0,1,4,9,99,6,0.759,0,6.33,1,PHI,,2.35,1.26,L
Blake Snell,2025-10-13 00:00:00,8,0,0,1,0,10,103,7,0.736,0,7,0.67,MIL,,2.35,1.26,L
Blake Snell,2025-10-24 00:00:00,5,5,5,8,3,4,100,11,0.761,0,6.33,1.67,TOR,,2.35,1.26,L
Blake Snell,2025-10-29 00:00:00,6.2,5,5,6,4,7,116,5,0.761,1,6.4,3.33,TOR,,2.35,1.26,L
Blake Snell,2025-11-01 00:00:00,1.1,0,0,1,1,2,28,3,0.761,0,4.1,3.33,TOR,,2.35,1.26,L
Bobby Miller,2025-04-16 00:00:00,3,6,6,8,1,7,84,5,0.679,1,3,6,COL,,12.6,2.6,R
Bobby Miller,2025-05-24 00:00:00,2,1,1,3,1,0,32,38,0.753,0,2.5,3.5,NYM,,12.6,2.6,R
Bowden Francis,2025-03-31 00:00:00,6,2,2,2,3,4,91,5,0.693,1,6,2,WSH,,6.05,1.53,R
Bowden Francis,2025-04-06 00:00:00,5.1,2,2,6,2,6,90,6,0.753,0,5.55,2,NYM,,6.05,1.53,R
Bowden Francis,2025-04-12 00:00:00,5.2,3,5,3,2,5,96,6,0.699,0,5.43,2.33,BAL,,6.05,1.53,R
Bowden Francis,2025-04-18 00:00:00,6,1,1,5,1,5,77,6,0.74,1,5.43,2,SEA,,6.05,1.53,R
Bowden Francis,2025-04-23 00:00:00,4.2,3,3,8,1,2,79,5,0.714,0,5.13,2.33,HOU,,6.05,1.53,R
Bowden Francis,2025-04-29 00:00:00,3,7,7,8,0,1,72,6,0.745,1,4.4,3.67,BOS,,6.05,1.53,R
Bowden Francis,2025-05-04 00:00:00,4.1,4,4,6,1,2,79,5,0.67,1,3.77,4.67,CLE,,6.05,1.53,R
Bowden Francis,2025-05-10 00:00:00,6.2,3,3,6,1,5,89,6,0.74,0,4.43,4.67,SEA,,6.05,1.53,R
Bowden Francis,2025-05-16 00:00:00,4.2,4,4,8,2,6,95,6,0.73,1,4.83,3.67,DET,,6.05,1.53,R
Bowden Francis,2025-05-22 00:00:00,4,2,2,3,3,4,77,6,0.711,1,4.8,3,SD,,6.05,1.53,R
Bowden Francis,2025-05-27 00:00:00,5,0,0,3,1,6,75,5,0.684,0,4.4,2,TEX,,6.05,1.53,R
Bowden Francis,2025-06-03 00:00:00,1.2,6,7,7,2,2,58,7,0.759,1,3.4,2.67,PHI,,6.05,1.53,R
Bowden Francis,2025-06-08 00:00:00,3.1,4,4,5,5,2,89,5,0.708,0,3.1,3.33,MIN,,6.05,1.53,R
Bowden Francis,2025-06-14 00:00:00,3.2,2,2,1,3,4,75,6,0.759,0,2.5,4,PHI,,6.05,1.53,R
Bradley Blalock,2025-03-31 00:00:00,1,2,2,3,0,1,28,5,0.759,0,1,2,PHI,,9.36,1.84,R
Bradley Blalock,2025-04-05 00:00:00,2,0,0,2,0,1,29,5,0.749,1,1.5,1,ATH,,9.36,1.84,R
Bradley Blalock,2025-04-27 00:00:00,4,6,6,7,2,1,80,22,0.706,1,2.33,2.67,CIN,,9.36,1.84,R
Bradley Blalock,2025-05-03 00:00:00,5.1,3,3,2,2,4,75,6,0.697,0,3.7,3,SF,,9.36,1.84,R
Bradley Blalock,2025-05-10 00:00:00,3.2,12,12,13,2,1,87,7,0.711,1,4.1,7,SD,,9.36,1.84,R
Bradley Blalock,2025-07-12 00:00:00,5.2,1,1,6,0,1,80,63,0.706,0,4.5,5.33,CIN,,9.36,1.84,R
Bradley Blalock,2025-07-22 00:00:00,5.1,2,2,8,1,0,73,10,0.693,1,4.5,5,STL,,9.36,1.84,R
Bradley Blalock,2025-07-28 00:00:00,6,0,0,6,0,7,84,6,0.67,0,5.43,1,CLE,,9.36,1.84,R
Bradley Blalock,2025-08-03 00:00:00,5.2,7,7,6,4,2,93,6,0.655,1,5.43,3,PIT,,9.36,1.84,R
Bradley Blalock,2025-08-09 00:00:00,4.2,5,5,7,3,4,96,6,0.757,0,5.13,4,AZ,,9.36,1.84,R
Bradley Blalock,2025-08-14 00:00:00,3.2,7,7,6,4,0,79,5,0.757,1,4.2,6.33,AZ,,9.36,1.84,R
Bradley Blalock,2025-09-13 00:00:00,3,5,5,5,2,0,69,30,0.711,0,3.47,5.67,SD,,9.36,1.84,R
Bradley Blalock,2025-09-19 00:00:00,5,6,6,8,1,4,87,6,0.695,1,3.73,6,LAA,,9.36,1.84,R
Bradley Blalock,2025-09-25 00:00:00,3.2,5,5,6,2,1,73,6,0.74,0,3.73,5.33,SEA,,9.36,1.84,R
Brady Basso,2025-08-27 00:00:00,1,0,0,0,1,0,13,5,0.73,1,1,0,DET,,2.31,1.8,L
Brady Basso,2025-08-29 00:00:00,1,0,0,0,1,2,24,2,0.684,1,1,0,TEX,,2.31,1.8,L
Brady Basso,2025-09-06 00:00:00,1,0,1,3,0,0,18,8,0.695,0,1,0,LAA,,2.31,1.8,L
Brady Basso,2025-09-08 00:00:00,2.1,0,0,1,0,4,30,2,0.745,1,1.37,0,BOS,,2.31,1.8,L
Brady Basso,2025-09-13 00:00:00,1,0,0,0,0,0,6,5,0.706,1,1.37,0,CIN,,2.31,1.8,L
Brady Basso,2025-09-14 00:00:00,0.2,0,0,0,1,0,14,1,0.706,1,1.1,0,CIN,,2.31,1.8,L
Brady Basso,2025-09-17 00:00:00,0.1,0,0,1,0,0,6,3,0.745,0,0.43,0,BOS,,2.31,1.8,L
Brady Basso,2025-09-19 00:00:00,1,0,0,1,1,1,21,2,0.655,0,0.43,0,PIT,,2.31,1.8,L
Brady Basso,2025-09-20 00:00:00,1,0,0,0,0,0,7,1,0.655,0,0.7,0,PIT,,2.31,1.8,L
Brady Basso,2025-09-25 00:00:00,1,2,2,3,3,1,44,5,0.714,1,1,0.67,HOU,,2.31,1.8,L
Brady Basso,2025-09-28 00:00:00,1.1,1,1,3,2,0,23,3,0.706,1,1.03,1,KC,,2.31,1.8,L
Brady Singer,2025-03-31 00:00:00,7,0,0,1,2,8,92,5,0.684,1,7,0,TEX,,4.03,1.24,R
Brady Singer,2025-04-05 00:00:00,5,3,5,9,1,7,91,5,0.736,0,6,1.5,MIL,,4.03,1.24,R
Brady Singer,2025-04-11 00:00:00,5,3,3,2,3,3,88,6,0.655,1,5.67,2,PIT,,4.03,1.24,R
Brady Singer,2025-04-17 00:00:00,4.1,3,4,6,3,6,95,6,0.74,1,4.7,3,SEA,,4.03,1.24,R
Brady Singer,2025-04-23 00:00:00,6,2,2,4,0,8,88,6,0.708,0,5.03,2.67,MIA,,4.03,1.24,R
Brady Singer,2025-04-30 00:00:00,6,1,1,2,3,4,92,7,0.693,1,5.37,2,STL,,4.03,1.24,R
Brady Singer,2025-05-05 00:00:00,6,4,4,7,2,2,102,5,0.72,0,6,2.33,ATL,,4.03,1.24,R
Brady Singer,2025-05-10 00:00:00,2.1,7,7,9,1,1,51,5,0.714,0,4.7,4,HOU,,4.03,1.24,R
Brady Singer,2025-05-16 00:00:00,5,3,3,3,3,4,90,6,0.67,1,4.37,4.67,CLE,,4.03,1.24,R
Brady Singer,2025-05-21 00:00:00,5,2,2,5,4,3,102,5,0.655,0,4.03,4,PIT,,4.03,1.24,R
Brady Singer,2025-05-27 00:00:00,7,2,2,7,1,3,99,6,0.706,0,5.67,2.33,KC,,4.03,1.24,R
Brady Singer,2025-06-02 00:00:00,5,3,3,4,3,4,97,6,0.736,1,5.67,2.33,MIL,,4.03,1.24,R
Brady Singer,2025-06-08 00:00:00,5,2,2,5,3,3,77,6,0.757,1,5.67,2.33,AZ,,4.03,1.24,R
Brady Singer,2025-06-14 00:00:00,6,1,1,4,3,4,96,6,0.73,0,5.33,2,DET,,4.03,1.24,R
Brady Singer,2025-06-20 00:00:00,6,1,1,4,1,7,102,6,0.693,0,5.67,1.33,STL,,4.03,1.24,R
Brady Singer,2025-06-25 00:00:00,5,4,4,6,3,9,103,5,0.787,1,5.67,2,NYY,,4.03,1.24,R
Brady Singer,2025-07-01 00:00:00,3,2,2,3,2,4,56,6,0.745,0,4.67,2.33,BOS,,4.03,1.24,R
Brady Singer,2025-07-07 00:00:00,5,2,2,7,1,3,96,6,0.708,1,4.33,2.67,MIA,,4.03,1.24,R
Brady Singer,2025-07-12 00:00:00,6.1,3,3,7,1,9,93,5,0.679,1,4.7,2.33,COL,,4.03,1.24,R
Brady Singer,2025-07-21 00:00:00,2.1,7,7,5,2,1,57,9,0.693,0,4.4,4,WSH,,4.03,1.24,R
Brady Singer,2025-07-27 00:00:00,7.1,1,1,3,1,8,97,6,0.714,1,5.1,3.67,TB,,4.03,1.24,R
Brady Singer,2025-08-01 00:00:00,6,0,0,4,1,10,97,5,0.72,1,5.07,2.67,ATL,,4.03,1.24,R
Brady Singer,2025-08-07 00:00:00,3.2,4,4,6,4,2,86,6,0.655,0,5.43,1.67,PIT,,4.03,1.24,R
Brady Singer,2025-08-12 00:00:00,6,0,0,3,0,6,71,5,0.759,1,5.07,1.33,PHI,,4.03,1.24,R
Brady Singer,2025-08-18 00:00:00,6,1,1,6,1,4,88,6,0.695,0,5.07,1.67,LAA,,4.03,1.24,R
Brady Singer,2025-08-24 00:00:00,6,1,1,1,3,9,95,6,0.757,0,6,0.67,AZ,,4.03,1.24,R
Brady Singer,2025-08-31 00:00:00,6,3,3,5,0,8,102,7,0.693,1,6,1.67,STL,,4.03,1.24,R
Brady Singer,2025-09-06 00:00:00,6,1,1,4,4,5,99,6,0.753,1,6,1.67,NYM,,4.03,1.24,R
Brady Singer,2025-09-12 00:00:00,6,2,2,3,1,4,90,6,0.749,0,6,2,ATH,,4.03,1.24,R
Brady Singer,2025-09-17 00:00:00,5.2,1,2,3,2,6,97,5,0.693,0,5.73,1.33,STL,,4.03,1.24,R
Brady Singer,2025-09-23 00:00:00,5.1,4,4,7,0,3,90,6,0.655,1,5.43,2.33,PIT,,4.03,1.24,R
Brady Singer,2025-09-28 00:00:00,3.1,3,3,5,1,5,71,5,0.736,0,4.47,2.67,MIL,,4.03,1.24,R
Brad Keller,2025-03-28 00:00:00,2,2,2,4,0,3,46,5,0.757,0,2,2,AZ,,2.07,0.96,R
Brad Keller,2025-04-02 00:00:00,1,0,0,0,1,0,17,5,0.749,0,1.5,1,ATH,,2.07,0.96,R
Brad Keller,2025-04-05 00:00:00,1,0,0,0,0,1,9,3,0.711,1,1.33,0.67,SD,,2.07,0.96,R
Brad Keller,2025-04-06 00:00:00,1,0,0,1,0,2,17,1,0.711,1,1,0,SD,,2.07,0.96,R
Brad Keller,2025-04-13 00:00:00,1.1,0,0,1,1,1,20,7,0.768,0,1.03,0,LAD,,2.07,0.96,R
Brad Keller,2025-04-14 00:00:00,0.2,1,1,3,1,2,24,1,0.711,0,0.77,0.33,SD,,2.07,0.96,R
Brad Keller,2025-04-18 00:00:00,1,0,0,0,0,2,12,4,0.757,1,0.77,0.33,AZ,,2.07,0.96,R
Brad Keller,2025-04-19 00:00:00,1,0,0,0,0,1,10,1,0.757,1,0.73,0.33,AZ,,2.07,0.96,R
Brad Keller,2025-04-22 00:00:00,0.1,4,5,2,2,0,21,3,0.768,1,0.7,1.33,LAD,,2.07,0.96,R
Brad Keller,2025-04-25 00:00:00,1,0,0,1,1,1,25,3,0.759,1,0.7,1.33,PHI,,2.07,0.96,R
Brad Keller,2025-04-26 00:00:00,1,0,0,0,0,2,9,1,0.759,1,0.7,1.33,PHI,,2.07,0.96,R
Brad Keller,2025-04-30 00:00:00,1.1,0,1,1,0,1,20,4,0.655,0,1.03,0,PIT,,2.07,0.96,R
Brad Keller,2025-05-03 00:00:00,2,0,0,1,0,1,28,3,0.736,0,1.37,0,MIL,,2.07,0.96,R
Brad Keller,2025-05-06 00:00:00,1,0,0,1,0,0,19,3,0.697,1,1.37,0,SF,,2.07,0.96,R
Brad Keller,2025-05-07 00:00:00,1,0,0,0,0,1,14,1,0.697,1,1.33,0,SF,,2.07,0.96,R
Brad Keller,2025-05-10 00:00:00,1,0,0,0,0,2,17,3,0.753,0,1,0,NYM,,2.07,0.96,R
Brad Keller,2025-05-11 00:00:00,1,0,0,1,0,1,14,1,0.753,0,1,0,NYM,,2.07,0.96,R
Brad Keller,2025-05-14 00:00:00,1,0,0,1,0,1,16,3,0.708,1,1,0,MIA,,2.07,0.96,R
Brad Keller,2025-05-17 00:00:00,1,0,0,0,1,1,20,3,0.675,1,1,0,CWS,,2.07,0.96,R
Brad Keller,2025-05-18 00:00:00,1,0,0,0,0,1,12,1,0.675,1,1,0,CWS,,2.07,0.96,R
Brad Keller,2025-05-21 00:00:00,1.2,0,0,0,0,0,17,3,0.708,0,1.07,0,MIA,,2.07,0.96,R
Brad Keller,2025-05-23 00:00:00,1,0,0,1,1,1,17,2,0.706,0,1.07,0,CIN,,2.07,0.96,R
Brad Keller,2025-05-25 00:00:00,1,0,0,2,0,2,20,2,0.706,0,1.07,0,CIN,,2.07,0.96,R
Brad Keller,2025-05-27 00:00:00,1,0,0,0,0,0,16,2,0.679,1,1,0,COL,,2.07,0.96,R
Brad Keller,2025-05-28 00:00:00,1,0,0,1,0,1,12,1,0.679,1,1,0,COL,,2.07,0.96,R
Brad Keller,2025-05-31 00:00:00,1,0,0,0,0,0,7,3,0.706,1,1,0,CIN,,2.07,0.96,R
Brad Keller,2025-06-05 00:00:00,1,0,0,0,0,0,13,5,0.693,0,1,0,WSH,,2.07,0.96,R
Brad Keller,2025-06-09 00:00:00,1.1,0,0,3,0,0,14,4,0.759,0,1.03,0,PHI,,2.07,0.96,R
Brad Keller,2025-06-10 00:00:00,1,0,0,0,0,1,16,1,0.759,0,1.03,0,PHI,,2.07,0.96,R
Brad Keller,2025-06-12 00:00:00,0.2,0,0,0,1,2,16,2,0.655,1,0.77,0,PIT,,2.07,0.96,R
Brad Keller,2025-06-13 00:00:00,1,1,1,1,0,1,17,1,0.655,1,0.73,0.33,PIT,,2.07,0.96,R
Brad Keller,2025-06-17 00:00:00,1,0,0,0,1,1,16,4,0.736,1,0.73,0.33,MIL,,2.07,0.96,R
Brad Keller,2025-06-21 00:00:00,1.2,0,0,1,0,3,31,4,0.74,1,1.07,0.33,SEA,,2.07,0.96,R
Brad Keller,2025-06-26 00:00:00,0.2,0,0,0,2,0,20,5,0.693,0,0.8,0,STL,,2.07,0.96,R
Brad Keller,2025-06-29 00:00:00,1,0,0,1,0,0,14,3,0.714,0,0.8,0,HOU,,2.07,0.96,R
Brad Keller,2025-07-01 00:00:00,1,0,0,0,1,1,14,2,0.67,1,0.73,0,CLE,,2.07,0.96,R
Brad Keller,2025-07-02 00:00:00,1,0,0,2,0,0,23,1,0.67,1,1,0,CLE,,2.07,0.96,R
Brad Keller,2025-07-05 00:00:00,1,5,5,5,0,1,31,3,0.693,1,1,1.67,STL,,2.07,0.96,R
Brad Keller,2025-07-10 00:00:00,1,0,0,1,1,2,20,5,0.708,0,1,1.67,MIN,,2.07,0.96,R
Brad Keller,2025-07-12 00:00:00,0.1,2,2,2,0,0,14,2,0.787,0,0.7,2.33,NYY,,2.07,0.96,R
Brad Keller,2025-07-18 00:00:00,1,0,0,0,0,1,9,6,0.745,1,0.7,0.67,BOS,,2.07,0.96,R
Brad Keller,2025-07-19 00:00:00,1,0,0,0,0,3,19,1,0.745,1,0.7,0.67,BOS,,2.07,0.96,R
Brad Keller,2025-07-26 00:00:00,1,0,0,0,0,0,6,7,0.675,0,1,0,CWS,,2.07,0.96,R
Brad Keller,2025-07-30 00:00:00,2,0,0,1,0,1,26,4,0.736,0,1.33,0,MIL,,2.07,0.96,R
Brad Keller,2025-08-01 00:00:00,1,0,0,0,1,2,18,2,0.699,1,1.33,0,BAL,,2.07,0.96,R
Brad Keller,2025-08-03 00:00:00,1,0,0,0,1,2,17,2,0.699,1,1.33,0,BAL,,2.07,0.96,R
Brad Keller,2025-08-06 00:00:00,1,0,0,0,0,0,8,3,0.706,1,1,0,CIN,,2.07,0.96,R
Brad Keller,2025-08-10 00:00:00,1.1,0,0,0,0,2,15,4,0.693,0,1.03,0,STL,,2.07,0.96,R
Brad Keller,2025-08-13 00:00:00,1,0,0,0,0,0,7,3,0.761,0,1.03,0,TOR,,2.07,0.96,R
Brad Keller,2025-08-15 00:00:00,1,0,0,0,0,1,14,2,0.655,1,1.03,0,PIT,,2.07,0.96,R
Brad Keller,2025-08-16 00:00:00,1,0,0,1,0,3,20,1,0.655,1,1,0,PIT,,2.07,0.96,R
Brad Keller,2025-08-19 00:00:00,0.2,0,0,1,2,2,24,3,0.736,1,0.73,0,MIL,,2.07,0.96,R
Brad Keller,2025-08-20 00:00:00,1,0,0,0,0,1,10,1,0.736,1,0.73,0,MIL,,2.07,0.96,R
Brad Keller,2025-08-22 00:00:00,1,0,0,0,0,0,11,2,0.695,0,0.73,0,LAA,,2.07,0.96,R
Brad Keller,2025-08-24 00:00:00,1,0,0,0,0,1,12,2,0.695,0,1,0,LAA,,2.07,0.96,R
Brad Keller,2025-08-28 00:00:00,1,0,0,0,0,1,18,4,0.697,0,1,0,SF,,2.07,0.96,R
Brad Keller,2025-08-29 00:00:00,0.1,0,0,0,0,1,5,1,0.679,0,0.7,0,COL,,2.07,0.96,R
Brad Keller,2025-08-30 00:00:00,1,0,0,0,0,0,8,1,0.679,0,0.7,0,COL,,2.07,0.96,R
Brad Keller,2025-09-01 00:00:00,1,0,0,0,2,2,26,2,0.72,1,0.7,0,ATL,,2.07,0.96,R
Brad Keller,2025-09-07 00:00:00,1,0,0,0,0,2,11,6,0.693,1,1,0,WSH,,2.07,0.96,R
Brad Keller,2025-09-10 00:00:00,1,0,0,1,0,1,16,3,0.72,0,1,0,ATL,,2.07,0.96,R
Brad Keller,2025-09-12 00:00:00,1,0,0,0,0,2,13,2,0.714,1,1,0,TB,,2.07,0.96,R
Brad Keller,2025-09-13 00:00:00,1,1,1,2,1,0,17,1,0.714,1,1,0.33,TB,,2.07,0.96,R
Brad Keller,2025-09-15 00:00:00,0.1,0,0,0,0,1,4,2,0.655,0,0.7,0.33,PIT,,2.07,0.96,R
Brad Keller,2025-09-16 00:00:00,1,0,0,0,0,2,12,1,0.655,0,0.7,0.33,PIT,,2.07,0.96,R
Brad Keller,2025-09-21 00:00:00,1,0,0,0,0,1,11,5,0.706,0,0.7,0,CIN,,2.07,0.96,R
Brad Keller,2025-09-26 00:00:00,1,0,0,0,0,2,13,5,0.693,1,1,0,STL,,2.07,0.96,R
Brad Keller,2025-09-27 00:00:00,1,0,0,2,1,1,26,1,0.693,1,1,0,STL,,2.07,0.96,R
Brad Keller,2025-09-30 00:00:00,1,0,0,0,0,1,13,3,0.711,1,1,0,SD,,2.07,0.96,R
Brad Keller,2025-10-02 00:00:00,1.1,1,1,2,0,2,37,2,0.711,1,1.03,0.33,SD,,2.07,0.96,R
Brad Keller,2025-10-08 00:00:00,1.1,0,0,0,1,2,19,6,0.736,1,1.07,0.33,MIL,,2.07,0.96,R
Brad Keller,2025-10-09 00:00:00,1,0,0,0,1,0,15,1,0.736,1,1.07,0.33,MIL,,2.07,0.96,R
Brad Keller,2025-10-11 00:00:00,1,0,0,0,0,0,7,2,0.736,0,1.03,0,MIL,,2.07,0.96,R
Brad Lord,2025-03-30 00:00:00,0,1,1,1,2,0,16,5,0.759,1,0,1,PHI,,4.34,1.29,R
Brad Lord,2025-03-31 00:00:00,1,0,0,1,0,0,6,1,0.761,0,0.5,0.5,TOR,,4.34,1.29,R
Brad Lord,2025-04-02 00:00:00,1,0,1,1,0,0,20,2,0.761,0,0.67,0.33,TOR,,4.34,1.29,R
Brad Lord,2025-04-08 00:00:00,3,0,0,2,2,4,55,6,0.768,1,1.67,0,LAD,,4.34,1.29,R
Brad Lord,2025-04-14 00:00:00,4.1,4,4,6,3,1,57,6,0.655,0,2.7,1.33,PIT,,4.34,1.29,R
Brad Lord,2025-04-20 00:00:00,4,2,2,5,2,5,65,6,0.679,0,3.7,2,COL,,4.34,1.29,R
Brad Lord,2025-04-26 00:00:00,4,2,2,5,0,3,80,6,0.753,1,4.03,2.67,NYM,,4.34,1.29,R
Brad Lord,2025-05-01 00:00:00,5,2,2,6,1,4,69,5,0.759,0,4.33,2,PHI,,4.34,1.29,R
Brad Lord,2025-05-06 00:00:00,6,3,3,3,1,4,93,5,0.67,1,5,2.33,CLE,,4.34,1.29,R
Brad Lord,2025-05-11 00:00:00,1,2,2,3,1,2,25,5,0.693,1,4,2.33,STL,,4.34,1.29,R
Brad Lord,2025-05-13 00:00:00,2,2,2,5,1,4,43,2,0.72,0,3,2.33,ATL,,4.34,1.29,R
Brad Lord,2025-05-15 00:00:00,1.2,0,0,1,0,1,19,2,0.72,0,1.4,1.33,ATL,,4.34,1.29,R
Brad Lord,2025-05-18 00:00:00,1,1,1,1,0,0,21,3,0.699,0,1.4,1,BAL,,4.34,1.29,R
Brad Lord,2025-05-22 00:00:00,1.1,0,0,1,1,3,29,4,0.72,1,1.1,0.33,ATL,,4.34,1.29,R
Brad Lord,2025-05-25 00:00:00,2,0,0,0,1,2,28,3,0.697,1,1.37,0.33,SF,,4.34,1.29,R
Brad Lord,2025-05-28 00:00:00,1,0,0,2,0,2,26,3,0.74,0,1.37,0,SEA,,4.34,1.29,R
Brad Lord,2025-05-30 00:00:00,2,0,0,1,2,3,32,2,0.757,0,1.67,0,AZ,,4.34,1.29,R
Brad Lord,2025-06-01 00:00:00,1,0,0,0,0,1,9,2,0.757,0,1.33,0,AZ,,4.34,1.29,R
Brad Lord,2025-06-04 00:00:00,1,0,0,0,1,0,18,3,0.751,1,1.33,0,CHC,,4.34,1.29,R
Brad Lord,2025-06-06 00:00:00,1,0,0,0,0,0,9,2,0.684,1,1,0,TEX,,4.34,1.29,R
Brad Lord,2025-06-08 00:00:00,1,0,0,2,2,1,34,2,0.684,1,1,0,TEX,,4.34,1.29,R
Brad Lord,2025-06-10 00:00:00,1,0,0,0,0,0,12,2,0.753,0,1,0,NYM,,4.34,1.29,R
Brad Lord,2025-06-13 00:00:00,2,0,0,1,0,2,38,3,0.708,1,1.33,0,MIA,,4.34,1.29,R
Brad Lord,2025-06-14 00:00:00,1,1,1,3,0,0,12,1,0.708,1,1.33,0.33,MIA,,4.34,1.29,R
Brad Lord,2025-06-16 00:00:00,2,0,0,0,0,2,22,2,0.679,1,1.67,0.33,COL,,4.34,1.29,R
Brad Lord,2025-06-18 00:00:00,1,1,1,1,0,1,14,2,0.679,1,1.33,0.67,COL,,4.34,1.29,R
Brad Lord,2025-06-21 00:00:00,1,0,0,0,0,2,13,3,0.768,0,1.33,0.33,LAD,,4.34,1.29,R
Brad Lord,2025-06-23 00:00:00,2,0,0,0,0,1,23,2,0.711,0,1.33,0.33,SD,,4.34,1.29,R
Brad Lord,2025-06-25 00:00:00,1.2,0,0,1,1,1,30,2,0.711,0,1.4,0,SD,,4.34,1.29,R
Brad Lord,2025-06-27 00:00:00,1.2,0,0,1,1,1,36,2,0.695,0,1.47,0,LAA,,4.34,1.29,R
Brad Lord,2025-07-02 00:00:00,1,1,1,2,0,2,20,5,0.73,1,1.13,0.33,DET,,4.34,1.29,R
Brad Lord,2025-07-03 00:00:00,1,2,2,1,1,1,21,1,0.73,1,1.07,1,DET,,4.34,1.29,R
Brad Lord,2025-07-06 00:00:00,2,1,1,2,0,1,26,3,0.745,1,1.33,1.33,BOS,,4.34,1.29,R
Brad Lord,2025-07-11 00:00:00,1,0,0,0,0,2,13,5,0.736,0,1.33,1,MIL,,4.34,1.29,R
Brad Lord,2025-07-12 00:00:00,2.1,0,0,0,0,0,27,1,0.736,0,1.7,0.33,MIL,,4.34,1.29,R
Brad Lord,2025-07-22 00:00:00,4,1,1,6,0,1,50,10,0.706,1,2.37,0.33,CIN,,4.34,1.29,R
Brad Lord,2025-07-28 00:00:00,5.1,1,1,1,1,2,59,6,0.714,0,3.73,0.67,HOU,,4.34,1.29,R
Brad Lord,2025-08-03 00:00:00,4.2,3,3,6,2,6,92,6,0.736,1,4.43,1.67,MIL,,4.34,1.29,R
Brad Lord,2025-08-09 00:00:00,6,1,1,4,2,5,86,6,0.697,0,5.1,1.67,SF,,4.34,1.29,R
Brad Lord,2025-08-14 00:00:00,6,2,2,7,1,3,92,5,0.759,1,5.4,2,PHI,,4.34,1.29,R
Brad Lord,2025-08-20 00:00:00,5.1,4,4,7,2,4,92,6,0.753,1,5.7,2.33,NYM,,4.34,1.29,R
Brad Lord,2025-08-25 00:00:00,4.1,6,7,8,2,5,78,5,0.787,0,5.07,4,NYY,,4.34,1.29,R
Brad Lord,2025-08-31 00:00:00,3,7,7,5,2,3,62,6,0.714,1,4.07,5.67,TB,,4.34,1.29,R
Brad Lord,2025-09-06 00:00:00,5.2,1,1,2,4,7,90,6,0.751,0,4.1,4.67,CHC,,4.34,1.29,R
Brad Lord,2025-09-12 00:00:00,6,3,3,7,0,4,88,6,0.655,1,4.73,3.67,PIT,,4.34,1.29,R
Brad Lord,2025-09-17 00:00:00,5.1,2,2,6,1,4,102,5,0.72,1,5.43,2,ATL,,4.34,1.29,R
Brad Lord,2025-09-23 00:00:00,6,2,2,4,1,4,96,6,0.72,0,5.7,2.33,ATL,,4.34,1.29,R
Brad Lord,2025-09-28 00:00:00,4,5,5,5,2,4,80,5,0.675,1,5.03,3,CWS,,4.34,1.29,R
Brandon Eisert,2025-03-31 00:00:00,1,0,0,0,1,3,20,5,0.708,1,1,0,MIN,,4.39,1.44,L
Brandon Eisert,2025-04-01 00:00:00,0.2,1,1,1,0,1,9,1,0.708,1,0.6,0.5,MIN,,4.39,1.44,L
Brandon Eisert,2025-04-04 00:00:00,1.1,3,3,5,0,1,25,3,0.73,0,0.77,1.33,DET,,4.39,1.44,L
Brandon Eisert,2025-04-11 00:00:00,1,0,0,0,0,2,19,7,0.745,1,0.77,1.33,BOS,,4.39,1.44,L
Brandon Eisert,2025-04-15 00:00:00,1.2,0,0,1,0,2,23,4,0.749,1,1.1,1,ATH,,4.39,1.44,L
Brandon Eisert,2025-04-17 00:00:00,2,1,1,2,0,3,30,2,0.749,1,1.4,0.33,ATH,,4.39,1.44,L
Brandon Eisert,2025-04-20 00:00:00,1.2,0,0,1,0,1,23,3,0.745,0,1.47,0.33,BOS,,4.39,1.44,L
Brandon Eisert,2025-04-23 00:00:00,1,1,1,3,0,1,22,3,0.708,0,1.4,0.67,MIN,,4.39,1.44,L
Brandon Eisert,2025-04-24 00:00:00,1,0,0,1,0,1,14,1,0.708,0,1.07,0.33,MIN,,4.39,1.44,L
Brandon Eisert,2025-04-27 00:00:00,1,1,1,2,0,0,13,3,0.749,0,1,0.67,ATH,,4.39,1.44,L
Brandon Eisert,2025-04-29 00:00:00,0.2,1,1,2,1,1,20,2,0.736,1,0.73,0.67,MIL,,4.39,1.44,L
Brandon Eisert,2025-05-01 00:00:00,1,0,0,0,0,2,11,2,0.736,1,0.73,0.67,MIL,,4.39,1.44,L
Brandon Eisert,2025-05-05 00:00:00,1,0,0,0,1,0,18,4,0.706,0,0.73,0.33,KC,,4.39,1.44,L
Brandon Eisert,2025-05-09 00:00:00,1,0,0,0,1,1,16,4,0.708,1,1,0,MIA,,4.39,1.44,L
Brandon Eisert,2025-05-10 00:00:00,0.1,1,1,1,1,0,15,1,0.708,1,0.7,0.33,MIA,,4.39,1.44,L
Brandon Eisert,2025-05-13 00:00:00,1,0,0,0,0,1,9,3,0.706,0,0.7,0.33,CIN,,4.39,1.44,L
Brandon Eisert,2025-05-14 00:00:00,0.2,1,1,2,0,0,13,1,0.706,0,0.43,0.67,CIN,,4.39,1.44,L
Brandon Eisert,2025-05-16 00:00:00,0.1,1,1,2,0,0,10,2,0.751,0,0.43,0.67,CHC,,4.39,1.44,L
Brandon Eisert,2025-05-18 00:00:00,0.2,1,1,3,0,2,15,2,0.751,0,0.17,1,CHC,,4.39,1.44,L
Brandon Eisert,2025-05-20 00:00:00,1,0,0,0,0,1,16,2,0.74,1,0.43,0.67,SEA,,4.39,1.44,L
Brandon Eisert,2025-05-21 00:00:00,0.2,1,1,2,0,2,25,1,0.74,1,0.47,0.67,SEA,,4.39,1.44,L
Brandon Eisert,2025-05-24 00:00:00,1,0,0,0,0,2,18,3,0.684,1,0.73,0.33,TEX,,4.39,1.44,L
Brandon Eisert,2025-05-26 00:00:00,1,0,0,0,1,1,17,2,0.753,0,0.73,0.33,NYM,,4.39,1.44,L
Brandon Eisert,2025-05-28 00:00:00,1.1,0,0,0,0,2,17,2,0.753,0,1.03,0,NYM,,4.39,1.44,L
Brandon Eisert,2025-06-01 00:00:00,1.1,0,0,0,0,2,18,4,0.699,0,1.07,0,BAL,,4.39,1.44,L
Brandon Eisert,2025-06-03 00:00:00,1,0,0,2,0,1,14,2,0.73,1,1.07,0,DET,,4.39,1.44,L
Brandon Eisert,2025-06-04 00:00:00,1,1,1,1,0,1,19,1,0.73,1,1.03,0.33,DET,,4.39,1.44,L
Brandon Eisert,2025-06-06 00:00:00,1,0,0,1,0,1,17,2,0.706,1,1,0.33,KC,,4.39,1.44,L
Brandon Eisert,2025-06-10 00:00:00,1,0,0,0,0,1,10,4,0.714,0,1,0.33,HOU,,4.39,1.44,L
Brandon Eisert,2025-06-14 00:00:00,0.1,1,1,2,0,0,9,4,0.684,0,0.7,0.33,TEX,,4.39,1.44,L
Brandon Eisert,2025-06-15 00:00:00,0.1,0,0,0,0,0,6,1,0.684,0,0.4,0.33,TEX,,4.39,1.44,L
Brandon Eisert,2025-06-17 00:00:00,1,1,1,1,0,1,23,2,0.693,1,0.4,0.67,STL,,4.39,1.44,L
Brandon Eisert,2025-06-19 00:00:00,0.2,0,0,0,2,1,14,2,0.693,1,0.43,0.33,STL,,4.39,1.44,L
Brandon Eisert,2025-06-22 00:00:00,1,0,0,0,0,0,12,3,0.761,0,0.73,0.33,TOR,,4.39,1.44,L
Brandon Eisert,2025-06-24 00:00:00,1.2,1,1,3,0,1,26,2,0.757,1,0.8,0.33,AZ,,4.39,1.44,L
Brandon Eisert,2025-06-29 00:00:00,1,0,0,1,0,2,17,5,0.697,1,1.07,0.33,SF,,4.39,1.44,L
Brandon Eisert,2025-07-02 00:00:00,1,1,1,1,0,0,18,3,0.768,0,1.07,0.67,LAD,,4.39,1.44,L
Brandon Eisert,2025-07-05 00:00:00,1,1,1,1,0,1,17,3,0.679,0,1,0.67,COL,,4.39,1.44,L
Brandon Eisert,2025-07-07 00:00:00,1,2,2,2,2,0,19,2,0.761,1,1,1.33,TOR,,4.39,1.44,L
Brandon Eisert,2025-07-11 00:00:00,1,0,0,0,0,1,19,4,0.67,1,1,1,CLE,,4.39,1.44,L
Brandon Eisert,2025-07-13 00:00:00,1,0,1,1,0,1,21,2,0.67,1,1,0.67,CLE,,4.39,1.44,L
Brandon Eisert,2025-07-19 00:00:00,1,0,0,0,0,0,8,6,0.655,0,1,0,PIT,,4.39,1.44,L
Brandon Eisert,2025-07-21 00:00:00,1,1,1,1,1,1,19,2,0.714,0,1,0.33,TB,,4.39,1.44,L
Brandon Eisert,2025-07-23 00:00:00,0.2,1,1,2,0,1,15,2,0.714,0,0.73,0.67,TB,,4.39,1.44,L
Brandon Eisert,2025-07-26 00:00:00,1.1,0,0,1,0,3,24,3,0.751,1,0.77,0.67,CHC,,4.39,1.44,L
Brandon Eisert,2025-07-27 00:00:00,1,0,0,0,1,1,12,1,0.751,1,0.77,0.33,CHC,,4.39,1.44,L
Brandon Eisert,2025-07-30 00:00:00,0.2,0,0,0,0,1,8,3,0.759,1,0.77,0,PHI,,4.39,1.44,L
Brandon Eisert,2025-08-02 00:00:00,1.2,0,0,0,0,1,18,3,0.695,0,0.8,0,LAA,,4.39,1.44,L
Brandon Eisert,2025-08-06 00:00:00,1.1,0,0,1,1,3,28,4,0.74,0,0.83,0,SEA,,4.39,1.44,L
Brandon Eisert,2025-08-07 00:00:00,0.1,0,1,1,1,1,8,1,0.74,0,0.8,0,SEA,,4.39,1.44,L
Brandon Eisert,2025-08-10 00:00:00,1,0,0,1,1,1,20,3,0.67,1,0.73,0,CLE,,4.39,1.44,L
Brandon Eisert,2025-08-11 00:00:00,0.2,1,1,2,1,1,21,1,0.73,1,0.43,0.33,DET,,4.39,1.44,L
Brandon Eisert,2025-08-15 00:00:00,1,0,0,0,0,1,15,4,0.706,0,0.73,0.33,KC,,4.39,1.44,L
Brandon Eisert,2025-08-18 00:00:00,1,0,0,0,0,1,15,3,0.72,0,0.73,0.33,ATL,,4.39,1.44,L
Brandon Eisert,2025-08-20 00:00:00,0.1,0,0,0,0,0,6,2,0.72,0,0.7,0,ATL,,4.39,1.44,L
Brandon Eisert,2025-08-22 00:00:00,1,2,2,3,1,0,25,2,0.708,1,0.7,0.67,MIN,,4.39,1.44,L
Brandon Eisert,2025-08-24 00:00:00,1.1,0,0,1,1,1,24,2,0.708,1,0.73,0.67,MIN,,4.39,1.44,L
Brandon Eisert,2025-08-29 00:00:00,1,0,0,0,0,2,15,5,0.787,1,1.03,0.67,NYY,,4.39,1.44,L
Brandon Eisert,2025-08-30 00:00:00,1.2,0,0,0,1,1,16,1,0.787,1,1.1,0,NYY,,4.39,1.44,L
Brandon Eisert,2025-09-01 00:00:00,1.1,2,2,3,0,0,22,2,0.708,0,1.1,0.67,MIN,,4.39,1.44,L
Brandon Eisert,2025-09-03 00:00:00,0.2,0,0,0,1,1,16,2,0.708,0,0.83,0.67,MIN,,4.39,1.44,L
Brandon Eisert,2025-09-07 00:00:00,1,0,0,2,0,1,19,4,0.73,0,0.77,0.67,DET,,4.39,1.44,L
Brandon Eisert,2025-09-10 00:00:00,1,2,2,1,1,2,21,3,0.714,1,0.73,0.67,TB,,4.39,1.44,L
Brandon Eisert,2025-09-11 00:00:00,1,0,0,1,0,0,21,1,0.714,1,1,0.67,TB,,4.39,1.44,L
Brandon Eisert,2025-09-14 00:00:00,1.2,1,1,4,0,1,25,3,0.67,0,1.07,1,CLE,,4.39,1.44,L
Brandon Eisert,2025-09-16 00:00:00,1,0,0,0,0,1,14,2,0.699,1,1.07,0.33,BAL,,4.39,1.44,L
Brandon Eisert,2025-09-17 00:00:00,1,0,0,1,1,1,20,1,0.699,1,1.07,0.33,BAL,,4.39,1.44,L
Brandon Eisert,2025-09-19 00:00:00,0.1,0,0,0,0,1,5,2,0.711,1,0.7,0,SD,,4.39,1.44,L
Brandon Eisert,2025-09-21 00:00:00,0.1,0,0,1,0,1,12,2,0.711,1,0.4,0,SD,,4.39,1.44,L
Brandon Eisert,2025-09-23 00:00:00,0.2,2,2,2,2,0,18,2,0.787,0,0.13,0.67,NYY,,4.39,1.44,L
Brandon Eisert,2025-09-26 00:00:00,1,0,0,1,0,1,12,3,0.693,0,0.43,0.67,WSH,,4.39,1.44,L
Brandon Eisert,2025-09-27 00:00:00,0.1,1,1,2,1,0,15,1,0.693,0,0.43,1,WSH,,4.39,1.44,L
Brandon Pfaadt,2025-03-29 00:00:00,6,3,3,6,1,5,78,5,0.751,1,6,3,CHC,,5.25,1.33,R
Brandon Pfaadt,2025-04-04 00:00:00,6,4,4,6,0,4,91,6,0.693,0,6,3.5,WSH,,5.25,1.33,R
Brandon Pfaadt,2025-04-09 00:00:00,6,0,0,4,2,3,93,5,0.699,1,6,2.33,BAL,,5.25,1.33,R
Brandon Pfaadt,2025-04-16 00:00:00,5.2,1,1,5,2,6,92,7,0.708,0,5.73,1.67,MIA,,5.25,1.33,R
Brandon Pfaadt,2025-04-22 00:00:00,6,1,1,4,0,5,93,6,0.714,1,5.73,0.67,TB,,5.25,1.33,R
Brandon Pfaadt,2025-04-27 00:00:00,6,2,3,9,1,6,100,5,0.72,1,5.73,1.33,ATL,,5.25,1.33,R
Brandon Pfaadt,2025-05-03 00:00:00,4.2,6,7,9,1,6,93,6,0.759,0,5.4,3,PHI,,5.25,1.33,R
Brandon Pfaadt,2025-05-08 00:00:00,6.1,0,0,4,3,6,99,5,0.768,1,5.43,2.67,LAD,,5.25,1.33,R
Brandon Pfaadt,2025-05-13 00:00:00,4,4,4,6,3,3,95,5,0.697,0,4.77,3.33,SF,,5.25,1.33,R
Brandon Pfaadt,2025-05-19 00:00:00,6,3,3,3,1,0,95,6,0.768,0,5.37,2.33,LAD,,5.25,1.33,R
Brandon Pfaadt,2025-05-25 00:00:00,5.2,3,3,5,1,5,91,6,0.693,0,5.07,3.33,STL,,5.25,1.33,R
Brandon Pfaadt,2025-05-31 00:00:00,0,8,8,6,0,0,31,6,0.693,1,3.73,4.67,WSH,,5.25,1.33,R
Brandon Pfaadt,2025-06-05 00:00:00,3,6,6,6,2,2,74,5,0.72,0,2.73,5.67,ATL,,5.25,1.33,R
Brandon Pfaadt,2025-06-10 00:00:00,5,2,2,9,1,4,99,5,0.74,1,2.67,5.33,SEA,,5.25,1.33,R
Brandon Pfaadt,2025-06-17 00:00:00,5,2,2,4,1,3,81,7,0.761,0,4.33,3.33,TOR,,5.25,1.33,R
Brandon Pfaadt,2025-06-22 00:00:00,5,4,4,6,1,7,81,5,0.679,0,5,2.67,COL,,5.25,1.33,R
Brandon Pfaadt,2025-06-28 00:00:00,5,2,3,5,1,7,86,6,0.708,1,5,2.67,MIA,,5.25,1.33,R
Brandon Pfaadt,2025-07-03 00:00:00,6,4,4,6,2,8,97,5,0.697,1,5.33,3.33,SF,,5.25,1.33,R
Brandon Pfaadt,2025-07-09 00:00:00,8,2,2,4,0,4,99,6,0.711,0,6.33,2.67,SD,,5.25,1.33,R
Brandon Pfaadt,2025-07-18 00:00:00,7,0,0,4,0,6,91,9,0.693,1,7,2,STL,,5.25,1.33,R
Brandon Pfaadt,2025-07-23 00:00:00,5.1,2,2,5,2,5,89,5,0.714,1,6.7,1.33,HOU,,5.25,1.33,R
Brandon Pfaadt,2025-07-29 00:00:00,4.2,7,7,11,0,3,90,6,0.73,0,5.43,3,DET,,5.25,1.33,R
Brandon Pfaadt,2025-08-04 00:00:00,5.2,2,2,5,3,4,97,6,0.711,1,4.83,3.67,SD,,5.25,1.33,R
Brandon Pfaadt,2025-08-10 00:00:00,5,3,3,11,0,2,77,6,0.679,1,4.8,4,COL,,5.25,1.33,R
Brandon Pfaadt,2025-08-15 00:00:00,6,4,4,8,2,4,100,5,0.679,0,5.4,3,COL,,5.25,1.33,R
Brandon Pfaadt,2025-08-20 00:00:00,7,2,2,5,1,5,98,5,0.67,1,6,3,CLE,,5.25,1.33,R
Brandon Pfaadt,2025-08-26 00:00:00,2.2,6,6,8,1,4,80,6,0.736,0,5.07,4,MIL,,5.25,1.33,R
Brandon Pfaadt,2025-08-31 00:00:00,4.1,4,4,8,1,5,94,5,0.768,0,4.43,4,LAD,,5.25,1.33,R
Brandon Pfaadt,2025-09-06 00:00:00,6,1,1,6,0,7,96,6,0.745,1,4.1,3.67,BOS,,5.25,1.33,R
Brandon Pfaadt,2025-09-12 00:00:00,4.2,5,5,9,1,2,78,6,0.708,0,4.77,3.33,MIN,,5.25,1.33,R
Brandon Pfaadt,2025-09-17 00:00:00,9,0,0,1,1,7,97,5,0.697,1,6.4,2,SF,,5.25,1.33,R
Brandon Pfaadt,2025-09-23 00:00:00,6,3,3,4,2,4,90,6,0.768,1,6.4,2.67,LAD,,5.25,1.33,R
Brandon Pfaadt,2025-09-28 00:00:00,4,7,8,6,0,5,75,5,0.711,0,6.33,3.33,SD,,5.25,1.33,R
Brandon Sproat,2025-09-07 00:00:00,6,3,3,3,4,7,88,5,0.706,0,6,3,CIN,,4.79,1.21,R
Brandon Sproat,2025-09-13 00:00:00,6,0,0,6,0,3,70,6,0.684,1,6,1.5,TEX,,4.79,1.21,R
Brandon Sproat,2025-09-19 00:00:00,4,4,4,4,2,5,71,6,0.693,1,5.33,2.33,WSH,,4.79,1.21,R
Brandon Sproat,2025-09-26 00:00:00,4.2,4,4,5,1,2,61,7,0.708,0,4.73,2.67,MIA,,4.79,1.21,R
Brandon Waddell,2025-04-30 00:00:00,4.1,0,0,3,0,4,60,5,0.757,1,4.1,0,AZ,,3.45,1.28,L
Brandon Waddell,2025-05-28 00:00:00,5,4,4,7,1,3,94,28,0.675,1,4.55,2,CWS,,3.45,1.28,L
Brandon Waddell,2025-06-03 00:00:00,1,0,0,0,1,0,11,6,0.768,0,3.37,1.33,LAD,,3.45,1.28,L
Brandon Waddell,2025-06-05 00:00:00,0.1,0,0,0,0,0,4,2,0.768,0,2.03,1.33,LAD,,3.45,1.28,L
Brandon Waddell,2025-06-25 00:00:00,1,0,0,0,1,0,12,20,0.72,1,0.7,0,ATL,,3.45,1.28,L
Brandon Waddell,2025-06-28 00:00:00,3,0,0,1,0,3,38,3,0.655,0,1.37,0,PIT,,3.45,1.28,L
Brandon Waddell,2025-07-02 00:00:00,3,1,1,4,2,2,50,4,0.736,1,2.33,0.33,MIL,,3.45,1.28,L
Brandon Waddell,2025-07-06 00:00:00,2.2,2,2,3,0,2,52,4,0.787,1,2.73,1,NYY,,3.45,1.28,L
Brandon Waddell,2025-07-10 00:00:00,3,3,3,4,1,2,57,4,0.699,0,2.73,2,BAL,,3.45,1.28,L
Brandon Waddell,2025-07-18 00:00:00,3.2,2,2,4,3,2,76,8,0.706,1,2.8,2.33,CIN,,3.45,1.28,L
Brandon Waddell,2025-08-31 00:00:00,4.1,0,0,3,2,4,58,44,0.708,1,3.43,1.67,MIA,,3.45,1.28,L
Brandon Walter,2025-05-20 00:00:00,5,0,0,3,1,5,80,5,0.714,0,5,0,TB,,3.35,0.93,L
Brandon Walter,2025-06-08 00:00:00,6,2,2,6,0,5,90,19,0.67,0,5.5,1,CLE,,3.35,0.93,L
Brandon Walter,2025-06-15 00:00:00,6.2,1,1,6,0,9,97,7,0.708,1,5.73,1,MIN,,3.35,0.93,L
Brandon Walter,2025-06-21 00:00:00,6,7,7,9,1,6,99,6,0.695,0,6.07,3.33,LAA,,3.35,0.93,L
Brandon Walter,2025-06-27 00:00:00,6,1,1,5,0,5,85,6,0.751,1,6.07,3,CHC,,3.35,0.93,L
Brandon Walter,2025-07-03 00:00:00,5,5,5,8,0,3,91,6,0.679,0,5.67,4.33,COL,,3.35,0.93,L
Brandon Walter,2025-07-09 00:00:00,6,2,2,2,0,7,95,6,0.67,1,5.67,2.67,CLE,,3.35,0.93,L
Brandon Walter,2025-07-18 00:00:00,6,1,1,3,1,7,95,9,0.74,0,5.67,2.67,SEA,,3.35,0.93,L
Brandon Walter,2025-07-23 00:00:00,7,1,1,4,1,5,82,5,0.757,0,6.33,1.33,AZ,,3.35,0.93,L
Brandon Woodruff,2025-07-06 00:00:00,6,1,1,2,0,8,70,5,0.708,0,6,1,MIA,,3.2,0.91,R
Brandon Woodruff,2025-07-12 00:00:00,4.1,2,2,5,0,10,81,6,0.693,1,5.05,1.5,WSH,,3.2,0.91,R
Brandon Woodruff,2025-07-21 00:00:00,6,0,0,2,0,5,62,9,0.74,0,5.37,1,SEA,,3.2,0.91,R
Brandon Woodruff,2025-07-27 00:00:00,6,2,2,4,3,6,85,6,0.708,1,5.37,1.33,MIA,,3.2,0.91,R
Brandon Woodruff,2025-08-02 00:00:00,6,2,2,1,1,8,88,6,0.693,0,6,1.33,WSH,,3.2,0.91,R
Brandon Woodruff,2025-08-08 00:00:00,7,2,2,3,2,8,79,6,0.753,1,6.33,2,NYM,,3.2,0.91,R
Brandon Woodruff,2025-08-13 00:00:00,4,0,0,4,2,4,65,5,0.655,1,5.67,1.33,PIT,,3.2,0.91,R
Brandon Woodruff,2025-08-19 00:00:00,4.1,3,3,5,3,6,94,6,0.751,0,5.03,1.67,CHC,,3.2,0.91,R
Brandon Woodruff,2025-08-25 00:00:00,5.2,5,5,5,1,8,97,6,0.757,1,4.43,2.67,AZ,,3.2,0.91,R
Brandon Woodruff,2025-08-31 00:00:00,4.1,5,8,10,2,3,89,6,0.761,0,4.47,4.33,TOR,,3.2,0.91,R
Brandon Woodruff,2025-09-06 00:00:00,6,0,0,2,0,8,85,6,0.655,0,5.1,3.33,PIT,,3.2,0.91,R
Brandon Woodruff,2025-09-17 00:00:00,5,1,1,2,0,9,69,11,0.695,1,5.03,2,LAA,,3.2,0.91,R
Brandon Young,2025-04-19 00:00:00,4,3,3,7,3,3,81,5,0.706,1,4,3,CIN,,6.24,1.54,R
Brandon Young,2025-04-26 00:00:00,4.2,3,3,4,5,6,95,7,0.73,0,4.1,3,DET,,6.24,1.54,R
Brandon Young,2025-06-25 00:00:00,4,4,4,5,1,2,61,60,0.684,1,4.07,3.33,TEX,,6.24,1.54,R
Brandon Young,2025-07-01 00:00:00,4,3,3,6,2,4,71,6,0.684,0,4.07,3.33,TEX,,6.24,1.54,R
Brandon Young,2025-07-08 00:00:00,5.1,2,2,5,0,6,66,7,0.753,1,4.37,3,NYM,,6.24,1.54,R
Brandon Young,2025-07-13 00:00:00,4.1,7,7,9,0,4,76,5,0.708,1,4.4,4,MIA,,6.24,1.54,R
Brandon Young,2025-07-22 00:00:00,4.1,3,3,4,3,3,73,9,0.67,0,4.43,4,CLE,,6.24,1.54,R
Brandon Young,2025-07-29 00:00:00,6,2,2,6,2,6,86,7,0.761,1,4.73,4,TOR,,6.24,1.54,R
Brandon Young,2025-08-03 00:00:00,4.2,0,2,5,2,4,80,5,0.751,0,4.77,1.67,CHC,,6.24,1.54,R
Brandon Young,2025-08-09 00:00:00,3,6,6,6,2,2,74,6,0.749,1,4.4,2.67,ATH,,6.24,1.54,R
Brandon Young,2025-08-15 00:00:00,8,0,0,1,0,6,93,6,0.714,0,5.07,2,HOU,,6.24,1.54,R
Brandon Young,2025-08-21 00:00:00,5.1,7,7,9,2,1,84,6,0.714,1,5.37,4.33,HOU,,6.24,1.54,R
Brant Hurter,2025-03-29 00:00:00,1.1,1,1,1,0,1,17,5,0.768,0,1.1,1,LAD,,2.43,1.33,L
Brant Hurter,2025-03-31 00:00:00,3,2,2,3,0,2,36,2,0.74,0,2.05,1.5,SEA,,2.43,1.33,L
Brant Hurter,2025-04-08 00:00:00,3,0,0,2,1,3,40,8,0.787,1,2.37,1,NYY,,2.43,1.33,L
Brant Hurter,2025-04-13 00:00:00,1.2,1,1,2,0,0,17,5,0.708,0,2.4,1,MIN,,2.43,1.33,L
Brant Hurter,2025-04-16 00:00:00,2,0,0,0,1,1,25,3,0.736,0,2.07,0.33,MIL,,2.43,1.33,L
Brant Hurter,2025-04-20 00:00:00,2,0,0,1,0,3,32,4,0.706,1,1.73,0.33,KC,,2.43,1.33,L
Brant Hurter,2025-04-21 00:00:00,1.2,0,0,1,0,1,16,1,0.711,1,1.73,0,SD,,2.43,1.33,L
Brant Hurter,2025-04-26 00:00:00,2.1,1,1,1,2,0,45,5,0.699,1,1.77,0.33,BAL,,2.43,1.33,L
Brant Hurter,2025-05-03 00:00:00,1,0,0,0,0,2,10,7,0.695,0,1.43,0.33,LAA,,2.43,1.33,L
Brant Hurter,2025-05-07 00:00:00,2.1,0,0,2,0,2,26,4,0.679,0,1.73,0.33,COL,,2.43,1.33,L
Brant Hurter,2025-05-11 00:00:00,1,1,1,2,1,2,27,4,0.684,1,1.37,0.33,TEX,,2.43,1.33,L
Brant Hurter,2025-05-13 00:00:00,1.1,0,0,2,0,3,27,2,0.745,1,1.4,0.33,BOS,,2.43,1.33,L
Brant Hurter,2025-05-18 00:00:00,0.1,0,0,0,0,1,4,5,0.761,0,0.73,0.33,TOR,,2.43,1.33,L
Brant Hurter,2025-05-21 00:00:00,3,0,0,1,1,2,37,3,0.693,0,1.4,0,STL,,2.43,1.33,L
Brant Hurter,2025-05-24 00:00:00,1.2,0,0,1,0,2,24,3,0.67,1,1.43,0,CLE,,2.43,1.33,L
Brant Hurter,2025-05-30 00:00:00,1.2,0,0,0,2,2,26,6,0.706,0,1.8,0,KC,,2.43,1.33,L
Brant Hurter,2025-06-03 00:00:00,2,0,1,1,1,4,33,4,0.675,0,1.47,0,CWS,,2.43,1.33,L
Brant Hurter,2025-06-05 00:00:00,2,0,0,3,0,0,22,2,0.675,0,1.73,0,CWS,,2.43,1.33,L
Brant Hurter,2025-06-10 00:00:00,2.2,1,1,2,0,3,44,5,0.699,0,2.07,0.33,BAL,,2.43,1.33,L
Brant Hurter,2025-06-13 00:00:00,0.2,0,0,1,1,1,18,3,0.706,1,1.47,0.33,CIN,,2.43,1.33,L
Brant Hurter,2025-06-15 00:00:00,1,0,1,2,0,0,23,2,0.706,1,1.13,0.33,CIN,,2.43,1.33,L
Brant Hurter,2025-06-19 00:00:00,1,3,4,4,1,2,23,4,0.655,1,0.73,1,PIT,,2.43,1.33,L
Brant Hurter,2025-06-21 00:00:00,0.2,0,4,2,2,2,31,2,0.714,0,0.73,1,TB,,2.43,1.33,L
Brant Hurter,2025-06-22 00:00:00,0,2,2,0,2,0,18,1,0.714,0,0.4,1.67,TB,,2.43,1.33,L
Brant Hurter,2025-06-27 00:00:00,0,0,0,1,1,0,9,5,0.708,1,0.07,0.67,MIN,,2.43,1.33,L
Brant Hurter,2025-07-02 00:00:00,2.2,1,1,4,1,5,53,5,0.693,0,0.73,1,WSH,,2.43,1.33,L
Brant Hurter,2025-07-05 00:00:00,1,0,0,0,0,1,10,3,0.67,0,1.07,0.33,CLE,,2.43,1.33,L
Brant Hurter,2025-07-09 00:00:00,0.2,1,1,1,0,1,16,4,0.714,1,1.13,0.67,TB,,2.43,1.33,L
Brant Hurter,2025-07-11 00:00:00,0.1,2,3,2,2,1,28,2,0.74,1,0.43,1,SEA,,2.43,1.33,L
Brant Hurter,2025-07-19 00:00:00,2,0,0,0,1,3,31,8,0.684,0,0.77,1,TEX,,2.43,1.33,L
Brant Hurter,2025-07-22 00:00:00,2.1,0,0,2,3,2,46,3,0.655,0,1.4,0.67,PIT,,2.43,1.33,L
Brant Hurter,2025-07-25 00:00:00,2,0,0,1,0,3,33,3,0.761,1,2.03,0,TOR,,2.43,1.33,L
Brant Hurter,2025-07-29 00:00:00,3.1,0,0,1,0,3,37,4,0.757,1,2.4,0,AZ,,2.43,1.33,L
Brant Hurter,2025-08-01 00:00:00,0.1,0,0,1,0,1,9,3,0.759,0,1.73,0,PHI,,2.43,1.33,L
Brant Hurter,2025-08-04 00:00:00,1.1,0,0,1,0,1,13,3,0.708,1,1.43,0,MIN,,2.43,1.33,L
Brant Hurter,2025-08-06 00:00:00,1.2,0,0,0,0,1,13,2,0.708,1,0.8,0,MIN,,2.43,1.33,L
Brant Hurter,2025-08-12 00:00:00,0.2,0,1,1,3,0,30,6,0.675,0,0.83,0,CWS,,2.43,1.33,L
Brant Hurter,2025-08-15 00:00:00,1,0,0,0,1,1,23,3,0.708,0,0.8,0,MIN,,2.43,1.33,L
Brant Hurter,2025-09-17 00:00:00,0.2,1,1,1,0,1,16,33,0.67,1,0.47,0.33,CLE,,2.43,1.33,L
Brant Hurter,2025-09-21 00:00:00,0.2,0,0,4,0,1,27,4,0.72,1,0.47,0.33,ATL,,2.43,1.33,L
Brant Hurter,2025-09-23 00:00:00,0.2,0,0,1,0,0,7,2,0.67,0,0.2,0.33,CLE,,2.43,1.33,L
Brant Hurter,2025-09-25 00:00:00,1.1,0,0,1,0,2,19,2,0.67,0,0.5,0,CLE,,2.43,1.33,L
Brant Hurter,2025-09-27 00:00:00,1,0,0,1,0,2,11,2,0.745,0,0.77,0,BOS,,2.43,1.33,L
Brant Hurter,2025-10-01 00:00:00,0.2,1,1,1,0,0,11,4,0.67,0,0.77,0.33,CLE,,2.43,1.33,L
Brant Hurter,2025-10-04 00:00:00,1,0,0,0,0,0,7,3,0.74,0,0.73,0.33,SEA,,2.43,1.33,L
Brant Hurter,2025-10-05 00:00:00,0.1,0,0,0,0,0,5,1,0.74,0,0.43,0.33,SEA,,2.43,1.33,L
Brant Hurter,2025-10-07 00:00:00,1.2,1,1,1,0,1,13,2,0.74,1,0.77,0.33,SEA,,2.43,1.33,L
Braxton Ashcraft,2025-05-26 00:00:00,3,0,0,2,1,1,50,5,0.757,0,3,0,AZ,,2.71,1.25,R
Braxton Ashcraft,2025-06-01 00:00:00,1,0,0,0,0,2,15,6,0.711,0,2,0,SD,,2.71,1.25,R
Braxton Ashcraft,2025-06-04 00:00:00,2,0,0,1,0,3,32,3,0.714,1,2,0,HOU,,2.71,1.25,R
Braxton Ashcraft,2025-06-08 00:00:00,1.1,0,0,1,2,0,15,4,0.759,1,1.37,0,PHI,,2.71,1.25,R
Braxton Ashcraft,2025-06-11 00:00:00,0.1,1,1,1,2,0,18,3,0.708,1,1.07,0.33,MIA,,2.71,1.25,R
Braxton Ashcraft,2025-06-14 00:00:00,2,0,0,0,0,2,18,3,0.751,0,1.07,0.33,CHC,,2.71,1.25,R
Braxton Ashcraft,2025-06-20 00:00:00,2,1,1,4,1,2,40,6,0.684,1,1.37,0.67,TEX,,2.71,1.25,R
Braxton Ashcraft,2025-06-23 00:00:00,3,0,0,1,0,2,35,3,0.736,0,2.33,0.33,MIL,,2.71,1.25,R
Braxton Ashcraft,2025-06-28 00:00:00,2.2,1,1,5,0,2,52,5,0.753,1,2.4,0.67,NYM,,2.71,1.25,R
Braxton Ashcraft,2025-07-04 00:00:00,2.1,2,2,4,0,2,30,6,0.74,0,2.43,1,SEA,,2.71,1.25,R
Braxton Ashcraft,2025-07-09 00:00:00,2.1,0,0,3,0,3,45,5,0.706,0,2.13,1,KC,,2.71,1.25,R
Braxton Ashcraft,2025-07-18 00:00:00,1,2,2,2,4,0,38,9,0.675,1,1.73,1.33,CWS,,2.71,1.25,R
Braxton Ashcraft,2025-07-21 00:00:00,1,0,0,0,1,1,13,3,0.73,1,1.37,0.67,DET,,2.71,1.25,R
Braxton Ashcraft,2025-07-25 00:00:00,2,0,1,0,1,2,24,4,0.757,1,1.33,0.67,AZ,,2.71,1.25,R
Braxton Ashcraft,2025-07-29 00:00:00,3,0,0,0,0,1,38,4,0.697,0,2,0,SF,,2.71,1.25,R
Braxton Ashcraft,2025-08-02 00:00:00,2,3,3,5,0,2,39,4,0.679,0,2.33,1,COL,,2.71,1.25,R
Braxton Ashcraft,2025-08-05 00:00:00,2.1,2,2,5,0,3,36,3,0.697,1,2.37,1.67,SF,,2.71,1.25,R
Braxton Ashcraft,2025-08-09 00:00:00,3.1,1,1,3,1,5,56,4,0.706,1,2.4,2,CIN,,2.71,1.25,R
Braxton Ashcraft,2025-08-15 00:00:00,5,1,1,3,0,4,62,6,0.751,0,3.4,1.33,CHC,,2.71,1.25,R
Braxton Ashcraft,2025-08-22 00:00:00,5,0,0,1,1,6,65,7,0.679,1,4.37,0.67,COL,,2.71,1.25,R
Braxton Ashcraft,2025-08-28 00:00:00,5.2,1,1,4,1,5,73,6,0.693,0,5.07,0.67,STL,,2.71,1.25,R
Braxton Ashcraft,2025-09-03 00:00:00,3,0,0,2,4,4,71,6,0.768,1,4.4,0.33,LAD,,2.71,1.25,R
Braxton Ashcraft,2025-09-09 00:00:00,3,1,1,2,2,4,63,6,0.699,0,3.73,0.67,BAL,,2.71,1.25,R
Braxton Ashcraft,2025-09-15 00:00:00,4,3,3,6,2,4,70,6,0.751,1,3.33,1.33,CHC,,2.71,1.25,R
Braxton Ashcraft,2025-09-20 00:00:00,3,0,0,0,0,6,33,5,0.749,1,3.33,1.33,ATH,,2.71,1.25,R
Braxton Ashcraft,2025-09-25 00:00:00,4.1,2,2,8,1,5,72,5,0.706,0,3.7,1.67,CIN,,2.71,1.25,R
Brayan Bello,2025-04-22 00:00:00,5,1,1,4,3,3,97,5,0.74,1,5,1,SEA,,3.35,1.24,R
Brayan Bello,2025-04-27 00:00:00,6,3,3,6,3,4,99,5,0.67,0,5.5,2,CLE,,3.35,1.24,R
Brayan Bello,2025-05-02 00:00:00,6.2,1,1,4,1,5,102,5,0.708,1,5.73,1.67,MIN,,3.35,1.24,R
Brayan Bello,2025-05-08 00:00:00,4.2,0,0,4,5,1,83,6,0.684,1,5.47,1.33,TEX,,3.35,1.24,R
Brayan Bello,2025-05-13 00:00:00,4.2,2,3,6,2,4,92,5,0.73,0,4.87,1,DET,,3.35,1.24,R
Brayan Bello,2025-05-18 00:00:00,4.1,7,7,10,5,3,92,5,0.72,1,4.17,3,ATL,,3.35,1.24,R
Brayan Bello,2025-05-23 00:00:00,4,2,2,6,1,7,87,5,0.699,1,4.1,3.67,BAL,,3.35,1.24,R
Brayan Bello,2025-05-28 00:00:00,4.2,1,2,3,2,2,77,5,0.736,0,4.1,3.33,MIL,,3.35,1.24,R
Brayan Bello,2025-06-03 00:00:00,6,3,3,6,2,4,103,6,0.695,1,4.73,2,LAA,,3.35,1.24,R
Brayan Bello,2025-06-09 00:00:00,6.1,3,4,7,1,4,82,6,0.714,1,5.43,2.33,TB,,3.35,1.24,R
Brayan Bello,2025-06-15 00:00:00,7,0,0,3,3,8,114,6,0.787,1,6.37,2,NYY,,3.35,1.24,R
Brayan Bello,2025-06-21 00:00:00,6,1,3,4,1,6,94,6,0.697,0,6.37,1.33,SF,,3.35,1.24,R
Brayan Bello,2025-06-27 00:00:00,6,3,3,8,3,1,104,6,0.761,1,6.33,1.33,TOR,,3.35,1.24,R
Brayan Bello,2025-07-01 00:00:00,5,2,2,1,1,3,62,4,0.706,1,5.67,2,CIN,,3.35,1.24,R
Brayan Bello,2025-07-08 00:00:00,9,2,2,5,1,10,107,7,0.679,1,6.67,2.33,COL,,3.35,1.24,R
Brayan Bello,2025-07-13 00:00:00,6.1,1,1,6,0,5,105,5,0.714,1,6.7,1.67,TB,,3.35,1.24,R
Brayan Bello,2025-07-19 00:00:00,6,3,3,6,1,4,92,6,0.751,0,7.03,2,CHC,,3.35,1.24,R
Brayan Bello,2025-07-25 00:00:00,5.1,3,3,6,2,5,98,6,0.768,1,5.73,2.33,LAD,,3.35,1.24,R
Brayan Bello,2025-07-30 00:00:00,7,1,1,5,4,4,93,5,0.708,0,6.03,2.33,MIN,,3.35,1.24,R
Brayan Bello,2025-08-04 00:00:00,6,0,1,6,1,5,102,5,0.706,1,6.03,1.33,KC,,3.35,1.24,R
Brayan Bello,2025-08-10 00:00:00,5.2,5,5,6,3,7,106,6,0.711,0,6.07,2,SD,,3.35,1.24,R
Brayan Bello,2025-08-16 00:00:00,6.1,2,2,4,0,2,78,6,0.708,1,5.77,2.33,MIA,,3.35,1.24,R
Brayan Bello,2025-08-22 00:00:00,7,0,0,3,1,5,92,6,0.787,0,6.1,2.33,NYY,,3.35,1.24,R
Brayan Bello,2025-08-27 00:00:00,6.2,1,2,5,1,6,94,5,0.699,0,6.43,1,BAL,,3.35,1.24,R
Brayan Bello,2025-09-01 00:00:00,5,3,3,6,3,4,100,5,0.67,1,6.07,1.33,CLE,,3.35,1.24,R
Brayan Bello,2025-09-07 00:00:00,6,3,3,4,1,2,91,6,0.757,0,5.73,2.33,AZ,,3.35,1.24,R
Brayan Bello,2025-09-13 00:00:00,5,4,4,5,3,4,92,6,0.787,1,5.33,3.33,NYY,,3.35,1.24,R
Brayan Bello,2025-09-18 00:00:00,4,3,4,5,2,3,70,5,0.749,1,5,3.33,ATH,,3.35,1.24,R
Brayan Bello,2025-09-25 00:00:00,5,2,3,3,3,3,89,7,0.761,0,4.67,3,TOR,,3.35,1.24,R
Brayan Bello,2025-10-01 00:00:00,2.1,2,2,4,1,0,28,6,0.787,0,3.7,2.33,NYY,,3.35,1.24,R
Braydon Fisher,2025-05-11 00:00:00,1,0,0,1,0,0,11,5,0.74,0,1,0,SEA,,2.7,1.02,R
Braydon Fisher,2025-05-13 00:00:00,0.2,0,0,0,0,1,6,2,0.714,1,0.6,0,TB,,2.7,1.02,R
Braydon Fisher,2025-05-15 00:00:00,2,0,0,0,0,4,29,2,0.714,1,1.07,0,TB,,2.7,1.02,R
Braydon Fisher,2025-05-18 00:00:00,1.1,0,0,2,0,1,19,3,0.73,1,1.1,0,DET,,2.7,1.02,R
Braydon Fisher,2025-05-22 00:00:00,0.1,0,0,0,0,0,3,4,0.711,1,1.07,0,SD,,2.7,1.02,R
Braydon Fisher,2025-05-23 00:00:00,1.2,0,0,0,0,4,22,1,0.714,0,0.8,0,TB,,2.7,1.02,R
Braydon Fisher,2025-05-28 00:00:00,1.1,0,0,0,1,2,20,5,0.684,0,0.8,0,TEX,,2.7,1.02,R
Braydon Fisher,2025-05-31 00:00:00,1.1,5,5,4,1,1,35,3,0.749,1,1.13,1.67,ATH,,2.7,1.02,R
Braydon Fisher,2025-06-03 00:00:00,1,0,0,1,0,3,18,3,0.759,1,1.07,1.67,PHI,,2.7,1.02,R
Braydon Fisher,2025-06-07 00:00:00,1,0,0,0,0,1,12,4,0.708,0,1.03,1.67,MIN,,2.7,1.02,R
Braydon Fisher,2025-06-08 00:00:00,2,0,0,3,0,1,28,1,0.708,0,1.33,0,MIN,,2.7,1.02,R
Braydon Fisher,2025-06-11 00:00:00,0.2,0,0,0,0,1,9,3,0.693,0,1.07,0,STL,,2.7,1.02,R
Braydon Fisher,2025-06-13 00:00:00,1,0,0,0,0,2,12,2,0.759,0,1.07,0,PHI,,2.7,1.02,R
Braydon Fisher,2025-06-14 00:00:00,1,0,0,0,1,1,18,1,0.759,0,0.73,0,PHI,,2.7,1.02,R
Braydon Fisher,2025-06-17 00:00:00,0.1,0,0,1,0,0,8,3,0.757,1,0.7,0,AZ,,2.7,1.02,R
Braydon Fisher,2025-06-19 00:00:00,0.1,0,0,0,0,1,6,2,0.757,1,0.4,0,AZ,,2.7,1.02,R
Braydon Fisher,2025-06-20 00:00:00,2,0,0,0,0,4,19,1,0.675,1,0.73,0,CWS,,2.7,1.02,R
Braydon Fisher,2025-06-22 00:00:00,0.1,0,0,0,0,0,4,2,0.675,1,0.73,0,CWS,,2.7,1.02,R
Braydon Fisher,2025-06-24 00:00:00,0.2,0,0,0,0,1,7,2,0.67,0,0.77,0,CLE,,2.7,1.02,R
Braydon Fisher,2025-06-28 00:00:00,2,0,0,1,1,1,27,4,0.745,0,0.77,0,BOS,,2.7,1.02,R
Braydon Fisher,2025-06-30 00:00:00,1,0,0,0,1,3,19,2,0.787,1,1.07,0,NYY,,2.7,1.02,R
Braydon Fisher,2025-07-01 00:00:00,0.2,0,0,0,0,1,9,1,0.787,1,1.07,0,NYY,,2.7,1.02,R
Braydon Fisher,2025-07-03 00:00:00,0.2,2,2,3,0,1,24,2,0.787,1,0.47,0.67,NYY,,2.7,1.02,R
Braydon Fisher,2025-07-05 00:00:00,2,0,0,0,2,1,26,2,0.695,1,0.8,0.67,LAA,,2.7,1.02,R
Braydon Fisher,2025-07-09 00:00:00,1,0,0,1,0,1,21,4,0.675,0,1.07,0.67,CWS,,2.7,1.02,R
Braydon Fisher,2025-07-11 00:00:00,0.1,0,0,2,0,0,14,2,0.749,0,1.03,0,ATH,,2.7,1.02,R
Braydon Fisher,2025-07-13 00:00:00,0.2,0,0,0,0,0,9,2,0.749,0,0.43,0,ATH,,2.7,1.02,R
Braydon Fisher,2025-07-20 00:00:00,0,2,2,2,1,0,24,7,0.697,1,0.1,0.67,SF,,2.7,1.02,R
Braydon Fisher,2025-07-25 00:00:00,1,0,0,0,0,1,13,5,0.73,0,0.4,0.67,DET,,2.7,1.02,R
Braydon Fisher,2025-07-26 00:00:00,1,0,0,0,0,0,11,1,0.73,0,0.67,0.67,DET,,2.7,1.02,R
Braydon Fisher,2025-07-28 00:00:00,1,0,0,0,0,0,11,2,0.699,0,1,0,BAL,,2.7,1.02,R
Braydon Fisher,2025-07-30 00:00:00,0.2,0,0,0,0,2,15,2,0.699,0,0.73,0,BAL,,2.7,1.02,R
Braydon Fisher,2025-08-01 00:00:00,0.1,0,0,1,1,0,13,2,0.706,1,0.43,0,KC,,2.7,1.02,R
Braydon Fisher,2025-08-04 00:00:00,1,0,0,1,0,3,15,3,0.679,0,0.43,0,COL,,2.7,1.02,R
Braydon Fisher,2025-08-06 00:00:00,1,0,0,0,0,2,13,2,0.679,0,0.7,0,COL,,2.7,1.02,R
Braydon Fisher,2025-08-09 00:00:00,1.1,0,0,0,0,3,24,3,0.768,0,1.03,0,LAD,,2.7,1.02,R
Braydon Fisher,2025-08-10 00:00:00,0.1,0,0,0,1,1,11,1,0.768,0,0.73,0,LAD,,2.7,1.02,R
Braydon Fisher,2025-08-13 00:00:00,0.1,2,2,2,1,0,18,3,0.751,1,0.43,0.67,CHC,,2.7,1.02,R
Braydon Fisher,2025-08-15 00:00:00,1,0,0,0,1,0,17,2,0.684,1,0.4,0.67,TEX,,2.7,1.02,R
Braydon Fisher,2025-08-17 00:00:00,1,2,2,2,0,1,22,2,0.684,1,0.7,1.33,TEX,,2.7,1.02,R
Braydon Fisher,2025-08-20 00:00:00,0.1,0,0,0,0,1,10,3,0.655,0,0.7,0.67,PIT,,2.7,1.02,R
Braydon Fisher,2025-09-05 00:00:00,1,0,0,0,1,0,11,16,0.787,0,0.7,0.67,NYY,,2.7,1.02,R
Braydon Fisher,2025-09-07 00:00:00,1,0,0,0,0,3,13,2,0.787,0,0.7,0,NYY,,2.7,1.02,R
Braydon Fisher,2025-09-10 00:00:00,1,0,0,0,1,2,18,3,0.714,1,1,0,HOU,,2.7,1.02,R
Braydon Fisher,2025-09-12 00:00:00,0.2,0,0,0,1,0,14,2,0.699,1,0.73,0,BAL,,2.7,1.02,R
Braydon Fisher,2025-09-13 00:00:00,1,1,1,1,1,1,20,1,0.699,1,0.73,0.33,BAL,,2.7,1.02,R
Braydon Fisher,2025-09-15 00:00:00,2,0,0,1,0,4,27,2,0.714,0,1.07,0.33,TB,,2.7,1.02,R
Braydon Fisher,2025-09-18 00:00:00,1.1,0,0,0,0,0,17,3,0.714,0,1.37,0.33,TB,,2.7,1.02,R
Braydon Fisher,2025-09-19 00:00:00,1.1,0,0,1,0,0,22,1,0.706,0,1.4,0,KC,,2.7,1.02,R
Braydon Fisher,2025-09-23 00:00:00,0.1,0,0,0,2,1,14,4,0.745,1,0.77,0,BOS,,2.7,1.02,R
Braydon Fisher,2025-09-25 00:00:00,0.2,1,1,2,1,0,11,2,0.745,1,0.47,0.33,BOS,,2.7,1.02,R
Braydon Fisher,2025-09-28 00:00:00,1,0,0,0,0,1,15,3,0.714,1,0.43,0.33,TB,,2.7,1.02,R
Braydon Fisher,2025-10-05 00:00:00,0.1,0,0,1,0,1,10,7,0.787,1,0.43,0.33,NYY,,2.7,1.02,R
Braydon Fisher,2025-10-07 00:00:00,0.2,1,1,2,0,1,13,2,0.787,0,0.43,0.33,NYY,,2.7,1.02,R
Braydon Fisher,2025-10-08 00:00:00,0.2,0,0,1,1,1,17,1,0.787,0,0.17,0.33,NYY,,2.7,1.02,R
Braydon Fisher,2025-10-13 00:00:00,1,2,2,2,0,3,23,5,0.74,1,0.47,1,SEA,,2.7,1.02,R
Braydon Fisher,2025-10-15 00:00:00,1,0,0,1,0,0,12,2,0.74,0,0.73,0.67,SEA,,2.7,1.02,R
Braydon Fisher,2025-10-24 00:00:00,1,2,2,1,1,2,23,9,0.768,1,1,1.33,LAD,,2.7,1.02,R
Braydon Fisher,2025-10-25 00:00:00,1,0,0,0,1,0,14,1,0.768,1,1,0.67,LAD,,2.7,1.02,R
Braydon Fisher,2025-10-27 00:00:00,1.1,0,0,1,1,2,19,2,0.768,0,1.03,0.67,LAD,,2.7,1.02,R
Brennan Bernardino,2025-03-28 00:00:00,1.1,0,0,0,0,0,15,5,0.684,0,1.1,0,TEX,,3.14,1.26,L
Brennan Bernardino,2025-04-04 00:00:00,1,0,0,0,0,3,12,7,0.693,1,1.05,0,STL,,3.14,1.26,L
Brennan Bernardino,2025-04-06 00:00:00,1,0,0,0,0,1,11,2,0.693,1,1.03,0,STL,,3.14,1.26,L
Brennan Bernardino,2025-04-10 00:00:00,1,0,1,0,0,0,13,4,0.761,1,1,0,TOR,,3.14,1.26,L
Brennan Bernardino,2025-04-11 00:00:00,1,1,2,2,0,2,19,1,0.675,0,1,0.33,CWS,,3.14,1.26,L
Brennan Bernardino,2025-04-14 00:00:00,1,1,1,1,0,1,19,3,0.714,0,1,0.67,TB,,3.14,1.26,L
Brennan Bernardino,2025-04-18 00:00:00,1,0,0,0,0,0,7,4,0.675,1,1,0.67,CWS,,3.14,1.26,L
Brennan Bernardino,2025-04-20 00:00:00,1,0,1,1,1,0,16,2,0.675,1,1,0.33,CWS,,3.14,1.26,L
Brennan Bernardino,2025-04-23 00:00:00,1,0,2,1,1,0,28,3,0.74,1,1,0,SEA,,3.14,1.26,L
Brennan Bernardino,2025-04-26 00:00:00,0.2,1,1,2,0,1,12,3,0.67,0,0.73,0.33,CLE,,3.14,1.26,L
Brennan Bernardino,2025-04-29 00:00:00,1,0,0,0,0,2,11,3,0.761,0,0.73,0.33,TOR,,3.14,1.26,L
Brennan Bernardino,2025-05-03 00:00:00,0.2,0,0,1,0,0,10,4,0.708,1,0.47,0.33,MIN,,3.14,1.26,L
Brennan Bernardino,2025-05-06 00:00:00,1.1,0,0,2,0,4,29,3,0.684,1,0.77,0,TEX,,3.14,1.26,L
Brennan Bernardino,2025-05-07 00:00:00,1,0,0,0,0,0,7,1,0.684,1,0.77,0,TEX,,3.14,1.26,L
Brennan Bernardino,2025-05-09 00:00:00,0.1,0,0,0,0,0,8,2,0.706,0,0.73,0,KC,,3.14,1.26,L
Brennan Bernardino,2025-05-10 00:00:00,1,0,0,0,0,1,10,1,0.706,0,0.7,0,KC,,3.14,1.26,L
Brennan Bernardino,2025-05-13 00:00:00,1,0,0,1,1,1,19,3,0.73,0,0.7,0,DET,,3.14,1.26,L
Brennan Bernardino,2025-05-16 00:00:00,0,0,0,0,3,0,15,3,0.72,1,0.67,0,ATL,,3.14,1.26,L
Brennan Bernardino,2025-05-17 00:00:00,1,0,0,0,0,1,15,1,0.72,1,0.67,0,ATL,,3.14,1.26,L
Brennan Bernardino,2025-05-20 00:00:00,1.2,0,0,1,0,0,21,3,0.753,1,0.73,0,NYM,,3.14,1.26,L
Brennan Bernardino,2025-05-21 00:00:00,1,0,0,1,1,0,20,1,0.753,1,1.07,0,NYM,,3.14,1.26,L
Brennan Bernardino,2025-05-23 00:00:00,1,0,0,0,0,0,9,2,0.699,1,1.07,0,BAL,,3.14,1.26,L
Brennan Bernardino,2025-05-24 00:00:00,0.2,1,1,0,1,0,18,1,0.699,1,0.73,0.33,BAL,,3.14,1.26,L
Brennan Bernardino,2025-05-27 00:00:00,1,0,0,0,0,2,12,3,0.736,0,0.73,0.33,MIL,,3.14,1.26,L
Brennan Bernardino,2025-05-28 00:00:00,0.1,0,0,0,0,1,6,1,0.736,0,0.43,0.33,MIL,,3.14,1.26,L
Brennan Bernardino,2025-05-30 00:00:00,0.1,0,0,0,0,0,7,2,0.72,0,0.4,0,ATL,,3.14,1.26,L
Brennan Bernardino,2025-05-31 00:00:00,0.1,0,0,0,0,0,1,1,0.72,0,0.1,0,ATL,,3.14,1.26,L
Brennan Bernardino,2025-06-04 00:00:00,1,1,1,2,0,0,11,4,0.695,1,0.4,0.33,LAA,,3.14,1.26,L
Brennan Bernardino,2025-06-06 00:00:00,1,1,1,2,1,2,21,2,0.787,0,0.7,0.67,NYY,,3.14,1.26,L
Brennan Bernardino,2025-06-08 00:00:00,0.2,2,2,1,2,1,21,2,0.787,0,0.73,1.33,NYY,,3.14,1.26,L
Brennan Bernardino,2025-06-09 00:00:00,0.1,2,2,2,1,1,16,1,0.714,1,0.43,1.67,TB,,3.14,1.26,L
Brennan Bernardino,2025-06-15 00:00:00,0.1,0,0,2,0,1,10,6,0.787,1,0.13,1.33,NYY,,3.14,1.26,L
Brennan Bernardino,2025-06-17 00:00:00,1,0,0,1,1,1,22,2,0.74,0,0.4,0.67,SEA,,3.14,1.26,L
Brennan Bernardino,2025-06-20 00:00:00,1,0,0,1,0,0,13,3,0.697,0,0.7,0,SF,,3.14,1.26,L
Brennan Bernardino,2025-06-25 00:00:00,0.2,1,1,2,0,0,11,5,0.695,0,0.73,0.33,LAA,,3.14,1.26,L
Brennan Bernardino,2025-06-27 00:00:00,1,4,4,2,4,0,38,2,0.761,1,0.73,1.67,TOR,,3.14,1.26,L
Brennan Bernardino,2025-06-29 00:00:00,1,0,0,0,0,0,4,2,0.761,1,0.73,1.67,TOR,,3.14,1.26,L
Brennan Bernardino,2025-07-02 00:00:00,1.2,0,0,1,1,2,29,3,0.706,1,1.07,1.33,CIN,,3.14,1.26,L
Brennan Bernardino,2025-07-05 00:00:00,2,0,0,0,0,1,17,3,0.693,0,1.4,0,WSH,,3.14,1.26,L
Brennan Bernardino,2025-07-07 00:00:00,1,0,0,0,0,1,12,2,0.679,1,1.4,0,COL,,3.14,1.26,L
Brennan Bernardino,2025-07-11 00:00:00,2.1,0,0,1,1,2,35,4,0.714,1,1.7,0,TB,,3.14,1.26,L
Brennan Bernardino,2025-07-18 00:00:00,1.1,0,0,0,0,0,19,7,0.751,0,1.4,0,CHC,,3.14,1.26,L
Brennan Bernardino,2025-07-22 00:00:00,1.2,0,0,1,1,2,29,4,0.759,0,1.47,0,PHI,,3.14,1.26,L
Brennan Bernardino,2025-07-23 00:00:00,0.1,0,0,0,0,1,6,1,0.759,0,0.8,0,PHI,,3.14,1.26,L
Brennan Bernardino,2025-07-25 00:00:00,0.2,0,0,0,0,0,8,2,0.768,1,0.5,0,LAD,,3.14,1.26,L
Brennan Bernardino,2025-07-27 00:00:00,0.1,0,0,1,1,0,9,2,0.768,1,0.13,0,LAD,,3.14,1.26,L
Brennan Bernardino,2025-07-28 00:00:00,0.2,0,0,1,1,1,18,1,0.708,0,0.17,0,MIN,,3.14,1.26,L
Brennan Bernardino,2025-08-19 00:00:00,1,0,0,0,0,0,6,22,0.699,1,0.43,0,BAL,,3.14,1.26,L
Brennan Bernardino,2025-08-24 00:00:00,1.1,0,0,0,0,2,18,5,0.787,0,0.77,0,NYY,,3.14,1.26,L
Brennan Bernardino,2025-08-25 00:00:00,1,0,0,1,0,2,14,1,0.699,0,1.03,0,BAL,,3.14,1.26,L
Brennan Bernardino,2025-08-29 00:00:00,1,0,0,1,1,0,7,4,0.655,1,1.03,0,PIT,,3.14,1.26,L
Brennan Bernardino,2025-08-30 00:00:00,0.2,2,2,2,2,1,21,1,0.655,1,0.73,0.67,PIT,,3.14,1.26,L
Brennan Bernardino,2025-09-02 00:00:00,1,0,0,0,0,0,11,3,0.67,1,0.73,0.67,CLE,,3.14,1.26,L
Brennan Bernardino,2025-09-03 00:00:00,0.2,1,1,1,1,0,17,1,0.67,1,0.47,1,CLE,,3.14,1.26,L
Brennan Bernardino,2025-09-06 00:00:00,1.1,0,0,1,0,2,18,3,0.757,0,0.77,0.33,AZ,,3.14,1.26,L
Brent Suter,2025-03-30 00:00:00,1,0,0,1,0,1,15,5,0.697,1,1,0,SF,,4.52,1.29,L
Brent Suter,2025-03-31 00:00:00,1,2,2,3,0,1,16,1,0.684,1,1,1,TEX,,4.52,1.29,L
Brent Suter,2025-04-04 00:00:00,1,0,0,0,0,1,11,4,0.736,0,1,0.67,MIL,,4.52,1.29,L
Brent Suter,2025-04-06 00:00:00,2,0,0,0,1,0,34,2,0.736,0,1.33,0.67,MIL,,4.52,1.29,L
Brent Suter,2025-04-16 00:00:00,1.1,0,0,0,0,0,12,10,0.74,1,1.37,0,SEA,,4.52,1.29,L
Brent Suter,2025-04-17 00:00:00,0.1,0,0,0,0,0,5,1,0.74,1,1.07,0,SEA,,4.52,1.29,L
Brent Suter,2025-04-20 00:00:00,3,0,1,3,0,1,63,3,0.699,0,1.4,0,BAL,,4.52,1.29,L
Brent Suter,2025-04-27 00:00:00,1,0,0,0,0,0,11,7,0.679,0,1.37,0,COL,,4.52,1.29,L
Brent Suter,2025-04-30 00:00:00,3.2,0,0,1,0,2,40,3,0.693,1,2.4,0,STL,,4.52,1.29,L
Brent Suter,2025-05-03 00:00:00,1.1,2,2,3,1,1,33,3,0.693,1,1.77,0.67,WSH,,4.52,1.29,L
Brent Suter,2025-05-07 00:00:00,2,1,1,1,0,3,23,4,0.72,0,2.1,1,ATL,,4.52,1.29,L
Brent Suter,2025-05-09 00:00:00,2,0,0,3,1,2,33,2,0.714,0,1.7,1,HOU,,4.52,1.29,L
Brent Suter,2025-05-11 00:00:00,1,0,0,0,0,1,9,2,0.714,0,1.67,0.33,HOU,,4.52,1.29,L
Brent Suter,2025-05-14 00:00:00,1,0,0,1,1,0,21,3,0.675,1,1.33,0,CWS,,4.52,1.29,L
Brent Suter,2025-05-17 00:00:00,3,0,0,4,0,1,47,3,0.67,1,1.67,0,CLE,,4.52,1.29,L
Brent Suter,2025-05-19 00:00:00,1,0,0,0,0,0,5,2,0.655,0,1.67,0,PIT,,4.52,1.29,L
Brent Suter,2025-05-23 00:00:00,1.2,3,3,2,1,2,35,4,0.751,1,1.73,1,CHC,,4.52,1.29,L
Brent Suter,2025-05-25 00:00:00,1,0,0,0,0,1,14,2,0.751,1,1.07,1,CHC,,4.52,1.29,L
Brent Suter,2025-06-01 00:00:00,1.1,0,0,2,0,1,26,7,0.751,0,1.1,1,CHC,,4.52,1.29,L
Brent Suter,2025-06-02 00:00:00,1,0,0,1,0,1,19,1,0.736,1,1.03,0,MIL,,4.52,1.29,L
Brent Suter,2025-06-07 00:00:00,1,0,0,1,0,1,17,5,0.757,1,1.03,0,AZ,,4.52,1.29,L
Brent Suter,2025-06-13 00:00:00,1,3,3,3,1,0,24,6,0.73,0,1,1,DET,,4.52,1.29,L
Brent Suter,2025-06-19 00:00:00,1.1,0,0,1,2,1,35,6,0.708,1,1.03,1,MIN,,4.52,1.29,L
Brent Suter,2025-06-21 00:00:00,2,2,2,2,1,2,31,2,0.693,0,1.37,1.67,STL,,4.52,1.29,L
Brent Suter,2025-06-24 00:00:00,1.2,0,0,0,0,3,17,3,0.787,1,1.43,0.67,NYY,,4.52,1.29,L
Brent Suter,2025-06-25 00:00:00,1,1,1,2,0,1,23,1,0.787,1,1.4,1,NYY,,4.52,1.29,L
Brent Suter,2025-06-28 00:00:00,1.1,0,0,1,0,0,21,3,0.711,1,1.1,0.33,SD,,4.52,1.29,L
Brent Suter,2025-06-30 00:00:00,2.2,0,0,1,1,1,48,2,0.745,0,1.43,0.33,BOS,,4.52,1.29,L
Brent Suter,2025-07-05 00:00:00,1,1,2,1,0,2,20,5,0.759,0,1.43,0.33,PHI,,4.52,1.29,L
Brent Suter,2025-07-07 00:00:00,2,1,1,1,0,2,25,2,0.708,1,1.73,0.67,MIA,,4.52,1.29,L
Brent Suter,2025-07-20 00:00:00,1.1,1,1,1,2,1,25,13,0.753,0,1.37,1,NYM,,4.52,1.29,L
Brent Suter,2025-07-21 00:00:00,1,0,0,2,1,1,24,1,0.693,0,1.37,0.67,WSH,,4.52,1.29,L
Brent Suter,2025-07-28 00:00:00,1,0,0,0,0,1,16,7,0.768,1,1.03,0.33,LAD,,4.52,1.29,L
Brent Suter,2025-07-31 00:00:00,1.2,0,0,0,0,2,13,3,0.72,1,1.07,0,ATL,,4.52,1.29,L
Brent Suter,2025-08-02 00:00:00,2.2,3,3,4,0,2,49,2,0.72,1,1.47,1,ATL,,4.52,1.29,L
Brent Suter,2025-08-07 00:00:00,1,2,3,2,2,0,37,5,0.655,0,1.47,1.67,PIT,,4.52,1.29,L
Brent Suter,2025-08-10 00:00:00,1,0,0,2,0,1,13,3,0.655,0,1.4,1.67,PIT,,4.52,1.29,L
Brent Suter,2025-08-12 00:00:00,1,0,0,1,0,0,12,2,0.759,1,1,0.67,PHI,,4.52,1.29,L
Brent Suter,2025-08-15 00:00:00,2,1,2,4,1,2,44,3,0.736,1,1.33,0.33,MIL,,4.52,1.29,L
Brent Suter,2025-08-20 00:00:00,0.1,0,0,0,0,1,6,5,0.695,0,1.03,0.33,LAA,,4.52,1.29,L
Brent Suter,2025-08-22 00:00:00,1,0,0,0,1,0,14,2,0.757,0,1.03,0.33,AZ,,4.52,1.29,L
Brent Suter,2025-08-23 00:00:00,2,2,2,4,0,3,45,1,0.757,0,1.03,0.67,AZ,,4.52,1.29,L
Brent Suter,2025-08-26 00:00:00,0.1,2,2,3,0,0,10,3,0.768,0,1.03,1.33,LAD,,4.52,1.29,L
Brent Suter,2025-08-27 00:00:00,1,1,1,1,1,1,21,1,0.768,0,1.03,1.67,LAD,,4.52,1.29,L
Brent Suter,2025-08-30 00:00:00,1,0,0,1,0,0,15,3,0.693,1,0.7,1,STL,,4.52,1.29,L
Brent Suter,2025-09-02 00:00:00,2.1,6,6,5,0,4,43,3,0.761,1,1.37,2.33,TOR,,4.52,1.29,L
Brent Suter,2025-09-08 00:00:00,0.1,0,0,1,0,1,9,6,0.711,0,1.07,2,SD,,4.52,1.29,L
Brent Suter,2025-09-16 00:00:00,1,0,0,0,0,1,8,8,0.693,0,1.07,2,STL,,4.52,1.29,L
Brent Suter,2025-09-30 00:00:00,1.1,1,2,4,0,2,34,14,0.768,0,0.73,0.33,LAD,,4.52,1.29,L
Brock Burke,2025-03-30 00:00:00,1,0,0,1,0,1,16,5,0.675,0,1,0,CWS,,3.36,1.23,L
Brock Burke,2025-03-31 00:00:00,1,0,0,1,1,1,13,1,0.693,0,1,0,STL,,3.36,1.23,L
Brock Burke,2025-04-02 00:00:00,0.2,4,4,2,2,1,28,2,0.693,0,0.73,1.33,STL,,3.36,1.23,L
Brock Burke,2025-04-06 00:00:00,0.2,0,0,1,0,0,7,4,0.67,1,0.47,1.33,CLE,,3.36,1.23,L
Brock Burke,2025-04-08 00:00:00,1,0,0,1,0,2,21,2,0.714,0,0.47,1.33,TB,,3.36,1.23,L
Brock Burke,2025-04-12 00:00:00,1,0,0,0,0,0,10,4,0.714,0,0.73,0,HOU,,3.36,1.23,L
Brock Burke,2025-04-16 00:00:00,1.1,0,0,1,0,3,20,4,0.684,0,1.03,0,TEX,,3.36,1.23,L
Brock Burke,2025-04-18 00:00:00,1,0,0,1,0,0,10,2,0.697,1,1.03,0,SF,,3.36,1.23,L
Brock Burke,2025-04-20 00:00:00,0.2,2,2,2,1,1,24,2,0.697,1,0.77,0.67,SF,,3.36,1.23,L
Brock Burke,2025-04-22 00:00:00,1,0,0,1,1,1,23,2,0.655,1,0.73,0.67,PIT,,3.36,1.23,L
Brock Burke,2025-04-27 00:00:00,1,0,0,1,0,0,18,5,0.708,0,0.73,0.67,MIN,,3.36,1.23,L
Brock Burke,2025-05-01 00:00:00,1,0,0,0,0,1,12,4,0.73,1,1,0,DET,,3.36,1.23,L
Brock Burke,2025-05-03 00:00:00,0.2,1,1,2,0,0,20,2,0.73,1,0.73,0.33,DET,,3.36,1.23,L
Brock Burke,2025-05-07 00:00:00,1,0,0,0,1,0,11,4,0.761,1,0.73,0.33,TOR,,3.36,1.23,L
Brock Burke,2025-05-08 00:00:00,1,1,1,2,2,1,19,1,0.761,1,0.73,0.67,TOR,,3.36,1.23,L
Brock Burke,2025-05-10 00:00:00,1,1,1,1,0,0,18,2,0.699,1,1,0.67,BAL,,3.36,1.23,L
Brock Burke,2025-05-12 00:00:00,1,1,1,1,0,0,15,2,0.711,0,1,1,SD,,3.36,1.23,L
Brock Burke,2025-05-14 00:00:00,0.1,0,0,0,1,0,6,2,0.711,0,0.7,0.67,SD,,3.36,1.23,L
Brock Burke,2025-05-18 00:00:00,0.2,2,2,1,0,1,16,4,0.768,0,0.43,1,LAD,,3.36,1.23,L
Brock Burke,2025-05-20 00:00:00,0.1,0,0,0,0,0,4,2,0.749,0,0.13,0.67,ATH,,3.36,1.23,L
Brock Burke,2025-05-21 00:00:00,0.2,0,0,1,0,1,17,1,0.749,0,0.17,0.67,ATH,,3.36,1.23,L
Brock Burke,2025-05-24 00:00:00,1.1,0,0,1,0,1,15,3,0.708,1,0.47,0,MIA,,3.36,1.23,L
Brock Burke,2025-05-26 00:00:00,0.1,0,0,0,0,0,4,2,0.787,1,0.47,0,NYY,,3.36,1.23,L
Brock Burke,2025-05-28 00:00:00,1,0,0,1,0,2,19,2,0.787,1,0.73,0,NYY,,3.36,1.23,L
Brock Burke,2025-06-01 00:00:00,2,0,0,1,0,3,31,4,0.67,0,1.03,0,CLE,,3.36,1.23,L
Brock Burke,2025-06-03 00:00:00,1,0,0,1,0,0,11,2,0.745,0,1.33,0,BOS,,3.36,1.23,L
Brock Burke,2025-06-04 00:00:00,1,2,2,3,1,1,32,1,0.745,0,1.33,0.67,BOS,,3.36,1.23,L
Brock Burke,2025-06-07 00:00:00,0.2,0,0,0,0,0,5,3,0.74,1,0.73,0.67,SEA,,3.36,1.23,L
Brock Burke,2025-06-08 00:00:00,0.1,0,0,0,0,1,4,1,0.74,1,0.43,0.67,SEA,,3.36,1.23,L
Brock Burke,2025-06-11 00:00:00,0.1,0,0,0,1,1,11,3,0.749,1,0.13,0,ATH,,3.36,1.23,L
Brock Burke,2025-06-13 00:00:00,0.2,0,0,1,3,0,23,2,0.699,0,0.13,0,BAL,,3.36,1.23,L
Brock Burke,2025-06-16 00:00:00,0.2,0,0,1,1,0,8,3,0.787,0,0.17,0,NYY,,3.36,1.23,L
Brock Burke,2025-06-18 00:00:00,1,0,0,1,0,0,6,2,0.787,0,0.47,0,NYY,,3.36,1.23,L
Brock Burke,2025-06-19 00:00:00,1,0,0,1,0,1,13,1,0.787,0,0.73,0,NYY,,3.36,1.23,L
Brock Burke,2025-06-22 00:00:00,1,0,0,2,0,2,21,3,0.714,1,1,0,HOU,,3.36,1.23,L
Brock Burke,2025-06-23 00:00:00,0.1,0,0,2,0,0,4,1,0.745,1,0.7,0,BOS,,3.36,1.23,L
Brock Burke,2025-06-27 00:00:00,0.2,0,0,2,0,1,15,4,0.693,1,0.43,0,WSH,,3.36,1.23,L
Brock Burke,2025-06-29 00:00:00,1,0,0,0,0,1,11,2,0.693,1,0.43,0,WSH,,3.36,1.23,L
Brock Burke,2025-07-03 00:00:00,1,1,1,1,0,2,15,4,0.72,0,0.73,0.33,ATL,,3.36,1.23,L
Brock Burke,2025-07-04 00:00:00,1,0,0,0,0,1,9,1,0.761,0,1,0.33,TOR,,3.36,1.23,L
Brock Burke,2025-07-06 00:00:00,1,0,0,0,0,0,10,2,0.761,0,1,0.33,TOR,,3.36,1.23,L
Brock Burke,2025-07-07 00:00:00,0.1,0,0,0,0,0,1,1,0.684,1,0.7,0,TEX,,3.36,1.23,L
Brock Burke,2025-07-09 00:00:00,0.1,0,0,0,0,0,5,2,0.684,1,0.4,0,TEX,,3.36,1.23,L
Brock Burke,2025-07-11 00:00:00,1,0,0,0,0,0,13,2,0.757,1,0.4,0,AZ,,3.36,1.23,L
Brock Burke,2025-07-18 00:00:00,1.1,0,0,1,0,2,15,7,0.759,0,0.73,0,PHI,,3.36,1.23,L
Brock Burke,2025-07-20 00:00:00,1,0,0,0,0,1,14,2,0.759,0,1.03,0,PHI,,3.36,1.23,L
Brock Burke,2025-07-21 00:00:00,0.2,0,0,0,0,0,12,1,0.753,0,0.77,0,NYM,,3.36,1.23,L
Brock Burke,2025-07-23 00:00:00,1,1,1,1,0,1,13,2,0.753,0,0.73,0.33,NYM,,3.36,1.23,L
Brock Burke,2025-07-25 00:00:00,1,0,0,1,0,0,12,2,0.74,1,0.73,0.33,SEA,,3.36,1.23,L
Brock Burke,2025-07-27 00:00:00,1,0,0,0,1,1,27,2,0.74,1,1,0.33,SEA,,3.36,1.23,L
Brock Burke,2025-07-29 00:00:00,0.2,0,0,1,0,0,6,2,0.684,1,0.73,0,TEX,,3.36,1.23,L
Brock Burke,2025-08-02 00:00:00,1,0,0,1,1,1,22,4,0.675,1,0.73,0,CWS,,3.36,1.23,L
Brock Burke,2025-08-04 00:00:00,1,0,0,1,0,1,20,2,0.714,1,0.73,0,TB,,3.36,1.23,L
Brock Burke,2025-08-06 00:00:00,1,0,0,1,0,2,24,2,0.714,1,1,0,TB,,3.36,1.23,L
Brock Burke,2025-08-08 00:00:00,1.1,0,0,0,0,0,15,2,0.73,0,1.03,0,DET,,3.36,1.23,L
Brock Burke,2025-08-09 00:00:00,1,0,0,0,1,1,19,1,0.73,0,1.03,0,DET,,3.36,1.23,L
Brock Burke,2025-08-12 00:00:00,1,0,0,2,0,0,8,3,0.768,1,1.03,0,LAD,,3.36,1.23,L
Brock Burke,2025-08-13 00:00:00,1,0,0,0,0,2,15,1,0.768,1,1,0,LAD,,3.36,1.23,L
Brock Burke,2025-08-17 00:00:00,0.1,0,0,1,0,0,7,4,0.749,0,0.7,0,ATH,,3.36,1.23,L
Brock Burke,2025-08-24 00:00:00,1,0,0,0,0,0,10,7,0.751,1,0.7,0,CHC,,3.36,1.23,L
Brock Burke,2025-08-25 00:00:00,1,0,0,0,0,2,23,1,0.684,0,0.7,0,TEX,,3.36,1.23,L
Brock Burke,2025-09-01 00:00:00,1,3,3,3,0,1,26,7,0.714,0,1,1,HOU,,3.36,1.23,L
Brock Burke,2025-09-03 00:00:00,1,0,0,0,0,0,10,2,0.706,0,1,1,KC,,3.36,1.23,L
Brock Burke,2025-09-06 00:00:00,1.1,0,1,1,0,2,18,3,0.749,1,1.03,1,ATH,,3.36,1.23,L
Brock Burke,2025-09-09 00:00:00,1,2,2,2,0,1,28,3,0.708,1,1.03,0.67,MIN,,3.36,1.23,L
Brock Burke,2025-09-11 00:00:00,1,0,0,0,0,0,11,2,0.74,0,1.03,0.67,SEA,,3.36,1.23,L
Brock Burke,2025-09-19 00:00:00,1,0,0,0,0,1,9,8,0.679,0,1,0.67,COL,,3.36,1.23,L
Brock Burke,2025-09-23 00:00:00,1,2,2,3,0,2,19,4,0.706,1,1,0.67,KC,,3.36,1.23,L
Brock Burke,2025-09-26 00:00:00,1,0,0,1,0,0,17,3,0.714,1,1,0.67,HOU,,3.36,1.23,L
Bruce Zimmermann,2025-09-23 00:00:00,6,5,6,7,2,1,91,5,0.711,0,6,5,SD,,7.5,1.5,L
Bryan Woo,2025-03-30 00:00:00,6,1,1,3,2,5,76,5,0.749,1,6,1,ATH,,2.94,0.93,R
Bryan Woo,2025-04-06 00:00:00,6,4,4,5,1,6,89,7,0.697,0,6,2.5,SF,,2.94,0.93,R
Bryan Woo,2025-04-12 00:00:00,7,1,1,6,1,7,91,6,0.684,1,6.33,2,TEX,,2.94,0.93,R
Bryan Woo,2025-04-18 00:00:00,7,3,3,7,2,4,97,6,0.761,0,6.67,2.67,TOR,,2.94,0.93,R
Bryan Woo,2025-04-24 00:00:00,6,2,2,3,1,8,91,6,0.745,0,6.67,2,BOS,,2.94,0.93,R
Bryan Woo,2025-05-02 00:00:00,6.1,0,0,1,0,8,87,8,0.684,0,6.37,1.67,TEX,,2.94,0.93,R
Bryan Woo,2025-05-07 00:00:00,6,5,5,8,1,6,100,5,0.749,0,6.03,2.33,ATH,,2.94,0.93,R
Bryan Woo,2025-05-13 00:00:00,6.1,0,0,4,0,6,88,6,0.787,1,6.07,1.67,NYY,,2.94,0.93,R
Bryan Woo,2025-05-18 00:00:00,7,1,1,5,0,5,87,5,0.711,0,6.37,2,SD,,2.94,0.93,R
Bryan Woo,2025-05-24 00:00:00,6,2,2,10,0,5,93,6,0.714,0,6.37,1,HOU,,2.94,0.93,R
Bryan Woo,2025-05-30 00:00:00,6.2,3,3,6,1,3,95,6,0.708,1,6.4,2,MIN,,2.94,0.93,R
Bryan Woo,2025-06-05 00:00:00,6,4,4,4,2,6,88,6,0.699,1,6.07,3,BAL,,2.94,0.93,R
Bryan Woo,2025-06-11 00:00:00,6,5,5,7,1,3,79,6,0.757,0,6.07,4,AZ,,2.94,0.93,R
Bryan Woo,2025-06-17 00:00:00,7,0,0,1,2,6,86,6,0.745,1,6.33,3,BOS,,2.94,0.93,R
Bryan Woo,2025-06-23 00:00:00,6,2,2,6,1,9,91,6,0.708,0,6.33,2.33,MIN,,2.94,0.93,R
Bryan Woo,2025-06-28 00:00:00,6,0,2,5,2,9,97,5,0.684,0,6.33,0.67,TEX,,2.94,0.93,R
Bryan Woo,2025-07-04 00:00:00,6,0,0,3,2,8,93,6,0.655,1,6,0.67,PIT,,2.94,0.93,R
Bryan Woo,2025-07-10 00:00:00,7.1,2,2,2,2,5,103,6,0.787,0,6.37,0.67,NYY,,2.94,0.93,R
Bryan Woo,2025-07-20 00:00:00,6,4,5,6,1,6,91,10,0.714,1,6.37,2,HOU,,2.94,0.93,R
Bryan Woo,2025-07-25 00:00:00,6,2,2,4,2,6,96,5,0.695,0,6.37,2.67,LAA,,2.94,0.93,R
Bryan Woo,2025-07-30 00:00:00,6.1,5,5,8,1,6,84,5,0.749,0,6.03,3.67,ATH,,2.94,0.93,R
Bryan Woo,2025-08-05 00:00:00,7,1,1,2,0,9,83,6,0.675,1,6.37,2.67,CWS,,2.94,0.93,R
Bryan Woo,2025-08-10 00:00:00,6,3,3,7,1,9,99,5,0.714,1,6.37,3,TB,,2.94,0.93,R
Bryan Woo,2025-08-16 00:00:00,6,1,1,6,2,8,101,6,0.753,0,6.33,1.67,NYM,,2.94,0.93,R
Bryan Woo,2025-08-22 00:00:00,7,1,1,1,2,7,88,6,0.749,1,6.33,1.67,ATH,,2.94,0.93,R
Bryan Woo,2025-08-27 00:00:00,5.2,2,2,6,1,6,95,5,0.711,1,6.07,1.33,SD,,2.94,0.93,R
Bryan Woo,2025-09-02 00:00:00,5,3,3,4,3,3,84,6,0.714,0,5.73,2,TB,,2.94,0.93,R
Bryan Woo,2025-09-08 00:00:00,6,2,2,3,0,9,95,6,0.693,1,5.4,2.33,STL,,2.94,0.93,R
Bryan Woo,2025-09-13 00:00:00,6,2,2,3,1,13,100,5,0.695,1,5.67,2.33,LAA,,2.94,0.93,R
Bryan Woo,2025-09-19 00:00:00,5,0,0,1,1,7,67,6,0.714,0,5.67,1.33,HOU,,2.94,0.93,R
Bryan Woo,2025-10-17 00:00:00,2,1,1,2,1,0,28,28,0.761,1,4.33,1,TOR,,2.94,0.93,R
Bryan Woo,2025-10-20 00:00:00,2.1,2,2,2,2,2,38,3,0.761,0,3.03,1,TOR,,2.94,0.93,R
Bryce Elder,2025-04-02 00:00:00,4,3,3,3,2,3,70,5,0.768,0,4,3,LAD,,5.3,1.39,R
Bryce Elder,2025-04-11 00:00:00,6,5,5,9,0,4,92,9,0.714,0,5,4,TB,,5.3,1.39,R
Bryce Elder,2025-04-18 00:00:00,5,4,4,6,3,3,91,7,0.708,1,5,4,MIN,,5.3,1.39,R
Bryce Elder,2025-04-23 00:00:00,6,1,1,5,3,2,99,5,0.693,1,5.67,3.33,STL,,5.3,1.39,R
Bryce Elder,2025-04-28 00:00:00,6,3,3,5,2,4,90,5,0.679,0,5.67,2.67,COL,,5.3,1.39,R
Bryce Elder,2025-05-04 00:00:00,5,2,2,4,2,6,86,6,0.768,1,5.67,2,LAD,,5.3,1.39,R
Bryce Elder,2025-05-09 00:00:00,6,3,3,5,0,8,99,5,0.655,0,5.67,2.67,PIT,,5.3,1.39,R
Bryce Elder,2025-05-14 00:00:00,6,1,1,5,1,3,82,5,0.693,1,5.67,2,WSH,,5.3,1.39,R
Bryce Elder,2025-06-01 00:00:00,5.1,3,3,6,3,4,81,18,0.745,1,5.7,2.33,BOS,,5.3,1.39,R
Bryce Elder,2025-06-07 00:00:00,8,1,1,3,0,12,107,6,0.697,0,6.37,1.67,SF,,5.3,1.39,R
Bryce Elder,2025-06-13 00:00:00,3.1,4,4,7,3,2,70,6,0.679,1,5.4,2.67,COL,,5.3,1.39,R
Bryce Elder,2025-06-22 00:00:00,5.1,5,5,10,1,4,92,9,0.708,0,5.4,3.33,MIA,,5.3,1.39,R
Bryce Elder,2025-06-27 00:00:00,2,9,10,8,4,2,66,5,0.759,1,3.4,6,PHI,,5.3,1.39,R
Bryce Elder,2025-07-03 00:00:00,5,4,4,8,3,5,101,6,0.695,1,4.03,6,LAA,,5.3,1.39,R
Bryce Elder,2025-07-09 00:00:00,6.2,2,2,8,1,7,100,6,0.749,0,4.4,5,ATH,,5.3,1.39,R
Bryce Elder,2025-07-21 00:00:00,5,3,3,8,3,1,108,12,0.697,1,5.4,3,SF,,5.3,1.39,R
Bryce Elder,2025-07-27 00:00:00,2.2,8,8,6,4,3,63,6,0.684,0,4.47,4.33,TEX,,5.3,1.39,R
Bryce Elder,2025-08-01 00:00:00,6.2,2,2,4,2,5,83,5,0.706,0,4.47,4.33,CIN,,5.3,1.39,R
Bryce Elder,2025-08-08 00:00:00,6,5,5,7,2,3,100,7,0.708,1,4.8,5,MIA,,5.3,1.39,R
Bryce Elder,2025-08-14 00:00:00,7,2,3,5,2,6,87,6,0.753,0,6.4,3,NYM,,5.3,1.39,R
Bryce Elder,2025-08-19 00:00:00,4.2,8,8,9,2,3,84,5,0.675,1,5.73,5,CWS,,5.3,1.39,R
Bryce Elder,2025-08-24 00:00:00,6,2,2,3,2,6,95,5,0.753,1,5.73,4,NYM,,5.3,1.39,R
Bryce Elder,2025-08-29 00:00:00,7,1,1,3,2,3,96,5,0.759,0,5.73,3.67,PHI,,5.3,1.39,R
Bryce Elder,2025-09-03 00:00:00,7,0,1,4,0,6,101,5,0.751,0,6.67,1,CHC,,5.3,1.39,R
Bryce Elder,2025-09-08 00:00:00,6.1,1,1,5,1,6,89,5,0.751,1,6.7,0.67,CHC,,5.3,1.39,R
Bryce Elder,2025-09-13 00:00:00,4.1,6,6,10,3,7,89,5,0.714,1,5.73,2.33,HOU,,5.3,1.39,R
Bryce Elder,2025-09-19 00:00:00,7,1,1,5,0,6,98,6,0.73,0,5.73,2.67,DET,,5.3,1.39,R
Bryce Elder,2025-09-24 00:00:00,7,3,3,6,0,7,95,5,0.693,1,6.03,3.33,WSH,,5.3,1.39,R
Bryce Miller,2025-03-29 00:00:00,5.2,3,3,6,2,4,90,5,0.749,1,5.2,3,ATH,,5.68,1.41,R
Bryce Miller,2025-04-05 00:00:00,5.1,4,4,7,3,4,93,7,0.697,0,5.15,3.5,SF,,5.68,1.41,R
Bryce Miller,2025-04-11 00:00:00,5,1,1,2,3,5,101,6,0.684,1,5.1,2.67,TEX,,5.68,1.41,R
Bryce Miller,2025-04-16 00:00:00,5,0,0,3,2,8,78,5,0.706,0,5.03,1.67,CIN,,5.68,1.41,R
Bryce Miller,2025-04-22 00:00:00,4.2,4,4,5,4,4,100,6,0.745,0,4.73,1.67,BOS,,5.68,1.41,R
Bryce Miller,2025-04-29 00:00:00,5,0,0,2,5,6,83,7,0.695,1,4.73,1.33,LAA,,5.68,1.41,R
Bryce Miller,2025-05-05 00:00:00,4,4,4,7,0,1,94,6,0.749,0,4.4,2.67,ATH,,5.68,1.41,R
Bryce Miller,2025-05-11 00:00:00,5,7,7,8,2,3,92,6,0.761,1,4.67,3.67,TOR,,5.68,1.41,R
Bryce Miller,2025-05-31 00:00:00,4,3,3,5,1,2,71,20,0.708,1,4.33,4.67,MIN,,5.68,1.41,R
Bryce Miller,2025-06-06 00:00:00,5,5,5,7,1,2,70,6,0.695,0,4.67,5,LAA,,5.68,1.41,R
Bryce Miller,2025-08-19 00:00:00,5,4,4,4,2,4,85,74,0.759,0,4.67,4,PHI,,5.68,1.41,R
Bryce Miller,2025-08-25 00:00:00,5,4,4,6,1,4,81,6,0.711,1,5,4.33,SD,,5.68,1.41,R
Bryce Miller,2025-08-31 00:00:00,6,2,2,2,1,3,72,6,0.67,0,5.33,3.33,CLE,,5.68,1.41,R
Bryce Miller,2025-09-06 00:00:00,5.1,2,2,5,2,3,92,6,0.72,0,5.37,2.67,ATL,,5.68,1.41,R
Bryce Miller,2025-09-11 00:00:00,5.2,4,4,6,0,11,99,5,0.695,1,5.43,2.67,LAA,,5.68,1.41,R
Bryce Miller,2025-09-17 00:00:00,5,3,3,8,2,4,89,6,0.706,0,5.1,3,KC,,5.68,1.41,R
Bryce Miller,2025-09-23 00:00:00,5.2,3,3,5,1,4,84,6,0.679,1,5.13,3.33,COL,,5.68,1.41,R
Bryce Miller,2025-09-28 00:00:00,4,4,4,5,2,2,70,5,0.768,1,4.73,3.33,LAD,,5.68,1.41,R
Bryce Miller,2025-10-08 00:00:00,4.1,2,2,4,0,2,55,10,0.73,0,4.43,3,DET,,5.68,1.41,R
Bryce Miller,2025-10-12 00:00:00,6,1,1,2,3,3,76,4,0.761,0,4.7,2.33,TOR,,5.68,1.41,R
Bryce Miller,2025-10-17 00:00:00,4,1,1,4,2,4,56,5,0.761,1,4.7,1.33,TOR,,5.68,1.41,R
Bryse Wilson,2025-03-29 00:00:00,1,0,0,2,0,1,16,5,0.695,1,1,0,LAA,,6.65,1.82,R
Bryse Wilson,2025-03-30 00:00:00,1,0,0,0,0,1,16,1,0.695,1,1,0,LAA,,6.65,1.82,R
Bryse Wilson,2025-04-01 00:00:00,0.1,0,0,1,1,0,16,2,0.708,1,0.7,0,MIN,,6.65,1.82,R
Bryse Wilson,2025-04-04 00:00:00,3,1,1,2,2,5,64,3,0.73,0,1.37,0.33,DET,,6.65,1.82,R
Bryse Wilson,2025-04-10 00:00:00,1.2,0,0,2,0,0,19,6,0.67,0,1.43,0.33,CLE,,6.65,1.82,R
Bryse Wilson,2025-04-13 00:00:00,1,1,1,4,0,1,25,3,0.745,1,1.73,0.67,BOS,,6.65,1.82,R
Bryse Wilson,2025-04-15 00:00:00,2,0,0,0,0,0,21,2,0.749,1,1.4,0.33,ATH,,6.65,1.82,R
Bryse Wilson,2025-04-17 00:00:00,1,3,3,3,0,0,22,2,0.749,1,1.33,1.33,ATH,,6.65,1.82,R
Bryse Wilson,2025-04-18 00:00:00,1,1,1,2,0,0,18,1,0.745,0,1.33,1.33,BOS,,6.65,1.82,R
Bryse Wilson,2025-04-23 00:00:00,2.2,1,1,5,3,2,55,5,0.708,0,1.4,1.67,MIN,,6.65,1.82,R
Bryse Wilson,2025-04-29 00:00:00,3.1,3,3,2,3,1,58,6,0.736,1,2.1,1.67,MIL,,6.65,1.82,R
Bryse Wilson,2025-05-04 00:00:00,4.2,4,4,9,2,4,89,5,0.714,1,3.17,2.67,HOU,,6.65,1.82,R
Bryse Wilson,2025-05-09 00:00:00,5,1,1,3,2,1,83,5,0.708,1,4.1,2.67,MIA,,6.65,1.82,R
Bryse Wilson,2025-05-15 00:00:00,5.1,7,7,10,1,3,90,6,0.706,0,4.77,4,CIN,,6.65,1.82,R
Bryse Wilson,2025-05-24 00:00:00,4,2,4,5,2,4,96,9,0.684,1,4.7,3.33,TEX,,6.65,1.82,R
Bryse Wilson,2025-05-28 00:00:00,0.1,0,0,1,1,1,11,4,0.753,0,3.07,3,NYM,,6.65,1.82,R
Bryse Wilson,2025-06-02 00:00:00,5,8,8,12,1,2,80,5,0.73,1,3.03,3.33,DET,,6.65,1.82,R
Bryse Wilson,2025-06-06 00:00:00,1,0,0,0,0,0,13,4,0.706,1,2.03,2.67,KC,,6.65,1.82,R
Bryse Wilson,2025-06-08 00:00:00,2,3,3,4,1,1,41,2,0.706,1,2.67,3.67,KC,,6.65,1.82,R
Bryse Wilson,2025-09-02 00:00:00,2,0,0,0,0,1,21,86,0.708,0,1.67,1,MIN,,6.65,1.82,R
Bubba Chandler,2025-08-22 00:00:00,4,0,0,2,0,3,40,5,0.679,1,4,0,COL,,4.02,0.93,R
Bubba Chandler,2025-08-27 00:00:00,4,0,0,1,1,3,53,5,0.693,0,4,0,STL,,4.02,0.93,R
Bubba Chandler,2025-09-02 00:00:00,4,3,3,6,0,3,65,6,0.768,1,4,1,LAD,,4.02,0.93,R
Bubba Chandler,2025-09-07 00:00:00,2.2,9,9,9,3,3,68,5,0.736,1,3.4,4,MIL,,4.02,0.93,R
Bubba Chandler,2025-09-13 00:00:00,6,1,1,2,0,7,81,6,0.693,0,4.07,4.33,WSH,,4.02,0.93,R
Bubba Chandler,2025-09-20 00:00:00,5,0,0,1,0,6,68,7,0.749,1,4.4,3.33,ATH,,4.02,0.93,R
Bubba Chandler,2025-09-27 00:00:00,5.2,1,1,4,0,6,86,7,0.72,0,5.4,0.67,ATL,,4.02,0.93,R
Caden Dana,2025-04-04 00:00:00,3,2,2,4,1,2,56,5,0.67,1,3,2,CLE,,6.4,1.48,R
Caden Dana,2025-05-24 00:00:00,3,3,3,3,4,4,63,50,0.708,1,3,2.5,MIA,,6.4,1.48,R
Caden Dana,2025-09-03 00:00:00,5,1,2,2,1,4,70,102,0.706,0,3.67,2,KC,,6.4,1.48,R
Caden Dana,2025-09-08 00:00:00,4.2,5,5,5,5,9,99,5,0.708,1,4.07,3,MIN,,6.4,1.48,R
Caden Dana,2025-09-16 00:00:00,3.2,5,5,8,3,4,92,8,0.736,0,4.13,3.67,MIL,,6.4,1.48,R
Caden Dana,2025-09-21 00:00:00,6,2,2,3,3,5,89,5,0.679,0,4.47,4,COL,,6.4,1.48,R
Caden Dana,2025-09-27 00:00:00,7,5,5,5,1,5,93,6,0.714,1,5.4,4,HOU,,6.4,1.48,R
Cade Cavalli,2025-08-06 00:00:00,4.1,0,0,3,1,6,88,5,0.749,1,4.1,0,ATH,,4.25,1.48,R
Cade Cavalli,2025-08-11 00:00:00,5,4,4,7,3,3,88,5,0.706,0,4.55,2,KC,,4.25,1.48,R
Cade Cavalli,2025-08-16 00:00:00,7,0,0,7,0,5,90,5,0.759,1,5.37,1.33,PHI,,4.25,1.48,R
Cade Cavalli,2025-08-22 00:00:00,6,3,3,7,2,4,95,6,0.759,0,6,2.33,PHI,,4.25,1.48,R
Cade Cavalli,2025-08-27 00:00:00,2.1,7,8,8,1,4,76,5,0.787,0,5.03,3.33,NYY,,4.25,1.48,R
Cade Cavalli,2025-09-02 00:00:00,5,2,2,4,1,6,75,6,0.708,1,4.37,4,MIA,,4.25,1.48,R
Cade Cavalli,2025-09-08 00:00:00,5,2,2,6,1,1,61,6,0.708,0,4.03,3.67,MIA,,4.25,1.48,R
Cade Cavalli,2025-09-14 00:00:00,5,3,3,3,4,2,67,6,0.655,1,5,2.33,PIT,,4.25,1.48,R
Cade Cavalli,2025-09-20 00:00:00,5,0,0,5,1,3,76,6,0.753,0,5,1.67,NYM,,4.25,1.48,R
Cade Cavalli,2025-09-26 00:00:00,4,2,6,7,1,6,72,6,0.675,1,4.67,1.67,CWS,,4.25,1.48,R
Cade Gibson,2025-04-20 00:00:00,2.1,0,0,1,0,2,34,5,0.759,0,2.1,0,PHI,,2.63,1.19,L
Cade Gibson,2025-05-07 00:00:00,1,1,1,2,1,0,23,17,0.768,1,1.55,0.5,LAD,,2.63,1.19,L
Cade Gibson,2025-05-09 00:00:00,1,0,1,1,0,1,24,2,0.675,0,1.37,0.33,CWS,,2.63,1.19,L
Cade Gibson,2025-05-12 00:00:00,3,0,0,2,1,1,51,3,0.751,0,1.67,0.33,CHC,,2.63,1.19,L
Cade Gibson,2025-05-17 00:00:00,3,0,0,4,0,2,39,5,0.714,1,2.33,0,TB,,2.63,1.19,L
Cade Gibson,2025-05-20 00:00:00,2,0,0,2,1,1,33,3,0.751,1,2.67,0,CHC,,2.63,1.19,L
Cade Gibson,2025-05-26 00:00:00,0.1,0,1,0,1,0,8,6,0.711,0,1.7,0,SD,,2.63,1.19,L
Cade Gibson,2025-05-27 00:00:00,1.1,1,1,1,1,1,21,1,0.711,0,1.07,0.33,SD,,2.63,1.19,L
Cade Gibson,2025-06-01 00:00:00,1,0,0,1,0,0,11,5,0.697,1,0.73,0.33,SF,,2.63,1.19,L
Cade Gibson,2025-06-07 00:00:00,2,0,0,0,0,1,17,6,0.714,0,1.37,0.33,TB,,2.63,1.19,L
Cade Gibson,2025-06-08 00:00:00,1,0,0,0,0,1,17,1,0.714,0,1.33,0,TB,,2.63,1.19,L
Cade Gibson,2025-06-13 00:00:00,1.1,0,0,2,0,2,20,5,0.693,0,1.37,0,WSH,,2.63,1.19,L
Cade Gibson,2025-06-14 00:00:00,1,1,1,1,1,0,15,1,0.693,0,1.03,0.33,WSH,,2.63,1.19,L
Cade Gibson,2025-06-16 00:00:00,1,2,2,2,1,0,29,2,0.759,1,1.03,1,PHI,,2.63,1.19,L
Cade Gibson,2025-06-19 00:00:00,1,0,0,1,0,0,14,3,0.759,1,1,1,PHI,,2.63,1.19,L
Cade Gibson,2025-06-24 00:00:00,1.1,0,0,0,0,2,18,5,0.697,0,1.03,0.67,SF,,2.63,1.19,L
Cade Gibson,2025-06-26 00:00:00,1.1,0,0,0,0,3,20,2,0.697,0,1.07,0,SF,,2.63,1.19,L
Cade Gibson,2025-06-27 00:00:00,0.2,1,1,1,0,0,12,1,0.757,0,0.8,0.33,AZ,,2.63,1.19,L
Cade Gibson,2025-07-03 00:00:00,0.2,1,1,1,0,1,9,6,0.708,1,0.5,0.67,MIN,,2.63,1.19,L
Cade Gibson,2025-07-04 00:00:00,0.2,1,1,2,1,1,19,1,0.736,1,0.2,1,MIL,,2.63,1.19,L
Cade Gibson,2025-07-08 00:00:00,1,0,0,0,0,1,20,4,0.706,0,0.47,0.67,CIN,,2.63,1.19,L
Cade Gibson,2025-07-11 00:00:00,1,1,1,2,1,0,22,3,0.699,0,0.73,0.67,BAL,,2.63,1.19,L
Cade Gibson,2025-07-20 00:00:00,1,0,0,1,1,1,23,9,0.706,1,1,0.33,KC,,2.63,1.19,L
Cade Gibson,2025-07-22 00:00:00,1.1,0,0,0,0,1,15,2,0.711,1,1.03,0.33,SD,,2.63,1.19,L
Cade Gibson,2025-07-27 00:00:00,0.1,1,1,3,1,1,15,5,0.736,0,0.73,0.33,MIL,,2.63,1.19,L
Cade Gibson,2025-08-04 00:00:00,2,2,2,2,0,2,32,8,0.714,1,1.07,1,HOU,,2.63,1.19,L
Cade Gibson,2025-08-07 00:00:00,1,1,1,2,0,1,17,3,0.72,0,1.03,1.33,ATL,,2.63,1.19,L
Cade Gibson,2025-08-19 00:00:00,3.2,1,1,0,0,2,42,12,0.693,1,2.07,1.33,STL,,2.63,1.19,L
Cade Gibson,2025-08-23 00:00:00,0.1,0,0,0,2,0,13,4,0.761,1,1.43,0.67,TOR,,2.63,1.19,L
Cade Gibson,2025-08-26 00:00:00,0.2,0,0,1,0,1,14,3,0.72,1,1.17,0.33,ATL,,2.63,1.19,L
Cade Gibson,2025-08-28 00:00:00,1.1,0,0,1,1,3,34,2,0.753,0,0.47,0,NYM,,2.63,1.19,L
Cade Gibson,2025-08-30 00:00:00,0.2,2,2,2,1,0,23,2,0.753,0,0.5,0.67,NYM,,2.63,1.19,L
Cade Gibson,2025-09-01 00:00:00,1.2,0,0,1,0,2,21,2,0.693,0,0.83,0.67,WSH,,2.63,1.19,L
Cade Gibson,2025-09-06 00:00:00,1,0,0,1,0,0,17,5,0.759,1,0.8,0.67,PHI,,2.63,1.19,L
Cade Gibson,2025-09-07 00:00:00,2.1,0,0,2,0,1,27,1,0.759,1,1.43,0,PHI,,2.63,1.19,L
Cade Gibson,2025-09-10 00:00:00,0.2,0,0,0,0,2,10,3,0.693,1,1.1,0,WSH,,2.63,1.19,L
Cade Gibson,2025-09-12 00:00:00,1,0,0,0,1,1,17,2,0.73,1,1.1,0,DET,,2.63,1.19,L
Cade Gibson,2025-09-13 00:00:00,1,0,0,1,1,0,22,1,0.73,1,0.73,0,DET,,2.63,1.19,L
Cade Gibson,2025-09-19 00:00:00,1,0,0,0,0,1,14,6,0.684,0,1,0,TEX,,2.63,1.19,L
Cade Gibson,2025-09-20 00:00:00,2,0,0,0,1,2,22,1,0.684,0,1.33,0,TEX,,2.63,1.19,L
Cade Gibson,2025-09-23 00:00:00,1,0,0,0,1,0,13,3,0.759,0,1.33,0,PHI,,2.63,1.19,L
Cade Gibson,2025-09-25 00:00:00,0.1,0,0,0,1,1,13,2,0.759,0,1.03,0,PHI,,2.63,1.19,L
Cade Gibson,2025-09-26 00:00:00,0.2,0,0,0,1,1,18,1,0.753,1,0.43,0,NYM,,2.63,1.19,L
Cade Gibson,2025-09-28 00:00:00,0.2,0,0,1,0,0,10,2,0.753,1,0.17,0,NYM,,2.63,1.19,L
Cade Horton,2025-05-10 00:00:00,4,3,3,4,0,5,77,5,0.753,0,4,3,NYM,,2.67,1.08,R
Cade Horton,2025-05-16 00:00:00,5,3,3,7,0,2,79,6,0.675,1,4.5,3,CWS,,2.67,1.08,R
Cade Horton,2025-05-21 00:00:00,5.1,1,1,6,3,3,92,5,0.708,0,4.7,2.33,MIA,,2.67,1.08,R
Cade Horton,2025-05-27 00:00:00,6,2,2,4,1,6,83,6,0.679,1,5.37,2,COL,,2.67,1.08,R
Cade Horton,2025-06-03 00:00:00,5.1,1,3,5,1,3,77,7,0.693,0,5.4,1.33,WSH,,2.67,1.08,R
Cade Horton,2025-06-08 00:00:00,5,4,4,7,2,6,85,5,0.73,0,5.37,2.33,DET,,2.67,1.08,R
Cade Horton,2025-06-13 00:00:00,5.2,0,0,3,1,4,76,5,0.655,1,5.1,1.67,PIT,,2.67,1.08,R
Cade Horton,2025-06-21 00:00:00,4.2,3,6,7,2,2,90,8,0.74,1,4.8,2.33,SEA,,2.67,1.08,R
Cade Horton,2025-06-27 00:00:00,4,7,7,8,4,2,80,6,0.714,0,4.47,3.33,HOU,,2.67,1.08,R
Cade Horton,2025-07-03 00:00:00,7,0,0,5,2,5,90,6,0.67,1,5.07,3.33,CLE,,2.67,1.08,R
Cade Horton,2025-07-09 00:00:00,4.2,4,4,6,2,5,94,6,0.708,0,5.07,3.67,MIN,,2.67,1.08,R
Cade Horton,2025-07-20 00:00:00,5.2,0,0,2,3,4,86,11,0.745,1,5.47,1.33,BOS,,2.67,1.08,R
Cade Horton,2025-07-26 00:00:00,6.1,0,0,4,1,3,84,6,0.675,0,5.17,1.33,CWS,,2.67,1.08,R
Cade Horton,2025-08-01 00:00:00,5,0,0,2,3,3,71,6,0.699,1,5.43,0,BAL,,2.67,1.08,R
Cade Horton,2025-08-06 00:00:00,5.2,0,0,2,0,6,67,5,0.706,1,5.43,0,CIN,,2.67,1.08,R
Cade Horton,2025-08-13 00:00:00,5.2,1,1,1,2,8,82,7,0.761,0,5.13,0.33,TOR,,2.67,1.08,R
Cade Horton,2025-08-18 00:00:00,2.2,1,1,4,1,3,61,5,0.736,1,4.2,0.67,MIL,,2.67,1.08,R
Cade Horton,2025-08-23 00:00:00,6,0,0,3,1,7,74,5,0.695,0,4.47,0.67,LAA,,2.67,1.08,R
Cade Horton,2025-08-29 00:00:00,5,2,2,6,2,4,70,6,0.679,0,4.4,1,COL,,2.67,1.08,R
Cade Horton,2025-09-03 00:00:00,5,0,0,0,1,6,75,5,0.72,1,5.33,0.67,ATL,,2.67,1.08,R
Cade Horton,2025-09-09 00:00:00,6.1,1,1,4,0,2,87,6,0.72,0,5.37,1,ATL,,2.67,1.08,R
Cade Horton,2025-09-16 00:00:00,5,1,1,3,1,6,79,7,0.655,0,5.37,0.67,PIT,,2.67,1.08,R
Cade Horton,2025-09-23 00:00:00,3,1,1,2,0,2,29,7,0.753,1,4.7,1,NYM,,2.67,1.08,R
Cade Povich,2025-03-31 00:00:00,4.1,3,3,5,2,8,94,5,0.745,1,4.1,3,BOS,,5.21,1.5,L
Cade Povich,2025-04-06 00:00:00,6,1,4,12,0,4,88,6,0.706,0,5.05,2,KC,,5.21,1.5,L
Cade Povich,2025-04-13 00:00:00,4.2,2,2,7,1,2,76,7,0.761,1,4.77,2,TOR,,5.21,1.5,L
Cade Povich,2025-04-18 00:00:00,3.1,7,7,6,5,4,84,5,0.706,1,4.43,3.33,CIN,,5.21,1.5,L
Cade Povich,2025-04-24 00:00:00,6.2,1,1,4,1,5,87,6,0.693,0,4.5,3.33,WSH,,5.21,1.5,L
Cade Povich,2025-04-30 00:00:00,4.2,3,3,3,3,2,87,6,0.787,1,4.5,3.67,NYY,,5.21,1.5,L
Cade Povich,2025-05-06 00:00:00,6,5,5,6,0,4,103,6,0.708,0,5.47,3,MIN,,5.21,1.5,L
Cade Povich,2025-05-16 00:00:00,5.2,2,2,3,2,9,99,10,0.693,1,5.13,3.33,WSH,,5.21,1.5,L
Cade Povich,2025-05-23 00:00:00,5,1,1,4,3,6,98,7,0.745,0,5.4,2.67,BOS,,5.21,1.5,L
Cade Povich,2025-05-28 00:00:00,4.2,5,5,8,3,9,96,5,0.693,1,4.8,2.67,STL,,5.21,1.5,L
Cade Povich,2025-06-04 00:00:00,5.1,2,2,4,1,5,86,7,0.74,0,4.77,2.67,SEA,,5.21,1.5,L
Cade Povich,2025-06-10 00:00:00,4.2,5,5,9,1,6,98,6,0.73,1,4.5,4,DET,,5.21,1.5,L
Cade Povich,2025-06-15 00:00:00,3.2,0,0,3,1,4,57,5,0.695,1,4.17,2.33,LAA,,5.21,1.5,L
Cade Povich,2025-08-04 00:00:00,5.2,4,4,4,1,7,90,50,0.759,0,4.2,3,PHI,,5.21,1.5,L
Cade Povich,2025-08-10 00:00:00,6,1,1,4,3,5,94,6,0.749,1,4.8,1.67,ATH,,5.21,1.5,L
Cade Povich,2025-08-16 00:00:00,5,3,3,5,3,10,91,6,0.714,0,5.4,2.67,HOU,,5.21,1.5,L
Cade Povich,2025-08-22 00:00:00,4.2,4,6,4,2,5,96,6,0.714,1,5.07,2.67,HOU,,5.21,1.5,L
Cade Povich,2025-08-28 00:00:00,5,2,2,7,0,5,81,6,0.745,1,4.73,3,BOS,,5.21,1.5,L
Cade Povich,2025-09-03 00:00:00,5,4,4,7,3,3,85,6,0.711,0,4.73,3.33,SD,,5.21,1.5,L
Cade Povich,2025-09-11 00:00:00,5.2,2,2,5,2,6,93,8,0.655,1,5.07,2.67,PIT,,5.21,1.5,L
Cade Povich,2025-09-18 00:00:00,5,3,3,5,4,5,89,7,0.787,1,5.07,3,NYY,,5.21,1.5,L
Cade Povich,2025-09-25 00:00:00,5.2,5,5,10,2,4,99,7,0.714,1,5.13,3.33,TB,,5.21,1.5,L
Caleb Boushley,2025-04-12 00:00:00,3.2,5,5,5,2,3,55,5,0.74,0,3.2,5,SEA,,6.02,1.57,R
Caleb Boushley,2025-04-23 00:00:00,2,0,0,1,0,3,41,11,0.749,0,2.6,2.5,ATH,,6.02,1.57,R
Caleb Boushley,2025-04-27 00:00:00,2,0,0,0,0,0,24,4,0.697,0,2.4,1.67,SF,,6.02,1.57,R
Caleb Boushley,2025-05-02 00:00:00,1,0,0,0,0,1,19,5,0.74,1,1.67,0,SEA,,6.02,1.57,R
Caleb Boushley,2025-05-07 00:00:00,1,1,1,1,0,1,18,5,0.745,0,1.33,0.33,BOS,,6.02,1.57,R
Caleb Boushley,2025-05-14 00:00:00,2.1,0,0,3,1,4,49,7,0.679,1,1.37,0.33,COL,,6.02,1.57,R
Caleb Boushley,2025-05-20 00:00:00,2,2,2,3,1,2,34,6,0.787,0,1.7,1,NYY,,6.02,1.57,R
Caleb Boushley,2025-05-23 00:00:00,1,0,1,3,0,1,21,3,0.675,0,1.7,0.67,CWS,,6.02,1.57,R
Caleb Boushley,2025-05-24 00:00:00,2,2,2,4,0,2,36,1,0.675,0,1.67,1.33,CWS,,6.02,1.57,R
Caleb Boushley,2025-05-30 00:00:00,3,1,1,2,0,4,37,6,0.693,1,2,1,STL,,6.02,1.57,R
Caleb Boushley,2025-06-10 00:00:00,1,0,0,1,0,0,7,11,0.708,0,2,1,MIN,,6.02,1.57,R
Caleb Boushley,2025-06-11 00:00:00,1,0,0,1,0,1,16,1,0.708,0,1.67,0.33,MIN,,6.02,1.57,R
Caleb Boushley,2025-06-14 00:00:00,1,1,1,1,0,3,17,3,0.675,1,1,0.33,CWS,,6.02,1.57,R
Caleb Boushley,2025-06-17 00:00:00,3.1,0,0,0,0,3,36,3,0.706,1,1.7,0.33,KC,,6.02,1.57,R
Caleb Boushley,2025-06-22 00:00:00,4,5,5,10,1,1,72,5,0.655,0,2.7,2,PIT,,6.02,1.57,R
Caleb Boushley,2025-07-20 00:00:00,1.1,0,0,0,1,2,24,28,0.73,1,2.73,1.67,DET,,6.02,1.57,R
Caleb Boushley,2025-07-25 00:00:00,0.1,2,2,2,2,0,16,5,0.72,1,1.73,2.33,ATL,,6.02,1.57,R
Caleb Boushley,2025-07-27 00:00:00,2,0,0,1,1,1,22,2,0.72,1,1.07,0.67,ATL,,6.02,1.57,R
Caleb Boushley,2025-07-29 00:00:00,1.2,1,1,0,1,1,28,2,0.695,0,1.1,1,LAA,,6.02,1.57,R
Caleb Boushley,2025-08-18 00:00:00,1,0,0,0,0,2,11,20,0.706,0,1.4,0.33,KC,,6.02,1.57,R
Caleb Boushley,2025-08-20 00:00:00,3,3,3,5,3,1,68,2,0.706,0,1.73,1.33,KC,,6.02,1.57,R
Caleb Boushley,2025-08-27 00:00:00,1,0,0,1,0,0,12,7,0.695,1,1.67,1,LAA,,6.02,1.57,R
Caleb Boushley,2025-08-31 00:00:00,0.1,4,4,4,0,1,20,4,0.749,0,1.37,2.33,ATH,,6.02,1.57,R
Caleb Boushley,2025-09-02 00:00:00,1.1,0,0,1,0,2,20,2,0.757,0,0.73,1.33,AZ,,6.02,1.57,R
Caleb Boushley,2025-09-06 00:00:00,1,2,5,5,1,2,39,4,0.714,1,0.73,2,HOU,,6.02,1.57,R
Cal Quantrill,2025-03-31 00:00:00,4,6,6,8,1,2,90,5,0.753,1,4,6,NYM,,6.04,1.45,R
Cal Quantrill,2025-04-05 00:00:00,5,0,0,4,0,4,66,5,0.72,0,4.5,3,ATL,,6.04,1.45,R
Cal Quantrill,2025-04-13 00:00:00,5,3,3,7,5,2,77,8,0.693,1,4.67,3,WSH,,6.04,1.45,R
Cal Quantrill,2025-04-19 00:00:00,3.1,7,7,8,3,0,89,6,0.759,0,4.37,3.33,PHI,,6.04,1.45,R
Cal Quantrill,2025-04-25 00:00:00,5.2,4,4,5,0,5,78,6,0.74,0,4.43,4.67,SEA,,6.04,1.45,R
Cal Quantrill,2025-04-30 00:00:00,3.2,4,4,6,1,3,72,5,0.768,0,3.83,5,LAD,,6.04,1.45,R
Cal Quantrill,2025-05-06 00:00:00,5,1,1,4,1,6,79,6,0.768,1,4.47,3,LAD,,6.04,1.45,R
Cal Quantrill,2025-05-12 00:00:00,4.1,3,3,4,2,1,83,6,0.751,0,4.1,2.67,CHC,,6.04,1.45,R
Cal Quantrill,2025-05-18 00:00:00,5,1,1,2,2,6,85,6,0.714,1,4.7,1.67,TB,,6.04,1.45,R
Cal Quantrill,2025-05-24 00:00:00,3.1,1,1,3,0,2,46,6,0.695,0,4.07,1.67,LAA,,6.04,1.45,R
Cal Quantrill,2025-05-30 00:00:00,5,2,2,8,1,7,95,6,0.697,1,4.37,1.33,SF,,6.04,1.45,R
Cal Quantrill,2025-06-04 00:00:00,5,2,2,5,1,2,86,5,0.679,1,4.37,1.67,COL,,6.04,1.45,R
Cal Quantrill,2025-06-11 00:00:00,5,3,4,6,2,6,99,7,0.655,0,5,2.33,PIT,,6.04,1.45,R
Cal Quantrill,2025-06-17 00:00:00,4,3,3,4,0,2,74,6,0.759,1,4.67,2.67,PHI,,6.04,1.45,R
Cal Quantrill,2025-06-24 00:00:00,4.2,2,2,4,2,3,82,7,0.697,0,4.4,2.67,SF,,6.04,1.45,R
Cal Quantrill,2025-06-29 00:00:00,5,2,2,3,1,5,87,5,0.757,0,4.4,2.33,AZ,,6.04,1.45,R
Cal Quantrill,2025-07-05 00:00:00,3.2,2,2,6,1,6,71,6,0.736,1,4.13,2,MIL,,6.04,1.45,R
Cal Quantrill,2025-07-10 00:00:00,5,5,6,7,1,5,84,5,0.706,0,4.4,3,CIN,,6.04,1.45,R
Cal Quantrill,2025-07-19 00:00:00,6,0,0,2,0,3,69,9,0.706,1,4.73,2.33,KC,,6.04,1.45,R
Cal Quantrill,2025-07-25 00:00:00,5,1,1,3,0,4,65,6,0.736,0,5.33,2,MIL,,6.04,1.45,R
Cal Quantrill,2025-07-30 00:00:00,5,0,0,3,2,3,74,5,0.693,0,5.33,0.33,STL,,6.04,1.45,R
Cal Quantrill,2025-08-05 00:00:00,4.1,7,7,9,3,2,81,6,0.714,1,4.7,2.67,HOU,,6.04,1.45,R
Cal Quantrill,2025-08-10 00:00:00,4,1,1,3,0,1,47,5,0.72,0,4.37,2.67,ATL,,6.04,1.45,R
Cal Quantrill,2025-08-16 00:00:00,3.2,7,7,8,1,2,80,6,0.745,0,3.77,5,BOS,,6.04,1.45,R
Cal Quantrill,2025-08-23 00:00:00,4.2,3,3,5,5,3,89,7,0.753,1,3.8,3.67,NYM,,6.04,1.45,R
Cal Quantrill,2025-08-28 00:00:00,3.1,9,9,9,0,0,53,5,0.759,0,3.5,6.33,PHI,,6.04,1.45,R
Carlos Carrasco,2025-03-29 00:00:00,2,3,3,5,0,2,40,5,0.736,1,2,3,MIL,,7.09,1.71,R
Carlos Carrasco,2025-04-03 00:00:00,5.1,3,3,5,2,5,82,5,0.757,1,3.55,3,AZ,,7.09,1.71,R
Carlos Carrasco,2025-04-08 00:00:00,4.1,4,4,6,1,3,59,5,0.73,0,3.73,3.33,DET,,7.09,1.71,R
Carlos Carrasco,2025-04-14 00:00:00,5,1,1,1,2,4,79,6,0.706,1,4.73,2.67,KC,,7.09,1.71,R
Carlos Carrasco,2025-04-19 00:00:00,4,4,4,6,2,1,75,5,0.714,0,4.37,3,TB,,7.09,1.71,R
Carlos Carrasco,2025-04-25 00:00:00,5,0,0,3,2,2,67,6,0.761,1,4.67,1.67,TOR,,7.09,1.71,R
Carlos Carrasco,2025-04-30 00:00:00,3.1,4,4,8,0,5,66,5,0.699,0,4.03,2.67,BAL,,7.09,1.71,R
Carlos Carrasco,2025-05-04 00:00:00,3,2,2,5,1,3,46,4,0.714,1,3.7,2,TB,,7.09,1.71,R
Carlos Carrasco,2025-07-31 00:00:00,6,3,3,7,2,5,95,88,0.706,0,4.03,3,CIN,,7.09,1.71,R
Carlos Carrasco,2025-08-07 00:00:00,5.2,6,6,9,2,2,103,7,0.708,1,4.73,3.67,MIA,,7.09,1.71,R
Carlos Carrasco,2025-08-13 00:00:00,2,6,6,6,3,2,67,6,0.753,0,4.4,5,NYM,,7.09,1.71,R
Carmen Mlodzinski,2025-03-31 00:00:00,3.2,4,4,7,2,4,66,5,0.714,0,3.2,4,TB,,3.55,1.3,R
Carmen Mlodzinski,2025-04-07 00:00:00,5,1,1,5,2,6,92,7,0.693,1,4.1,2.5,STL,,3.55,1.3,R
Carmen Mlodzinski,2025-04-13 00:00:00,4.1,4,4,5,2,4,73,6,0.706,0,4.1,3,CIN,,3.55,1.3,R
Carmen Mlodzinski,2025-04-18 00:00:00,4,5,5,9,2,0,64,5,0.67,1,4.37,3.33,CLE,,3.55,1.3,R
Carmen Mlodzinski,2025-04-24 00:00:00,5,3,3,5,1,4,77,6,0.695,0,4.37,4,LAA,,3.55,1.3,R
Carmen Mlodzinski,2025-04-30 00:00:00,4,2,2,6,1,4,65,6,0.751,1,4.33,3.33,CHC,,3.55,1.3,R
Carmen Mlodzinski,2025-05-05 00:00:00,4.2,2,2,4,0,2,88,5,0.693,0,4.4,2.33,STL,,3.55,1.3,R
Carmen Mlodzinski,2025-05-11 00:00:00,5.2,0,0,4,1,2,83,6,0.72,1,4.47,1.33,ATL,,3.55,1.3,R
Carmen Mlodzinski,2025-05-17 00:00:00,3.1,4,4,7,1,2,78,6,0.759,0,4.17,2,PHI,,3.55,1.3,R
Carmen Mlodzinski,2025-06-13 00:00:00,2,0,0,3,0,1,25,27,0.751,0,3.43,1.33,CHC,,3.55,1.3,R
Carmen Mlodzinski,2025-06-17 00:00:00,2,4,4,4,1,2,46,4,0.73,0,2.37,2.67,DET,,3.55,1.3,R
Carmen Mlodzinski,2025-06-21 00:00:00,2.1,0,0,1,2,3,35,4,0.684,1,2.03,1.33,TEX,,3.55,1.3,R
Carmen Mlodzinski,2025-06-24 00:00:00,1.2,0,2,4,1,0,51,3,0.736,0,1.77,1.33,MIL,,3.55,1.3,R
Carmen Mlodzinski,2025-06-29 00:00:00,3.2,0,0,2,0,2,54,5,0.753,1,2.17,0,NYM,,3.55,1.3,R
Carmen Mlodzinski,2025-07-06 00:00:00,2.2,1,1,2,0,3,45,7,0.74,0,2.2,0.33,SEA,,3.55,1.3,R
Carmen Mlodzinski,2025-07-11 00:00:00,3,0,0,2,0,4,37,5,0.708,0,2.8,0.33,MIN,,3.55,1.3,R
Carmen Mlodzinski,2025-07-19 00:00:00,3.1,2,2,4,1,2,44,8,0.675,1,2.77,1,CWS,,3.55,1.3,R
Carmen Mlodzinski,2025-07-23 00:00:00,2,0,0,1,0,3,34,4,0.73,1,2.7,0.67,DET,,3.55,1.3,R
Carmen Mlodzinski,2025-07-27 00:00:00,2,0,0,2,0,4,40,4,0.757,1,2.37,0.67,AZ,,3.55,1.3,R
Carmen Mlodzinski,2025-07-30 00:00:00,2,0,0,1,0,0,19,3,0.697,0,2,0,SF,,3.55,1.3,R
Carmen Mlodzinski,2025-08-03 00:00:00,2,0,0,2,1,4,33,4,0.679,0,2,0,COL,,3.55,1.3,R
Carmen Mlodzinski,2025-08-06 00:00:00,1.2,0,0,0,0,1,14,3,0.697,1,1.73,0,SF,,3.55,1.3,R
Carmen Mlodzinski,2025-08-09 00:00:00,3,1,1,3,0,3,47,3,0.706,1,2.07,0.33,CIN,,3.55,1.3,R
Carmen Mlodzinski,2025-08-13 00:00:00,2,2,2,1,2,2,40,4,0.736,0,2.07,1,MIL,,3.55,1.3,R
Carmen Mlodzinski,2025-08-17 00:00:00,4,0,1,1,0,3,44,4,0.751,0,3,1,CHC,,3.55,1.3,R
Carmen Mlodzinski,2025-08-23 00:00:00,2,0,0,0,0,5,35,6,0.679,1,2.67,0.67,COL,,3.55,1.3,R
Carmen Mlodzinski,2025-08-27 00:00:00,3,1,1,3,3,4,46,4,0.693,0,3,0.33,STL,,3.55,1.3,R
Carmen Mlodzinski,2025-09-02 00:00:00,2,1,1,2,1,1,50,6,0.768,1,2.33,0.67,LAD,,3.55,1.3,R
Carmen Mlodzinski,2025-09-05 00:00:00,1,2,2,4,1,1,33,3,0.736,1,2,1.33,MIL,,3.55,1.3,R
Carmen Mlodzinski,2025-09-10 00:00:00,2,0,0,0,2,2,30,5,0.699,0,1.67,1,BAL,,3.55,1.3,R
Carmen Mlodzinski,2025-09-13 00:00:00,2,0,0,1,0,3,30,3,0.693,0,1.67,0.67,WSH,,3.55,1.3,R
Carmen Mlodzinski,2025-09-16 00:00:00,3,0,0,4,0,5,55,3,0.751,1,2.33,0,CHC,,3.55,1.3,R
Carmen Mlodzinski,2025-09-21 00:00:00,3,0,0,2,0,3,48,5,0.749,1,2.67,0,ATH,,3.55,1.3,R
Carmen Mlodzinski,2025-09-25 00:00:00,2,0,0,1,0,0,26,4,0.706,0,2.67,0,CIN,,3.55,1.3,R
Carson Palmquist,2025-05-16 00:00:00,4,5,5,6,1,0,76,5,0.757,0,4,5,AZ,,8.91,2.04,L
Carson Palmquist,2025-05-21 00:00:00,4.1,6,7,10,4,2,86,5,0.759,1,4.05,5.5,PHI,,8.91,2.04,L
Carson Palmquist,2025-05-26 00:00:00,5,2,2,3,3,4,92,5,0.751,0,4.37,4.33,CHC,,8.91,2.04,L
Carson Palmquist,2025-06-01 00:00:00,4.2,4,4,4,2,8,89,6,0.753,0,4.43,4,NYM,,8.91,2.04,L
Carson Palmquist,2025-06-10 00:00:00,4,2,2,4,3,2,97,9,0.697,1,4.4,2.67,SF,,8.91,2.04,L
Carson Palmquist,2025-06-16 00:00:00,4.2,4,4,4,3,2,89,6,0.693,0,4.13,3.33,WSH,,8.91,2.04,L
Carson Palmquist,2025-06-21 00:00:00,4,3,3,4,2,4,62,5,0.757,1,4.07,3,AZ,,8.91,2.04,L
Carson Palmquist,2025-08-01 00:00:00,2.1,3,3,3,5,3,64,41,0.655,1,3.43,3.33,PIT,,8.91,2.04,L
Carson Palmquist,2025-08-04 00:00:00,1.1,5,5,7,2,2,50,3,0.761,1,2.4,3.67,TOR,,8.91,2.04,L
Carson Seymour,2025-06-29 00:00:00,1,0,0,2,0,0,17,5,0.675,0,1,0,CWS,,4.75,1.39,R
Carson Seymour,2025-07-01 00:00:00,3,2,4,5,0,2,53,2,0.757,0,2,1,AZ,,4.75,1.39,R
Carson Seymour,2025-07-22 00:00:00,2,0,0,1,1,4,36,21,0.72,0,2,0.67,ATL,,4.75,1.39,R
Carson Seymour,2025-07-28 00:00:00,3,2,2,4,2,3,48,6,0.655,1,2.67,1.33,PIT,,4.75,1.39,R
Carson Seymour,2025-08-04 00:00:00,2,2,2,1,1,2,36,7,0.655,0,2.33,1.33,PIT,,4.75,1.39,R
Carson Seymour,2025-08-09 00:00:00,3,1,1,4,0,1,44,5,0.693,1,2.67,1.67,WSH,,4.75,1.39,R
Carson Seymour,2025-08-12 00:00:00,2,1,1,1,2,0,37,3,0.711,1,2.33,1.33,SD,,4.75,1.39,R
Carson Seymour,2025-08-15 00:00:00,1.2,0,0,0,1,1,31,3,0.714,1,2.07,0.67,TB,,4.75,1.39,R
Carson Seymour,2025-08-19 00:00:00,3,1,1,3,1,3,54,4,0.711,0,2.07,0.67,SD,,4.75,1.39,R
Carson Seymour,2025-08-27 00:00:00,1,0,0,0,1,0,16,8,0.751,1,1.73,0.33,CHC,,4.75,1.39,R
Carson Seymour,2025-08-30 00:00:00,3,4,4,5,2,2,60,3,0.699,1,2.33,1.67,BAL,,4.75,1.39,R
Carson Seymour,2025-09-05 00:00:00,5,1,1,2,1,2,75,6,0.693,0,3,1.67,STL,,4.75,1.39,R
Carson Seymour,2025-09-10 00:00:00,1.1,4,4,6,0,1,38,5,0.757,1,3.03,3,AZ,,4.75,1.39,R
Carson Seymour,2025-09-14 00:00:00,1,1,1,3,0,1,24,4,0.768,1,2.37,2,LAD,,4.75,1.39,R
Carson Seymour,2025-09-19 00:00:00,1,0,0,0,0,0,10,5,0.768,0,1.03,1.67,LAD,,4.75,1.39,R
Carson Seymour,2025-09-24 00:00:00,3,0,0,0,1,4,43,5,0.693,1,1.67,0.33,STL,,4.75,1.39,R
Carson Spiers,2025-04-01 00:00:00,6,1,1,3,2,5,85,5,0.684,1,6,1,TEX,,6.08,1.5,R
Carson Spiers,2025-04-06 00:00:00,3.1,4,4,5,1,3,67,5,0.736,0,4.55,2.5,MIL,,6.08,1.5,R
Carson Spiers,2025-04-19 00:00:00,4,4,4,5,4,3,94,13,0.699,0,4.37,3,BAL,,6.08,1.5,R
Carson Whisenhunt,2025-07-28 00:00:00,5,4,4,5,2,3,85,5,0.655,1,5,4,PIT,,5.01,1.46,L
Carson Whisenhunt,2025-08-03 00:00:00,5.1,1,2,3,2,4,75,6,0.753,0,5.05,2.5,NYM,,5.01,1.46,L
Carson Whisenhunt,2025-08-09 00:00:00,4,3,3,5,3,5,78,6,0.693,1,4.7,2.67,WSH,,5.01,1.46,L
Carson Whisenhunt,2025-08-22 00:00:00,4,2,2,4,2,1,88,13,0.736,0,4.37,2,MIL,,5.01,1.46,L
Carson Whisenhunt,2025-08-27 00:00:00,5,3,3,5,3,3,82,5,0.751,1,4.33,2.67,CHC,,5.01,1.46,L
Casey Legumina,2025-04-15 00:00:00,1,0,0,1,0,1,19,5,0.706,0,1,0,CIN,,5.62,1.45,R
Casey Legumina,2025-04-17 00:00:00,1,0,0,0,0,1,12,2,0.706,0,1,0,CIN,,5.62,1.45,R
Casey Legumina,2025-04-19 00:00:00,1,0,0,0,1,1,19,2,0.761,0,1,0,TOR,,5.62,1.45,R
Casey Legumina,2025-04-20 00:00:00,1,0,0,0,0,0,9,1,0.761,0,1,0,TOR,,5.62,1.45,R
Casey Legumina,2025-04-23 00:00:00,1,3,3,2,1,2,23,3,0.745,0,1,1,BOS,,5.62,1.45,R
Casey Legumina,2025-04-26 00:00:00,1,0,0,1,0,1,17,3,0.708,1,1,1,MIA,,5.62,1.45,R
Casey Legumina,2025-04-29 00:00:00,0.2,0,0,1,0,1,10,3,0.695,1,0.73,1,LAA,,5.62,1.45,R
Casey Legumina,2025-04-30 00:00:00,1,0,0,1,1,0,21,1,0.695,1,0.73,0,LAA,,5.62,1.45,R
Casey Legumina,2025-05-04 00:00:00,1,0,0,0,1,0,18,4,0.684,0,0.73,0,TEX,,5.62,1.45,R
Casey Legumina,2025-05-05 00:00:00,0.1,0,1,1,2,0,7,1,0.749,0,0.7,0,ATH,,5.62,1.45,R
Casey Legumina,2025-05-09 00:00:00,2,0,0,0,0,3,21,4,0.761,1,1.03,0,TOR,,5.62,1.45,R
Casey Legumina,2025-05-12 00:00:00,1,0,0,0,1,1,15,3,0.787,1,1.03,0,NYY,,5.62,1.45,R
Casey Legumina,2025-05-13 00:00:00,1,0,0,0,1,0,14,1,0.787,1,1.33,0,NYY,,5.62,1.45,R
Casey Legumina,2025-05-16 00:00:00,1,0,0,0,0,2,11,3,0.711,0,1,0,SD,,5.62,1.45,R
Casey Legumina,2025-05-17 00:00:00,0.2,0,0,1,0,1,12,1,0.711,0,0.73,0,SD,,5.62,1.45,R
Casey Legumina,2025-05-20 00:00:00,1,0,0,1,1,1,21,3,0.675,0,0.73,0,CWS,,5.62,1.45,R
Casey Legumina,2025-05-21 00:00:00,1,0,1,1,1,2,26,1,0.675,0,0.73,0,CWS,,5.62,1.45,R
Casey Legumina,2025-05-24 00:00:00,2,0,0,2,0,0,22,3,0.714,0,1.33,0,HOU,,5.62,1.45,R
Casey Legumina,2025-05-25 00:00:00,0,2,2,2,0,0,7,1,0.714,0,1,0.67,HOU,,5.62,1.45,R
Casey Legumina,2025-05-30 00:00:00,1,5,6,4,2,1,33,5,0.708,1,1,2.33,MIN,,5.62,1.45,R
Casey Legumina,2025-06-04 00:00:00,1,0,0,1,1,0,12,5,0.699,1,0.67,2.33,BAL,,5.62,1.45,R
Casey Legumina,2025-06-05 00:00:00,1,0,0,1,0,2,19,1,0.699,1,1,1.67,BAL,,5.62,1.45,R
Casey Legumina,2025-06-09 00:00:00,2,2,2,2,2,3,43,4,0.757,0,1.33,0.67,AZ,,5.62,1.45,R
Casey Legumina,2025-06-14 00:00:00,1,0,0,0,0,1,12,5,0.67,1,1.33,0.67,CLE,,5.62,1.45,R
Casey Legumina,2025-06-15 00:00:00,1,0,0,1,0,1,17,1,0.67,1,1.33,0.67,CLE,,5.62,1.45,R
Casey Legumina,2025-06-17 00:00:00,1,0,0,0,0,2,12,2,0.745,1,1,0,BOS,,5.62,1.45,R
Casey Legumina,2025-06-20 00:00:00,1,0,0,1,0,1,6,3,0.751,0,1,0,CHC,,5.62,1.45,R
Casey Legumina,2025-06-21 00:00:00,0.2,0,0,0,0,1,6,1,0.751,0,0.73,0,CHC,,5.62,1.45,R
Casey Legumina,2025-06-22 00:00:00,1,0,0,0,0,1,12,1,0.751,0,0.73,0,CHC,,5.62,1.45,R
Casey Legumina,2025-06-27 00:00:00,1.1,0,0,0,0,3,19,5,0.684,0,0.77,0,TEX,,5.62,1.45,R
Casey Legumina,2025-06-29 00:00:00,2,0,0,0,0,2,30,2,0.684,0,1.37,0,TEX,,5.62,1.45,R
Casey Legumina,2025-07-03 00:00:00,0.2,2,2,0,3,0,24,4,0.706,1,1.1,0.67,KC,,5.62,1.45,R
Casey Legumina,2025-07-08 00:00:00,1,5,5,5,0,2,29,5,0.787,0,1.07,2.33,NYY,,5.62,1.45,R
Casey Legumina,2025-07-13 00:00:00,0.2,1,1,1,0,1,13,5,0.73,0,0.47,2.67,DET,,5.62,1.45,R
Casey Legumina,2025-07-19 00:00:00,1,0,0,0,0,3,12,6,0.714,1,0.73,2,HOU,,5.62,1.45,R
Casey Legumina,2025-07-20 00:00:00,1,4,4,3,1,0,28,1,0.714,1,0.73,1.67,HOU,,5.62,1.45,R
Casey Legumina,2025-07-23 00:00:00,1,0,0,0,0,2,9,3,0.736,1,1,1.33,MIL,,5.62,1.45,R
Casey Legumina,2025-07-25 00:00:00,0.2,0,1,1,1,0,15,2,0.695,0,0.73,1.33,LAA,,5.62,1.45,R
Casey Legumina,2025-07-27 00:00:00,2,0,0,0,0,2,30,2,0.695,0,1.07,0,LAA,,5.62,1.45,R
Casey Legumina,2025-07-31 00:00:00,0.1,0,0,0,0,1,7,4,0.684,1,0.77,0,TEX,,5.62,1.45,R
Casey Legumina,2025-08-02 00:00:00,0.1,1,2,3,0,1,12,2,0.684,1,0.73,0.33,TEX,,5.62,1.45,R
Casey Legumina,2025-08-05 00:00:00,1,0,0,1,2,0,38,3,0.675,1,0.4,0.33,CWS,,5.62,1.45,R
Casey Legumina,2025-08-14 00:00:00,1.1,0,0,0,1,1,23,9,0.699,0,0.73,0.33,BAL,,5.62,1.45,R
Casey Legumina,2025-08-16 00:00:00,1,0,0,0,0,1,17,2,0.753,0,1.03,0,NYM,,5.62,1.45,R
Casey Legumina,2025-08-18 00:00:00,2,5,5,7,0,2,38,2,0.759,0,1.37,1.67,PHI,,5.62,1.45,R
Casey Legumina,2025-09-14 00:00:00,1,0,0,0,1,2,15,27,0.695,1,1.33,1.67,LAA,,5.62,1.45,R
Casey Legumina,2025-09-25 00:00:00,1,1,1,2,1,2,20,11,0.679,1,1.33,2,COL,,5.62,1.45,R
Casey Legumina,2025-09-26 00:00:00,1,0,0,0,0,0,6,1,0.768,1,1,0.33,LAD,,5.62,1.45,R
Casey Mize,2025-04-01 00:00:00,5.2,0,0,1,3,6,82,5,0.74,0,5.2,0,SEA,,3.87,1.27,R
Casey Mize,2025-04-07 00:00:00,6,1,1,4,3,6,88,6,0.787,1,5.6,0.5,NYY,,3.87,1.27,R
Casey Mize,2025-04-13 00:00:00,5.2,4,4,7,0,3,74,6,0.708,0,5.47,1.67,MIN,,3.87,1.27,R
Casey Mize,2025-04-19 00:00:00,7,1,1,4,1,3,88,6,0.706,1,6.07,2,KC,,3.87,1.27,R
Casey Mize,2025-04-26 00:00:00,5.1,1,1,8,0,5,87,7,0.699,1,5.77,2,BAL,,3.87,1.27,R
Casey Mize,2025-05-01 00:00:00,7,4,4,7,2,4,95,5,0.695,0,6.37,2,LAA,,3.87,1.27,R
Casey Mize,2025-05-08 00:00:00,6,1,1,3,0,8,86,7,0.679,0,6.03,2,COL,,3.87,1.27,R
Casey Mize,2025-05-24 00:00:00,5,1,2,4,1,6,77,16,0.67,1,6,2,CLE,,3.87,1.27,R
Casey Mize,2025-05-30 00:00:00,3.1,3,3,8,2,4,79,6,0.706,0,4.7,1.67,KC,,3.87,1.27,R
Casey Mize,2025-06-05 00:00:00,4.2,2,2,6,4,3,93,6,0.675,0,4.1,2,CWS,,3.87,1.27,R
Casey Mize,2025-06-11 00:00:00,5.1,2,2,8,2,7,90,6,0.699,0,4.13,2.33,BAL,,3.87,1.27,R
Casey Mize,2025-06-17 00:00:00,6,2,3,5,0,4,92,6,0.655,1,5.1,2,PIT,,3.87,1.27,R
Casey Mize,2025-06-22 00:00:00,5,1,1,6,0,5,80,5,0.714,0,5.37,1.67,TB,,3.87,1.27,R
Casey Mize,2025-06-28 00:00:00,6.2,2,2,5,1,5,94,6,0.708,1,5.73,1.67,MIN,,3.87,1.27,R
Casey Mize,2025-07-05 00:00:00,7,0,0,4,2,4,102,7,0.67,0,6.07,1,CLE,,3.87,1.27,R
Casey Mize,2025-07-12 00:00:00,3,6,6,6,1,4,68,7,0.74,1,5.4,2.67,SEA,,3.87,1.27,R
Casey Mize,2025-07-22 00:00:00,4,4,5,10,1,5,86,10,0.655,0,4.67,3.33,PIT,,3.87,1.27,R
Casey Mize,2025-07-29 00:00:00,1.2,1,2,3,3,2,59,7,0.757,1,2.73,3.67,AZ,,3.87,1.27,R
Casey Mize,2025-08-04 00:00:00,6,3,3,4,0,4,67,6,0.708,1,3.73,2.67,MIN,,3.87,1.27,R
Casey Mize,2025-08-10 00:00:00,5,2,2,3,2,5,91,6,0.695,1,4.07,2,LAA,,3.87,1.27,R
Casey Mize,2025-08-16 00:00:00,6.1,4,4,4,1,10,89,6,0.708,0,5.7,3,MIN,,3.87,1.27,R
Casey Mize,2025-08-22 00:00:00,5.2,3,3,9,1,0,87,6,0.706,1,5.43,3,KC,,3.87,1.27,R
Casey Mize,2025-08-27 00:00:00,3.1,5,5,7,2,4,78,5,0.749,0,4.8,4,ATH,,3.87,1.27,R
Casey Mize,2025-09-03 00:00:00,5,1,1,5,0,3,69,7,0.753,1,4.43,3,NYM,,3.87,1.27,R
Casey Mize,2025-09-09 00:00:00,6,2,2,4,0,8,88,6,0.787,0,4.7,2.67,NYY,,3.87,1.27,R
Casey Mize,2025-09-16 00:00:00,5.1,3,3,7,1,8,87,7,0.67,1,5.37,2,CLE,,3.87,1.27,R
Casey Mize,2025-09-21 00:00:00,5.2,3,3,5,3,5,97,5,0.72,1,5.43,2.67,ATL,,3.87,1.27,R
Casey Mize,2025-09-26 00:00:00,6.1,2,2,6,0,8,80,5,0.745,0,5.47,2.67,BOS,,3.87,1.27,R
Casey Mize,2025-10-01 00:00:00,3,1,1,1,2,1,62,5,0.67,0,4.77,2,CLE,,3.87,1.27,R
Casey Mize,2025-10-08 00:00:00,3,1,1,2,2,6,54,7,0.74,1,4.03,1.33,SEA,,3.87,1.27,R
Chad Patrick,2025-03-29 00:00:00,1,2,2,2,1,1,22,5,0.787,0,1,2,NYY,,3.53,1.28,R
Chad Patrick,2025-04-01 00:00:00,4.2,0,0,3,3,5,86,3,0.706,1,2.6,1,KC,,3.53,1.28,R
Chad Patrick,2025-04-06 00:00:00,5.1,1,1,2,3,4,80,5,0.706,1,3.43,1,CIN,,3.53,1.28,R
Chad Patrick,2025-04-12 00:00:00,4.1,0,0,5,2,3,77,6,0.757,0,4.47,0.33,AZ,,3.53,1.28,R
Chad Patrick,2025-04-19 00:00:00,6,2,2,7,0,7,94,7,0.749,1,5.07,1,ATH,,3.53,1.28,R
Chad Patrick,2025-04-25 00:00:00,4.1,2,2,4,2,2,70,6,0.693,0,4.73,1.33,STL,,3.53,1.28,R
Chad Patrick,2025-05-01 00:00:00,5.2,3,3,6,0,4,102,6,0.675,0,5.1,2.33,CWS,,3.53,1.28,R
Chad Patrick,2025-05-06 00:00:00,6.2,3,3,4,1,6,91,5,0.714,1,5.17,2.67,HOU,,3.53,1.28,R
Chad Patrick,2025-05-11 00:00:00,4.1,2,2,6,2,4,81,5,0.714,0,5.17,2.67,TB,,3.53,1.28,R
Chad Patrick,2025-05-16 00:00:00,6,3,3,8,1,2,88,5,0.708,1,5.43,2.67,MIN,,3.53,1.28,R
Chad Patrick,2025-05-21 00:00:00,4.2,1,1,4,1,7,89,5,0.699,1,4.77,2,BAL,,3.53,1.28,R
Chad Patrick,2025-05-26 00:00:00,4.2,0,0,3,2,6,79,5,0.745,1,4.8,1.33,BOS,,3.53,1.28,R
Chad Patrick,2025-05-31 00:00:00,6,2,2,5,0,6,94,5,0.759,0,4.8,1,PHI,,3.53,1.28,R
Chad Patrick,2025-06-06 00:00:00,6,1,1,4,3,6,98,6,0.711,1,5.4,1,SD,,3.53,1.28,R
Chad Patrick,2025-06-11 00:00:00,5,5,5,7,3,8,94,5,0.72,1,5.67,2.67,ATL,,3.53,1.28,R
Chad Patrick,2025-06-17 00:00:00,5,4,4,6,2,5,74,6,0.751,0,5.33,3.33,CHC,,3.53,1.28,R
Chad Patrick,2025-06-23 00:00:00,5,4,4,9,1,9,99,6,0.655,1,5,4.33,PIT,,3.53,1.28,R
Chad Patrick,2025-06-29 00:00:00,5,0,0,4,2,8,99,6,0.679,1,5,2.67,COL,,3.53,1.28,R
Chad Patrick,2025-07-05 00:00:00,5,2,2,4,1,2,72,6,0.708,0,5,2,MIA,,3.53,1.28,R
Chad Patrick,2025-08-19 00:00:00,5,3,5,5,2,4,81,45,0.751,0,5,1.67,CHC,,3.53,1.28,R
Chad Patrick,2025-08-24 00:00:00,5.1,2,2,4,2,7,87,5,0.697,1,5.03,2.33,SF,,3.53,1.28,R
Chad Patrick,2025-09-09 00:00:00,4.1,3,3,3,3,6,80,16,0.684,0,4.73,2.67,TEX,,3.53,1.28,R
Chad Patrick,2025-09-14 00:00:00,1,0,0,1,0,1,22,5,0.693,1,3.4,1.67,STL,,3.53,1.28,R
Chad Patrick,2025-09-16 00:00:00,1,0,0,0,0,3,19,2,0.695,1,2.03,1,LAA,,3.53,1.28,R
Chad Patrick,2025-09-20 00:00:00,4.1,2,2,5,0,3,56,4,0.693,0,2.03,0.67,STL,,3.53,1.28,R
Chad Patrick,2025-09-24 00:00:00,3,0,0,2,2,6,57,4,0.711,0,2.7,0.67,SD,,3.53,1.28,R
Chad Patrick,2025-09-28 00:00:00,1,0,0,0,1,2,19,4,0.706,1,2.7,0.67,CIN,,3.53,1.28,R
Chad Patrick,2025-10-06 00:00:00,1,0,0,0,0,2,11,8,0.751,1,1.67,0,CHC,,3.53,1.28,R
Chad Patrick,2025-10-08 00:00:00,1.2,0,0,0,0,1,22,2,0.751,0,1.07,0,CHC,,3.53,1.28,R
Chad Patrick,2025-10-09 00:00:00,0.1,0,0,0,0,0,4,1,0.751,0,0.77,0,CHC,,3.53,1.28,R
Chad Patrick,2025-10-11 00:00:00,1.2,0,0,0,0,3,25,2,0.751,1,0.83,0,CHC,,3.53,1.28,R
Chad Patrick,2025-10-13 00:00:00,0.1,1,1,2,1,0,19,2,0.768,1,0.47,0.33,LAD,,3.53,1.28,R
Chad Patrick,2025-10-17 00:00:00,4,1,1,1,0,5,47,4,0.768,0,1.77,0.67,LAD,,3.53,1.28,R
Chase Burns,2025-06-24 00:00:00,5,3,3,6,0,8,81,5,0.787,1,5,3,NYY,,4.57,1.32,R
Chase Burns,2025-06-30 00:00:00,0.1,5,7,5,2,0,33,6,0.745,0,2.55,4,BOS,,4.57,1.32,R
Chase Burns,2025-07-06 00:00:00,4.2,1,1,2,4,7,91,6,0.759,0,3.1,3,PHI,,4.57,1.32,R
Chase Burns,2025-07-11 00:00:00,6,2,2,4,3,10,95,5,0.679,1,3.43,2.67,COL,,4.57,1.32,R
Chase Burns,2025-07-22 00:00:00,5.2,5,6,7,2,10,98,11,0.693,0,5.13,2.67,WSH,,4.57,1.32,R
Chase Burns,2025-07-28 00:00:00,5.2,3,3,6,1,10,91,6,0.768,1,5.47,3.33,LAD,,4.57,1.32,R
Chase Burns,2025-08-02 00:00:00,1,0,0,0,0,2,18,5,0.72,1,3.8,2.67,ATL,,4.57,1.32,R
Chase Burns,2025-08-08 00:00:00,6,1,1,3,1,10,97,6,0.655,0,4.07,1.33,PIT,,4.57,1.32,R
Chase Burns,2025-09-12 00:00:00,2,1,1,3,0,1,36,35,0.749,0,3,0.67,ATH,,4.57,1.32,R
Chase Burns,2025-09-17 00:00:00,2,0,0,2,1,1,26,5,0.693,0,3.33,0.67,STL,,4.57,1.32,R
Chase Burns,2025-09-20 00:00:00,1.1,1,1,3,0,1,36,3,0.751,1,1.7,0.67,CHC,,4.57,1.32,R
Chase Burns,2025-09-24 00:00:00,2,0,0,0,0,3,30,4,0.655,1,1.7,0.33,PIT,,4.57,1.32,R
Chase Burns,2025-09-28 00:00:00,1.2,0,0,0,2,4,33,4,0.736,0,1.43,0.33,MIL,,4.57,1.32,R
Chase Burns,2025-10-01 00:00:00,1.2,0,0,0,0,1,13,3,0.768,0,1.47,0,LAD,,4.57,1.32,R
Chase Dollander,2025-04-06 00:00:00,5,4,4,7,1,6,79,5,0.749,1,5,4,ATH,,6.52,1.55,R
Chase Dollander,2025-04-12 00:00:00,5.2,2,2,3,2,7,93,6,0.711,0,5.1,3,SD,,6.52,1.55,R
Chase Dollander,2025-04-19 00:00:00,4,6,9,9,2,5,78,7,0.693,1,4.73,4,WSH,,6.52,1.55,R
Chase Dollander,2025-04-24 00:00:00,4.2,5,5,7,2,3,92,5,0.706,0,4.47,4.33,KC,,6.52,1.55,R
Chase Dollander,2025-04-30 00:00:00,5.2,1,1,2,3,4,87,6,0.72,1,4.47,4,ATL,,6.52,1.55,R
Chase Dollander,2025-05-07 00:00:00,3,6,6,5,3,0,70,7,0.73,1,4.13,4,DET,,6.52,1.55,R
Chase Dollander,2025-05-12 00:00:00,6,2,2,1,3,7,85,5,0.684,0,4.73,3,TEX,,6.52,1.55,R
Chase Dollander,2025-05-18 00:00:00,4.2,1,1,3,2,6,98,6,0.757,0,4.4,3,AZ,,6.52,1.55,R
Chase Dollander,2025-06-03 00:00:00,3,2,2,2,3,1,59,16,0.708,0,4.4,1.67,MIA,,6.52,1.55,R
Chase Dollander,2025-06-08 00:00:00,3,5,5,8,1,3,78,5,0.753,1,3.4,2.67,NYM,,6.52,1.55,R
Chase Dollander,2025-06-14 00:00:00,6,3,4,6,3,4,97,6,0.72,0,4,3.33,ATL,,6.52,1.55,R
Chase Dollander,2025-06-19 00:00:00,6,2,2,6,0,2,81,5,0.693,0,5,3.33,WSH,,6.52,1.55,R
Chase Dollander,2025-06-25 00:00:00,5.2,3,3,3,2,1,77,6,0.768,1,5.73,2.67,LAD,,6.52,1.55,R
Chase Dollander,2025-07-01 00:00:00,2.2,6,6,7,2,1,69,6,0.714,1,4.47,3.67,HOU,,6.52,1.55,R
Chase Dollander,2025-07-06 00:00:00,3.2,3,3,5,4,2,92,5,0.675,1,3.53,4,CWS,,6.52,1.55,R
Chase Dollander,2025-08-11 00:00:00,5,1,1,5,3,5,92,36,0.693,0,3.47,3.33,STL,,6.52,1.55,R
Chase Dollander,2025-08-16 00:00:00,4.2,4,5,6,2,6,95,5,0.757,1,4.13,2.67,AZ,,6.52,1.55,R
Chase Dollander,2025-08-21 00:00:00,3.2,7,7,9,2,5,97,5,0.768,1,4.13,4,LAD,,6.52,1.55,R
Chase Dollander,2025-08-27 00:00:00,6,1,1,3,4,7,98,6,0.714,0,4.47,4,HOU,,6.52,1.55,R
Chase Dollander,2025-09-01 00:00:00,5,6,6,5,3,2,84,5,0.697,1,4.73,4.67,SF,,6.52,1.55,R
Chase Dollander,2025-09-08 00:00:00,5,1,1,1,2,5,76,7,0.768,0,5.33,2.67,LAD,,6.52,1.55,R
Chase Petty,2025-04-30 00:00:00,2.1,9,9,7,2,3,69,5,0.693,1,2.1,9,STL,,19.5,3.67,R
Chase Petty,2025-05-11 00:00:00,3,4,4,6,6,4,90,11,0.714,0,2.55,6.5,HOU,,19.5,3.67,R
Chase Petty,2025-06-21 00:00:00,0.2,0,1,1,0,0,10,41,0.693,0,1.77,4.33,STL,,19.5,3.67,R
Chayce McDermott,2025-05-14 00:00:00,3,4,4,4,3,5,65,5,0.708,1,3,4,MIN,,15.58,2.77,R
Chayce McDermott,2025-05-20 00:00:00,4.2,3,3,4,5,2,75,6,0.736,0,3.6,3.5,MIL,,15.58,2.77,R
Chayce McDermott,2025-09-16 00:00:00,0.2,4,4,2,1,2,31,119,0.675,0,2.47,3.67,CWS,,15.58,2.77,R
Chayce McDermott,2025-09-18 00:00:00,0.1,4,4,2,3,0,24,2,0.787,1,1.5,3.67,NYY,,15.58,2.77,R
Chris Bassitt,2025-03-30 00:00:00,6,1,1,8,2,7,106,5,0.699,1,6,1,BAL,,3.96,1.33,R
Chris Bassitt,2025-04-05 00:00:00,6.2,0,0,4,0,9,92,6,0.753,0,6.1,0.5,NYM,,3.96,1.33,R
Chris Bassitt,2025-04-10 00:00:00,5.2,1,1,5,1,5,86,5,0.745,0,5.8,0.67,BOS,,3.96,1.33,R
Chris Bassitt,2025-04-16 00:00:00,5,0,0,3,2,10,90,6,0.72,1,5.47,0.33,ATL,,3.96,1.33,R
Chris Bassitt,2025-04-22 00:00:00,5.1,4,4,7,1,3,96,6,0.714,0,5.1,1.67,HOU,,3.96,1.33,R
Chris Bassitt,2025-04-27 00:00:00,5.2,4,4,6,1,5,93,5,0.787,0,5.1,2.67,NYY,,3.96,1.33,R
Chris Bassitt,2025-05-02 00:00:00,5.1,3,3,7,0,4,98,5,0.67,1,5.13,3.67,CLE,,3.96,1.33,R
Chris Bassitt,2025-05-08 00:00:00,6,4,5,8,1,6,101,6,0.695,0,5.43,3.67,LAA,,3.96,1.33,R
Chris Bassitt,2025-05-14 00:00:00,5.2,1,1,7,2,6,96,6,0.714,1,5.43,2.67,TB,,3.96,1.33,R
Chris Bassitt,2025-05-20 00:00:00,6,0,0,4,1,6,100,6,0.711,1,5.73,1.67,SD,,3.96,1.33,R
Chris Bassitt,2025-05-25 00:00:00,4,5,5,9,2,2,83,5,0.714,0,5.07,2,TB,,3.96,1.33,R
Chris Bassitt,2025-05-30 00:00:00,5,5,5,7,2,6,82,5,0.749,1,5,3.33,ATH,,3.96,1.33,R
Chris Bassitt,2025-06-05 00:00:00,7,1,1,5,2,6,99,6,0.759,1,5.33,3.67,PHI,,3.96,1.33,R
Chris Bassitt,2025-06-10 00:00:00,7,4,4,6,2,3,89,5,0.693,0,6.33,3.33,STL,,3.96,1.33,R
Chris Bassitt,2025-06-17 00:00:00,6,3,3,6,1,5,97,7,0.757,1,6.67,2.67,AZ,,3.96,1.33,R
Chris Bassitt,2025-06-22 00:00:00,6,1,1,3,1,7,82,5,0.675,1,6.33,2.67,CWS,,3.96,1.33,R
Chris Bassitt,2025-06-28 00:00:00,2,8,9,8,4,3,70,6,0.745,0,4.67,4,BOS,,3.96,1.33,R
Chris Bassitt,2025-07-03 00:00:00,5.2,3,3,8,3,9,113,5,0.787,1,4.4,4,NYY,,3.96,1.33,R
Chris Bassitt,2025-07-08 00:00:00,6,1,1,4,1,1,78,5,0.675,0,4.4,4,CWS,,3.96,1.33,R
Chris Bassitt,2025-07-13 00:00:00,1,0,0,0,0,1,10,5,0.749,0,4.07,1.33,ATH,,3.96,1.33,R
Chris Bassitt,2025-07-18 00:00:00,6.1,0,0,10,0,5,97,5,0.697,1,4.37,0.33,SF,,3.96,1.33,R
Chris Bassitt,2025-07-23 00:00:00,7.1,3,4,3,0,8,94,5,0.787,1,4.73,1,NYY,,3.96,1.33,R
Chris Bassitt,2025-07-28 00:00:00,2.1,6,6,7,1,4,69,5,0.699,0,5.1,3,BAL,,3.96,1.33,R
Chris Bassitt,2025-08-03 00:00:00,6,1,1,1,3,5,91,6,0.706,1,5.07,3.33,KC,,3.96,1.33,R
Chris Bassitt,2025-08-09 00:00:00,4.2,3,3,6,2,2,68,6,0.768,0,4.1,3.33,LAD,,3.96,1.33,R
Chris Bassitt,2025-08-15 00:00:00,5,3,3,4,4,4,100,6,0.684,1,5.07,2.33,TEX,,3.96,1.33,R
Chris Bassitt,2025-08-20 00:00:00,5.2,2,2,6,2,10,107,5,0.655,0,4.8,2.67,PIT,,3.96,1.33,R
Chris Bassitt,2025-08-26 00:00:00,5.2,2,2,4,3,6,93,6,0.708,1,5.13,2.33,MIN,,3.96,1.33,R
Chris Bassitt,2025-09-01 00:00:00,6,2,2,5,2,6,107,6,0.706,0,5.47,2,CIN,,3.96,1.33,R
Chris Bassitt,2025-09-06 00:00:00,5,0,2,3,3,3,80,5,0.787,0,5.4,1.33,NYY,,3.96,1.33,R
Chris Bassitt,2025-09-12 00:00:00,5,1,1,2,1,6,75,6,0.699,1,5.33,1,BAL,,3.96,1.33,R
Chris Bassitt,2025-09-18 00:00:00,4.1,3,3,8,2,3,89,6,0.714,0,4.7,1.33,TB,,3.96,1.33,R
Chris Bassitt,2025-10-13 00:00:00,1.2,0,0,0,0,2,24,25,0.74,1,3.43,1.33,SEA,,3.96,1.33,R
Chris Bassitt,2025-10-20 00:00:00,1,0,0,0,0,1,10,7,0.74,1,2.1,1,SEA,,3.96,1.33,R
Chris Bassitt,2025-10-24 00:00:00,1,0,0,0,1,2,21,4,0.768,1,1.07,0,LAD,,3.96,1.33,R
Chris Bassitt,2025-10-27 00:00:00,1,0,0,0,0,1,8,3,0.768,0,1,0,LAD,,3.96,1.33,R
Chris Bassitt,2025-10-28 00:00:00,2,0,0,1,0,2,20,1,0.768,0,1.33,0,LAD,,3.96,1.33,R
Chris Bassitt,2025-10-31 00:00:00,1,0,0,0,0,2,13,3,0.768,1,1.33,0,LAD,,3.96,1.33,R
Chris Bassitt,2025-11-01 00:00:00,1,1,1,2,1,0,26,1,0.768,1,1.33,0.33,LAD,,3.96,1.33,R
Chris Devenski,2025-04-30 00:00:00,2,2,2,2,1,2,38,5,0.757,1,2,2,AZ,,2.16,0.9,R
Chris Devenski,2025-05-31 00:00:00,1,0,0,1,0,1,16,31,0.679,1,1.5,1,COL,,2.16,0.9,R
Chris Devenski,2025-06-21 00:00:00,1,0,0,0,0,1,13,21,0.759,0,1.33,0.67,PHI,,2.16,0.9,R
Chris Devenski,2025-06-22 00:00:00,1,0,0,0,0,1,14,1,0.759,0,1,0,PHI,,2.16,0.9,R
Chris Devenski,2025-07-05 00:00:00,0.1,0,0,1,0,0,5,13,0.787,1,0.7,0,NYY,,2.16,0.9,R
Chris Devenski,2025-07-06 00:00:00,2,0,0,1,0,2,26,1,0.787,1,1.03,0,NYY,,2.16,0.9,R
Chris Devenski,2025-07-11 00:00:00,1,0,0,0,0,0,11,5,0.706,0,1.03,0,KC,,2.16,0.9,R
Chris Devenski,2025-07-12 00:00:00,1,0,0,0,1,0,21,1,0.706,0,1.33,0,KC,,2.16,0.9,R
Chris Devenski,2025-07-19 00:00:00,1,0,0,0,0,1,14,7,0.706,1,1,0,CIN,,2.16,0.9,R
Chris Devenski,2025-07-21 00:00:00,1,1,1,2,1,1,21,2,0.695,1,1,0.33,LAA,,2.16,0.9,R
Chris Devenski,2025-07-29 00:00:00,1.1,1,1,1,1,0,23,8,0.711,0,1.03,0.67,SD,,2.16,0.9,R
Chris Devenski,2025-08-30 00:00:00,3,0,0,0,1,3,42,32,0.708,1,1.7,0.67,MIA,,2.16,0.9,R
Chris Devenski,2025-09-19 00:00:00,1,0,0,2,0,2,18,20,0.693,1,1.7,0.33,WSH,,2.16,0.9,R
Chris Flexen,2025-05-02 00:00:00,3,0,0,1,2,4,54,5,0.736,0,3,0,MIL,,3.09,1.15,R
Chris Flexen,2025-05-06 00:00:00,1,0,0,1,0,1,12,4,0.697,1,2,0,SF,,3.09,1.15,R
Chris Flexen,2025-05-07 00:00:00,1,0,0,1,0,0,13,1,0.697,1,1.67,0,SF,,3.09,1.15,R
Chris Flexen,2025-05-13 00:00:00,2,0,0,1,1,1,30,6,0.708,1,1.33,0,MIA,,3.09,1.15,R
Chris Flexen,2025-05-20 00:00:00,2,0,0,2,0,0,22,7,0.708,0,1.67,0,MIA,,3.09,1.15,R
Chris Flexen,2025-05-23 00:00:00,1.1,0,0,0,0,0,14,3,0.706,0,1.7,0,CIN,,3.09,1.15,R
Chris Flexen,2025-05-27 00:00:00,2,0,1,1,0,1,24,4,0.679,1,1.7,0,COL,,3.09,1.15,R
Chris Flexen,2025-05-30 00:00:00,2,0,0,0,1,1,21,3,0.706,1,1.7,0,CIN,,3.09,1.15,R
Chris Flexen,2025-06-08 00:00:00,2,0,0,3,0,2,25,9,0.73,0,2,0,DET,,3.09,1.15,R
Chris Flexen,2025-06-10 00:00:00,1,0,0,0,1,0,17,2,0.759,0,1.67,0,PHI,,3.09,1.15,R
Chris Flexen,2025-06-15 00:00:00,1,0,0,0,0,0,16,5,0.655,1,1.33,0,PIT,,3.09,1.15,R
Chris Flexen,2025-06-19 00:00:00,3,0,0,1,1,3,46,4,0.736,1,1.67,0,MIL,,3.09,1.15,R
Chris Flexen,2025-06-22 00:00:00,1.2,2,2,2,1,0,34,3,0.74,1,1.73,0.67,SEA,,3.09,1.15,R
Chris Flexen,2025-06-24 00:00:00,1,0,0,1,0,0,18,2,0.693,0,1.73,0.67,STL,,3.09,1.15,R
Chris Flexen,2025-06-27 00:00:00,4,0,0,2,1,1,50,3,0.714,0,2.07,0.67,HOU,,3.09,1.15,R
Chris Flexen,2025-07-03 00:00:00,1,0,0,0,0,1,14,6,0.67,1,2,0,CLE,,3.09,1.15,R
Chris Flexen,2025-07-05 00:00:00,3.2,1,1,4,0,2,64,2,0.693,1,2.73,0.33,STL,,3.09,1.15,R
Chris Flexen,2025-07-11 00:00:00,4,3,3,3,3,2,68,6,0.787,0,2.73,1.33,NYY,,3.09,1.15,R
Chris Flexen,2025-07-21 00:00:00,3,5,5,7,1,0,59,10,0.706,1,3.4,3,KC,,3.09,1.15,R
Chris Flexen,2025-07-25 00:00:00,2,2,4,5,0,2,47,4,0.675,0,3,3.33,CWS,,3.09,1.15,R
Chris Flexen,2025-07-28 00:00:00,2,2,2,3,0,1,25,3,0.736,0,2.33,3,MIL,,3.09,1.15,R
Chris Sale,2025-03-27 00:00:00,5,3,3,6,1,7,84,5,0.711,0,5,3,SD,,2.58,1.07,L
Chris Sale,2025-04-01 00:00:00,5,3,3,4,0,5,87,5,0.768,0,5,3,LAD,,2.58,1.07,L
Chris Sale,2025-04-08 00:00:00,4.2,5,5,9,0,5,86,7,0.759,1,4.73,3.67,PHI,,2.58,1.07,L
Chris Sale,2025-04-13 00:00:00,4.1,3,4,6,3,7,98,5,0.714,0,4.43,3.67,TB,,2.58,1.07,L
Chris Sale,2025-04-19 00:00:00,4.1,2,2,6,3,8,98,6,0.708,1,4.13,3.33,MIN,,2.58,1.07,L
Chris Sale,2025-04-25 00:00:00,5,1,1,5,2,4,104,6,0.757,0,4.4,2,AZ,,2.58,1.07,L
Chris Sale,2025-04-30 00:00:00,7,2,2,5,0,10,100,5,0.679,0,5.37,1.67,COL,,2.58,1.07,L
Chris Sale,2025-05-06 00:00:00,6.2,0,0,5,2,10,112,6,0.706,1,6.07,1,CIN,,2.58,1.07,L
Chris Sale,2025-05-11 00:00:00,5.2,2,3,8,2,8,99,5,0.655,0,6.13,1.33,PIT,,2.58,1.07,L
Chris Sale,2025-05-16 00:00:00,7,1,1,5,2,8,99,5,0.745,0,6.13,1,BOS,,2.58,1.07,L
Chris Sale,2025-05-23 00:00:00,7,1,1,4,1,6,95,7,0.711,1,6.4,1.33,SD,,2.58,1.07,L
Chris Sale,2025-05-29 00:00:00,6,0,0,2,3,8,102,6,0.759,0,6.67,0.67,PHI,,2.58,1.07,L
Chris Sale,2025-06-04 00:00:00,6,1,1,3,4,10,103,6,0.757,1,6.33,0.67,AZ,,2.58,1.07,L
Chris Sale,2025-06-09 00:00:00,7,1,1,5,2,11,103,5,0.736,0,6.33,0.67,MIL,,2.58,1.07,L
Chris Sale,2025-06-18 00:00:00,8.2,0,0,5,1,7,116,9,0.753,1,7.07,0.67,NYM,,2.58,1.07,L
Chris Sale,2025-08-30 00:00:00,6,1,1,3,1,9,78,73,0.759,0,7.07,0.67,PHI,,2.58,1.07,L
Chris Sale,2025-09-05 00:00:00,6.2,1,1,4,0,9,92,6,0.74,1,6.8,0.67,SEA,,2.58,1.07,L
Chris Sale,2025-09-10 00:00:00,5,3,3,7,1,9,93,5,0.751,1,5.73,1.67,CHC,,2.58,1.07,L
Chris Sale,2025-09-16 00:00:00,8,0,0,3,0,9,106,6,0.693,0,6.4,1.33,WSH,,2.58,1.07,L
Chris Sale,2025-09-22 00:00:00,5,5,5,3,2,6,80,6,0.693,1,6,2.67,WSH,,2.58,1.07,L
Chris Sale,2025-09-28 00:00:00,5.2,1,1,4,2,9,96,6,0.655,1,6.07,2,PIT,,2.58,1.07,L
Clarke Schmidt,2025-04-16 00:00:00,5.2,3,3,4,2,2,73,5,0.706,1,5.2,3,KC,,3.32,1.09,R
Clarke Schmidt,2025-04-21 00:00:00,4,5,5,7,3,7,80,5,0.67,0,4.6,4,CLE,,3.32,1.09,R
Clarke Schmidt,2025-04-27 00:00:00,5,1,1,1,4,6,90,6,0.761,1,4.73,3,TOR,,3.32,1.09,R
Clarke Schmidt,2025-05-06 00:00:00,6,2,2,7,1,4,85,9,0.711,1,5,2.67,SD,,3.32,1.09,R
Clarke Schmidt,2025-05-12 00:00:00,6,3,3,3,2,6,92,6,0.74,0,5.67,2,SEA,,3.32,1.09,R
Clarke Schmidt,2025-05-17 00:00:00,6,2,2,3,5,5,88,5,0.753,1,6,2.33,NYM,,3.32,1.09,R
Clarke Schmidt,2025-05-23 00:00:00,4.2,3,3,6,2,8,97,6,0.679,0,5.4,2.67,COL,,3.32,1.09,R
Clarke Schmidt,2025-05-28 00:00:00,6,0,0,4,1,4,99,5,0.695,0,5.4,1.67,LAA,,3.32,1.09,R
Clarke Schmidt,2025-06-04 00:00:00,5.2,3,3,7,1,8,91,7,0.67,1,5.13,2,CLE,,3.32,1.09,R
Clarke Schmidt,2025-06-11 00:00:00,6,0,0,2,3,7,91,7,0.706,0,5.73,1,KC,,3.32,1.09,R
Clarke Schmidt,2025-06-16 00:00:00,7.2,0,0,4,0,3,97,5,0.695,1,6.13,1,LAA,,3.32,1.09,R
Clarke Schmidt,2025-06-21 00:00:00,7,0,0,0,2,5,103,5,0.699,1,6.73,0,BAL,,3.32,1.09,R
Clarke Schmidt,2025-06-28 00:00:00,6,4,4,4,2,7,85,7,0.749,1,6.73,1.33,ATH,,3.32,1.09,R
Clarke Schmidt,2025-07-03 00:00:00,3,3,3,4,2,1,55,5,0.761,0,5.33,2.33,TOR,,3.32,1.09,R
Clayton Kershaw,2025-05-17 00:00:00,4,5,5,5,3,2,83,5,0.695,1,4,5,LAA,,3.36,1.22,L
Clayton Kershaw,2025-05-23 00:00:00,2,0,0,0,1,1,26,6,0.753,0,3,2.5,NYM,,3.36,1.22,L
Clayton Kershaw,2025-05-28 00:00:00,5,1,1,6,2,3,74,5,0.67,0,3.67,2,CLE,,3.36,1.22,L
Clayton Kershaw,2025-06-03 00:00:00,4.2,3,5,6,3,2,92,6,0.753,1,3.73,1.33,NYM,,3.36,1.22,L
Clayton Kershaw,2025-06-08 00:00:00,5,1,1,6,0,7,82,5,0.693,0,4.73,1.67,STL,,3.36,1.22,L
Clayton Kershaw,2025-06-14 00:00:00,7,0,0,3,1,5,81,6,0.697,1,5.4,1.33,SF,,3.36,1.22,L
Clayton Kershaw,2025-06-20 00:00:00,5,2,2,5,2,4,78,6,0.693,1,5.67,1,WSH,,3.36,1.22,L
Clayton Kershaw,2025-06-26 00:00:00,6,1,1,2,1,5,69,6,0.679,0,6,1,COL,,3.36,1.22,L
Clayton Kershaw,2025-07-02 00:00:00,6,4,4,9,1,3,100,6,0.675,1,5.67,2.33,CWS,,3.36,1.22,L
Clayton Kershaw,2025-07-08 00:00:00,6,2,2,6,1,3,85,6,0.736,0,6,2.33,MIL,,3.36,1.22,L
Clayton Kershaw,2025-07-20 00:00:00,4.1,1,3,5,1,2,81,12,0.736,1,5.37,2.33,MIL,,3.36,1.22,L
Clayton Kershaw,2025-07-26 00:00:00,4.2,4,4,6,2,2,91,6,0.745,0,4.77,2.33,BOS,,3.36,1.22,L
Clayton Kershaw,2025-08-01 00:00:00,6,0,0,5,0,3,88,6,0.714,0,4.77,1.67,TB,,3.36,1.22,L
Clayton Kershaw,2025-08-08 00:00:00,6,1,1,7,1,4,74,7,0.761,1,5.4,1.67,TOR,,3.36,1.22,L
Clayton Kershaw,2025-08-15 00:00:00,6,1,1,2,1,3,76,7,0.711,1,6,0.67,SD,,3.36,1.22,L
Clayton Kershaw,2025-08-21 00:00:00,5.2,3,3,6,1,3,85,6,0.679,0,5.73,1.67,COL,,3.36,1.22,L
Clayton Kershaw,2025-08-26 00:00:00,5,1,1,2,0,6,72,5,0.706,1,5.4,1.67,CIN,,3.36,1.22,L
Clayton Kershaw,2025-09-02 00:00:00,5,4,4,4,4,3,83,7,0.655,0,5.07,2.67,PIT,,3.36,1.22,L
Clayton Kershaw,2025-09-07 00:00:00,5.2,2,2,4,1,8,83,5,0.699,0,5.07,2.33,BAL,,3.36,1.22,L
Clayton Kershaw,2025-09-13 00:00:00,3,4,4,5,4,2,67,6,0.697,0,4.4,3.33,SF,,3.36,1.22,L
Clayton Kershaw,2025-09-19 00:00:00,4.1,2,2,4,4,6,91,6,0.697,1,4.1,2.67,SF,,3.36,1.22,L
Clayton Kershaw,2025-09-24 00:00:00,1,0,0,0,0,0,15,5,0.757,0,2.7,2,AZ,,3.36,1.22,L
Clayton Kershaw,2025-09-28 00:00:00,5.1,0,0,4,1,7,94,4,0.74,0,3.4,0.67,SEA,,3.36,1.22,L
Clayton Kershaw,2025-10-08 00:00:00,2,4,5,6,3,0,48,10,0.759,1,2.7,1.33,PHI,,3.36,1.22,L
Clayton Kershaw,2025-10-27 00:00:00,0.1,0,0,0,0,0,8,19,0.761,1,2.4,1.33,TOR,,3.36,1.22,L
Clay Holmes,2025-03-27 00:00:00,4.2,2,3,5,4,4,89,5,0.714,0,4.2,2,HOU,,3.53,1.3,R
Clay Holmes,2025-04-02 00:00:00,4.2,1,2,6,2,6,85,6,0.708,0,4.2,1.5,MIA,,3.53,1.3,R
Clay Holmes,2025-04-08 00:00:00,5.1,4,4,5,3,10,87,6,0.708,1,4.5,2.33,MIA,,3.53,1.3,R
Clay Holmes,2025-04-14 00:00:00,5,1,1,2,2,8,90,6,0.708,0,4.77,2,MIN,,3.53,1.3,R
Clay Holmes,2025-04-20 00:00:00,6,1,1,4,2,6,91,6,0.693,1,5.37,2,STL,,3.53,1.3,R
Clay Holmes,2025-04-26 00:00:00,5,0,0,4,0,2,70,6,0.693,0,5.33,0.67,WSH,,3.53,1.3,R
Clay Holmes,2025-05-02 00:00:00,6,3,3,8,0,3,92,6,0.693,0,5.67,1.33,STL,,3.53,1.3,R
Clay Holmes,2025-05-09 00:00:00,6,1,1,3,3,5,93,7,0.751,1,5.67,1.33,CHC,,3.53,1.3,R
Clay Holmes,2025-05-14 00:00:00,6,4,4,7,1,4,90,5,0.655,1,6,2.67,PIT,,3.53,1.3,R
Clay Holmes,2025-05-20 00:00:00,6,2,2,4,3,5,90,6,0.745,0,6,2.33,BOS,,3.53,1.3,R
Clay Holmes,2025-05-26 00:00:00,5.2,1,1,4,3,3,102,6,0.675,1,5.73,2.33,CWS,,3.53,1.3,R
Clay Holmes,2025-06-01 00:00:00,7,3,3,3,0,3,85,6,0.679,1,6.07,2,COL,,3.53,1.3,R
Clay Holmes,2025-06-07 00:00:00,6,1,1,9,0,6,95,6,0.679,0,6.07,1.67,COL,,3.53,1.3,R
Clay Holmes,2025-06-13 00:00:00,5,1,1,3,2,3,79,6,0.714,1,6,1.67,TB,,3.53,1.3,R
Clay Holmes,2025-06-19 00:00:00,4.2,3,3,4,6,5,104,6,0.72,0,5.07,1.67,ATL,,3.53,1.3,R
Clay Holmes,2025-06-25 00:00:00,5,1,1,3,4,2,96,6,0.72,1,4.73,1.67,ATL,,3.53,1.3,R
Clay Holmes,2025-07-02 00:00:00,5.1,2,2,3,4,1,90,7,0.736,1,4.77,2,MIL,,3.53,1.3,R
Clay Holmes,2025-07-08 00:00:00,5,5,5,7,1,5,87,6,0.699,0,5.03,2.67,BAL,,3.53,1.3,R
Clay Holmes,2025-07-13 00:00:00,5,2,2,5,1,2,81,5,0.706,0,5.03,3,KC,,3.53,1.3,R
Clay Holmes,2025-07-19 00:00:00,5.1,4,5,6,2,3,92,6,0.706,1,5.03,3.67,CIN,,3.53,1.3,R
Clay Holmes,2025-07-25 00:00:00,5,1,1,6,1,2,104,6,0.697,0,5.03,2.33,SF,,3.53,1.3,R
Clay Holmes,2025-07-30 00:00:00,3.2,2,4,8,2,3,79,5,0.711,0,4.43,2.33,SD,,3.53,1.3,R
Clay Holmes,2025-08-05 00:00:00,5,2,2,3,1,6,75,6,0.67,1,4.4,1.67,CLE,,3.53,1.3,R
Clay Holmes,2025-08-12 00:00:00,3.2,5,5,6,5,4,85,7,0.72,1,3.8,3,ATL,,3.53,1.3,R
Clay Holmes,2025-08-17 00:00:00,5,1,1,5,1,4,88,5,0.74,1,4.4,2.67,SEA,,3.53,1.3,R
Clay Holmes,2025-08-23 00:00:00,6.1,2,2,3,2,4,94,6,0.72,0,4.77,2.67,ATL,,3.53,1.3,R
Clay Holmes,2025-08-28 00:00:00,5,2,4,5,1,2,88,5,0.708,1,5.37,1.67,MIA,,3.53,1.3,R
Clay Holmes,2025-09-03 00:00:00,4.2,2,3,5,3,6,85,6,0.73,0,5.1,2,DET,,3.53,1.3,R
Clay Holmes,2025-09-10 00:00:00,4,4,4,6,3,5,76,7,0.759,0,4.4,2.67,PHI,,3.53,1.3,R
Clay Holmes,2025-09-16 00:00:00,4,2,2,3,1,2,53,6,0.711,1,4.07,2.67,SD,,3.53,1.3,R
Clay Holmes,2025-09-21 00:00:00,3.2,0,0,4,0,3,57,5,0.693,1,3.73,2,WSH,,3.53,1.3,R
Clay Holmes,2025-09-24 00:00:00,1,0,1,0,0,0,14,3,0.751,0,2.73,0.67,CHC,,3.53,1.3,R
Clay Holmes,2025-09-27 00:00:00,6,0,0,1,3,2,78,3,0.708,0,3.4,0,MIA,,3.53,1.3,R
Cole Ragans,2025-03-27 00:00:00,5,3,3,5,2,3,83,5,0.67,1,5,3,CLE,,4.67,1.18,L
Cole Ragans,2025-04-02 00:00:00,5,1,1,5,2,10,97,6,0.736,0,5,2,MIL,,4.67,1.18,L
Cole Ragans,2025-04-08 00:00:00,6,1,1,4,0,11,96,6,0.708,1,5.33,1.67,MIN,,4.67,1.18,L
Cole Ragans,2025-04-13 00:00:00,7.2,1,2,4,0,10,89,5,0.67,0,6.07,1,CLE,,4.67,1.18,L
Cole Ragans,2025-04-18 00:00:00,4,5,5,6,3,8,96,5,0.73,0,5.73,2.33,DET,,4.67,1.18,L
Cole Ragans,2025-04-24 00:00:00,3,4,4,3,2,4,62,6,0.679,1,4.73,3.33,COL,,4.67,1.18,L
Cole Ragans,2025-05-05 00:00:00,5,0,0,3,2,11,94,11,0.675,1,4,3,CWS,,4.67,1.18,L
Cole Ragans,2025-05-10 00:00:00,5,4,4,7,2,8,95,5,0.745,1,4.33,2.67,BOS,,4.67,1.18,L
Cole Ragans,2025-05-16 00:00:00,5,4,4,5,0,7,83,6,0.693,1,5,2.67,STL,,4.67,1.18,L
Cole Ragans,2025-06-05 00:00:00,3,5,5,5,3,4,78,20,0.693,0,4.33,4.33,STL,,4.67,1.18,L
Cole Ragans,2025-09-17 00:00:00,3.2,2,2,1,2,4,62,104,0.74,1,3.73,3.67,SEA,,4.67,1.18,L
Cole Ragans,2025-09-23 00:00:00,5,2,2,3,1,10,72,6,0.695,0,3.73,3,LAA,,4.67,1.18,L
Cole Ragans,2025-09-28 00:00:00,4.1,0,0,2,1,8,72,5,0.749,0,4.1,1.33,ATH,,4.67,1.18,L
Cole Sands,2025-03-27 00:00:00,1,0,0,0,0,1,14,5,0.693,0,1,0,STL,,4.5,1.17,R
Cole Sands,2025-04-01 00:00:00,1,0,0,1,0,1,13,5,0.675,0,1,0,CWS,,4.5,1.17,R
Cole Sands,2025-04-05 00:00:00,1,0,0,0,0,2,11,4,0.714,1,1,0,HOU,,4.5,1.17,R
Cole Sands,2025-04-06 00:00:00,1,0,0,0,0,1,10,1,0.714,1,1,0,HOU,,4.5,1.17,R
Cole Sands,2025-04-08 00:00:00,0.1,0,0,0,1,0,15,2,0.706,0,0.7,0,KC,,4.5,1.17,R
Cole Sands,2025-04-10 00:00:00,0.2,2,2,2,0,1,24,2,0.706,0,0.43,0.67,KC,,4.5,1.17,R
Cole Sands,2025-04-13 00:00:00,1,0,0,0,1,0,17,3,0.73,1,0.43,0.67,DET,,4.5,1.17,R
Cole Sands,2025-04-15 00:00:00,0.2,0,0,0,1,0,15,2,0.753,1,0.47,0.67,NYM,,4.5,1.17,R
Cole Sands,2025-04-16 00:00:00,1,0,0,0,1,0,7,1,0.753,1,0.73,0,NYM,,4.5,1.17,R
Cole Sands,2025-04-18 00:00:00,0.2,1,1,2,0,1,13,2,0.72,0,0.47,0.33,ATL,,4.5,1.17,R
Cole Sands,2025-04-23 00:00:00,1,1,1,1,1,1,17,5,0.675,1,0.73,0.67,CWS,,4.5,1.17,R
Cole Sands,2025-04-25 00:00:00,1,1,1,1,0,0,13,2,0.695,1,0.73,1,LAA,,4.5,1.17,R
Cole Sands,2025-05-01 00:00:00,1.1,0,0,0,1,1,18,6,0.67,0,1.03,0.67,CLE,,4.5,1.17,R
Cole Sands,2025-05-03 00:00:00,1,0,0,2,0,1,12,2,0.745,0,1.03,0.33,BOS,,4.5,1.17,R
Cole Sands,2025-05-06 00:00:00,1,0,0,1,0,1,10,3,0.699,1,1.03,0,BAL,,4.5,1.17,R
Cole Sands,2025-05-08 00:00:00,1,0,0,2,0,1,13,2,0.699,1,1,0,BAL,,4.5,1.17,R
Cole Sands,2025-05-10 00:00:00,1,0,0,1,0,0,15,2,0.697,1,1,0,SF,,4.5,1.17,R
Cole Sands,2025-05-14 00:00:00,1,0,0,0,0,0,8,4,0.699,0,1,0,BAL,,4.5,1.17,R
Cole Sands,2025-05-16 00:00:00,1,0,0,0,0,2,11,2,0.736,0,1,0,MIL,,4.5,1.17,R
Cole Sands,2025-05-18 00:00:00,2,0,0,0,0,1,21,2,0.736,0,1.33,0,MIL,,4.5,1.17,R
Cole Sands,2025-05-21 00:00:00,1,1,1,1,0,1,20,3,0.67,1,1.33,0.33,CLE,,4.5,1.17,R
Cole Sands,2025-05-23 00:00:00,1,0,0,0,0,0,14,2,0.706,1,1.33,0.33,KC,,4.5,1.17,R
Cole Sands,2025-05-25 00:00:00,1,0,0,1,0,1,12,2,0.706,1,1,0.33,KC,,4.5,1.17,R
Cole Sands,2025-05-28 00:00:00,1,0,0,0,0,1,15,3,0.714,0,1,0,TB,,4.5,1.17,R
Cole Sands,2025-05-30 00:00:00,1,2,2,3,0,0,21,2,0.74,0,1,0.67,SEA,,4.5,1.17,R
Cole Sands,2025-05-31 00:00:00,0.1,0,1,0,0,0,6,1,0.74,0,0.7,0.67,SEA,,4.5,1.17,R
Cole Sands,2025-06-03 00:00:00,1,1,1,2,1,1,25,3,0.749,0,0.7,1,ATH,,4.5,1.17,R
Cole Sands,2025-06-06 00:00:00,1,0,0,0,0,0,9,3,0.761,1,0.7,0.33,TOR,,4.5,1.17,R
Cole Sands,2025-06-08 00:00:00,1,0,0,0,0,0,17,2,0.761,1,1,0.33,TOR,,4.5,1.17,R
Cole Sands,2025-06-12 00:00:00,1,4,4,4,0,2,26,4,0.684,1,1,1.33,TEX,,4.5,1.17,R
Cole Sands,2025-06-15 00:00:00,0.2,0,1,1,0,1,12,3,0.714,0,0.73,1.33,HOU,,4.5,1.17,R
Cole Sands,2025-06-17 00:00:00,1,0,0,0,1,2,17,2,0.706,0,0.73,1.33,CIN,,4.5,1.17,R
Cole Sands,2025-06-19 00:00:00,0.2,1,1,2,0,0,13,2,0.706,0,0.47,0.33,CIN,,4.5,1.17,R
Cole Sands,2025-06-21 00:00:00,1.2,3,5,6,1,0,31,2,0.736,1,0.8,1.33,MIL,,4.5,1.17,R
Cole Sands,2025-06-26 00:00:00,1,1,1,3,0,1,31,5,0.74,1,0.8,1.67,SEA,,4.5,1.17,R
Cole Sands,2025-06-28 00:00:00,0.2,0,0,1,0,1,12,2,0.73,0,0.8,1.33,DET,,4.5,1.17,R
Cole Sands,2025-07-04 00:00:00,0.1,0,0,0,0,1,5,6,0.714,1,0.43,0.33,TB,,4.5,1.17,R
Cole Sands,2025-07-05 00:00:00,1,0,0,0,0,2,19,1,0.714,1,0.43,0,TB,,4.5,1.17,R
Cole Sands,2025-07-08 00:00:00,1,0,0,0,0,0,12,3,0.751,1,0.7,0,CHC,,4.5,1.17,R
Cole Sands,2025-07-12 00:00:00,2,0,0,0,0,0,19,4,0.655,1,1.33,0,PIT,,4.5,1.17,R
Cole Sands,2025-07-18 00:00:00,1,1,1,3,1,1,22,6,0.679,0,1.33,0.33,COL,,4.5,1.17,R
Cole Sands,2025-07-21 00:00:00,2,1,1,2,0,2,28,3,0.768,0,1.67,0.67,LAD,,4.5,1.17,R
Cole Sands,2025-07-27 00:00:00,2,1,1,3,0,2,27,6,0.693,1,1.67,1,WSH,,4.5,1.17,R
Cole Sands,2025-07-29 00:00:00,1,0,0,0,0,0,8,2,0.745,1,1.67,0.67,BOS,,4.5,1.17,R
Cole Sands,2025-07-30 00:00:00,1,0,0,0,1,2,23,1,0.745,1,1.33,0.33,BOS,,4.5,1.17,R
Cole Sands,2025-08-01 00:00:00,1,0,0,0,0,1,20,2,0.67,0,1,0,CLE,,4.5,1.17,R
Cole Sands,2025-08-03 00:00:00,1,0,0,0,1,2,21,2,0.67,0,1,0,CLE,,4.5,1.17,R
Cole Sands,2025-08-05 00:00:00,1,2,2,3,0,2,25,2,0.73,0,1,0.67,DET,,4.5,1.17,R
Cole Sands,2025-08-08 00:00:00,0.2,0,0,0,1,0,9,3,0.706,1,0.73,0.67,KC,,4.5,1.17,R
Cole Sands,2025-08-10 00:00:00,0.1,2,2,2,0,0,9,2,0.706,1,0.43,1.33,KC,,4.5,1.17,R
Cole Sands,2025-08-12 00:00:00,1,1,1,1,0,0,16,2,0.787,0,0.43,1,NYY,,4.5,1.17,R
Cole Sands,2025-08-14 00:00:00,2,0,0,1,1,1,25,2,0.73,1,1.03,1,DET,,4.5,1.17,R
Cole Sands,2025-08-17 00:00:00,1,0,0,0,0,3,14,3,0.73,1,1.33,0.33,DET,,4.5,1.17,R
Cole Sands,2025-08-20 00:00:00,1,0,0,0,0,1,17,3,0.749,1,1.33,0,ATH,,4.5,1.17,R
Cole Sands,2025-08-22 00:00:00,1,0,0,0,0,1,14,2,0.675,0,1,0,CWS,,4.5,1.17,R
Cole Sands,2025-08-26 00:00:00,1,0,0,1,1,2,23,4,0.761,0,1,0,TOR,,4.5,1.17,R
Cole Sands,2025-08-27 00:00:00,1,0,0,1,0,3,17,1,0.761,0,1,0,TOR,,4.5,1.17,R
Cole Sands,2025-08-29 00:00:00,1,0,0,0,0,2,17,2,0.711,1,1,0,SD,,4.5,1.17,R
Cole Sands,2025-09-03 00:00:00,2,0,0,0,0,4,24,5,0.675,1,1.33,0,CWS,,4.5,1.17,R
Cole Sands,2025-09-07 00:00:00,1.2,0,0,0,1,0,14,4,0.706,0,1.4,0,KC,,4.5,1.17,R
Cole Sands,2025-09-10 00:00:00,1.2,1,1,1,0,0,18,3,0.695,0,1.47,0.33,LAA,,4.5,1.17,R
Cole Sands,2025-09-12 00:00:00,1,4,4,4,0,0,21,2,0.757,1,1.13,1.67,AZ,,4.5,1.17,R
Cole Sands,2025-09-13 00:00:00,1,2,3,2,2,2,26,1,0.757,1,1.07,2.33,AZ,,4.5,1.17,R
Cole Sands,2025-09-17 00:00:00,1,1,1,1,0,0,15,4,0.787,1,1,2.33,NYY,,4.5,1.17,R
Cole Sands,2025-09-19 00:00:00,0.2,2,2,2,1,2,25,2,0.67,1,0.73,1.67,CLE,,4.5,1.17,R
Cole Sands,2025-09-21 00:00:00,1,0,0,1,0,1,20,2,0.67,1,0.73,1,CLE,,4.5,1.17,R
Cole Sands,2025-09-23 00:00:00,1,0,0,0,0,0,9,2,0.684,0,0.73,0.67,TEX,,4.5,1.17,R
Cole Sands,2025-09-25 00:00:00,1,0,0,0,0,1,12,2,0.684,0,1,0,TEX,,4.5,1.17,R
Cole Sands,2025-09-28 00:00:00,1,0,0,0,0,0,11,3,0.759,0,1,0,PHI,,4.5,1.17,R
Colin Rea,2025-03-30 00:00:00,0.1,0,0,1,0,0,4,5,0.757,0,0.1,0,AZ,,3.95,1.25,R
Colin Rea,2025-03-31 00:00:00,3,0,0,4,0,1,40,1,0.749,0,1.55,0,ATH,,3.95,1.25,R
Colin Rea,2025-04-07 00:00:00,2,0,0,0,0,1,23,7,0.684,1,1.7,0,TEX,,3.95,1.25,R
Colin Rea,2025-04-13 00:00:00,3.2,1,1,4,1,5,68,6,0.768,0,2.73,0.33,LAD,,3.95,1.25,R
Colin Rea,2025-04-18 00:00:00,4.2,1,1,5,0,5,69,5,0.757,1,3.13,0.67,AZ,,3.95,1.25,R
Colin Rea,2025-04-25 00:00:00,5,0,0,3,2,7,92,7,0.759,1,4.13,0.67,PHI,,3.95,1.25,R
Colin Rea,2025-05-01 00:00:00,6,2,2,4,2,2,73,6,0.655,0,5.07,1,PIT,,3.95,1.25,R
Colin Rea,2025-05-06 00:00:00,5,4,5,8,2,4,92,5,0.697,1,5.33,2,SF,,3.95,1.25,R
Colin Rea,2025-05-12 00:00:00,6.2,2,2,6,2,4,98,6,0.708,1,5.73,2.67,MIA,,3.95,1.25,R
Colin Rea,2025-05-18 00:00:00,5.1,1,1,4,2,3,93,6,0.675,1,5.43,2.33,CWS,,3.95,1.25,R
Colin Rea,2025-05-24 00:00:00,5,6,6,7,3,8,108,6,0.706,0,5.43,3,CIN,,3.95,1.25,R
Colin Rea,2025-05-30 00:00:00,5.2,6,6,10,2,3,90,6,0.706,1,5.1,4.33,CIN,,3.95,1.25,R
Colin Rea,2025-06-05 00:00:00,5.1,0,0,5,1,0,80,6,0.693,0,5.1,4,WSH,,3.95,1.25,R
Colin Rea,2025-06-10 00:00:00,4.1,4,4,7,0,5,83,5,0.759,0,4.8,3.33,PHI,,3.95,1.25,R
Colin Rea,2025-06-15 00:00:00,6,2,2,4,1,4,81,5,0.655,1,5.07,2,PIT,,3.95,1.25,R
Colin Rea,2025-06-22 00:00:00,5.1,7,7,11,1,2,89,7,0.74,1,5.07,4.33,SEA,,3.95,1.25,R
Colin Rea,2025-06-28 00:00:00,5,2,2,5,0,2,79,6,0.714,0,5.37,3.67,HOU,,3.95,1.25,R
Colin Rea,2025-07-04 00:00:00,6.2,1,1,2,2,4,97,6,0.693,1,5.43,3.33,STL,,3.95,1.25,R
Colin Rea,2025-07-10 00:00:00,7,1,1,3,2,5,92,6,0.708,0,6.07,1.33,MIN,,3.95,1.25,R
Colin Rea,2025-07-18 00:00:00,5,1,1,4,4,5,84,8,0.745,1,6.07,1,BOS,,3.95,1.25,R
Colin Rea,2025-07-23 00:00:00,5,5,6,6,0,3,82,5,0.706,1,5.67,2.33,KC,,3.95,1.25,R
Colin Rea,2025-07-29 00:00:00,4,4,4,9,1,2,82,6,0.736,0,4.67,3.33,MIL,,3.95,1.25,R
Colin Rea,2025-08-03 00:00:00,4.2,2,2,5,1,4,77,5,0.699,1,4.4,3.67,BAL,,3.95,1.25,R
Colin Rea,2025-08-09 00:00:00,6,1,1,3,2,6,98,6,0.693,0,4.73,2.33,STL,,3.95,1.25,R
Colin Rea,2025-08-15 00:00:00,5,1,1,3,2,5,87,6,0.655,1,5.07,1.33,PIT,,3.95,1.25,R
Colin Rea,2025-08-20 00:00:00,5.2,2,2,3,5,3,96,5,0.736,1,5.4,1.33,MIL,,3.95,1.25,R
Colin Rea,2025-08-27 00:00:00,4.2,6,7,8,2,2,88,7,0.697,0,4.8,3,SF,,3.95,1.25,R
Colin Rea,2025-09-01 00:00:00,4,3,3,5,3,3,73,5,0.72,1,4.47,3.67,ATL,,3.95,1.25,R
Colin Rea,2025-09-07 00:00:00,5.1,1,1,3,0,6,61,6,0.693,1,4.43,3.33,WSH,,3.95,1.25,R
Colin Rea,2025-09-13 00:00:00,5.1,3,3,7,0,5,85,6,0.714,1,4.73,2.33,TB,,3.95,1.25,R
Colin Rea,2025-09-18 00:00:00,7,1,1,4,0,11,93,5,0.706,0,5.73,1.67,CIN,,3.95,1.25,R
Colin Rea,2025-09-26 00:00:00,5.2,0,0,2,1,7,77,8,0.693,1,5.77,1.33,STL,,3.95,1.25,R
Colin Rea,2025-10-01 00:00:00,1.2,0,0,1,0,1,15,5,0.711,1,4.47,0.33,SD,,3.95,1.25,R
Colin Rea,2025-10-06 00:00:00,3.1,0,0,4,2,0,60,5,0.736,0,3.17,0,MIL,,3.95,1.25,R
Colin Rea,2025-10-11 00:00:00,2.2,1,1,4,1,2,46,5,0.736,0,2.17,0.33,MIL,,3.95,1.25,R
Colton Gordon,2025-05-14 00:00:00,4.1,3,3,7,2,3,85,5,0.706,1,4.1,3,KC,,5.34,1.42,L
Colton Gordon,2025-05-19 00:00:00,5.1,3,3,5,0,7,83,5,0.714,0,4.6,3,TB,,5.34,1.42,L
Colton Gordon,2025-05-25 00:00:00,5,3,3,7,0,4,84,6,0.74,1,4.73,3,SEA,,5.34,1.42,L
Colton Gordon,2025-05-31 00:00:00,5,4,4,5,1,6,75,6,0.714,1,5.03,3.33,TB,,5.34,1.42,L
Colton Gordon,2025-06-06 00:00:00,5,1,1,7,0,5,75,6,0.67,0,5,2.67,CLE,,5.34,1.42,L
Colton Gordon,2025-06-13 00:00:00,6,2,2,6,1,5,102,7,0.708,1,5.33,2.33,MIN,,5.34,1.42,L
Colton Gordon,2025-06-19 00:00:00,5,2,3,7,1,4,91,6,0.749,0,5.33,1.67,ATH,,5.34,1.42,L
Colton Gordon,2025-06-25 00:00:00,5,0,0,4,0,4,80,6,0.759,1,5.33,1.33,PHI,,5.34,1.42,L
Colton Gordon,2025-07-01 00:00:00,4.2,4,4,9,2,3,87,6,0.679,0,4.73,2,COL,,5.34,1.42,L
Colton Gordon,2025-07-07 00:00:00,5.2,5,5,7,1,2,82,6,0.67,1,4.8,3,CLE,,5.34,1.42,L
Colton Gordon,2025-07-13 00:00:00,1,0,0,1,1,1,17,6,0.684,1,3.47,3,TEX,,5.34,1.42,L
Colton Gordon,2025-07-21 00:00:00,5.2,2,3,7,2,4,89,8,0.757,0,3.8,2.33,AZ,,5.34,1.42,L
Colton Gordon,2025-07-27 00:00:00,5,4,4,6,0,6,99,6,0.749,1,3.73,2,ATH,,5.34,1.42,L
Colton Gordon,2025-08-02 00:00:00,4,6,6,7,1,6,81,6,0.745,0,4.73,4,BOS,,5.34,1.42,L
Colton Gordon,2025-08-12 00:00:00,2,4,5,6,1,2,52,10,0.745,1,3.67,4.67,BOS,,5.34,1.42,L
Colton Gordon,2025-09-05 00:00:00,4.1,3,3,5,2,2,71,24,0.684,0,3.37,4.33,TEX,,5.34,1.42,L
Colton Gordon,2025-09-12 00:00:00,4,3,3,3,1,3,60,7,0.72,0,3.37,3.33,ATL,,5.34,1.42,L
Colton Gordon,2025-09-16 00:00:00,3,1,1,2,2,1,57,4,0.684,1,3.7,2.33,TEX,,5.34,1.42,L
Colton Gordon,2025-09-20 00:00:00,1,1,1,2,0,1,13,4,0.74,1,2.67,1.67,SEA,,5.34,1.42,L
Colton Gordon,2025-09-28 00:00:00,5,0,0,0,1,3,68,8,0.695,0,3,0.67,LAA,,5.34,1.42,L
Connelly Early,2025-09-09 00:00:00,5,0,0,5,1,11,90,5,0.749,0,5,0,ATH,,2.33,1.09,L
Connelly Early,2025-09-16 00:00:00,5.1,1,1,5,0,7,80,7,0.749,1,5.05,0.5,ATH,,2.33,1.09,L
Connelly Early,2025-09-21 00:00:00,4,2,3,3,2,4,67,5,0.714,0,4.7,1,TB,,2.33,1.09,L
Connelly Early,2025-09-27 00:00:00,5,2,2,4,1,7,86,6,0.73,1,4.7,1.67,DET,,2.33,1.09,L
Connelly Early,2025-10-02 00:00:00,3.2,3,4,6,1,6,78,5,0.787,0,4.07,2.33,NYY,,2.33,1.09,L
Connor Gillispie,2025-03-28 00:00:00,5,3,4,4,4,4,85,5,0.655,1,5,3,PIT,,8.65,1.65,R
Connor Gillispie,2025-04-02 00:00:00,5,1,1,4,0,6,73,5,0.753,1,5,2,NYM,,8.65,1.65,R
Connor Gillispie,2025-04-08 00:00:00,4,2,2,3,1,2,74,6,0.753,0,4.67,2,NYM,,8.65,1.65,R
Connor Gillispie,2025-04-15 00:00:00,5,8,8,8,2,6,95,7,0.757,1,4.67,3.67,AZ,,8.65,1.65,R
Connor Gillispie,2025-04-20 00:00:00,5,4,4,7,1,3,91,5,0.759,0,4.67,4.67,PHI,,8.65,1.65,R
Connor Gillispie,2025-04-26 00:00:00,2,7,7,6,3,2,53,6,0.74,0,4,6.33,SEA,,8.65,1.65,R
Cooper Criswell,2025-03-31 00:00:00,1,0,0,2,0,0,10,5,0.699,0,1,0,BAL,,3.57,1.58,R
Cooper Criswell,2025-04-04 00:00:00,0.1,2,3,4,0,0,22,4,0.693,1,0.55,1,STL,,3.57,1.58,R
Cooper Criswell,2025-04-06 00:00:00,3,3,5,4,1,0,64,2,0.693,1,1.37,1.67,STL,,3.57,1.58,R
Cooper Criswell,2025-06-04 00:00:00,1.2,0,0,0,1,2,25,59,0.695,1,1.43,1.67,LAA,,3.57,1.58,R
Cooper Criswell,2025-06-06 00:00:00,3,1,1,4,1,2,41,2,0.787,0,2.4,1.33,NYY,,3.57,1.58,R
Cooper Criswell,2025-07-02 00:00:00,1.2,0,0,2,0,1,30,26,0.706,1,1.8,0.33,CIN,,3.57,1.58,R
Cooper Criswell,2025-08-01 00:00:00,7,1,1,7,2,4,84,30,0.714,1,3.73,0.67,HOU,,3.57,1.58,R
Corbin Burnes,2025-04-01 00:00:00,4.1,2,4,4,3,8,98,5,0.787,0,4.1,2,NYY,,2.66,1.17,R
Corbin Burnes,2025-04-06 00:00:00,5,4,4,7,4,3,89,5,0.693,0,4.55,3,WSH,,2.66,1.17,R
Corbin Burnes,2025-04-12 00:00:00,6,3,3,4,2,3,88,6,0.736,1,5.03,3,MIL,,2.66,1.17,R
Corbin Burnes,2025-04-18 00:00:00,6,2,2,6,0,3,98,6,0.751,0,5.67,3,CHC,,2.66,1.17,R
Corbin Burnes,2025-04-24 00:00:00,5.1,1,3,3,3,8,89,6,0.714,1,5.7,2,TB,,2.66,1.17,R
Corbin Burnes,2025-04-30 00:00:00,6,1,1,4,5,3,94,6,0.753,0,5.7,1.33,NYM,,2.66,1.17,R
Corbin Burnes,2025-05-10 00:00:00,7,0,0,5,2,5,91,10,0.768,1,6.03,0.67,LAD,,2.66,1.17,R
Corbin Burnes,2025-05-16 00:00:00,6,0,0,2,3,10,93,6,0.679,1,6.33,0.33,COL,,2.66,1.17,R
Corbin Burnes,2025-05-21 00:00:00,7,3,3,4,1,8,96,5,0.768,0,6.67,1,LAD,,2.66,1.17,R
Corbin Burnes,2025-05-27 00:00:00,7,2,2,6,2,6,103,6,0.655,1,6.67,1.67,PIT,,2.66,1.17,R
Corbin Burnes,2025-06-01 00:00:00,4.2,1,1,4,1,6,70,5,0.693,1,6.07,2,WSH,,2.66,1.17,R
Cristian Javier,2025-08-11 00:00:00,5,2,2,3,2,5,85,5,0.745,1,5,2,BOS,,4.62,1.27,R
Cristian Javier,2025-08-17 00:00:00,3,1,1,3,0,2,50,6,0.699,1,4,1.5,BAL,,4.62,1.27,R
Cristian Javier,2025-08-23 00:00:00,2,3,5,3,4,3,65,6,0.699,0,3.33,2,BAL,,4.62,1.27,R
Cristian Javier,2025-08-29 00:00:00,6,0,0,0,3,6,85,6,0.695,1,3.67,1.33,LAA,,4.62,1.27,R
Cristian Javier,2025-09-04 00:00:00,4.1,4,4,6,3,4,78,6,0.787,1,4.03,2.33,NYY,,4.62,1.27,R
Cristian Javier,2025-09-11 00:00:00,6,4,4,6,1,6,87,7,0.761,0,5.37,2.67,TOR,,4.62,1.27,R
Cristian Javier,2025-09-17 00:00:00,6,2,2,5,1,4,88,6,0.684,1,5.37,3.33,TEX,,4.62,1.27,R
Cristian Javier,2025-09-23 00:00:00,4.2,3,4,6,1,4,79,6,0.749,0,5.4,3,ATH,,4.62,1.27,R
Danny Coulombe,2025-03-29 00:00:00,1,0,0,1,1,0,16,5,0.693,0,1,0,STL,,2.3,1.16,L
Danny Coulombe,2025-04-01 00:00:00,1,0,0,0,0,0,22,3,0.675,0,1,0,CWS,,2.3,1.16,L
Danny Coulombe,2025-04-02 00:00:00,1,0,0,1,0,1,12,1,0.675,0,1,0,CWS,,2.3,1.16,L
Danny Coulombe,2025-04-06 00:00:00,0.1,0,0,0,0,0,9,4,0.714,1,0.7,0,HOU,,2.3,1.16,L
Danny Coulombe,2025-04-08 00:00:00,1,0,0,0,0,2,13,2,0.706,0,0.7,0,KC,,2.3,1.16,L
Danny Coulombe,2025-04-10 00:00:00,0.1,0,0,0,0,0,4,2,0.706,0,0.4,0,KC,,2.3,1.16,L
Danny Coulombe,2025-04-11 00:00:00,0.1,0,0,0,0,1,6,1,0.73,1,0.4,0,DET,,2.3,1.16,L
Danny Coulombe,2025-04-16 00:00:00,1.2,0,0,0,0,1,9,5,0.753,1,0.47,0,NYM,,2.3,1.16,L
Danny Coulombe,2025-04-18 00:00:00,1,0,0,1,0,0,17,2,0.72,0,0.77,0,ATL,,2.3,1.16,L
Danny Coulombe,2025-04-20 00:00:00,1,0,0,0,0,0,8,2,0.72,0,1.07,0,ATL,,2.3,1.16,L
Danny Coulombe,2025-04-23 00:00:00,1,0,0,0,0,1,12,3,0.675,1,1,0,CWS,,2.3,1.16,L
Danny Coulombe,2025-04-25 00:00:00,1,0,0,1,0,1,12,2,0.695,1,1,0,LAA,,2.3,1.16,L
Danny Coulombe,2025-04-30 00:00:00,1,0,0,0,0,3,16,5,0.67,0,1,0,CLE,,2.3,1.16,L
Danny Coulombe,2025-05-02 00:00:00,0.2,0,0,2,0,1,18,2,0.745,0,0.73,0,BOS,,2.3,1.16,L
Danny Coulombe,2025-05-06 00:00:00,1,0,0,0,0,2,11,4,0.699,1,0.73,0,BAL,,2.3,1.16,L
Danny Coulombe,2025-05-07 00:00:00,1,0,0,1,0,2,17,1,0.699,1,0.73,0,BAL,,2.3,1.16,L
Danny Coulombe,2025-05-09 00:00:00,1,0,0,0,0,2,9,2,0.697,1,1,0,SF,,2.3,1.16,L
Danny Coulombe,2025-05-11 00:00:00,1,0,0,1,0,2,20,2,0.697,1,1,0,SF,,2.3,1.16,L
Danny Coulombe,2025-05-14 00:00:00,0.1,0,0,0,1,0,11,3,0.699,0,0.7,0,BAL,,2.3,1.16,L
Danny Coulombe,2025-06-10 00:00:00,0.1,0,0,0,0,0,2,27,0.684,1,0.4,0,TEX,,2.3,1.16,L
Danny Coulombe,2025-06-12 00:00:00,0.1,0,0,0,0,0,1,2,0.684,1,0.1,0,TEX,,2.3,1.16,L
Danny Coulombe,2025-06-13 00:00:00,1,1,1,2,1,2,19,1,0.714,0,0.4,0.33,HOU,,2.3,1.16,L
Danny Coulombe,2025-06-17 00:00:00,0.1,0,0,0,0,0,4,4,0.706,0,0.4,0.33,CIN,,2.3,1.16,L
Danny Coulombe,2025-06-19 00:00:00,0.1,0,0,0,1,1,15,2,0.706,0,0.4,0.33,CIN,,2.3,1.16,L
Danny Coulombe,2025-06-20 00:00:00,0.2,0,0,2,0,0,3,1,0.736,1,0.13,0,MIL,,2.3,1.16,L
Danny Coulombe,2025-06-22 00:00:00,1,1,1,2,0,2,22,2,0.736,1,0.43,0.33,MIL,,2.3,1.16,L
Danny Coulombe,2025-06-26 00:00:00,1,0,0,0,1,0,16,4,0.74,1,0.73,0.33,SEA,,2.3,1.16,L
Danny Coulombe,2025-06-27 00:00:00,0.1,0,0,0,0,0,6,1,0.73,0,0.7,0.33,DET,,2.3,1.16,L
Danny Coulombe,2025-06-29 00:00:00,0.1,0,0,0,0,0,1,2,0.73,0,0.4,0,DET,,2.3,1.16,L
Danny Coulombe,2025-07-02 00:00:00,0.1,0,0,0,1,0,9,3,0.708,0,0.1,0,MIA,,2.3,1.16,L
Danny Coulombe,2025-07-04 00:00:00,1,0,0,1,0,1,11,2,0.714,1,0.4,0,TB,,2.3,1.16,L
Danny Coulombe,2025-07-05 00:00:00,1,0,0,0,0,1,14,1,0.714,1,0.7,0,TB,,2.3,1.16,L
Danny Coulombe,2025-07-08 00:00:00,0.2,0,0,1,1,1,17,3,0.751,1,0.73,0,CHC,,2.3,1.16,L
Danny Coulombe,2025-07-09 00:00:00,0.2,0,0,1,0,1,13,1,0.751,1,0.47,0,CHC,,2.3,1.16,L
Danny Coulombe,2025-07-11 00:00:00,0.2,0,0,1,0,1,11,2,0.655,1,0.2,0,PIT,,2.3,1.16,L
Danny Coulombe,2025-07-19 00:00:00,1,0,0,1,0,0,12,8,0.679,0,0.47,0,COL,,2.3,1.16,L
Danny Coulombe,2025-07-22 00:00:00,1,0,0,0,0,1,10,3,0.768,0,0.73,0,LAD,,2.3,1.16,L
Danny Coulombe,2025-07-23 00:00:00,0.1,1,1,1,1,0,16,1,0.768,0,0.7,0.33,LAD,,2.3,1.16,L
Danny Coulombe,2025-07-25 00:00:00,1,0,0,0,0,0,11,2,0.693,1,0.7,0.33,WSH,,2.3,1.16,L
Danny Coulombe,2025-07-27 00:00:00,1,1,1,1,1,1,20,2,0.693,1,0.7,0.67,WSH,,2.3,1.16,L
Danny Coulombe,2025-08-01 00:00:00,1,0,0,0,0,2,14,5,0.74,0,1,0.33,SEA,,2.3,1.16,L
Danny Coulombe,2025-08-02 00:00:00,1,0,0,1,2,2,23,1,0.74,0,1,0.33,SEA,,2.3,1.16,L
Danny Coulombe,2025-08-04 00:00:00,1,0,0,0,1,0,14,2,0.787,1,1,0,NYY,,2.3,1.16,L
Danny Coulombe,2025-08-09 00:00:00,0.2,0,0,1,1,1,22,5,0.759,1,0.73,0,PHI,,2.3,1.16,L
Danny Coulombe,2025-08-11 00:00:00,1,0,0,0,0,1,10,2,0.757,1,0.73,0,AZ,,2.3,1.16,L
Danny Coulombe,2025-08-12 00:00:00,1,1,1,1,0,2,16,1,0.757,1,0.73,0.33,AZ,,2.3,1.16,L
Danny Coulombe,2025-08-15 00:00:00,0,3,3,3,0,0,17,3,0.761,0,0.67,1.33,TOR,,2.3,1.16,L
Danny Coulombe,2025-08-19 00:00:00,0.2,0,0,0,0,1,7,4,0.706,0,0.4,1.33,KC,,2.3,1.16,L
Danny Coulombe,2025-08-21 00:00:00,0.2,0,0,0,1,0,15,2,0.706,0,0.13,1,KC,,2.3,1.16,L
Danny Coulombe,2025-08-24 00:00:00,1,0,0,0,0,1,13,3,0.67,1,0.47,0,CLE,,2.3,1.16,L
Danny Coulombe,2025-08-26 00:00:00,0.1,3,3,3,0,0,23,2,0.695,1,0.43,1,LAA,,2.3,1.16,L
Danny Coulombe,2025-09-16 00:00:00,0.2,0,0,0,1,1,16,21,0.714,0,0.43,1,HOU,,2.3,1.16,L
Danny Coulombe,2025-09-20 00:00:00,0.2,0,0,1,1,0,12,4,0.708,1,0.17,1,MIA,,2.3,1.16,L
Danny Coulombe,2025-09-23 00:00:00,1.1,0,0,1,2,1,26,3,0.708,1,0.5,0,MIN,,2.3,1.16,L
Danny Coulombe,2025-09-28 00:00:00,1,0,0,0,0,0,12,5,0.67,0,0.77,0,CLE,,2.3,1.16,L
David Festa,2025-04-11 00:00:00,4.2,0,1,3,1,4,64,5,0.73,1,4.2,0,DET,,5.4,1.28,R
David Festa,2025-04-16 00:00:00,4.1,0,0,5,1,6,76,5,0.753,1,4.15,0,NYM,,5.4,1.28,R
David Festa,2025-04-23 00:00:00,4,2,2,4,3,5,84,7,0.675,1,4.1,0.67,CWS,,5.4,1.28,R
David Festa,2025-06-05 00:00:00,3.2,8,8,6,2,6,80,43,0.749,0,3.77,3.33,ATH,,5.4,1.28,R
David Festa,2025-06-11 00:00:00,6,2,2,3,2,4,86,6,0.684,1,4.4,4,TEX,,5.4,1.28,R
David Festa,2025-06-17 00:00:00,3.2,2,4,2,3,4,81,6,0.706,0,4.13,4,CIN,,5.4,1.28,R
David Festa,2025-06-22 00:00:00,4.2,8,8,12,3,3,96,5,0.736,1,4.47,4,MIL,,5.4,1.28,R
David Festa,2025-06-27 00:00:00,5.2,0,0,2,0,6,75,5,0.73,0,4.2,3.33,DET,,5.4,1.28,R
David Festa,2025-07-03 00:00:00,6,4,4,5,1,7,87,6,0.708,0,5.13,4,MIA,,5.4,1.28,R
David Festa,2025-07-09 00:00:00,5.1,2,2,3,2,3,72,6,0.751,1,5.43,2,CHC,,5.4,1.28,R
David Festa,2025-07-21 00:00:00,5.1,4,4,4,1,5,81,12,0.768,0,5.4,3.33,LAD,,5.4,1.28,R
David Morgan,2025-05-26 00:00:00,0.2,0,0,0,0,0,6,5,0.708,1,0.2,0,MIA,,2.66,1.23,R
David Morgan,2025-05-28 00:00:00,1,1,1,1,0,3,16,2,0.708,1,0.6,0.5,MIA,,2.66,1.23,R
David Morgan,2025-06-01 00:00:00,1.2,0,0,1,0,2,29,4,0.655,1,0.8,0.33,PIT,,2.66,1.23,R
David Morgan,2025-06-05 00:00:00,2,0,0,1,1,3,39,4,0.697,0,1.4,0.33,SF,,2.66,1.23,R
David Morgan,2025-06-07 00:00:00,0,1,1,1,0,0,1,2,0.736,0,1.07,0.33,MIL,,2.66,1.23,R
David Morgan,2025-06-10 00:00:00,2,1,1,3,2,1,32,3,0.768,1,1.33,0.67,LAD,,2.66,1.23,R
David Morgan,2025-06-11 00:00:00,0.1,0,0,0,0,0,3,1,0.768,1,0.7,0.67,LAD,,2.66,1.23,R
David Morgan,2025-06-13 00:00:00,1,0,0,0,1,2,21,2,0.757,0,1.03,0.33,AZ,,2.66,1.23,R
David Morgan,2025-06-16 00:00:00,2,0,0,1,1,2,30,3,0.768,0,1.03,0,LAD,,2.66,1.23,R
David Morgan,2025-06-18 00:00:00,1,0,0,0,2,2,23,2,0.768,0,1.33,0,LAD,,2.66,1.23,R
David Morgan,2025-06-20 00:00:00,1,0,0,1,0,0,12,2,0.706,1,1.33,0,KC,,2.66,1.23,R
David Morgan,2025-06-23 00:00:00,0.2,1,1,1,0,2,12,3,0.693,1,0.73,0.33,WSH,,2.66,1.23,R
David Morgan,2025-06-27 00:00:00,2,0,0,0,0,3,26,4,0.706,0,1.07,0.33,CIN,,2.66,1.23,R
David Morgan,2025-06-30 00:00:00,2,0,0,0,0,0,26,3,0.759,0,1.4,0.33,PHI,,2.66,1.23,R
David Morgan,2025-07-06 00:00:00,1.1,1,1,4,1,1,37,6,0.684,1,1.7,0.33,TEX,,2.66,1.23,R
David Morgan,2025-07-12 00:00:00,1,0,0,1,0,0,12,6,0.759,1,1.37,0.33,PHI,,2.66,1.23,R
David Morgan,2025-07-13 00:00:00,1.1,0,0,2,0,1,29,1,0.759,1,1.07,0.33,PHI,,2.66,1.23,R
David Morgan,2025-07-19 00:00:00,0.2,0,0,0,0,0,1,6,0.693,0,0.77,0,WSH,,2.66,1.23,R
David Morgan,2025-07-22 00:00:00,1.1,1,1,2,1,2,26,3,0.708,0,0.8,0.33,MIA,,2.66,1.23,R
David Morgan,2025-07-23 00:00:00,1,0,0,0,0,0,4,1,0.708,0,0.77,0.33,MIA,,2.66,1.23,R
David Morgan,2025-07-25 00:00:00,1,0,0,2,0,0,9,2,0.693,0,1.03,0.33,STL,,2.66,1.23,R
David Morgan,2025-07-27 00:00:00,0.2,0,0,1,0,0,13,2,0.693,0,0.73,0,STL,,2.66,1.23,R
David Morgan,2025-07-28 00:00:00,0.1,0,0,0,0,0,4,1,0.753,1,0.43,0,NYM,,2.66,1.23,R
David Morgan,2025-08-02 00:00:00,2,0,0,0,1,1,19,5,0.693,1,0.77,0,STL,,2.66,1.23,R
David Morgan,2025-08-03 00:00:00,1,0,0,0,1,3,26,1,0.693,1,1.03,0,STL,,2.66,1.23,R
David Morgan,2025-08-05 00:00:00,1,0,0,0,0,1,11,2,0.757,0,1.33,0,AZ,,2.66,1.23,R
David Morgan,2025-08-10 00:00:00,1.2,0,0,0,0,3,19,5,0.745,1,1.07,0,BOS,,2.66,1.23,R
David Morgan,2025-08-12 00:00:00,0.2,0,0,2,1,1,17,2,0.697,0,0.8,0,SF,,2.66,1.23,R
David Morgan,2025-08-16 00:00:00,1.2,1,1,1,0,0,18,4,0.768,0,0.87,0.33,LAD,,2.66,1.23,R
David Morgan,2025-08-18 00:00:00,1.1,0,0,0,1,3,19,2,0.697,1,0.83,0.33,SF,,2.66,1.23,R
David Morgan,2025-08-20 00:00:00,1.1,0,0,0,0,1,14,2,0.697,1,1.13,0.33,SF,,2.66,1.23,R
David Morgan,2025-08-25 00:00:00,1,5,5,2,2,2,33,5,0.74,0,1.07,1.67,SEA,,2.66,1.23,R
David Morgan,2025-08-27 00:00:00,0.2,0,0,1,1,0,15,2,0.74,0,0.77,1.67,SEA,,2.66,1.23,R
David Morgan,2025-08-29 00:00:00,1.1,1,1,2,1,0,33,2,0.708,0,0.77,2,MIN,,2.66,1.23,R
David Morgan,2025-08-31 00:00:00,2,0,0,1,0,2,29,2,0.708,0,1.1,0.33,MIN,,2.66,1.23,R
David Morgan,2025-09-02 00:00:00,1.1,0,0,2,1,2,17,2,0.699,1,1.4,0.33,BAL,,2.66,1.23,R
David Morgan,2025-09-05 00:00:00,1,1,1,1,1,2,16,3,0.679,0,1.37,0.33,COL,,2.66,1.23,R
David Morgan,2025-09-07 00:00:00,1,0,0,0,0,2,16,2,0.679,0,1.03,0.33,COL,,2.66,1.23,R
David Morgan,2025-09-24 00:00:00,1,0,0,0,1,1,14,17,0.736,1,1,0.33,MIL,,2.66,1.23,R
David Morgan,2025-09-26 00:00:00,0.1,0,0,0,3,0,18,2,0.757,1,0.7,0,AZ,,2.66,1.23,R
David Morgan,2025-09-28 00:00:00,1,0,0,1,0,2,21,2,0.757,1,0.7,0,AZ,,2.66,1.23,R
David Morgan,2025-10-02 00:00:00,1,0,0,1,0,2,11,4,0.751,0,0.7,0,CHC,,2.66,1.23,R
David Peterson,2025-03-31 00:00:00,6,2,2,5,3,9,89,5,0.708,0,6,2,MIA,,4.22,1.37,L
David Peterson,2025-04-06 00:00:00,4.2,1,1,3,5,3,91,6,0.761,1,5.1,1.5,TOR,,4.22,1.37,L
David Peterson,2025-04-12 00:00:00,6,2,2,7,0,5,89,6,0.749,0,5.4,1.67,ATH,,4.22,1.37,L
David Peterson,2025-04-18 00:00:00,5.1,3,3,7,0,9,99,6,0.693,1,5.1,2,STL,,4.22,1.37,L
David Peterson,2025-04-23 00:00:00,5.1,2,2,8,1,2,89,5,0.759,1,5.4,2.33,PHI,,4.22,1.37,L
David Peterson,2025-04-29 00:00:00,5,1,1,5,0,2,85,6,0.757,1,5.07,2,AZ,,4.22,1.37,L
David Peterson,2025-05-06 00:00:00,6,2,4,4,4,6,104,7,0.757,0,5.37,1.67,AZ,,4.22,1.37,L
David Peterson,2025-05-12 00:00:00,6,2,2,5,3,7,100,6,0.655,1,5.67,1.67,PIT,,4.22,1.37,L
David Peterson,2025-05-18 00:00:00,6,1,2,3,4,4,101,6,0.787,0,6,1.67,NYY,,4.22,1.37,L
David Peterson,2025-05-24 00:00:00,7.2,2,2,5,2,7,99,6,0.768,1,6.4,1.67,LAD,,4.22,1.37,L
David Peterson,2025-05-30 00:00:00,5.2,1,1,5,1,5,94,6,0.679,1,6.13,1.33,COL,,4.22,1.37,L
David Peterson,2025-06-05 00:00:00,7,3,3,7,2,6,91,6,0.768,0,6.47,2,LAD,,4.22,1.37,L
David Peterson,2025-06-11 00:00:00,9,0,0,6,0,6,106,6,0.693,1,7.07,1.33,WSH,,4.22,1.37,L
David Peterson,2025-06-17 00:00:00,7,3,3,5,3,3,93,6,0.72,0,7.67,2,ATL,,4.22,1.37,L
David Peterson,2025-06-22 00:00:00,4,5,5,6,3,4,72,5,0.759,0,6.67,2.67,PHI,,4.22,1.37,L
David Peterson,2025-06-27 00:00:00,4.2,5,5,7,3,5,91,5,0.655,0,5.07,4.33,PIT,,4.22,1.37,L
David Peterson,2025-07-03 00:00:00,6.2,1,2,5,3,4,103,6,0.736,1,4.8,3.67,MIL,,4.22,1.37,L
David Peterson,2025-07-10 00:00:00,7,1,1,5,0,6,90,7,0.699,0,5.8,2.33,BAL,,4.22,1.37,L
David Peterson,2025-07-20 00:00:00,6,0,1,4,1,4,93,10,0.706,1,6.4,0.67,CIN,,4.22,1.37,L
David Peterson,2025-07-26 00:00:00,6,1,1,8,3,4,91,6,0.697,0,6.33,0.67,SF,,4.22,1.37,L
David Peterson,2025-08-01 00:00:00,6,2,2,4,2,4,97,6,0.697,1,6,1,SF,,4.22,1.37,L
David Peterson,2025-08-06 00:00:00,6,4,4,5,2,7,89,5,0.67,1,6,2.33,CLE,,4.22,1.37,L
David Peterson,2025-08-13 00:00:00,3.1,6,6,5,5,5,80,7,0.72,1,5.03,4,ATL,,4.22,1.37,L
David Peterson,2025-08-19 00:00:00,8,1,1,4,1,10,96,6,0.693,0,5.7,3.67,WSH,,4.22,1.37,L
David Peterson,2025-08-24 00:00:00,5.2,2,2,5,4,8,98,5,0.72,0,5.43,3,ATL,,4.22,1.37,L
David Peterson,2025-08-30 00:00:00,2,8,8,8,3,1,65,6,0.708,1,5.07,3.67,MIA,,4.22,1.37,L
David Peterson,2025-09-05 00:00:00,5.1,4,4,7,1,4,91,6,0.706,0,4.1,4.67,CIN,,4.22,1.37,L
David Peterson,2025-09-11 00:00:00,5,3,3,7,1,8,86,6,0.759,0,4.03,5,PHI,,4.22,1.37,L
David Peterson,2025-09-17 00:00:00,5,6,6,6,3,1,85,6,0.711,1,5.03,4.33,SD,,4.22,1.37,L
David Peterson,2025-09-23 00:00:00,1.1,5,5,5,2,1,42,6,0.751,0,3.7,4.67,CHC,,4.22,1.37,L
Davis Daniel,2025-04-27 00:00:00,1,0,0,0,0,1,18,5,0.757,0,1,0,AZ,,5.4,1.6,R
Davis Daniel,2025-07-13 00:00:00,4,1,1,2,3,5,73,77,0.693,0,2.5,0.5,STL,,5.4,1.6,R
Davis Daniel,2025-07-22 00:00:00,5,5,5,7,4,3,92,9,0.697,1,3.33,2,SF,,5.4,1.6,R
Davis Martin,2025-03-30 00:00:00,6,0,2,4,2,2,91,5,0.695,1,6,0,LAA,,4.1,1.29,R
Davis Martin,2025-04-05 00:00:00,5,7,7,9,2,2,88,6,0.73,0,5.5,3.5,DET,,4.1,1.29,R
Davis Martin,2025-04-11 00:00:00,6,1,1,6,1,6,89,6,0.745,1,5.67,2.67,BOS,,4.1,1.29,R
Davis Martin,2025-04-17 00:00:00,5.1,4,4,8,1,3,90,6,0.749,1,5.37,4,ATH,,4.1,1.29,R
Davis Martin,2025-04-22 00:00:00,5,0,2,3,3,3,88,5,0.708,0,5.37,1.67,MIN,,4.1,1.29,R
Davis Martin,2025-04-27 00:00:00,6,0,0,3,2,5,73,5,0.749,0,5.37,1.33,ATH,,4.1,1.29,R
Davis Martin,2025-05-03 00:00:00,5,3,3,8,0,5,88,6,0.714,1,5.33,1,HOU,,4.1,1.29,R
Davis Martin,2025-05-08 00:00:00,4.1,4,4,7,1,2,86,5,0.706,0,5.03,2.33,KC,,4.1,1.29,R
Davis Martin,2025-05-14 00:00:00,6.2,1,1,7,0,5,95,6,0.706,0,5.1,2.67,CIN,,4.1,1.29,R
Davis Martin,2025-05-19 00:00:00,7.1,2,2,4,1,3,92,5,0.74,1,5.8,2.33,SEA,,4.1,1.29,R
Davis Martin,2025-05-25 00:00:00,6,2,2,4,3,2,100,6,0.684,1,6.43,1.67,TEX,,4.1,1.29,R
Davis Martin,2025-05-31 00:00:00,6,4,4,5,1,3,82,6,0.699,0,6.37,2.67,BAL,,4.1,1.29,R
Davis Martin,2025-06-06 00:00:00,6,2,2,5,0,7,92,6,0.706,1,6,2.67,KC,,4.1,1.29,R
Davis Martin,2025-06-12 00:00:00,6,4,4,7,2,5,100,6,0.714,0,6,3.33,HOU,,4.1,1.29,R
Davis Martin,2025-07-22 00:00:00,5,3,4,3,4,3,76,40,0.714,0,5.67,3,TB,,4.1,1.29,R
Davis Martin,2025-07-28 00:00:00,5.2,2,2,6,3,7,94,6,0.759,1,5.4,3,PHI,,4.1,1.29,R
Davis Martin,2025-08-05 00:00:00,5,5,6,7,2,5,93,8,0.74,0,5.07,3.33,SEA,,4.1,1.29,R
Davis Martin,2025-08-10 00:00:00,5,3,3,5,3,2,97,5,0.67,1,5.07,3.33,CLE,,4.1,1.29,R
Davis Martin,2025-08-17 00:00:00,6,0,0,1,3,4,87,7,0.706,0,5.33,2.67,KC,,4.1,1.29,R
Davis Martin,2025-08-23 00:00:00,5,2,2,5,1,6,93,6,0.708,1,5.33,1.67,MIN,,4.1,1.29,R
Davis Martin,2025-08-28 00:00:00,3.2,3,4,4,3,5,81,5,0.787,1,4.73,1.67,NYY,,4.1,1.29,R
Davis Martin,2025-09-02 00:00:00,6,3,3,6,3,4,90,5,0.708,0,4.73,2.67,MIN,,4.1,1.29,R
Davis Martin,2025-09-07 00:00:00,5.1,2,4,2,3,3,97,5,0.73,0,4.77,2.67,DET,,4.1,1.29,R
Davis Martin,2025-09-13 00:00:00,5,2,2,5,1,3,85,6,0.67,0,5.37,2.33,CLE,,4.1,1.29,R
Davis Martin,2025-09-19 00:00:00,6,3,3,6,1,4,77,6,0.711,1,5.37,2.33,SD,,4.1,1.29,R
Davis Martin,2025-09-25 00:00:00,4.1,3,3,6,2,5,85,6,0.787,0,5.03,2.67,NYY,,4.1,1.29,R
Dean Kremer,2025-03-29 00:00:00,5.1,5,5,5,2,6,81,5,0.761,0,5.1,5,TOR,,4.19,1.21,R
Dean Kremer,2025-04-04 00:00:00,4.1,2,3,8,0,1,88,6,0.706,0,4.6,3.5,KC,,4.19,1.21,R
Dean Kremer,2025-04-09 00:00:00,4.2,6,6,8,1,4,85,5,0.757,0,4.47,4.33,AZ,,4.19,1.21,R
Dean Kremer,2025-04-16 00:00:00,5.1,1,1,4,1,2,96,7,0.67,1,4.47,3,CLE,,4.19,1.21,R
Dean Kremer,2025-04-22 00:00:00,5.1,5,6,11,0,4,101,6,0.693,0,4.8,4,WSH,,4.19,1.21,R
Dean Kremer,2025-04-27 00:00:00,5.2,5,5,4,4,3,97,5,0.73,0,5.13,3.67,DET,,4.19,1.21,R
Dean Kremer,2025-05-02 00:00:00,7,0,0,3,1,2,82,5,0.706,1,5.77,3.33,KC,,4.19,1.21,R
Dean Kremer,2025-05-08 00:00:00,7,2,2,3,2,8,86,6,0.708,0,6.4,2.33,MIN,,4.19,1.21,R
Dean Kremer,2025-05-14 00:00:00,5.2,4,4,7,2,4,95,6,0.708,1,6.4,2,MIN,,4.19,1.21,R
Dean Kremer,2025-05-19 00:00:00,5.1,4,4,9,2,6,97,5,0.736,0,5.77,3.33,MIL,,4.19,1.21,R
Dean Kremer,2025-05-25 00:00:00,5.1,0,0,7,1,4,95,6,0.745,0,5.13,2.67,BOS,,4.19,1.21,R
Dean Kremer,2025-05-31 00:00:00,6,1,1,6,2,7,102,6,0.675,1,5.4,1.67,CWS,,4.19,1.21,R
Dean Kremer,2025-06-06 00:00:00,5.1,5,5,8,1,2,82,6,0.749,0,5.4,2,ATH,,4.19,1.21,R
Dean Kremer,2025-06-12 00:00:00,7,4,4,5,2,8,105,6,0.73,1,6.03,3.33,DET,,4.19,1.21,R
Dean Kremer,2025-06-17 00:00:00,5,1,1,4,2,4,81,5,0.714,0,5.7,3.33,TB,,4.19,1.21,R
Dean Kremer,2025-06-22 00:00:00,5.2,1,1,5,1,7,85,5,0.787,0,5.73,2,NYY,,4.19,1.21,R
Dean Kremer,2025-06-29 00:00:00,7,0,0,3,1,6,93,7,0.714,1,5.73,0.67,TB,,4.19,1.21,R
Dean Kremer,2025-07-05 00:00:00,4.1,5,5,8,1,3,87,6,0.72,0,5.43,2,ATL,,4.19,1.21,R
Dean Kremer,2025-07-11 00:00:00,7,0,0,3,1,7,99,6,0.708,1,6.03,1.67,MIA,,4.19,1.21,R
Dean Kremer,2025-07-19 00:00:00,7,1,1,3,3,6,98,8,0.714,0,6.03,2,TB,,4.19,1.21,R
Dean Kremer,2025-07-25 00:00:00,6,5,5,6,2,5,92,6,0.679,1,6.67,2,COL,,4.19,1.21,R
Dean Kremer,2025-07-30 00:00:00,5,3,3,6,2,5,87,5,0.761,1,6,3,TOR,,4.19,1.21,R
Dean Kremer,2025-08-05 00:00:00,6,4,4,8,1,6,103,6,0.759,0,5.67,4,PHI,,4.19,1.21,R
Dean Kremer,2025-08-12 00:00:00,8,1,1,5,1,6,101,7,0.74,1,6.33,2.67,SEA,,4.19,1.21,R
Dean Kremer,2025-08-17 00:00:00,7,0,0,3,1,7,114,5,0.714,0,7,1.67,HOU,,4.19,1.21,R
Dean Kremer,2025-08-23 00:00:00,5,6,7,7,1,4,75,6,0.714,1,6.67,2.33,HOU,,4.19,1.21,R
Dean Kremer,2025-08-29 00:00:00,3,7,7,9,2,1,77,6,0.697,0,5,4.33,SF,,4.19,1.21,R
Dean Kremer,2025-09-05 00:00:00,3,0,0,0,1,4,56,7,0.768,1,3.67,4.33,LAD,,4.19,1.21,R
Dean Kremer,2025-09-16 00:00:00,5.2,2,2,4,3,4,97,11,0.675,0,3.73,3,CWS,,4.19,1.21,R
Dean Kremer,2025-09-23 00:00:00,6.1,0,0,1,0,4,97,7,0.714,1,4.77,0.67,TB,,4.19,1.21,R
Dean Kremer,2025-09-28 00:00:00,1.1,0,0,0,1,2,20,5,0.787,0,4.13,0.67,NYY,,4.19,1.21,R
Didier Fuentes,2025-06-20 00:00:00,5,4,4,6,1,3,87,5,0.708,0,5,4,MIA,,13.85,2.23,R
Didier Fuentes,2025-06-25 00:00:00,3.1,6,6,8,0,1,74,5,0.753,0,4.05,5,NYM,,13.85,2.23,R
Didier Fuentes,2025-07-02 00:00:00,3.2,2,2,4,3,6,92,7,0.695,1,3.77,4,LAA,,13.85,2.23,R
Didier Fuentes,2025-07-08 00:00:00,1,8,8,5,2,2,40,6,0.749,0,2.43,5.33,ATH,,13.85,2.23,R
Dietrich Enns,2025-06-26 00:00:00,5,0,0,1,2,4,77,5,0.749,1,5,0,ATH,,4.08,1.4,L
Dietrich Enns,2025-07-03 00:00:00,4,7,8,8,2,3,83,7,0.693,0,4.5,3.5,WSH,,4.08,1.4,L
Dietrich Enns,2025-07-09 00:00:00,3,0,0,4,0,2,43,6,0.714,1,4,2.33,TB,,4.08,1.4,L
Dietrich Enns,2025-07-12 00:00:00,1.1,0,0,2,0,1,21,3,0.74,1,2.7,2.33,SEA,,4.08,1.4,L
Dietrich Enns,2025-07-21 00:00:00,2.2,0,0,3,0,3,34,9,0.655,0,2.1,0,PIT,,4.08,1.4,L
Dietrich Enns,2025-07-24 00:00:00,1.1,4,4,4,0,1,30,3,0.761,1,1.47,1.33,TOR,,4.08,1.4,L
Dietrich Enns,2025-07-27 00:00:00,0.1,0,0,1,0,1,8,3,0.761,1,1.13,1.33,TOR,,4.08,1.4,L
Dietrich Enns,2025-08-03 00:00:00,1.2,1,1,5,0,3,41,7,0.751,0,0.8,1.67,CHC,,4.08,1.4,L
Dietrich Enns,2025-08-06 00:00:00,2,0,0,1,0,5,29,3,0.759,0,1.1,0.33,PHI,,4.08,1.4,L
Dietrich Enns,2025-08-10 00:00:00,0.2,0,0,0,0,2,11,4,0.749,1,1.13,0.33,ATH,,4.08,1.4,L
Dietrich Enns,2025-08-13 00:00:00,1,0,0,1,0,2,14,3,0.74,1,1.07,0,SEA,,4.08,1.4,L
Dietrich Enns,2025-08-14 00:00:00,1,1,1,2,1,0,23,1,0.74,1,0.73,0.33,SEA,,4.08,1.4,L
Dietrich Enns,2025-08-16 00:00:00,2,0,0,0,2,3,26,2,0.714,0,1.33,0.33,HOU,,4.08,1.4,L
Dietrich Enns,2025-08-18 00:00:00,1,1,1,1,0,1,22,2,0.745,0,1.33,0.67,BOS,,4.08,1.4,L
Dietrich Enns,2025-08-23 00:00:00,2,2,2,3,1,1,30,5,0.714,1,1.67,1,HOU,,4.08,1.4,L
Dietrich Enns,2025-08-27 00:00:00,2.2,1,1,2,0,3,34,4,0.745,1,1.73,1.33,BOS,,4.08,1.4,L
Dietrich Enns,2025-09-01 00:00:00,2.1,0,1,2,1,1,34,5,0.711,0,2.1,1,SD,,4.08,1.4,L
Dietrich Enns,2025-09-05 00:00:00,2,1,1,2,3,1,39,4,0.768,1,2.1,0.67,LAD,,4.08,1.4,L
Dietrich Enns,2025-09-09 00:00:00,2,0,0,0,1,2,22,4,0.655,1,2.03,0.33,PIT,,4.08,1.4,L
Dietrich Enns,2025-09-12 00:00:00,1.1,1,2,3,1,0,25,3,0.761,0,1.7,0.67,TOR,,4.08,1.4,L
Dietrich Enns,2025-09-15 00:00:00,3,0,0,0,0,4,32,3,0.675,0,2.03,0.33,CWS,,4.08,1.4,L
Dietrich Enns,2025-09-19 00:00:00,1,2,2,2,0,1,17,4,0.787,1,1.7,1,NYY,,4.08,1.4,L
Dietrich Enns,2025-09-21 00:00:00,1,0,0,1,1,2,18,2,0.787,1,1.67,0.67,NYY,,4.08,1.4,L
Dietrich Enns,2025-09-24 00:00:00,2,0,1,2,0,3,28,3,0.714,1,1.33,0.67,TB,,4.08,1.4,L
DL Hall,2025-05-26 00:00:00,2.1,1,1,2,2,1,33,5,0.745,1,2.1,1,BOS,,3.49,1.06,L
DL Hall,2025-05-30 00:00:00,3,0,0,0,1,4,44,4,0.759,0,2.55,0.5,PHI,,3.49,1.06,L
DL Hall,2025-06-04 00:00:00,3,0,0,1,2,3,48,5,0.706,0,2.7,0.33,CIN,,3.49,1.06,L
DL Hall,2025-06-09 00:00:00,3,2,2,3,1,1,40,5,0.72,1,3,0.67,ATL,,3.49,1.06,L
DL Hall,2025-06-14 00:00:00,2,0,0,0,1,1,31,5,0.693,1,2.67,0.67,STL,,3.49,1.06,L
DL Hall,2025-06-20 00:00:00,1,0,0,0,0,0,15,6,0.708,0,2,0.67,MIN,,3.49,1.06,L
DL Hall,2025-06-22 00:00:00,0.1,2,2,2,2,0,17,2,0.708,0,1.03,0.67,MIN,,3.49,1.06,L
DL Hall,2025-06-28 00:00:00,1,0,0,0,0,0,11,6,0.679,1,0.7,0.67,COL,,3.49,1.06,L
DL Hall,2025-07-02 00:00:00,2,0,0,0,0,1,20,4,0.753,0,1.03,0.67,NYM,,3.49,1.06,L
DL Hall,2025-07-05 00:00:00,2,0,0,0,0,2,23,3,0.708,0,1.67,0,MIA,,3.49,1.06,L
DL Hall,2025-07-11 00:00:00,3,1,1,2,2,2,40,6,0.693,1,2.33,0.33,WSH,,3.49,1.06,L
DL Hall,2025-07-20 00:00:00,0.2,0,0,0,1,0,13,9,0.768,0,1.73,0.33,LAD,,3.49,1.06,L
DL Hall,2025-07-22 00:00:00,1.2,0,0,0,0,1,18,2,0.74,0,1.47,0.33,SEA,,3.49,1.06,L
DL Hall,2025-07-26 00:00:00,2,0,0,0,1,2,30,4,0.708,1,1.13,0,MIA,,3.49,1.06,L
DL Hall,2025-07-28 00:00:00,1,0,0,1,1,1,16,2,0.751,1,1.4,0,CHC,,3.49,1.06,L
DL Hall,2025-07-30 00:00:00,1,3,3,3,0,1,22,2,0.751,1,1.33,1,CHC,,3.49,1.06,L
DL Hall,2025-08-03 00:00:00,2.1,2,2,3,1,2,47,4,0.693,0,1.37,1.67,WSH,,3.49,1.06,L
DL Hall,2025-08-10 00:00:00,3.2,0,0,0,2,4,56,7,0.753,1,2.1,1.67,NYM,,3.49,1.06,L
DL Hall,2025-08-15 00:00:00,2.2,3,3,5,0,1,53,5,0.706,0,2.5,1.67,CIN,,3.49,1.06,L
DL Hall,2025-09-28 00:00:00,1,1,1,2,0,0,11,44,0.706,1,2.13,1.33,CIN,,3.49,1.06,L
Doug Nikhazy,2025-04-26 00:00:00,3,6,6,5,6,3,90,5,0.745,1,3,6,BOS,,13.5,2.75,L
Doug Nikhazy,2025-07-04 00:00:00,1,0,0,0,0,2,18,69,0.73,1,2,3,DET,,13.5,2.75,L
Drew Pomeranz,2025-04-25 00:00:00,1,0,0,0,1,2,16,5,0.759,1,1,0,PHI,,2.17,1.07,L
Drew Pomeranz,2025-04-26 00:00:00,1.1,0,0,0,0,0,14,1,0.759,1,1.05,0,PHI,,2.17,1.07,L
Drew Pomeranz,2025-04-30 00:00:00,1,0,0,0,0,1,14,4,0.655,0,1.03,0,PIT,,2.17,1.07,L
Drew Pomeranz,2025-05-04 00:00:00,1,0,0,0,1,1,14,4,0.736,0,1.03,0,MIL,,2.17,1.07,L
Drew Pomeranz,2025-05-06 00:00:00,1,0,0,0,0,0,14,2,0.697,1,1,0,SF,,2.17,1.07,L
Drew Pomeranz,2025-05-07 00:00:00,0.1,0,0,0,0,1,3,1,0.697,1,0.7,0,SF,,2.17,1.07,L
Drew Pomeranz,2025-05-10 00:00:00,1,0,0,1,0,1,13,3,0.753,0,0.7,0,NYM,,2.17,1.07,L
Drew Pomeranz,2025-05-12 00:00:00,1,0,0,1,0,2,16,2,0.708,1,0.7,0,MIA,,2.17,1.07,L
Drew Pomeranz,2025-05-14 00:00:00,1,0,0,0,0,1,13,2,0.708,1,1,0,MIA,,2.17,1.07,L
Drew Pomeranz,2025-05-18 00:00:00,0.2,0,0,1,0,1,6,4,0.675,1,0.73,0,CWS,,2.17,1.07,L
Drew Pomeranz,2025-05-19 00:00:00,1,0,0,1,0,1,14,1,0.708,0,0.73,0,MIA,,2.17,1.07,L
Drew Pomeranz,2025-05-23 00:00:00,1,0,0,0,1,1,15,4,0.706,0,0.73,0,CIN,,2.17,1.07,L
Drew Pomeranz,2025-05-25 00:00:00,1,0,0,0,0,2,17,2,0.706,0,1,0,CIN,,2.17,1.07,L
Drew Pomeranz,2025-05-26 00:00:00,0.1,0,0,0,0,0,6,1,0.679,1,0.7,0,COL,,2.17,1.07,L
Drew Pomeranz,2025-05-31 00:00:00,1,0,0,0,0,1,9,5,0.706,1,0.7,0,CIN,,2.17,1.07,L
Drew Pomeranz,2025-06-05 00:00:00,1,0,0,1,0,0,14,5,0.693,0,0.7,0,WSH,,2.17,1.07,L
Drew Pomeranz,2025-06-09 00:00:00,0.2,0,0,0,0,0,7,4,0.759,0,0.73,0,PHI,,2.17,1.07,L
Drew Pomeranz,2025-06-11 00:00:00,1,0,0,1,0,1,16,2,0.759,0,0.73,0,PHI,,2.17,1.07,L
Drew Pomeranz,2025-06-13 00:00:00,1,0,1,1,1,0,18,2,0.655,1,0.73,0,PIT,,2.17,1.07,L
Drew Pomeranz,2025-06-14 00:00:00,1,0,0,0,1,0,16,1,0.655,1,1,0,PIT,,2.17,1.07,L
Drew Pomeranz,2025-06-19 00:00:00,1,0,0,1,1,2,14,5,0.736,1,1,0,MIL,,2.17,1.07,L
Drew Pomeranz,2025-06-21 00:00:00,0.1,0,0,4,0,1,16,2,0.74,1,0.7,0,SEA,,2.17,1.07,L
Drew Pomeranz,2025-06-24 00:00:00,1,0,0,0,0,0,6,3,0.693,0,0.7,0,STL,,2.17,1.07,L
Drew Pomeranz,2025-06-26 00:00:00,1,0,0,1,0,1,15,2,0.693,0,0.7,0,STL,,2.17,1.07,L
Drew Pomeranz,2025-06-28 00:00:00,1,0,0,0,0,1,13,2,0.714,0,1,0,HOU,,2.17,1.07,L
Drew Pomeranz,2025-07-03 00:00:00,0.2,0,0,1,1,2,20,5,0.67,1,0.73,0,CLE,,2.17,1.07,L
Drew Pomeranz,2025-07-05 00:00:00,0.1,2,2,1,2,1,25,2,0.693,1,0.43,0.67,STL,,2.17,1.07,L
Drew Pomeranz,2025-07-09 00:00:00,1,0,0,1,0,1,17,4,0.708,0,0.43,0.67,MIN,,2.17,1.07,L
Drew Pomeranz,2025-07-13 00:00:00,1,0,0,0,0,1,13,4,0.787,0,0.7,0.67,NYY,,2.17,1.07,L
Drew Pomeranz,2025-07-18 00:00:00,0.1,0,0,0,0,0,6,5,0.745,1,0.7,0,BOS,,2.17,1.07,L
Drew Pomeranz,2025-07-20 00:00:00,0.1,3,3,2,1,0,11,2,0.745,1,0.4,1,BOS,,2.17,1.07,L
Drew Pomeranz,2025-07-23 00:00:00,1,2,2,1,0,2,21,3,0.706,1,0.4,1.67,KC,,2.17,1.07,L
Drew Pomeranz,2025-07-25 00:00:00,1,0,0,0,0,2,18,2,0.675,0,0.7,1.67,CWS,,2.17,1.07,L
Drew Pomeranz,2025-07-27 00:00:00,0.2,0,0,2,0,1,20,2,0.675,0,0.73,0.67,CWS,,2.17,1.07,L
Drew Pomeranz,2025-07-29 00:00:00,0.1,0,1,1,1,1,17,2,0.736,0,0.43,0,MIL,,2.17,1.07,L
Drew Pomeranz,2025-08-03 00:00:00,1.1,0,0,0,1,2,20,5,0.699,1,0.47,0,BAL,,2.17,1.07,L
Drew Pomeranz,2025-08-04 00:00:00,1,0,0,0,0,0,15,1,0.706,1,0.73,0,CIN,,2.17,1.07,L
Drew Pomeranz,2025-08-06 00:00:00,0.1,0,0,0,0,1,4,2,0.706,1,0.73,0,CIN,,2.17,1.07,L
Drew Pomeranz,2025-08-09 00:00:00,1,0,0,2,1,1,18,3,0.693,0,0.7,0,STL,,2.17,1.07,L
Drew Pomeranz,2025-08-14 00:00:00,1,0,0,1,0,1,16,5,0.761,0,0.7,0,TOR,,2.17,1.07,L
Drew Pomeranz,2025-08-18 00:00:00,1.1,0,0,0,0,0,16,4,0.736,1,1.03,0,MIL,,2.17,1.07,L
Drew Pomeranz,2025-08-19 00:00:00,1,0,0,0,0,2,14,1,0.736,1,1.03,0,MIL,,2.17,1.07,L
Drew Pomeranz,2025-08-21 00:00:00,1,0,0,1,0,1,17,2,0.736,1,1.03,0,MIL,,2.17,1.07,L
Drew Pomeranz,2025-08-26 00:00:00,0.2,0,0,0,0,0,8,5,0.697,0,0.73,0,SF,,2.17,1.07,L
Drew Pomeranz,2025-08-29 00:00:00,0.2,2,2,3,0,0,17,3,0.679,0,0.47,0.67,COL,,2.17,1.07,L
Drew Pomeranz,2025-09-02 00:00:00,1,0,0,1,0,1,19,4,0.72,1,0.47,0.67,ATL,,2.17,1.07,L
Drew Pomeranz,2025-09-03 00:00:00,0.2,2,2,3,0,1,17,1,0.72,1,0.47,1.33,ATL,,2.17,1.07,L
Drew Pomeranz,2025-09-06 00:00:00,1,0,0,0,0,2,11,3,0.693,1,0.73,0.67,WSH,,2.17,1.07,L
Drew Pomeranz,2025-09-07 00:00:00,1,0,0,0,0,2,8,1,0.693,1,0.73,0.67,WSH,,2.17,1.07,L
Drew Pomeranz,2025-09-12 00:00:00,1,0,0,0,0,1,11,5,0.714,1,1,0,TB,,2.17,1.07,L
Drew Pomeranz,2025-09-13 00:00:00,0.2,0,0,1,0,0,9,1,0.714,1,0.73,0,TB,,2.17,1.07,L
Drew Pomeranz,2025-09-16 00:00:00,1,0,0,0,0,2,15,3,0.655,0,0.73,0,PIT,,2.17,1.07,L
Drew Pomeranz,2025-09-17 00:00:00,1,0,0,1,1,1,24,1,0.655,0,0.73,0,PIT,,2.17,1.07,L
Drew Pomeranz,2025-09-20 00:00:00,1,1,1,2,0,2,13,3,0.706,0,1,0.33,CIN,,2.17,1.07,L
Drew Pomeranz,2025-09-23 00:00:00,0.1,0,0,1,1,1,15,3,0.753,1,0.7,0.33,NYM,,2.17,1.07,L
Drew Pomeranz,2025-09-25 00:00:00,1.1,0,0,0,0,2,15,2,0.753,1,0.73,0.33,NYM,,2.17,1.07,L
Drew Pomeranz,2025-09-27 00:00:00,1,0,0,0,0,2,11,2,0.693,1,0.73,0,STL,,2.17,1.07,L
Drew Pomeranz,2025-09-30 00:00:00,1,0,0,0,0,0,11,3,0.711,1,1.03,0,SD,,2.17,1.07,L
Drew Pomeranz,2025-10-02 00:00:00,1,0,0,0,0,0,13,2,0.711,1,1,0,SD,,2.17,1.07,L
Drew Pomeranz,2025-10-06 00:00:00,1,0,0,0,0,1,9,4,0.736,0,1,0,MIL,,2.17,1.07,L
Drew Pomeranz,2025-10-08 00:00:00,1,0,0,0,0,2,15,2,0.736,1,1,0,MIL,,2.17,1.07,L
Drew Pomeranz,2025-10-09 00:00:00,1,0,0,0,0,2,15,1,0.736,1,1,0,MIL,,2.17,1.07,L
Drew Pomeranz,2025-10-11 00:00:00,1,1,1,1,0,1,23,2,0.736,0,1,0.33,MIL,,2.17,1.07,L
Drew Rasmussen,2025-03-31 00:00:00,5,0,0,2,0,4,70,5,0.655,1,5,0,PIT,,2.76,1.02,R
Drew Rasmussen,2025-04-06 00:00:00,5,1,1,3,1,4,79,6,0.684,0,5,0.5,TEX,,2.76,1.02,R
Drew Rasmussen,2025-04-12 00:00:00,5,0,0,4,1,7,80,6,0.72,1,5,0.33,ATL,,2.76,1.02,R
Drew Rasmussen,2025-04-18 00:00:00,5.2,1,1,3,3,7,84,6,0.787,1,5.07,0.67,NYY,,2.76,1.02,R
Drew Rasmussen,2025-04-24 00:00:00,5,4,4,5,1,5,82,6,0.757,0,5.07,1.67,AZ,,2.76,1.02,R
Drew Rasmussen,2025-04-30 00:00:00,5,3,3,6,1,3,72,6,0.706,1,5.07,2.67,KC,,2.76,1.02,R
Drew Rasmussen,2025-05-06 00:00:00,4.1,3,3,5,2,2,86,6,0.759,1,4.7,3.33,PHI,,2.76,1.02,R
Drew Rasmussen,2025-05-11 00:00:00,5,3,3,4,1,3,72,5,0.736,1,4.7,3,MIL,,2.76,1.02,R
Drew Rasmussen,2025-05-17 00:00:00,6,0,0,4,0,5,81,6,0.708,0,5.03,2,MIA,,2.76,1.02,R
Drew Rasmussen,2025-05-23 00:00:00,6,0,0,4,2,3,76,6,0.761,1,5.67,1,TOR,,2.76,1.02,R
Drew Rasmussen,2025-05-28 00:00:00,6,0,0,1,1,5,74,5,0.708,1,6,0,MIN,,2.76,1.02,R
Drew Rasmussen,2025-06-03 00:00:00,5,0,0,1,0,8,79,6,0.684,1,5.67,0,TEX,,2.76,1.02,R
Drew Rasmussen,2025-06-08 00:00:00,6,2,2,6,1,3,74,5,0.708,1,5.67,0.67,MIA,,2.76,1.02,R
Drew Rasmussen,2025-06-14 00:00:00,5,4,4,7,1,3,87,6,0.753,0,5.33,2,NYM,,2.76,1.02,R
Drew Rasmussen,2025-06-19 00:00:00,5.1,2,2,4,3,5,92,5,0.699,1,5.37,2.67,BAL,,2.76,1.02,R
Drew Rasmussen,2025-06-25 00:00:00,5,0,0,2,2,5,62,6,0.706,0,5.03,2,KC,,2.76,1.02,R
Drew Rasmussen,2025-06-30 00:00:00,3,4,4,5,1,2,54,5,0.749,1,4.37,2,ATH,,2.76,1.02,R
Drew Rasmussen,2025-07-06 00:00:00,2,1,1,3,0,2,32,6,0.708,0,3.33,1.67,MIN,,2.76,1.02,R
Drew Rasmussen,2025-07-11 00:00:00,2,1,1,3,1,1,53,5,0.745,0,2.33,2,BOS,,2.76,1.02,R
Drew Rasmussen,2025-07-22 00:00:00,4,2,2,3,1,5,75,11,0.675,1,2.67,1.33,CWS,,2.76,1.02,R
Drew Rasmussen,2025-07-28 00:00:00,5,2,2,4,2,5,81,6,0.787,0,3.67,1.67,NYY,,2.76,1.02,R
Drew Rasmussen,2025-08-02 00:00:00,5.1,0,0,4,0,6,73,5,0.768,1,4.7,1.33,LAD,,2.76,1.02,R
Drew Rasmussen,2025-08-08 00:00:00,6,0,0,4,0,4,79,6,0.74,0,5.37,0.67,SEA,,2.76,1.02,R
Drew Rasmussen,2025-08-13 00:00:00,6,1,2,3,0,5,76,5,0.749,0,5.7,0.33,ATH,,2.76,1.02,R
Drew Rasmussen,2025-08-20 00:00:00,6,2,2,5,2,6,91,7,0.787,1,6,1,NYY,,2.76,1.02,R
Drew Rasmussen,2025-08-27 00:00:00,6,2,2,4,1,5,85,7,0.67,0,6,1.67,CLE,,2.76,1.02,R
Drew Rasmussen,2025-09-02 00:00:00,5,3,3,4,0,2,72,6,0.74,1,5.67,2.33,SEA,,2.76,1.02,R
Drew Rasmussen,2025-09-07 00:00:00,5,0,0,3,3,2,82,5,0.67,1,5.33,1.67,CLE,,2.76,1.02,R
Drew Rasmussen,2025-09-13 00:00:00,5,3,3,4,3,5,80,6,0.751,0,5,2,CHC,,2.76,1.02,R
Drew Rasmussen,2025-09-19 00:00:00,3,2,2,4,1,2,76,6,0.745,1,4.33,1.67,BOS,,2.76,1.02,R
Drew Rasmussen,2025-09-25 00:00:00,2.1,0,0,2,2,3,57,6,0.699,0,3.37,1.67,BAL,,2.76,1.02,R
Dustin May,2025-04-01 00:00:00,5,0,1,1,3,6,81,5,0.72,1,5,0,ATL,,4.96,1.42,R
Dustin May,2025-04-07 00:00:00,6,1,3,3,3,1,86,6,0.693,0,5.5,0.5,WSH,,4.96,1.42,R
Dustin May,2025-04-14 00:00:00,6,1,1,3,0,7,76,7,0.679,1,5.67,0.67,COL,,4.96,1.42,R
Dustin May,2025-04-22 00:00:00,5,7,7,10,3,5,95,8,0.751,0,5.67,3,CHC,,4.96,1.42,R
Dustin May,2025-04-28 00:00:00,5.1,3,3,5,3,3,83,6,0.708,1,5.37,3.67,MIA,,4.96,1.42,R
Dustin May,2025-05-04 00:00:00,5.2,4,4,5,2,6,97,6,0.72,0,5.1,4.67,ATL,,4.96,1.42,R
Dustin May,2025-05-10 00:00:00,6.2,2,2,7,1,5,88,6,0.757,0,5.5,3,AZ,,4.96,1.42,R
Dustin May,2025-05-16 00:00:00,5,4,4,6,2,8,95,6,0.695,1,5.47,3.33,LAA,,4.96,1.42,R
Dustin May,2025-05-21 00:00:00,6,1,1,5,1,8,88,5,0.757,1,5.73,2.33,AZ,,4.96,1.42,R
Dustin May,2025-05-27 00:00:00,5,3,3,4,2,9,90,6,0.67,0,5.33,2.67,CLE,,4.96,1.42,R
Dustin May,2025-06-02 00:00:00,6,2,2,6,2,5,88,6,0.753,1,5.67,2,NYM,,4.96,1.42,R
Dustin May,2025-06-09 00:00:00,5,5,6,6,4,1,89,7,0.711,0,5.33,3.33,SD,,4.96,1.42,R
Dustin May,2025-06-15 00:00:00,6,3,3,6,4,3,94,6,0.697,1,5.67,3.33,SF,,4.96,1.42,R
Dustin May,2025-06-21 00:00:00,6,3,3,5,2,5,84,6,0.693,1,5.67,3.67,WSH,,4.96,1.42,R
Dustin May,2025-06-27 00:00:00,4,4,4,6,3,3,84,6,0.706,0,5.33,3.33,KC,,4.96,1.42,R
Dustin May,2025-07-03 00:00:00,7,2,2,4,1,9,86,6,0.675,1,5.67,3,CWS,,4.96,1.42,R
Dustin May,2025-07-11 00:00:00,4.2,7,7,5,4,4,85,8,0.697,0,5.07,4.33,SF,,4.96,1.42,R
Dustin May,2025-07-21 00:00:00,4.2,0,0,5,3,4,100,10,0.708,1,5.13,3,MIN,,4.96,1.42,R
Dustin May,2025-07-27 00:00:00,5,4,4,5,0,5,77,6,0.745,0,4.47,3.67,BOS,,4.96,1.42,R
Dustin May,2025-08-06 00:00:00,3.2,3,3,6,1,4,91,10,0.706,1,4.13,2.33,KC,,4.96,1.42,R
Dustin May,2025-08-12 00:00:00,6,0,0,5,1,8,92,6,0.714,0,4.73,2.33,HOU,,4.96,1.42,R
Dustin May,2025-08-18 00:00:00,6,2,2,8,2,5,100,6,0.699,1,5.07,1.67,BAL,,4.96,1.42,R
Dustin May,2025-08-24 00:00:00,4.1,5,5,5,3,3,70,6,0.787,0,5.37,2.33,NYY,,4.96,1.42,R
Dustin May,2025-08-30 00:00:00,5.1,6,7,8,4,5,97,6,0.655,1,5.07,4.33,PIT,,4.96,1.42,R
Dustin May,2025-09-03 00:00:00,3,1,1,3,2,1,53,4,0.67,1,4.07,4,CLE,,4.96,1.42,R
Dylan Cease,2025-03-28 00:00:00,4.1,3,3,4,2,7,93,5,0.72,1,4.1,3,ATL,,4.55,1.33,R
Dylan Cease,2025-04-02 00:00:00,6.1,1,1,4,1,7,92,5,0.67,1,5.1,2,CLE,,4.55,1.33,R
Dylan Cease,2025-04-08 00:00:00,4,9,9,9,3,4,78,6,0.749,0,4.73,4.33,ATH,,4.55,1.33,R
Dylan Cease,2025-04-14 00:00:00,5.2,2,3,7,1,6,96,6,0.751,1,5.1,4,CHC,,4.55,1.33,R
Dylan Cease,2025-04-20 00:00:00,5,2,2,6,1,6,88,6,0.714,0,4.73,4.33,HOU,,4.55,1.33,R
Dylan Cease,2025-04-26 00:00:00,4.1,2,3,6,4,6,95,6,0.714,1,4.77,2,TB,,4.55,1.33,R
Dylan Cease,2025-05-02 00:00:00,4,2,2,3,3,3,91,6,0.655,0,4.37,2,PIT,,4.55,1.33,R
Dylan Cease,2025-05-07 00:00:00,6.2,1,1,1,2,9,86,5,0.787,0,4.77,1.67,NYY,,4.55,1.33,R
Dylan Cease,2025-05-13 00:00:00,6.2,2,2,5,1,10,104,6,0.695,1,5.47,1.67,LAA,,4.55,1.33,R
Dylan Cease,2025-05-20 00:00:00,7,3,3,3,1,6,100,7,0.761,0,6.47,2,TOR,,4.55,1.33,R
Dylan Cease,2025-05-25 00:00:00,5,3,3,6,1,8,88,5,0.72,0,6.07,2.67,ATL,,4.55,1.33,R
Dylan Cease,2025-05-31 00:00:00,4.2,3,3,7,1,6,95,6,0.655,1,5.4,3,PIT,,4.55,1.33,R
Dylan Cease,2025-06-05 00:00:00,5,3,3,5,3,7,92,5,0.697,0,4.73,3,SF,,4.55,1.33,R
Dylan Cease,2025-06-10 00:00:00,7,0,0,3,5,11,103,5,0.768,1,5.4,2,LAD,,4.55,1.33,R
Dylan Cease,2025-06-16 00:00:00,5,6,6,8,1,9,101,6,0.768,0,5.67,3,LAD,,4.55,1.33,R
Dylan Cease,2025-06-21 00:00:00,6.2,1,1,3,3,4,110,5,0.706,1,6.07,2.33,KC,,4.55,1.33,R
Dylan Cease,2025-06-27 00:00:00,4,3,4,5,3,8,93,6,0.706,0,5.07,3.33,CIN,,4.55,1.33,R
Dylan Cease,2025-07-02 00:00:00,6,4,4,8,0,4,103,5,0.759,0,5.4,2.67,PHI,,4.55,1.33,R
Dylan Cease,2025-07-09 00:00:00,6,6,6,5,3,8,95,7,0.757,1,5.33,4.33,AZ,,4.55,1.33,R
Dylan Cease,2025-07-18 00:00:00,5.1,0,0,4,0,10,94,9,0.693,0,5.7,3.33,WSH,,4.55,1.33,R
Dylan Cease,2025-07-23 00:00:00,5,2,3,4,3,5,95,5,0.708,0,5.37,2.67,MIA,,4.55,1.33,R
Dylan Cease,2025-07-28 00:00:00,4.2,5,5,5,5,9,102,5,0.753,1,4.77,2.33,NYM,,4.55,1.33,R
Dylan Cease,2025-08-03 00:00:00,5,0,0,1,1,9,90,6,0.693,1,4.73,2.33,STL,,4.55,1.33,R
Dylan Cease,2025-08-10 00:00:00,6,2,2,4,2,7,89,7,0.745,1,5.07,2.33,BOS,,4.55,1.33,R
Dylan Cease,2025-08-16 00:00:00,3.1,3,5,2,6,2,85,6,0.768,0,4.7,1.67,LAD,,4.55,1.33,R
Dylan Cease,2025-08-21 00:00:00,5,4,4,6,2,7,95,5,0.697,1,4.7,3,SF,,4.55,1.33,R
Dylan Cease,2025-08-26 00:00:00,4.1,4,4,4,3,5,87,5,0.74,0,4.07,3.67,SEA,,4.55,1.33,R
Dylan Cease,2025-09-01 00:00:00,4,2,2,5,2,7,91,6,0.699,1,4.37,3.33,BAL,,4.55,1.33,R
Dylan Cease,2025-09-07 00:00:00,5,1,1,4,2,5,102,6,0.679,0,4.37,2.33,COL,,4.55,1.33,R
Dylan Cease,2025-09-13 00:00:00,6,1,1,5,1,6,109,6,0.679,1,5,1.33,COL,,4.55,1.33,R
Dylan Cease,2025-09-19 00:00:00,6,4,4,4,3,6,100,6,0.675,0,5.67,2,CWS,,4.55,1.33,R
Dylan Cease,2025-09-24 00:00:00,5,1,1,6,2,8,100,5,0.736,1,5.67,2,MIL,,4.55,1.33,R
Dylan Cease,2025-10-01 00:00:00,3.2,0,0,3,1,5,69,7,0.751,0,4.73,1.67,CHC,,4.55,1.33,R
Easton Lucas,2025-04-02 00:00:00,5,0,0,1,2,3,74,5,0.693,1,5,0,WSH,,6.66,1.52,L
Easton Lucas,2025-04-08 00:00:00,5.1,0,0,3,1,8,82,6,0.745,0,5.05,0,BOS,,6.66,1.52,L
Easton Lucas,2025-04-14 00:00:00,5,8,8,6,4,3,87,6,0.72,1,5.03,2.67,ATL,,6.66,1.52,L
Easton Lucas,2025-04-20 00:00:00,1.2,6,6,7,2,5,55,6,0.74,1,3.77,4.67,SEA,,6.66,1.52,L
Easton Lucas,2025-05-31 00:00:00,4.2,0,0,4,1,3,70,41,0.749,1,3.47,4.67,ATH,,6.66,1.52,L
Easton Lucas,2025-07-29 00:00:00,2.2,4,4,4,2,1,70,59,0.699,0,2.53,3.33,BAL,,6.66,1.52,L
Edward Cabrera,2025-04-11 00:00:00,5.2,2,2,4,3,5,79,5,0.693,1,5.2,2,WSH,,3.53,1.23,R
Edward Cabrera,2025-04-17 00:00:00,4,5,5,4,3,6,88,6,0.757,1,4.6,3.5,AZ,,3.53,1.23,R
Edward Cabrera,2025-04-22 00:00:00,5,3,3,5,2,7,87,5,0.706,1,4.73,3.33,CIN,,3.53,1.23,R
Edward Cabrera,2025-04-28 00:00:00,4,5,5,9,3,2,97,6,0.768,0,4.33,4.33,LAD,,3.53,1.23,R
Edward Cabrera,2025-05-04 00:00:00,5.2,2,2,7,1,4,86,6,0.749,1,4.73,3.33,ATH,,3.53,1.23,R
Edward Cabrera,2025-05-10 00:00:00,5,1,1,3,1,2,85,6,0.675,0,4.73,2.67,CWS,,3.53,1.23,R
Edward Cabrera,2025-05-19 00:00:00,5,3,3,5,1,7,90,9,0.751,1,5.07,2,CHC,,3.53,1.23,R
Edward Cabrera,2025-05-25 00:00:00,5.2,0,0,3,2,10,87,6,0.695,0,5.07,1.33,LAA,,3.53,1.23,R
Edward Cabrera,2025-05-31 00:00:00,5.2,0,0,6,3,5,89,6,0.697,1,5.13,1,SF,,3.53,1.23,R
Edward Cabrera,2025-06-06 00:00:00,4,1,3,6,2,5,63,6,0.714,0,4.8,0.33,TB,,3.53,1.23,R
Edward Cabrera,2025-06-13 00:00:00,3,2,2,2,2,5,64,7,0.693,0,4.07,1,WSH,,3.53,1.23,R
Edward Cabrera,2025-06-19 00:00:00,6.1,1,1,2,3,5,82,6,0.759,1,4.37,1.33,PHI,,3.53,1.23,R
Edward Cabrera,2025-06-25 00:00:00,5.1,2,2,3,3,6,90,6,0.697,0,4.73,1.67,SF,,3.53,1.23,R
Edward Cabrera,2025-07-01 00:00:00,7,0,0,2,1,6,93,6,0.708,1,6.07,1,MIN,,3.53,1.23,R
Edward Cabrera,2025-07-06 00:00:00,7,2,2,5,0,5,90,5,0.736,1,6.37,1.33,MIL,,3.53,1.23,R
Edward Cabrera,2025-07-11 00:00:00,4,4,4,8,0,6,76,5,0.699,0,6,2,BAL,,3.53,1.23,R
Edward Cabrera,2025-07-22 00:00:00,5.2,1,1,5,0,6,86,11,0.711,1,5.4,2.33,SD,,3.53,1.23,R
Edward Cabrera,2025-07-28 00:00:00,6,1,2,4,3,4,94,6,0.693,0,5.07,2,STL,,3.53,1.23,R
Edward Cabrera,2025-08-03 00:00:00,6,1,1,2,1,7,94,6,0.787,1,5.73,1,NYY,,3.53,1.23,R
Edward Cabrera,2025-08-08 00:00:00,8,1,1,2,1,11,109,5,0.72,0,6.67,1,ATL,,3.53,1.23,R
Edward Cabrera,2025-08-14 00:00:00,5.1,5,5,7,3,6,95,6,0.67,0,6.37,2.33,CLE,,3.53,1.23,R
Edward Cabrera,2025-08-19 00:00:00,4.1,4,6,11,1,6,99,5,0.693,1,5.73,3.33,STL,,3.53,1.23,R
Edward Cabrera,2025-08-25 00:00:00,7,0,0,1,2,10,100,6,0.72,1,5.4,3,ATL,,3.53,1.23,R
Edward Cabrera,2025-08-30 00:00:00,4,5,6,8,1,4,79,5,0.753,0,5.03,3,NYM,,3.53,1.23,R
Edward Cabrera,2025-09-23 00:00:00,4,3,3,5,1,3,67,24,0.759,0,5,2.67,PHI,,3.53,1.23,R
Edward Cabrera,2025-09-28 00:00:00,5,0,0,2,5,7,83,5,0.753,1,4.33,2.67,NYM,,3.53,1.23,R
Elvis Peguero,2025-03-29 00:00:00,2,0,2,2,0,0,29,5,0.787,0,2,0,NYY,,6.75,1.93,R
Elvis Peguero,2025-03-31 00:00:00,1.1,4,4,4,1,0,41,2,0.706,1,1.55,2,KC,,6.75,1.93,R
Elvis Peguero,2025-04-03 00:00:00,1,0,0,1,1,1,30,3,0.706,1,1.37,1.33,CIN,,6.75,1.93,R
Elvis Peguero,2025-04-05 00:00:00,0.2,0,0,0,0,1,5,2,0.706,1,0.77,1.33,CIN,,6.75,1.93,R
Elvis Peguero,2025-04-09 00:00:00,1.1,0,0,0,2,1,23,4,0.679,0,0.77,0,COL,,6.75,1.93,R
Elvis Peguero,2025-05-12 00:00:00,1,0,0,1,0,2,18,33,0.67,0,0.77,0,CLE,,6.75,1.93,R
Elvis Peguero,2025-08-11 00:00:00,1.2,1,1,3,0,3,29,91,0.73,1,1.1,0.33,DET,,6.75,1.93,R
Elvis Peguero,2025-08-19 00:00:00,0.1,2,2,1,2,0,12,8,0.72,0,0.77,1,ATL,,6.75,1.93,R
Emerson Hancock,2025-03-31 00:00:00,0.2,6,6,7,1,0,39,5,0.73,1,0.2,6,DET,,4.9,1.38,R
Emerson Hancock,2025-04-17 00:00:00,5,2,2,5,0,4,73,17,0.706,0,2.6,4,CIN,,4.9,1.38,R
Emerson Hancock,2025-04-23 00:00:00,6,2,2,5,2,7,92,6,0.745,0,3.73,3.33,BOS,,4.9,1.38,R
Emerson Hancock,2025-04-30 00:00:00,6,3,3,9,2,4,99,7,0.695,1,5.67,2.33,LAA,,4.9,1.38,R
Emerson Hancock,2025-05-06 00:00:00,6,2,2,4,2,2,71,6,0.749,0,6,2.33,ATH,,4.9,1.38,R
Emerson Hancock,2025-05-12 00:00:00,5,7,7,8,4,5,88,6,0.787,1,5.67,4,NYY,,4.9,1.38,R
Emerson Hancock,2025-05-17 00:00:00,4.2,1,1,6,1,3,88,5,0.711,0,5.07,3.33,SD,,4.9,1.38,R
Emerson Hancock,2025-05-23 00:00:00,6,3,3,9,0,3,92,6,0.714,0,5.07,3.67,HOU,,4.9,1.38,R
Emerson Hancock,2025-05-29 00:00:00,5.1,2,2,2,3,4,65,6,0.693,1,5.1,2,WSH,,4.9,1.38,R
Emerson Hancock,2025-06-04 00:00:00,5.2,1,1,2,2,6,89,6,0.699,1,5.43,2,BAL,,4.9,1.38,R
Emerson Hancock,2025-06-09 00:00:00,5,2,2,6,3,3,85,5,0.757,0,5.1,1.67,AZ,,4.9,1.38,R
Emerson Hancock,2025-06-15 00:00:00,7,0,0,2,1,4,85,6,0.67,1,5.73,1,CLE,,4.9,1.38,R
Emerson Hancock,2025-06-21 00:00:00,4,9,9,6,3,5,94,6,0.751,0,5.33,3.67,CHC,,4.9,1.38,R
Emerson Hancock,2025-06-26 00:00:00,5,2,2,3,3,2,84,5,0.708,0,5.33,3.67,MIN,,4.9,1.38,R
Emerson Hancock,2025-07-01 00:00:00,6,5,5,7,3,1,102,5,0.706,1,5,5.33,KC,,4.9,1.38,R
Emerson Hancock,2025-09-01 00:00:00,1,1,3,3,0,2,16,62,0.714,0,4,2.67,TB,,4.9,1.38,R
Emerson Hancock,2025-09-03 00:00:00,2,1,1,4,1,0,33,2,0.714,0,3,2.33,TB,,4.9,1.38,R
Emerson Hancock,2025-09-07 00:00:00,1,0,0,2,0,0,16,4,0.72,0,1.33,0.67,ATL,,4.9,1.38,R
Emerson Hancock,2025-09-10 00:00:00,2,0,0,0,0,0,18,3,0.693,1,1.67,0.33,STL,,4.9,1.38,R
Emerson Hancock,2025-09-14 00:00:00,1.2,0,0,1,0,2,31,4,0.695,1,1.4,0,LAA,,4.9,1.38,R
Emerson Hancock,2025-09-16 00:00:00,1,0,0,0,0,0,12,2,0.706,0,1.4,0,KC,,4.9,1.38,R
Emerson Hancock,2025-09-25 00:00:00,4,0,0,2,0,7,51,9,0.679,1,2.07,0,COL,,4.9,1.38,R
Emerson Hancock,2025-10-13 00:00:00,2,0,0,0,3,1,39,18,0.761,0,2.33,0,TOR,,4.9,1.38,R
Emerson Hancock,2025-10-16 00:00:00,2,2,2,2,2,2,36,3,0.761,1,2.67,0.67,TOR,,4.9,1.38,R
Emmet Sheehan,2025-06-18 00:00:00,4,1,1,3,0,6,65,5,0.711,1,4,1,SD,,2.82,0.97,R
Emmet Sheehan,2025-07-06 00:00:00,5,1,1,5,1,4,80,18,0.714,1,4.5,1,HOU,,2.82,0.97,R
Emmet Sheehan,2025-07-12 00:00:00,4.1,1,1,2,3,3,55,6,0.697,0,4.37,1,SF,,2.82,0.97,R
Emmet Sheehan,2025-07-19 00:00:00,3,5,5,7,1,3,65,7,0.736,1,4.03,2.33,MIL,,2.82,0.97,R
Emmet Sheehan,2025-07-25 00:00:00,5,2,2,3,2,5,78,6,0.745,0,4.03,2.67,BOS,,2.82,0.97,R
Emmet Sheehan,2025-07-30 00:00:00,3.2,0,3,1,3,5,72,5,0.706,0,3.73,2.33,CIN,,2.82,0.97,R
Emmet Sheehan,2025-08-05 00:00:00,5,0,2,4,1,5,76,6,0.693,1,4.4,0.67,STL,,2.82,0.97,R
Emmet Sheehan,2025-08-12 00:00:00,5,5,5,5,2,6,91,7,0.695,0,4.4,1.67,LAA,,2.82,0.97,R
Emmet Sheehan,2025-08-19 00:00:00,6,4,4,6,2,7,91,7,0.679,0,5.33,3,COL,,2.82,0.97,R
Emmet Sheehan,2025-08-25 00:00:00,7,0,0,2,1,10,96,6,0.706,1,6,3,CIN,,2.82,0.97,R
Emmet Sheehan,2025-09-03 00:00:00,4.2,2,2,5,2,6,84,9,0.655,0,5.73,2,PIT,,2.82,0.97,R
Emmet Sheehan,2025-09-09 00:00:00,7,1,1,3,1,9,93,6,0.679,1,6.07,1,COL,,2.82,0.97,R
Emmet Sheehan,2025-09-15 00:00:00,5.2,1,1,1,3,7,94,6,0.759,1,5.47,1.33,PHI,,2.82,0.97,R
Emmet Sheehan,2025-09-21 00:00:00,7,0,0,1,0,10,84,6,0.697,1,6.4,0.67,SF,,2.82,0.97,R
Emmet Sheehan,2025-09-26 00:00:00,1,0,1,1,0,3,22,5,0.74,0,4.4,0.33,SEA,,2.82,0.97,R
Emmet Sheehan,2025-10-01 00:00:00,0.1,2,2,2,2,0,23,5,0.706,1,2.7,0.67,CIN,,2.82,0.97,R
Emmet Sheehan,2025-10-06 00:00:00,2,1,1,2,0,1,27,5,0.759,0,1.03,1,PHI,,2.82,0.97,R
Emmet Sheehan,2025-10-09 00:00:00,1,1,1,2,0,1,27,3,0.759,1,1.03,1.33,PHI,,2.82,0.97,R
Emmet Sheehan,2025-10-24 00:00:00,0.1,3,3,2,1,0,16,15,0.761,0,1.03,1.67,TOR,,2.82,0.97,R
Emmet Sheehan,2025-10-27 00:00:00,2.2,0,0,3,2,2,37,3,0.761,1,1.1,1.33,TOR,,2.82,0.97,R
Emmet Sheehan,2025-11-01 00:00:00,1,0,0,2,0,2,20,5,0.761,0,1.1,1,TOR,,2.82,0.97,R
Erick Fedde,2025-03-29 00:00:00,6,1,1,2,0,2,73,5,0.708,1,6,1,MIN,,5.49,1.52,R
Erick Fedde,2025-04-04 00:00:00,3,6,6,5,4,1,65,6,0.745,0,4.5,3.5,BOS,,5.49,1.52,R
Erick Fedde,2025-04-09 00:00:00,6,0,0,0,4,2,88,5,0.655,0,5,2.33,PIT,,5.49,1.52,R
Erick Fedde,2025-04-15 00:00:00,6,1,1,6,3,5,96,6,0.714,1,5,2.33,HOU,,5.49,1.52,R
Erick Fedde,2025-04-21 00:00:00,6,2,2,5,3,3,84,6,0.72,0,6,1,ATL,,5.49,1.52,R
Erick Fedde,2025-04-27 00:00:00,5.2,7,7,10,2,4,103,6,0.736,1,5.73,3.33,MIL,,5.49,1.52,R
Erick Fedde,2025-05-04 00:00:00,5,3,3,6,5,4,101,7,0.753,1,5.4,4,NYM,,5.49,1.52,R
Erick Fedde,2025-05-09 00:00:00,9,0,0,6,0,8,109,5,0.693,0,6.4,3.33,WSH,,5.49,1.52,R
Erick Fedde,2025-05-14 00:00:00,5.2,0,0,3,4,3,93,5,0.759,0,6.4,1,PHI,,5.49,1.52,R
Erick Fedde,2025-05-20 00:00:00,5,4,4,5,0,2,63,6,0.73,1,6.4,1.33,DET,,5.49,1.52,R
Erick Fedde,2025-05-26 00:00:00,5,3,5,7,1,5,91,6,0.699,0,5.07,2.33,BAL,,5.49,1.52,R
Erick Fedde,2025-06-01 00:00:00,6,2,2,4,3,5,93,6,0.684,0,5.33,3,TEX,,5.49,1.52,R
Erick Fedde,2025-06-07 00:00:00,5.1,0,0,4,4,2,99,6,0.768,1,5.37,1.67,LAD,,5.49,1.52,R
Erick Fedde,2025-06-13 00:00:00,5.1,3,3,4,1,5,86,6,0.736,0,5.4,1.67,MIL,,5.49,1.52,R
Erick Fedde,2025-06-19 00:00:00,5,1,2,6,2,4,84,6,0.675,0,5.07,1.33,CWS,,5.49,1.52,R
Erick Fedde,2025-06-25 00:00:00,3.2,7,7,8,2,2,78,6,0.751,1,4.43,3.67,CHC,,5.49,1.52,R
Erick Fedde,2025-06-30 00:00:00,5,7,7,10,3,0,82,5,0.655,0,4.4,5,PIT,,5.49,1.52,R
Erick Fedde,2025-07-06 00:00:00,1.1,3,3,2,4,0,53,6,0.751,0,3.1,5.67,CHC,,5.49,1.52,R
Erick Fedde,2025-07-12 00:00:00,4.2,3,3,6,1,1,64,6,0.72,1,3.43,4.33,ATL,,5.49,1.52,R
Erick Fedde,2025-07-22 00:00:00,3,6,6,7,1,5,62,10,0.679,0,2.77,4,COL,,5.49,1.52,R
Erick Fedde,2025-07-29 00:00:00,4.2,4,4,5,2,3,78,7,0.706,0,3.8,4.33,KC,,5.49,1.52,R
Erick Fedde,2025-08-04 00:00:00,5.1,3,3,3,2,0,87,6,0.736,1,4.1,4.33,MIL,,5.49,1.52,R
Erick Fedde,2025-08-09 00:00:00,5,4,4,5,4,4,102,5,0.708,1,4.77,3.67,MIA,,5.49,1.52,R
Erick Fedde,2025-08-17 00:00:00,4,4,4,6,3,5,92,8,0.67,0,4.7,3.67,CLE,,5.49,1.52,R
Erick Fedde,2025-08-22 00:00:00,4.1,6,6,11,2,1,93,5,0.753,1,4.37,4.67,NYM,,5.49,1.52,R
Erick Fedde,2025-08-27 00:00:00,4.1,2,2,8,0,2,71,5,0.757,1,4.07,4,AZ,,5.49,1.52,R
Erick Fedde,2025-09-06 00:00:00,0.2,0,0,1,0,0,10,10,0.655,0,2.8,2.67,PIT,,5.49,1.52,R
Erick Fedde,2025-09-10 00:00:00,1,0,1,0,2,0,26,4,0.684,0,1.77,0.67,TEX,,5.49,1.52,R
Erick Fedde,2025-09-13 00:00:00,1.1,0,0,0,2,0,30,3,0.693,1,0.77,0,STL,,5.49,1.52,R
Erick Fedde,2025-09-17 00:00:00,2,0,0,0,0,2,24,4,0.695,1,1.37,0,LAA,,5.49,1.52,R
Erick Fedde,2025-09-21 00:00:00,4,3,3,1,3,1,56,4,0.693,0,2.37,1,STL,,5.49,1.52,R
Erick Fedde,2025-09-24 00:00:00,2.2,1,1,1,0,2,33,3,0.711,0,2.73,1.33,SD,,5.49,1.52,R
Eric Lauer,2025-04-30 00:00:00,4,2,2,3,2,4,77,5,0.745,1,4,2,BOS,,3.18,1.11,L
Eric Lauer,2025-05-06 00:00:00,0.1,0,0,0,0,0,1,6,0.695,0,2.05,1,LAA,,3.18,1.11,L
Eric Lauer,2025-05-11 00:00:00,4.2,0,0,1,1,5,63,5,0.74,0,2.77,0.67,SEA,,3.18,1.11,L
Eric Lauer,2025-05-17 00:00:00,3,1,1,3,0,5,40,6,0.73,1,2.43,0.33,DET,,3.18,1.11,L
Eric Lauer,2025-05-23 00:00:00,4.1,3,3,6,2,2,85,6,0.714,0,3.77,1.33,TB,,3.18,1.11,L
Eric Lauer,2025-05-28 00:00:00,3.1,0,0,0,2,4,41,5,0.684,0,3.4,1.33,TEX,,3.18,1.11,L
Eric Lauer,2025-06-03 00:00:00,4,0,0,0,1,2,43,6,0.759,1,3.73,1,PHI,,3.18,1.11,L
Eric Lauer,2025-06-06 00:00:00,2.1,0,0,1,1,2,44,3,0.708,0,3.07,0,MIN,,3.18,1.11,L
Eric Lauer,2025-06-11 00:00:00,4.1,2,2,4,1,4,72,5,0.693,0,3.4,0.67,STL,,3.18,1.11,L
Eric Lauer,2025-06-18 00:00:00,5,1,1,4,1,8,75,7,0.757,1,3.73,1,AZ,,3.18,1.11,L
Eric Lauer,2025-06-24 00:00:00,5.1,1,1,5,3,5,86,6,0.67,0,4.73,1.33,CLE,,3.18,1.11,L
Eric Lauer,2025-06-29 00:00:00,4.1,3,3,7,0,4,85,5,0.745,0,4.73,1.67,BOS,,3.18,1.11,L
Eric Lauer,2025-07-04 00:00:00,6,2,2,3,1,6,94,5,0.695,1,5.07,2,LAA,,3.18,1.11,L
Eric Lauer,2025-07-09 00:00:00,4,2,2,4,1,7,68,5,0.675,0,4.7,2.33,CWS,,3.18,1.11,L
Eric Lauer,2025-07-19 00:00:00,6,2,2,2,0,7,81,10,0.697,1,5.33,2,SF,,3.18,1.11,L
Eric Lauer,2025-07-24 00:00:00,8,1,1,5,0,6,97,5,0.73,0,6,1.67,DET,,3.18,1.11,L
Eric Lauer,2025-07-29 00:00:00,5,2,2,5,1,4,77,5,0.699,0,6.33,1.67,BAL,,3.18,1.11,L
Eric Lauer,2025-08-04 00:00:00,6,1,1,7,1,4,97,6,0.679,0,6.33,1.33,COL,,3.18,1.11,L
Eric Lauer,2025-08-10 00:00:00,3,3,3,6,4,4,71,6,0.768,0,4.67,2,LAD,,3.18,1.11,L
Eric Lauer,2025-08-16 00:00:00,5,1,1,4,3,4,102,6,0.684,1,4.67,1.67,TEX,,3.18,1.11,L
Eric Lauer,2025-08-27 00:00:00,4.2,6,8,10,0,4,98,11,0.708,1,4.07,3.33,MIN,,3.18,1.11,L
Eric Lauer,2025-09-02 00:00:00,2.1,2,2,5,0,2,50,6,0.706,0,3.77,3,CIN,,3.18,1.11,L
Eric Lauer,2025-09-13 00:00:00,1.2,1,1,0,1,2,22,11,0.699,1,2.5,3,BAL,,3.18,1.11,L
Eric Lauer,2025-09-16 00:00:00,1.1,0,0,2,0,2,22,3,0.714,0,1.47,1,TB,,3.18,1.11,L
Eric Lauer,2025-09-18 00:00:00,1.1,1,1,3,0,2,30,2,0.714,0,1.13,0.67,TB,,3.18,1.11,L
Eric Lauer,2025-09-21 00:00:00,1,0,0,0,0,0,7,3,0.706,0,1.07,0.33,KC,,3.18,1.11,L
Eric Lauer,2025-09-25 00:00:00,3.1,0,0,0,0,2,44,4,0.745,1,1.73,0.33,BOS,,3.18,1.11,L
Eric Lauer,2025-09-28 00:00:00,1,0,0,0,0,1,10,3,0.714,1,1.7,0,TB,,3.18,1.11,L
Eric Lauer,2025-10-05 00:00:00,0.1,3,3,3,0,1,16,7,0.787,1,1.4,1,NYY,,3.18,1.11,L
Eric Lauer,2025-10-08 00:00:00,1.2,0,0,0,1,2,17,3,0.787,0,0.77,1,NYY,,3.18,1.11,L
Eric Lauer,2025-10-13 00:00:00,1,0,0,1,0,2,18,5,0.74,1,0.77,1,SEA,,3.18,1.11,L
Eric Lauer,2025-10-24 00:00:00,1,0,0,0,1,1,17,11,0.768,1,1.07,0,LAD,,3.18,1.11,L
Eric Lauer,2025-10-27 00:00:00,4.2,0,0,2,4,2,68,3,0.768,0,2.07,0,LAD,,3.18,1.11,L
Framber Valdez,2025-03-27 00:00:00,7,0,0,4,2,4,90,5,0.753,1,7,0,NYM,,3.66,1.24,L
Framber Valdez,2025-04-02 00:00:00,5,5,5,4,4,9,88,6,0.697,1,6,2.5,SF,,3.66,1.24,L
Framber Valdez,2025-04-08 00:00:00,6,0,0,2,1,8,94,6,0.74,0,6,1.67,SEA,,3.66,1.24,L
Framber Valdez,2025-04-14 00:00:00,4,7,7,10,1,3,89,6,0.693,0,5,4,STL,,3.66,1.24,L
Framber Valdez,2025-04-20 00:00:00,6,2,2,7,3,2,87,6,0.711,1,5.33,3,SD,,3.66,1.24,L
Framber Valdez,2025-04-26 00:00:00,8,2,2,3,2,5,96,6,0.706,0,6,3.67,KC,,3.66,1.24,L
Framber Valdez,2025-05-02 00:00:00,5,4,4,7,2,6,87,6,0.675,0,6.33,2.67,CWS,,3.66,1.24,L
Framber Valdez,2025-05-07 00:00:00,7,1,1,3,2,7,101,5,0.736,0,6.67,2.33,MIL,,3.66,1.24,L
Framber Valdez,2025-05-13 00:00:00,8,1,1,6,1,7,89,6,0.706,1,6.67,2,KC,,3.66,1.24,L
Framber Valdez,2025-05-18 00:00:00,7,3,3,6,1,8,98,5,0.684,0,7.33,1.67,TEX,,3.66,1.24,L
Framber Valdez,2025-05-24 00:00:00,6,1,1,4,4,5,101,6,0.74,1,7,1.67,SEA,,3.66,1.24,L
Framber Valdez,2025-05-30 00:00:00,9,1,1,3,1,9,84,6,0.714,1,7.33,1.67,TB,,3.66,1.24,L
Framber Valdez,2025-06-05 00:00:00,7,2,2,4,3,11,100,6,0.655,0,7.33,1.33,PIT,,3.66,1.24,L
Framber Valdez,2025-06-12 00:00:00,5,2,2,7,1,12,95,7,0.675,1,7,1.67,CWS,,3.66,1.24,L
Framber Valdez,2025-06-18 00:00:00,6,2,2,5,5,3,97,6,0.749,0,6,2,ATH,,3.66,1.24,L
Framber Valdez,2025-06-24 00:00:00,7,0,0,4,4,3,92,6,0.759,1,6,1.33,PHI,,3.66,1.24,L
Framber Valdez,2025-06-29 00:00:00,6,0,0,5,2,6,92,5,0.751,1,6.33,0.67,CHC,,3.66,1.24,L
Framber Valdez,2025-07-05 00:00:00,6,4,4,7,2,7,102,6,0.768,0,6.33,1.33,LAD,,3.66,1.24,L
Framber Valdez,2025-07-12 00:00:00,6,0,1,4,0,10,94,7,0.684,1,6,1.33,TEX,,3.66,1.24,L
Framber Valdez,2025-07-22 00:00:00,7,1,1,7,1,4,93,10,0.757,0,6.33,1.67,AZ,,3.66,1.24,L
Framber Valdez,2025-07-28 00:00:00,6,1,1,3,2,12,97,6,0.693,1,6.33,0.67,WSH,,3.66,1.24,L
Framber Valdez,2025-08-03 00:00:00,6,5,6,7,1,3,94,6,0.745,0,6.33,2.33,BOS,,3.66,1.24,L
Framber Valdez,2025-08-09 00:00:00,5.2,4,4,8,4,1,91,6,0.787,0,5.73,3.33,NYY,,3.66,1.24,L
Framber Valdez,2025-08-15 00:00:00,6.2,3,4,9,1,6,99,6,0.699,1,5.8,4,BAL,,3.66,1.24,L
Framber Valdez,2025-08-20 00:00:00,5,7,7,7,4,2,96,5,0.73,0,5.47,4.67,DET,,3.66,1.24,L
Framber Valdez,2025-08-27 00:00:00,7,0,0,3,2,5,99,7,0.679,1,6.07,3.33,COL,,3.66,1.24,L
Framber Valdez,2025-09-02 00:00:00,5,6,6,8,1,8,96,6,0.787,1,5.67,4.33,NYY,,3.66,1.24,L
Framber Valdez,2025-09-07 00:00:00,7,3,4,5,1,5,97,5,0.684,0,6.33,3,TEX,,3.66,1.24,L
Framber Valdez,2025-09-14 00:00:00,4,5,5,6,4,2,76,7,0.72,0,5.33,4.67,ATL,,3.66,1.24,L
Framber Valdez,2025-09-20 00:00:00,4.2,5,5,6,4,4,87,6,0.74,1,5.07,4.33,SEA,,3.66,1.24,L
Framber Valdez,2025-09-25 00:00:00,7,1,1,7,2,10,92,5,0.749,0,5.07,3.67,ATH,,3.66,1.24,L
Frankie Montas,2025-06-24 00:00:00,5,0,0,3,3,5,80,5,0.72,1,5,0,ATL,,6.28,1.6,R
Frankie Montas,2025-06-29 00:00:00,4,6,6,7,1,5,86,5,0.655,0,4.5,3,PIT,,6.28,1.6,R
Frankie Montas,2025-07-05 00:00:00,5.2,4,4,5,0,2,77,6,0.787,1,4.73,3.33,NYY,,6.28,1.6,R
Frankie Montas,2025-07-12 00:00:00,5,1,1,4,0,5,83,7,0.706,0,4.73,3.67,KC,,6.28,1.6,R
Frankie Montas,2025-07-22 00:00:00,5.2,2,2,8,2,6,91,10,0.695,1,5.13,2.33,LAA,,6.28,1.6,R
Frankie Montas,2025-07-28 00:00:00,4.1,5,5,8,2,3,83,6,0.711,0,4.77,2.67,SD,,6.28,1.6,R
Frankie Montas,2025-08-03 00:00:00,4,7,7,7,2,3,92,6,0.697,1,4.43,4.67,SF,,6.28,1.6,R
Frankie Montas,2025-08-09 00:00:00,3,1,3,3,2,3,72,6,0.736,0,3.7,4.33,MIL,,6.28,1.6,R
Frankie Montas,2025-08-15 00:00:00,2,1,1,3,2,0,44,6,0.74,1,3,3,SEA,,6.28,1.6,R
Fraser Ellard,2025-03-30 00:00:00,1,0,0,0,0,1,12,5,0.695,1,1,0,LAA,,4.24,1.59,L
Fraser Ellard,2025-04-01 00:00:00,1.1,0,0,0,1,1,24,2,0.708,1,1.05,0,MIN,,4.24,1.59,L
Fraser Ellard,2025-04-05 00:00:00,1,0,0,0,0,2,12,4,0.73,0,1.03,0,DET,,4.24,1.59,L
Fraser Ellard,2025-04-06 00:00:00,0.2,3,3,1,2,0,18,1,0.73,0,0.77,1,DET,,4.24,1.59,L
Fraser Ellard,2025-04-09 00:00:00,1,0,0,0,1,2,14,3,0.67,0,0.73,1,CLE,,4.24,1.59,L
Fraser Ellard,2025-04-30 00:00:00,1,0,0,0,0,2,9,21,0.736,1,0.73,1,MIL,,4.24,1.59,L
Fraser Ellard,2025-05-03 00:00:00,0.2,2,2,0,2,2,25,3,0.714,1,0.73,0.67,HOU,,4.24,1.59,L
Fraser Ellard,2025-07-11 00:00:00,1,0,0,0,0,1,9,69,0.67,1,0.73,0.67,CLE,,4.24,1.59,L
Fraser Ellard,2025-09-01 00:00:00,1.2,0,1,0,3,2,35,52,0.708,0,0.8,0.67,MIN,,4.24,1.59,L
Fraser Ellard,2025-09-04 00:00:00,1.1,0,0,2,1,2,25,3,0.708,0,1.1,0,MIN,,4.24,1.59,L
Fraser Ellard,2025-09-09 00:00:00,1,0,0,1,0,2,17,5,0.714,1,1.1,0,TB,,4.24,1.59,L
Fraser Ellard,2025-09-10 00:00:00,1,0,0,1,0,1,10,1,0.714,1,1.03,0,TB,,4.24,1.59,L
Fraser Ellard,2025-09-13 00:00:00,1,1,1,1,0,1,12,3,0.67,0,1,0.33,CLE,,4.24,1.59,L
Fraser Ellard,2025-09-14 00:00:00,0.1,0,0,0,1,0,11,1,0.67,0,0.7,0.33,CLE,,4.24,1.59,L
Fraser Ellard,2025-09-16 00:00:00,1.2,0,0,1,2,0,35,2,0.699,1,0.77,0.33,BAL,,4.24,1.59,L
Fraser Ellard,2025-09-20 00:00:00,0.1,2,2,1,3,1,26,4,0.711,1,0.47,0.67,SD,,4.24,1.59,L
Fraser Ellard,2025-09-24 00:00:00,0.2,0,0,0,3,1,30,4,0.787,0,0.5,0.67,NYY,,4.24,1.59,L
Fraser Ellard,2025-09-26 00:00:00,0.1,0,0,0,0,1,5,2,0.693,0,0.13,0.67,WSH,,4.24,1.59,L
Freddy Peralta,2025-03-27 00:00:00,5,2,2,4,1,8,93,5,0.787,0,5,2,NYY,,2.7,1.08,R
Freddy Peralta,2025-04-02 00:00:00,8,1,1,2,0,8,97,6,0.706,1,6.5,1.5,KC,,2.7,1.08,R
Freddy Peralta,2025-04-08 00:00:00,5,1,1,3,3,6,83,6,0.679,0,6,1.33,COL,,2.7,1.08,R
Freddy Peralta,2025-04-13 00:00:00,5.1,2,2,4,4,6,104,5,0.757,0,6.03,1.33,AZ,,2.7,1.08,R
Freddy Peralta,2025-04-18 00:00:00,5,0,0,7,1,5,93,5,0.749,1,5.03,1,ATH,,2.7,1.08,R
Freddy Peralta,2025-04-23 00:00:00,5,3,3,5,2,3,95,5,0.697,0,5.03,1.67,SF,,2.7,1.08,R
Freddy Peralta,2025-04-29 00:00:00,6,2,2,3,3,5,93,6,0.675,0,5.33,1.67,CWS,,2.7,1.08,R
Freddy Peralta,2025-05-04 00:00:00,6,0,0,4,1,7,89,5,0.751,1,5.67,1.67,CHC,,2.7,1.08,R
Freddy Peralta,2025-05-12 00:00:00,5.1,4,4,4,3,4,95,8,0.67,0,5.7,2,CLE,,2.7,1.08,R
Freddy Peralta,2025-05-18 00:00:00,5,1,1,3,2,5,90,6,0.708,1,5.37,1.67,MIN,,2.7,1.08,R
Freddy Peralta,2025-05-23 00:00:00,4.1,1,2,5,3,3,101,5,0.655,0,4.73,2,PIT,,2.7,1.08,R
Freddy Peralta,2025-05-28 00:00:00,5,3,3,6,3,6,108,5,0.745,1,4.7,1.67,BOS,,2.7,1.08,R
Freddy Peralta,2025-06-03 00:00:00,6,3,3,7,3,9,103,6,0.706,0,5.03,2.33,CIN,,2.7,1.08,R
Freddy Peralta,2025-06-08 00:00:00,6,0,0,1,2,3,90,5,0.711,1,5.67,2,SD,,2.7,1.08,R
Freddy Peralta,2025-06-13 00:00:00,6,1,1,4,1,6,93,5,0.693,1,6,1.33,STL,,2.7,1.08,R
Freddy Peralta,2025-06-19 00:00:00,5,3,3,2,2,6,86,6,0.751,0,5.67,1.33,CHC,,2.7,1.08,R
Freddy Peralta,2025-06-24 00:00:00,5,3,3,7,0,8,94,5,0.655,1,5.33,2.33,PIT,,2.7,1.08,R
Freddy Peralta,2025-07-02 00:00:00,6,2,2,2,1,6,100,8,0.753,0,5.33,2.67,NYM,,2.7,1.08,R
Freddy Peralta,2025-07-07 00:00:00,6,0,0,5,1,7,98,5,0.768,1,5.67,1.67,LAD,,2.7,1.08,R
Freddy Peralta,2025-07-13 00:00:00,6.2,1,1,3,1,7,103,6,0.693,1,6.07,1,WSH,,2.7,1.08,R
Freddy Peralta,2025-07-19 00:00:00,5,4,4,5,3,4,93,6,0.768,0,5.73,1.67,LAD,,2.7,1.08,R
Freddy Peralta,2025-07-25 00:00:00,5,1,1,5,2,9,98,6,0.708,1,5.4,2,MIA,,2.7,1.08,R
Freddy Peralta,2025-07-30 00:00:00,4,5,5,5,4,3,85,5,0.751,1,4.67,3.33,CHC,,2.7,1.08,R
Freddy Peralta,2025-08-05 00:00:00,5,1,1,4,3,7,108,6,0.72,0,4.67,2.33,ATL,,2.7,1.08,R
Freddy Peralta,2025-08-12 00:00:00,6,0,0,3,1,7,89,7,0.655,1,5,2,PIT,,2.7,1.08,R
Freddy Peralta,2025-08-18 00:00:00,6,0,0,1,3,6,95,6,0.751,0,5.67,0.33,CHC,,2.7,1.08,R
Freddy Peralta,2025-08-23 00:00:00,5,0,0,2,4,6,96,5,0.697,1,5.67,0,SF,,2.7,1.08,R
Freddy Peralta,2025-08-29 00:00:00,6,0,0,1,1,8,95,6,0.761,0,5.67,0,TOR,,2.7,1.08,R
Freddy Peralta,2025-09-04 00:00:00,5,0,0,2,3,8,92,6,0.759,1,5.33,0,PHI,,2.7,1.08,R
Freddy Peralta,2025-09-10 00:00:00,5,5,5,6,2,9,113,6,0.684,0,5.33,1.67,TEX,,2.7,1.08,R
Freddy Peralta,2025-09-16 00:00:00,6,1,1,2,2,10,94,6,0.695,1,5.33,2,LAA,,2.7,1.08,R
Freddy Peralta,2025-09-22 00:00:00,5,2,2,4,1,6,76,6,0.711,0,5.33,2.67,SD,,2.7,1.08,R
Freddy Peralta,2025-09-28 00:00:00,2,1,1,3,0,3,44,6,0.706,1,4.33,1.33,CIN,,2.7,1.08,R
Freddy Peralta,2025-10-04 00:00:00,5.2,2,2,4,3,9,95,6,0.751,1,4.07,1.67,CHC,,2.7,1.08,R
Freddy Peralta,2025-10-09 00:00:00,4,3,3,3,2,6,84,5,0.751,0,3.73,2,CHC,,2.7,1.08,R
Freddy Peralta,2025-10-14 00:00:00,5.2,3,3,5,1,4,97,5,0.768,1,4.8,2.67,LAD,,2.7,1.08,R
Garrett Crochet,2025-03-27 00:00:00,5,2,2,5,2,4,88,5,0.684,0,5,2,TEX,,2.59,1.03,L
Garrett Crochet,2025-04-02 00:00:00,8,0,0,4,1,8,102,6,0.699,0,6.5,1,BAL,,2.59,1.03,L
Garrett Crochet,2025-04-08 00:00:00,5.2,1,4,5,4,5,107,6,0.761,1,6.07,1,TOR,,2.59,1.03,L
Garrett Crochet,2025-04-13 00:00:00,7.1,1,1,1,1,11,96,5,0.675,0,6.77,0.67,CWS,,2.59,1.03,L
Garrett Crochet,2025-04-19 00:00:00,6,0,0,4,2,7,96,6,0.675,1,6.1,0.67,CWS,,2.59,1.03,L
Garrett Crochet,2025-04-24 00:00:00,5,4,4,5,5,9,110,5,0.74,1,6.03,1.67,SEA,,2.59,1.03,L
Garrett Crochet,2025-04-29 00:00:00,7,2,2,4,3,6,94,5,0.761,0,6,2,TOR,,2.59,1.03,L
Garrett Crochet,2025-05-04 00:00:00,5,1,1,4,2,6,89,5,0.708,1,5.67,2.33,MIN,,2.59,1.03,L
Garrett Crochet,2025-05-10 00:00:00,7,1,1,7,1,9,106,6,0.706,0,6.33,1.33,KC,,2.59,1.03,L
Garrett Crochet,2025-05-16 00:00:00,7,2,2,7,0,8,103,6,0.72,1,6.33,1.33,ATL,,2.59,1.03,L
Garrett Crochet,2025-05-21 00:00:00,5.1,1,1,5,1,5,85,5,0.753,1,6.37,1.33,NYM,,2.59,1.03,L
Garrett Crochet,2025-05-26 00:00:00,6.2,2,2,5,2,11,108,5,0.736,0,6.1,1.67,MIL,,2.59,1.03,L
Garrett Crochet,2025-06-01 00:00:00,7,1,1,5,2,12,112,6,0.72,0,6.1,1.33,ATL,,2.59,1.03,L
Garrett Crochet,2025-06-07 00:00:00,6,5,5,6,1,9,97,6,0.787,0,6.4,2.67,NYY,,2.59,1.03,L
Garrett Crochet,2025-06-13 00:00:00,8.1,1,1,4,1,7,107,6,0.787,1,7.03,2.33,NYY,,2.59,1.03,L
Garrett Crochet,2025-06-18 00:00:00,6,1,1,6,0,8,96,5,0.74,0,6.7,2.33,SEA,,2.59,1.03,L
Garrett Crochet,2025-06-24 00:00:00,7,0,0,3,3,10,103,6,0.695,0,7.03,0.67,LAA,,2.59,1.03,L
Garrett Crochet,2025-06-30 00:00:00,6,5,5,8,1,9,89,6,0.706,1,6.33,2,CIN,,2.59,1.03,L
Garrett Crochet,2025-07-06 00:00:00,5,2,2,9,2,7,98,6,0.693,0,6,2.33,WSH,,2.59,1.03,L
Garrett Crochet,2025-07-12 00:00:00,9,0,0,3,0,9,100,6,0.714,1,6.67,2.33,TB,,2.59,1.03,L
Garrett Crochet,2025-07-20 00:00:00,6,1,1,8,2,5,100,8,0.751,0,6.67,1,CHC,,2.59,1.03,L
Garrett Crochet,2025-07-26 00:00:00,6,2,2,8,2,10,100,6,0.768,1,7,1,LAD,,2.59,1.03,L
Garrett Crochet,2025-08-05 00:00:00,7,2,2,4,1,8,105,10,0.706,1,6.33,1.67,KC,,2.59,1.03,L
Garrett Crochet,2025-08-11 00:00:00,4,5,5,7,1,5,86,6,0.714,0,5.67,3,HOU,,2.59,1.03,L
Garrett Crochet,2025-08-17 00:00:00,7,1,1,3,1,8,94,6,0.708,1,6,2.67,MIA,,2.59,1.03,L
Garrett Crochet,2025-08-23 00:00:00,7,1,1,5,1,11,103,6,0.787,0,6,2.33,NYY,,2.59,1.03,L
Garrett Crochet,2025-08-28 00:00:00,6,2,2,6,0,7,98,5,0.699,0,6.67,1.33,BAL,,2.59,1.03,L
Garrett Crochet,2025-09-02 00:00:00,6,7,7,9,0,4,81,5,0.67,1,6.33,3.33,CLE,,2.59,1.03,L
Garrett Crochet,2025-09-08 00:00:00,7,0,0,3,0,10,101,6,0.749,0,6.33,3,ATH,,2.59,1.03,L
Garrett Crochet,2025-09-14 00:00:00,6,3,3,5,1,12,99,6,0.787,1,6.33,3.33,NYY,,2.59,1.03,L
Garrett Crochet,2025-09-19 00:00:00,6,3,3,4,3,9,98,5,0.714,0,6.33,2,TB,,2.59,1.03,L
Garrett Crochet,2025-09-24 00:00:00,8,0,0,3,0,6,100,5,0.761,0,6.67,2,TOR,,2.59,1.03,L
Garrett Crochet,2025-09-30 00:00:00,7.2,1,1,4,0,11,117,6,0.787,0,7.07,1.33,NYY,,2.59,1.03,L
Gavin Williams,2025-03-29 00:00:00,5,2,2,4,1,2,74,5,0.706,0,5,2,KC,,3.06,1.27,R
Gavin Williams,2025-04-04 00:00:00,3,2,4,5,3,5,75,6,0.695,0,4,2,LAA,,3.06,1.27,R
Gavin Williams,2025-04-10 00:00:00,5,1,1,3,2,7,94,6,0.675,1,4.33,1.67,CWS,,3.06,1.27,R
Gavin Williams,2025-04-16 00:00:00,6.2,5,5,4,4,4,102,6,0.699,0,4.73,2.67,BAL,,3.06,1.27,R
Gavin Williams,2025-04-21 00:00:00,6.1,2,2,7,2,8,104,5,0.787,1,5.77,2.67,NYY,,3.06,1.27,R
Gavin Williams,2025-04-28 00:00:00,2,4,4,7,2,2,61,7,0.708,1,4.77,3.67,MIN,,3.06,1.27,R
Gavin Williams,2025-05-03 00:00:00,4,2,2,7,5,9,100,5,0.761,0,4.03,2.67,TOR,,3.06,1.27,R
Gavin Williams,2025-05-09 00:00:00,5,0,0,4,4,8,98,6,0.759,1,3.67,2,PHI,,3.06,1.27,R
Gavin Williams,2025-05-14 00:00:00,5,2,2,4,1,6,95,5,0.736,1,4.67,1.33,MIL,,3.06,1.27,R
Gavin Williams,2025-05-21 00:00:00,6,1,1,2,2,6,98,7,0.708,0,5.33,1,MIN,,3.06,1.27,R
Gavin Williams,2025-05-26 00:00:00,4.2,4,4,4,6,3,109,5,0.768,1,5.07,2.33,LAD,,3.06,1.27,R
Gavin Williams,2025-06-01 00:00:00,6.2,0,2,1,2,6,103,6,0.695,1,5.47,1.67,LAA,,3.06,1.27,R
Gavin Williams,2025-06-07 00:00:00,6,3,3,5,2,5,92,6,0.714,1,5.47,2.33,HOU,,3.06,1.27,R
Gavin Williams,2025-06-13 00:00:00,4,2,2,6,3,1,89,6,0.74,0,5.4,1.67,SEA,,3.06,1.27,R
Gavin Williams,2025-06-19 00:00:00,6,0,0,2,3,6,104,6,0.697,0,5.33,1.67,SF,,3.06,1.27,R
Gavin Williams,2025-06-25 00:00:00,5.1,3,4,5,3,2,85,6,0.761,1,5.03,1.67,TOR,,3.06,1.27,R
Gavin Williams,2025-07-01 00:00:00,5.2,4,4,7,4,2,96,6,0.751,0,5.43,2.33,CHC,,3.06,1.27,R
Gavin Williams,2025-07-06 00:00:00,6,0,0,1,3,8,97,5,0.73,1,5.43,2.33,DET,,3.06,1.27,R
Gavin Williams,2025-07-11 00:00:00,5,3,3,4,5,5,102,5,0.675,0,5.4,2.33,CWS,,3.06,1.27,R
Gavin Williams,2025-07-20 00:00:00,7,1,1,4,1,11,96,9,0.749,1,6,1.33,ATH,,3.06,1.27,R
Gavin Williams,2025-07-26 00:00:00,6,2,2,5,2,3,79,6,0.706,0,6,2,KC,,3.06,1.27,R
Gavin Williams,2025-08-01 00:00:00,6,0,0,4,2,8,96,6,0.708,1,6.33,1,MIN,,3.06,1.27,R
Gavin Williams,2025-08-06 00:00:00,8.2,1,1,1,4,6,126,5,0.753,0,6.73,1,NYM,,3.06,1.27,R
Gavin Williams,2025-08-13 00:00:00,3,4,4,5,1,4,75,7,0.708,1,5.73,1.67,MIA,,3.06,1.27,R
Gavin Williams,2025-08-18 00:00:00,5.1,0,0,4,1,5,99,5,0.757,0,5.43,1.67,AZ,,3.06,1.27,R
Gavin Williams,2025-08-24 00:00:00,3.1,3,3,3,4,3,90,6,0.684,0,3.73,2.33,TEX,,3.06,1.27,R
Gavin Williams,2025-08-30 00:00:00,7,1,1,4,1,8,95,6,0.74,1,5.07,1.33,SEA,,3.06,1.27,R
Gavin Williams,2025-09-05 00:00:00,7,1,1,7,3,3,95,6,0.714,0,5.7,1.67,TB,,3.06,1.27,R
Gavin Williams,2025-09-11 00:00:00,6,2,2,4,3,6,105,6,0.706,1,6.67,1.33,KC,,3.06,1.27,R
Gavin Williams,2025-09-17 00:00:00,5,0,0,3,2,9,100,6,0.73,0,6,1,DET,,3.06,1.27,R
Gavin Williams,2025-09-23 00:00:00,6,2,2,4,2,12,91,6,0.73,1,5.67,1.33,DET,,3.06,1.27,R
Gavin Williams,2025-09-30 00:00:00,6,0,2,5,1,8,88,7,0.73,1,5.67,0.67,DET,,3.06,1.27,R
George Kirby,2025-05-22 00:00:00,3.2,5,5,6,1,4,72,5,0.714,0,3.2,5,HOU,,4.21,1.19,R
George Kirby,2025-05-28 00:00:00,5,6,6,7,2,4,78,6,0.693,1,4.1,5.5,WSH,,4.21,1.19,R
George Kirby,2025-06-03 00:00:00,5,2,2,8,1,3,95,6,0.699,1,4.4,4.33,BAL,,4.21,1.19,R
George Kirby,2025-06-08 00:00:00,7,2,2,2,0,14,96,5,0.695,0,5.67,3.33,LAA,,4.21,1.19,R
George Kirby,2025-06-14 00:00:00,5,2,2,5,3,5,101,6,0.67,1,5.67,2,CLE,,4.21,1.19,R
George Kirby,2025-06-20 00:00:00,5,4,4,7,1,3,85,6,0.751,0,5.67,2.67,CHC,,4.21,1.19,R
George Kirby,2025-06-25 00:00:00,6,1,1,3,1,3,90,5,0.708,0,5.33,2.33,MIN,,4.21,1.19,R
George Kirby,2025-06-30 00:00:00,6,1,1,3,0,5,85,5,0.706,1,5.67,2,KC,,4.21,1.19,R
George Kirby,2025-07-06 00:00:00,6.1,0,0,4,0,9,93,6,0.655,1,6.03,0.67,PIT,,4.21,1.19,R
George Kirby,2025-07-12 00:00:00,5,4,4,5,3,6,99,6,0.73,0,5.7,1.67,DET,,4.21,1.19,R
George Kirby,2025-07-21 00:00:00,6,4,4,5,1,3,83,9,0.736,1,5.7,2.67,MIL,,4.21,1.19,R
George Kirby,2025-07-26 00:00:00,6,2,2,5,3,9,106,5,0.695,0,5.67,3.33,LAA,,4.21,1.19,R
George Kirby,2025-07-31 00:00:00,6,0,0,3,2,6,94,5,0.684,1,6,2,TEX,,4.21,1.19,R
George Kirby,2025-08-06 00:00:00,6,2,2,5,2,9,104,6,0.675,1,6,1.33,CWS,,4.21,1.19,R
George Kirby,2025-08-12 00:00:00,7,0,0,3,0,7,87,6,0.699,0,6.33,0.67,BAL,,4.21,1.19,R
George Kirby,2025-08-17 00:00:00,4.2,7,7,12,3,4,97,5,0.753,0,5.73,3,NYM,,4.21,1.19,R
George Kirby,2025-08-23 00:00:00,6,1,1,4,3,3,98,6,0.749,1,5.73,2.67,ATH,,4.21,1.19,R
George Kirby,2025-08-29 00:00:00,7,2,2,6,0,6,98,6,0.67,0,5.73,3.33,CLE,,4.21,1.19,R
George Kirby,2025-09-03 00:00:00,2,7,8,10,0,1,54,5,0.714,0,5,3.33,TB,,4.21,1.19,R
George Kirby,2025-09-09 00:00:00,4,3,3,7,2,2,85,6,0.693,1,4.33,4,STL,,4.21,1.19,R
George Kirby,2025-09-14 00:00:00,6.1,2,2,3,0,14,101,5,0.695,1,4.03,4,LAA,,4.21,1.19,R
George Kirby,2025-09-20 00:00:00,6,0,0,5,0,7,100,6,0.714,0,5.37,1.67,HOU,,4.21,1.19,R
George Kirby,2025-09-26 00:00:00,5,2,2,3,1,10,85,6,0.768,1,5.7,1.33,LAD,,4.21,1.19,R
George Kirby,2025-10-04 00:00:00,5,2,2,6,1,8,94,8,0.73,1,5.33,1.33,DET,,4.21,1.19,R
George Kirby,2025-10-10 00:00:00,5,1,1,3,0,6,66,6,0.73,1,5,1.67,DET,,4.21,1.19,R
George Kirby,2025-10-15 00:00:00,4,8,8,8,2,4,74,5,0.761,1,4.67,3.67,TOR,,4.21,1.19,R
George Kirby,2025-10-20 00:00:00,4,1,1,4,1,3,65,5,0.761,0,4.33,3.33,TOR,,4.21,1.19,R
Grant Holman,2025-04-24 00:00:00,2,0,0,0,0,0,17,5,0.684,1,2,0,TEX,,5.09,1.52,R
Grant Holman,2025-04-26 00:00:00,1,0,0,0,0,1,15,2,0.675,1,1.5,0,CWS,,5.09,1.52,R
Grant Holman,2025-04-27 00:00:00,1,0,1,2,0,0,10,1,0.675,1,1.33,0,CWS,,5.09,1.52,R
Grant Holman,2025-04-30 00:00:00,2,0,0,1,1,2,37,3,0.684,0,1.33,0,TEX,,5.09,1.52,R
Grant Holman,2025-05-03 00:00:00,1,0,0,0,0,1,10,3,0.708,0,1.33,0,MIA,,5.09,1.52,R
Grant Holman,2025-05-05 00:00:00,1.2,1,1,3,1,1,25,2,0.74,1,1.4,0.33,SEA,,5.09,1.52,R
Grant Holman,2025-05-07 00:00:00,1,0,0,2,0,0,14,2,0.74,1,1.07,0.33,SEA,,5.09,1.52,R
Grant Holman,2025-05-10 00:00:00,1.1,0,0,1,0,1,22,3,0.787,1,1.1,0.33,NYY,,5.09,1.52,R
Grant Holman,2025-05-13 00:00:00,1,0,0,1,0,0,18,3,0.768,0,1.03,0,LAD,,5.09,1.52,R
Grant Holman,2025-05-16 00:00:00,1,0,0,0,1,1,18,3,0.697,0,1.03,0,SF,,5.09,1.52,R
Grant Holman,2025-05-18 00:00:00,0.1,0,0,0,0,0,2,2,0.697,0,0.7,0,SF,,5.09,1.52,R
Grant Holman,2025-05-20 00:00:00,1,0,0,0,0,1,10,2,0.695,1,0.7,0,LAA,,5.09,1.52,R
Grant Holman,2025-05-22 00:00:00,0.2,5,5,4,1,2,26,2,0.695,1,0.43,1.67,LAA,,5.09,1.52,R
Grant Holman,2025-05-24 00:00:00,1,0,0,2,0,2,19,2,0.759,1,0.73,1.67,PHI,,5.09,1.52,R
Grant Holman,2025-05-28 00:00:00,1.1,0,0,0,1,1,17,4,0.714,0,0.77,1.67,HOU,,5.09,1.52,R
Grant Holman,2025-05-30 00:00:00,0.2,2,2,3,1,0,20,2,0.761,0,0.77,0.67,TOR,,5.09,1.52,R
Grant Holman,2025-06-01 00:00:00,1,2,2,2,1,1,21,2,0.761,0,0.77,1.33,TOR,,5.09,1.52,R
Grant Holman,2025-06-03 00:00:00,1.1,0,0,1,1,0,17,2,0.708,1,0.77,1.33,MIN,,5.09,1.52,R
Grant Holman,2025-06-06 00:00:00,1,0,0,2,0,2,23,3,0.699,1,1.03,0.67,BAL,,5.09,1.52,R
Grant Holman,2025-06-08 00:00:00,0.2,0,0,1,0,1,12,2,0.699,1,0.77,0,BAL,,5.09,1.52,R
Grant Holman,2025-06-09 00:00:00,1,0,0,0,0,0,8,1,0.695,0,0.73,0,LAA,,5.09,1.52,R
Grant Holman,2025-06-11 00:00:00,0,3,3,1,1,0,15,2,0.695,0,0.4,1,LAA,,5.09,1.52,R
Grant Holmes,2025-03-27 00:00:00,1,0,0,0,0,2,9,5,0.711,0,1,0,SD,,3.99,1.34,R
Grant Holmes,2025-03-31 00:00:00,4,4,4,4,4,3,89,4,0.768,0,2.5,2,LAD,,3.99,1.34,R
Grant Holmes,2025-04-09 00:00:00,4,0,0,3,4,6,104,9,0.759,1,3,1.33,PHI,,3.99,1.34,R
Grant Holmes,2025-04-14 00:00:00,7.2,3,3,2,2,4,94,5,0.761,0,5.07,2.33,TOR,,3.99,1.34,R
Grant Holmes,2025-04-20 00:00:00,5.2,1,1,4,4,7,105,6,0.708,1,5.47,1.33,MIN,,3.99,1.34,R
Grant Holmes,2025-04-26 00:00:00,5.2,6,6,5,3,4,93,6,0.757,0,5.87,3.33,AZ,,3.99,1.34,R
Grant Holmes,2025-05-02 00:00:00,6,2,2,4,2,9,94,6,0.768,1,5.47,3,LAD,,3.99,1.34,R
Grant Holmes,2025-05-07 00:00:00,5.1,4,4,7,1,5,88,5,0.706,1,5.43,4,CIN,,3.99,1.34,R
Grant Holmes,2025-05-12 00:00:00,6.1,1,1,4,1,4,79,5,0.693,1,5.73,2.33,WSH,,3.99,1.34,R
Grant Holmes,2025-05-17 00:00:00,6,2,2,3,4,5,99,5,0.745,0,5.73,2.33,BOS,,3.99,1.34,R
Grant Holmes,2025-05-24 00:00:00,7,1,1,6,1,6,94,7,0.711,1,6.37,1.33,SD,,3.99,1.34,R
Grant Holmes,2025-05-30 00:00:00,5.2,3,3,6,1,9,97,6,0.745,1,6.07,2,BOS,,3.99,1.34,R
Grant Holmes,2025-06-05 00:00:00,3.1,3,3,4,2,4,64,6,0.757,1,5.1,2.33,AZ,,3.99,1.34,R
Grant Holmes,2025-06-10 00:00:00,5.1,3,3,5,3,9,100,5,0.736,0,4.47,3,MIL,,3.99,1.34,R
Grant Holmes,2025-06-15 00:00:00,6.1,2,3,3,2,15,93,5,0.679,1,4.77,2.67,COL,,3.99,1.34,R
Grant Holmes,2025-06-21 00:00:00,5.2,0,0,5,5,5,96,6,0.708,0,5.47,1.67,MIA,,3.99,1.34,R
Grant Holmes,2025-06-26 00:00:00,5,2,2,6,3,6,97,5,0.753,0,5.43,1.33,NYM,,3.99,1.34,R
Grant Holmes,2025-07-01 00:00:00,6,0,0,3,3,10,106,5,0.695,1,5.4,0.67,LAA,,3.99,1.34,R
Grant Holmes,2025-07-06 00:00:00,5.2,2,2,4,3,5,96,5,0.699,1,5.4,1.33,BAL,,3.99,1.34,R
Grant Holmes,2025-07-11 00:00:00,3,5,5,9,2,1,86,5,0.693,0,4.73,2.33,STL,,3.99,1.34,R
Grant Holmes,2025-07-20 00:00:00,6,3,3,7,2,2,100,9,0.787,1,4.73,3.33,NYY,,3.99,1.34,R
Grant Holmes,2025-07-26 00:00:00,4,4,4,6,2,2,81,6,0.684,0,4.33,4,TEX,,3.99,1.34,R
Grant Taylor,2025-06-10 00:00:00,1,0,0,0,0,0,12,5,0.714,0,1,0,HOU,,4.91,1.42,R
Grant Taylor,2025-06-12 00:00:00,1,0,0,2,0,1,16,2,0.714,0,1,0,HOU,,4.91,1.42,R
Grant Taylor,2025-06-14 00:00:00,1,2,2,2,1,3,30,2,0.684,0,1,0.67,TEX,,4.91,1.42,R
Grant Taylor,2025-06-19 00:00:00,1,0,0,0,0,1,6,5,0.693,1,1,0.67,STL,,4.91,1.42,R
Grant Taylor,2025-06-20 00:00:00,1,0,0,0,0,1,13,1,0.761,0,1,0.67,TOR,,4.91,1.42,R
Grant Taylor,2025-06-22 00:00:00,1,0,0,1,0,1,12,2,0.761,0,1,0,TOR,,4.91,1.42,R
Grant Taylor,2025-06-25 00:00:00,2,1,1,2,0,1,23,3,0.757,1,1.33,0.33,AZ,,4.91,1.42,R
Grant Taylor,2025-06-28 00:00:00,2,0,0,0,0,2,31,3,0.697,1,1.67,0.33,SF,,4.91,1.42,R
Grant Taylor,2025-07-02 00:00:00,1.1,3,3,1,2,2,28,4,0.768,0,1.7,1.33,LAD,,4.91,1.42,R
Grant Taylor,2025-07-04 00:00:00,1,0,0,1,0,2,17,2,0.679,0,1.37,1,COL,,4.91,1.42,R
Grant Taylor,2025-07-09 00:00:00,1,0,0,1,0,1,12,5,0.761,1,1.03,1,TOR,,4.91,1.42,R
Grant Taylor,2025-07-11 00:00:00,1,1,1,3,0,2,24,2,0.67,1,1,0.33,CLE,,4.91,1.42,R
Grant Taylor,2025-07-13 00:00:00,2,1,1,1,1,2,34,2,0.67,1,1.33,0.67,CLE,,4.91,1.42,R
Grant Taylor,2025-07-20 00:00:00,1,0,0,0,1,3,23,7,0.655,0,1.33,0.67,PIT,,4.91,1.42,R
Grant Taylor,2025-07-23 00:00:00,1,0,0,1,1,1,12,3,0.714,0,1.33,0.33,TB,,4.91,1.42,R
Grant Taylor,2025-07-27 00:00:00,1,2,2,2,1,2,21,4,0.751,1,1,0.67,CHC,,4.91,1.42,R
Grant Taylor,2025-07-28 00:00:00,1,0,0,0,0,2,15,1,0.759,1,1,0.67,PHI,,4.91,1.42,R
Grant Taylor,2025-08-01 00:00:00,0.2,0,0,1,0,0,8,4,0.695,0,0.73,0.67,LAA,,4.91,1.42,R
Grant Taylor,2025-08-07 00:00:00,1,0,0,1,2,2,15,6,0.74,0,0.73,0,SEA,,4.91,1.42,R
Grant Taylor,2025-08-10 00:00:00,1,0,0,0,0,1,8,3,0.67,1,0.73,0,CLE,,4.91,1.42,R
Grant Taylor,2025-08-11 00:00:00,1,0,0,1,0,1,8,1,0.73,1,1,0,DET,,4.91,1.42,R
Grant Taylor,2025-08-17 00:00:00,1,3,3,3,0,1,24,6,0.706,0,1,1,KC,,4.91,1.42,R
Grant Taylor,2025-08-18 00:00:00,1,0,0,1,0,2,12,1,0.72,0,1,1,ATL,,4.91,1.42,R
Grant Taylor,2025-08-22 00:00:00,1,1,1,2,1,2,26,4,0.708,1,1,1.33,MIN,,4.91,1.42,R
Grant Taylor,2025-08-26 00:00:00,0.2,3,3,4,0,2,20,4,0.706,1,0.73,1.33,KC,,4.91,1.42,R
Grant Taylor,2025-08-29 00:00:00,0,3,3,2,2,0,26,3,0.787,1,0.4,2.33,NYY,,4.91,1.42,R
Grant Taylor,2025-08-30 00:00:00,1,0,0,0,1,1,13,1,0.787,1,0.4,2,NYY,,4.91,1.42,R
Grant Taylor,2025-09-03 00:00:00,1.1,0,0,1,0,2,12,4,0.708,0,0.7,1,MIN,,4.91,1.42,R
Grant Taylor,2025-09-04 00:00:00,1,0,0,1,0,1,15,1,0.708,0,1.03,0,MIN,,4.91,1.42,R
Grant Taylor,2025-09-07 00:00:00,0.2,0,0,0,0,2,14,3,0.73,0,0.77,0,DET,,4.91,1.42,R
Grant Taylor,2025-09-10 00:00:00,0,0,0,0,1,0,6,3,0.714,1,0.4,0,TB,,4.91,1.42,R
Grant Taylor,2025-09-17 00:00:00,1,0,0,0,1,3,21,7,0.699,1,0.4,0,BAL,,4.91,1.42,R
Grant Taylor,2025-09-19 00:00:00,1,0,0,0,0,2,12,2,0.711,1,0.67,0,SD,,4.91,1.42,R
Grant Taylor,2025-09-21 00:00:00,1,0,0,0,0,2,9,2,0.711,1,1,0,SD,,4.91,1.42,R
Grant Taylor,2025-09-23 00:00:00,1,0,0,2,0,1,15,2,0.787,0,1,0,NYY,,4.91,1.42,R
Grant Taylor,2025-09-26 00:00:00,1,0,0,1,0,2,16,3,0.693,0,1,0,WSH,,4.91,1.42,R
Griffin Canning,2025-03-29 00:00:00,5.2,2,2,4,2,4,87,5,0.714,0,5.2,2,HOU,,3.77,1.38,R
Griffin Canning,2025-04-05 00:00:00,4,1,1,4,3,6,89,7,0.761,1,4.6,1.5,TOR,,3.77,1.38,R
Griffin Canning,2025-04-11 00:00:00,5.1,4,4,7,3,3,86,6,0.749,0,4.77,2.33,ATH,,3.77,1.38,R
Griffin Canning,2025-04-17 00:00:00,6,1,1,3,2,8,102,6,0.693,1,5.03,2,STL,,3.77,1.38,R
Griffin Canning,2025-04-22 00:00:00,5,1,1,7,1,5,84,5,0.759,1,5.37,2,PHI,,3.77,1.38,R
Griffin Canning,2025-04-28 00:00:00,5,0,0,4,3,5,90,6,0.693,0,5.33,0.67,WSH,,3.77,1.38,R
Griffin Canning,2025-05-05 00:00:00,5,1,1,6,1,6,82,7,0.757,0,5,0.67,AZ,,3.77,1.38,R
Griffin Canning,2025-05-11 00:00:00,6,1,1,2,1,5,92,6,0.751,1,5.33,0.67,CHC,,3.77,1.38,R
Griffin Canning,2025-05-17 00:00:00,5.1,2,2,7,1,4,92,6,0.787,0,5.37,1.33,NYY,,3.77,1.38,R
Griffin Canning,2025-05-23 00:00:00,2.2,3,3,1,4,1,55,6,0.768,1,4.43,2,LAD,,3.77,1.38,R
Griffin Canning,2025-05-28 00:00:00,3,3,5,4,4,3,80,5,0.675,1,3.43,2.67,CWS,,3.77,1.38,R
Griffin Canning,2025-06-04 00:00:00,6,0,0,3,1,7,99,7,0.768,0,3.73,2,LAD,,3.77,1.38,R
Griffin Canning,2025-06-10 00:00:00,5.1,4,4,7,2,4,87,6,0.693,1,4.7,2.33,WSH,,3.77,1.38,R
Griffin Canning,2025-06-15 00:00:00,4.1,6,6,4,5,2,89,5,0.714,1,5.07,3.33,TB,,3.77,1.38,R
Griffin Canning,2025-06-21 00:00:00,5,3,4,6,2,4,94,6,0.759,0,4.73,4.33,PHI,,3.77,1.38,R
Griffin Canning,2025-06-26 00:00:00,2.2,0,0,1,0,3,36,5,0.72,1,3.77,3,ATL,,3.77,1.38,R
Griffin Jax,2025-03-27 00:00:00,0.2,1,1,1,1,1,21,5,0.693,0,0.2,1,STL,,4.23,1.29,R
Griffin Jax,2025-04-01 00:00:00,1,0,0,2,0,2,24,5,0.675,0,0.6,0.5,CWS,,4.23,1.29,R
Griffin Jax,2025-04-06 00:00:00,1,2,2,3,0,3,17,5,0.714,1,0.73,1,HOU,,4.23,1.29,R
Griffin Jax,2025-04-08 00:00:00,1,0,1,0,0,0,12,2,0.706,0,1,0.67,KC,,4.23,1.29,R
Griffin Jax,2025-04-09 00:00:00,1,0,0,1,0,0,10,1,0.706,0,1,0.67,KC,,4.23,1.29,R
Griffin Jax,2025-04-13 00:00:00,1,0,0,0,0,3,17,4,0.73,1,1,0,DET,,4.23,1.29,R
Griffin Jax,2025-04-15 00:00:00,1,0,0,1,0,1,12,2,0.753,1,1,0,NYM,,4.23,1.29,R
Griffin Jax,2025-04-16 00:00:00,1,3,3,4,0,1,22,1,0.753,1,1,1,NYM,,4.23,1.29,R
Griffin Jax,2025-04-18 00:00:00,0.1,4,4,2,2,1,26,2,0.72,0,0.7,2.33,ATL,,4.23,1.29,R
Griffin Jax,2025-04-22 00:00:00,1,0,0,1,0,2,13,4,0.675,1,0.7,2.33,CWS,,4.23,1.29,R
Griffin Jax,2025-04-23 00:00:00,1,0,0,0,0,2,14,1,0.675,1,0.7,1.33,CWS,,4.23,1.29,R
Griffin Jax,2025-04-26 00:00:00,1,0,0,1,0,3,19,3,0.695,1,1,0,LAA,,4.23,1.29,R
Griffin Jax,2025-04-29 00:00:00,1,0,0,1,0,2,13,3,0.67,0,1,0,CLE,,4.23,1.29,R
Griffin Jax,2025-05-01 00:00:00,1,0,0,0,0,2,14,2,0.67,0,1,0,CLE,,4.23,1.29,R
Griffin Jax,2025-05-03 00:00:00,0.2,0,0,0,0,0,7,2,0.745,0,0.73,0,BOS,,4.23,1.29,R
Griffin Jax,2025-05-04 00:00:00,1,1,1,1,0,1,14,1,0.745,0,0.73,0.33,BOS,,4.23,1.29,R
Griffin Jax,2025-05-07 00:00:00,1,0,0,2,0,0,17,3,0.699,1,0.73,0.33,BAL,,4.23,1.29,R
Griffin Jax,2025-05-08 00:00:00,1,0,0,0,0,2,16,1,0.699,1,1,0.33,BAL,,4.23,1.29,R
Griffin Jax,2025-05-10 00:00:00,1,0,0,0,0,1,14,2,0.697,1,1,0,SF,,4.23,1.29,R
Griffin Jax,2025-05-11 00:00:00,1,1,1,3,1,1,29,1,0.697,1,1,0.33,SF,,4.23,1.29,R
Griffin Jax,2025-05-14 00:00:00,1,0,0,0,1,2,20,3,0.699,0,1,0.33,BAL,,4.23,1.29,R
Griffin Jax,2025-05-16 00:00:00,1,0,0,1,0,2,13,2,0.736,0,1,0.33,MIL,,4.23,1.29,R
Griffin Jax,2025-05-21 00:00:00,1,0,0,0,0,3,20,5,0.67,1,1,0,CLE,,4.23,1.29,R
Griffin Jax,2025-05-23 00:00:00,1,0,0,1,0,1,11,2,0.706,1,1,0,KC,,4.23,1.29,R
Griffin Jax,2025-05-24 00:00:00,1,0,0,0,0,2,12,1,0.706,1,1,0,KC,,4.23,1.29,R
Griffin Jax,2025-05-27 00:00:00,1,0,0,0,0,3,14,3,0.714,0,1,0,TB,,4.23,1.29,R
Griffin Jax,2025-05-31 00:00:00,1,0,0,2,1,1,18,4,0.74,0,1,0,SEA,,4.23,1.29,R
Griffin Jax,2025-06-01 00:00:00,0.1,1,1,2,0,1,15,1,0.74,0,0.7,0.33,SEA,,4.23,1.29,R
Griffin Jax,2025-06-04 00:00:00,1,0,0,0,0,3,13,3,0.749,0,0.7,0.33,ATH,,4.23,1.29,R
Griffin Jax,2025-06-07 00:00:00,1,2,2,2,0,1,18,3,0.761,1,0.7,1,TOR,,4.23,1.29,R
Griffin Jax,2025-06-08 00:00:00,1,0,0,0,0,0,9,1,0.761,1,1,0.67,TOR,,4.23,1.29,R
Griffin Jax,2025-06-13 00:00:00,1,0,0,0,1,3,17,5,0.714,0,1,0.67,HOU,,4.23,1.29,R
Griffin Jax,2025-06-14 00:00:00,1,0,0,0,1,2,13,1,0.714,0,1,0,HOU,,4.23,1.29,R
Griffin Jax,2025-06-19 00:00:00,1,0,0,2,0,2,15,5,0.706,0,1,0,CIN,,4.23,1.29,R
Griffin Jax,2025-06-22 00:00:00,0.1,0,0,0,0,0,1,3,0.736,1,0.7,0,MIL,,4.23,1.29,R
Griffin Jax,2025-06-24 00:00:00,1,0,0,0,0,2,13,2,0.74,1,0.7,0,SEA,,4.23,1.29,R
Griffin Jax,2025-06-25 00:00:00,1,0,0,0,0,1,9,1,0.74,1,0.7,0,SEA,,4.23,1.29,R
Griffin Jax,2025-06-27 00:00:00,1,1,1,3,0,3,23,2,0.73,0,1,0.33,DET,,4.23,1.29,R
Griffin Jax,2025-07-02 00:00:00,1,0,0,0,0,1,14,5,0.708,0,1,0.33,MIA,,4.23,1.29,R
Griffin Jax,2025-07-05 00:00:00,1,0,0,0,1,0,12,3,0.714,1,1,0.33,TB,,4.23,1.29,R
Griffin Jax,2025-07-06 00:00:00,1,2,2,3,0,1,13,1,0.714,1,1,0.67,TB,,4.23,1.29,R
Griffin Jax,2025-07-08 00:00:00,1,0,0,1,1,2,22,2,0.751,1,1,0.67,CHC,,4.23,1.29,R
Griffin Jax,2025-07-11 00:00:00,1,0,0,0,0,1,7,3,0.655,1,1,0.67,PIT,,4.23,1.29,R
Griffin Jax,2025-07-13 00:00:00,1,0,0,0,0,1,9,2,0.655,1,1,0,PIT,,4.23,1.29,R
Griffin Jax,2025-07-20 00:00:00,1,0,0,0,0,1,8,7,0.679,0,1,0,COL,,4.23,1.29,R
Griffin Jax,2025-07-22 00:00:00,1,0,0,0,0,1,20,2,0.768,0,1,0,LAD,,4.23,1.29,R
Griffin Jax,2025-07-23 00:00:00,0.2,2,2,2,2,0,20,1,0.768,0,0.73,0.67,LAD,,4.23,1.29,R
Griffin Jax,2025-07-25 00:00:00,1,0,0,1,1,2,25,2,0.693,1,0.73,0.67,WSH,,4.23,1.29,R
Griffin Jax,2025-07-28 00:00:00,1,0,0,0,0,2,13,3,0.745,1,0.73,0.67,BOS,,4.23,1.29,R
Griffin Jax,2025-07-30 00:00:00,0,3,3,3,0,0,12,2,0.745,1,0.67,1,BOS,,4.23,1.29,R
Griffin Jax,2025-08-03 00:00:00,1,1,1,1,1,0,25,4,0.768,1,0.67,1.33,LAD,,4.23,1.29,R
Griffin Jax,2025-08-05 00:00:00,0.1,0,0,0,0,0,1,2,0.695,0,0.37,1.33,LAA,,4.23,1.29,R
Griffin Jax,2025-08-06 00:00:00,1,0,0,1,1,3,25,1,0.695,0,0.7,0.33,LAA,,4.23,1.29,R
Griffin Jax,2025-08-08 00:00:00,1,3,3,3,0,1,24,2,0.74,0,0.7,1,SEA,,4.23,1.29,R
Griffin Jax,2025-08-11 00:00:00,0.2,0,0,0,0,0,9,3,0.749,0,0.73,1,ATH,,4.23,1.29,R
Griffin Jax,2025-08-13 00:00:00,1,0,0,0,0,3,14,2,0.749,0,0.73,1,ATH,,4.23,1.29,R
Griffin Jax,2025-08-15 00:00:00,0.2,0,0,0,0,0,8,2,0.697,0,0.47,0,SF,,4.23,1.29,R
Griffin Jax,2025-08-20 00:00:00,1,1,1,2,0,2,19,5,0.787,1,0.73,0.33,NYY,,4.23,1.29,R
Griffin Jax,2025-08-22 00:00:00,0.2,2,2,3,0,1,21,2,0.693,1,0.47,1,STL,,4.23,1.29,R
Griffin Jax,2025-08-26 00:00:00,1,0,0,0,0,2,17,4,0.67,0,0.73,1,CLE,,4.23,1.29,R
Griffin Jax,2025-08-27 00:00:00,0.2,0,1,1,1,1,9,1,0.67,0,0.47,0.67,CLE,,4.23,1.29,R
Griffin Jax,2025-08-30 00:00:00,1,0,0,0,1,2,14,3,0.693,0,0.73,0,WSH,,4.23,1.29,R
Griffin Jax,2025-09-02 00:00:00,0,1,1,1,2,0,15,3,0.74,1,0.4,0.33,SEA,,4.23,1.29,R
Griffin Jax,2025-09-05 00:00:00,1,0,0,2,0,1,18,3,0.67,1,0.67,0.33,CLE,,4.23,1.29,R
Griffin Jax,2025-09-07 00:00:00,1,0,0,1,0,1,17,2,0.67,1,0.67,0.33,CLE,,4.23,1.29,R
Griffin Jax,2025-09-10 00:00:00,1,0,0,1,1,1,12,3,0.675,0,1,0,CWS,,4.23,1.29,R
Griffin Jax,2025-09-12 00:00:00,1,0,0,1,0,3,21,2,0.751,0,1,0,CHC,,4.23,1.29,R
Griffin Jax,2025-09-13 00:00:00,1,0,0,0,0,1,9,1,0.751,0,1,0,CHC,,4.23,1.29,R
Griffin Jax,2025-09-15 00:00:00,1,0,0,0,0,2,9,2,0.761,1,1,0,TOR,,4.23,1.29,R
Griffin Jax,2025-09-18 00:00:00,1,0,0,0,0,1,12,3,0.761,1,1,0,TOR,,4.23,1.29,R
Griffin Jax,2025-09-19 00:00:00,1,0,0,0,0,2,13,1,0.745,1,1,0,BOS,,4.23,1.29,R
Griffin Jax,2025-09-24 00:00:00,1,0,0,1,1,0,12,5,0.699,0,1,0,BAL,,4.23,1.29,R
Griffin Jax,2025-09-27 00:00:00,1,0,0,0,0,0,9,3,0.761,0,1,0,TOR,,4.23,1.29,R
Gunnar Hoglund,2025-05-02 00:00:00,6,1,1,6,0,7,81,5,0.708,0,6,1,MIA,,6.4,1.52,R
Gunnar Hoglund,2025-05-07 00:00:00,5.1,2,2,5,1,3,99,5,0.74,1,5.55,1.5,SEA,,6.4,1.52,R
Gunnar Hoglund,2025-05-14 00:00:00,5.1,4,4,7,3,5,93,7,0.768,0,5.4,2.33,LAD,,6.4,1.52,R
Gunnar Hoglund,2025-05-20 00:00:00,4.2,5,5,6,2,5,90,6,0.695,1,4.8,3.67,LAA,,6.4,1.52,R
Gunnar Hoglund,2025-05-25 00:00:00,5,3,3,4,3,2,92,5,0.759,1,4.77,4,PHI,,6.4,1.52,R
Gunnar Hoglund,2025-05-31 00:00:00,6,8,8,10,2,1,93,6,0.761,0,5.07,5.33,TOR,,6.4,1.52,R
Hayden Birdsong,2025-04-02 00:00:00,2,0,0,2,1,2,26,5,0.714,0,2,0,HOU,,4.8,1.49,R
Hayden Birdsong,2025-04-05 00:00:00,2,0,0,2,1,2,27,3,0.74,1,2,0,SEA,,4.8,1.49,R
Hayden Birdsong,2025-04-08 00:00:00,3,0,0,1,1,2,39,3,0.706,1,2.33,0,CIN,,4.8,1.49,R
Hayden Birdsong,2025-04-13 00:00:00,2,0,0,0,0,3,20,5,0.787,0,2.33,0,NYY,,4.8,1.49,R
Hayden Birdsong,2025-04-15 00:00:00,1,2,2,2,1,0,24,2,0.759,0,2,0.67,PHI,,4.8,1.49,R
Hayden Birdsong,2025-04-21 00:00:00,3,0,0,1,2,4,49,6,0.736,1,2,0.67,MIL,,4.8,1.49,R
Hayden Birdsong,2025-04-27 00:00:00,3,0,0,3,0,5,50,6,0.684,1,2.33,0.67,TEX,,4.8,1.49,R
Hayden Birdsong,2025-05-02 00:00:00,2,0,0,1,0,1,26,5,0.679,1,2.67,0,COL,,4.8,1.49,R
Hayden Birdsong,2025-05-05 00:00:00,0.1,1,5,2,2,0,29,3,0.751,0,1.7,0.33,CHC,,4.8,1.49,R
Hayden Birdsong,2025-05-11 00:00:00,2,0,0,2,0,3,31,6,0.708,0,1.37,0.33,MIN,,4.8,1.49,R
Hayden Birdsong,2025-05-14 00:00:00,3,3,3,4,2,3,65,3,0.757,1,1.7,1.33,AZ,,4.8,1.49,R
Hayden Birdsong,2025-05-20 00:00:00,5,0,1,5,0,4,80,6,0.706,1,3.33,1,KC,,4.8,1.49,R
Hayden Birdsong,2025-05-26 00:00:00,4.1,3,3,5,2,6,88,6,0.73,0,4.03,2,DET,,4.8,1.49,R
Hayden Birdsong,2025-06-01 00:00:00,5.1,1,1,5,0,5,88,6,0.708,0,4.73,1.33,MIA,,4.8,1.49,R
Hayden Birdsong,2025-06-06 00:00:00,4.1,2,2,2,5,5,93,5,0.72,1,4.43,2,ATL,,4.8,1.49,R
Hayden Birdsong,2025-06-12 00:00:00,6,3,3,6,2,6,104,6,0.679,0,5.07,2,COL,,4.8,1.49,R
Hayden Birdsong,2025-06-20 00:00:00,4.1,4,5,7,1,4,85,8,0.745,1,4.73,3,BOS,,4.8,1.49,R
Hayden Birdsong,2025-06-26 00:00:00,4,7,7,4,4,1,76,6,0.708,1,4.7,4.67,MIA,,4.8,1.49,R
Hayden Birdsong,2025-07-01 00:00:00,4,3,4,3,4,6,79,5,0.757,0,4.03,4.67,AZ,,4.8,1.49,R
Hayden Birdsong,2025-07-06 00:00:00,5,1,1,3,5,6,90,5,0.749,0,4.33,3.67,ATH,,4.8,1.49,R
Hayden Birdsong,2025-07-21 00:00:00,0,5,5,1,4,0,25,15,0.72,0,3,3,ATL,,4.8,1.49,R
Hayden Wesneski,2025-04-01 00:00:00,5,3,3,2,3,6,88,5,0.697,1,5,3,SF,,4.5,1.09,R
Hayden Wesneski,2025-04-07 00:00:00,7,2,2,3,0,5,82,6,0.74,0,6,2.5,SEA,,4.5,1.09,R
Hayden Wesneski,2025-04-13 00:00:00,6,3,3,5,0,10,93,6,0.695,1,6,2.67,LAA,,4.5,1.09,R
Hayden Wesneski,2025-04-19 00:00:00,5,2,2,6,1,4,85,6,0.711,1,6,2.33,SD,,4.5,1.09,R
Hayden Wesneski,2025-04-25 00:00:00,5,2,2,8,0,1,80,6,0.706,0,5.33,2.33,KC,,4.5,1.09,R
Hayden Wesneski,2025-05-06 00:00:00,4,4,4,5,2,3,80,11,0.736,0,4.67,2.67,MIL,,4.5,1.09,R
Hunter Brown,2025-03-28 00:00:00,6,2,3,4,3,7,96,5,0.753,1,6,2,NYM,,2.43,1.03,R
Hunter Brown,2025-04-03 00:00:00,6,2,2,5,0,8,91,6,0.708,0,6,2,MIN,,2.43,1.03,R
Hunter Brown,2025-04-09 00:00:00,6,0,0,2,0,3,98,6,0.74,0,6,1.33,SEA,,2.43,1.03,R
Hunter Brown,2025-04-15 00:00:00,6,0,0,4,2,4,97,6,0.693,0,6,0.67,STL,,2.43,1.03,R
Hunter Brown,2025-04-21 00:00:00,7,0,0,2,1,9,96,6,0.761,1,6.33,0,TOR,,2.43,1.03,R
Hunter Brown,2025-04-27 00:00:00,6,1,1,7,1,9,100,6,0.706,0,6.33,0.33,KC,,2.43,1.03,R
Hunter Brown,2025-05-03 00:00:00,6,3,3,4,3,9,98,6,0.675,0,6.33,1.33,CWS,,2.43,1.03,R
Hunter Brown,2025-05-09 00:00:00,5.2,0,0,2,4,9,101,6,0.706,1,5.73,1.33,CIN,,2.43,1.03,R
Hunter Brown,2025-05-15 00:00:00,8,1,1,3,0,9,91,6,0.684,0,6.4,1.33,TEX,,2.43,1.03,R
Hunter Brown,2025-05-21 00:00:00,5,5,5,7,2,4,91,6,0.714,0,6.07,2,TB,,2.43,1.03,R
Hunter Brown,2025-05-27 00:00:00,6,1,1,6,0,8,89,6,0.749,1,6.33,2.33,ATH,,2.43,1.03,R
Hunter Brown,2025-06-01 00:00:00,6,0,0,1,4,5,93,5,0.714,1,5.67,2,TB,,2.43,1.03,R
Hunter Brown,2025-06-07 00:00:00,5.1,1,1,4,5,9,101,6,0.67,0,5.7,0.67,CLE,,2.43,1.03,R
Hunter Brown,2025-06-14 00:00:00,7,2,2,3,1,12,98,7,0.708,1,6.03,1,MIN,,2.43,1.03,R
Hunter Brown,2025-06-20 00:00:00,5,1,1,2,2,4,87,6,0.695,0,5.7,1.33,LAA,,2.43,1.03,R
Hunter Brown,2025-06-26 00:00:00,7,0,0,3,0,9,96,6,0.759,1,6.33,1,PHI,,2.43,1.03,R
Hunter Brown,2025-07-02 00:00:00,6,2,2,6,1,8,102,6,0.679,0,6,1,COL,,2.43,1.03,R
Hunter Brown,2025-07-08 00:00:00,6,6,6,6,3,3,91,6,0.67,1,6.33,2.67,CLE,,2.43,1.03,R
Hunter Brown,2025-07-13 00:00:00,5,4,4,5,2,8,93,5,0.684,1,5.67,4,TEX,,2.43,1.03,R
Hunter Brown,2025-07-20 00:00:00,4,3,3,6,2,7,89,7,0.74,0,5,4.33,SEA,,2.43,1.03,R
Hunter Brown,2025-07-26 00:00:00,5,1,1,4,2,5,98,6,0.749,1,4.67,2.67,ATH,,2.43,1.03,R
Hunter Brown,2025-08-01 00:00:00,7,1,1,4,1,6,97,6,0.745,0,5.33,1.67,BOS,,2.43,1.03,R
Hunter Brown,2025-08-08 00:00:00,5.1,2,2,4,1,5,89,7,0.787,0,5.7,1.33,NYY,,2.43,1.03,R
Hunter Brown,2025-08-13 00:00:00,6.2,1,1,6,3,4,93,5,0.745,1,6.1,1.33,BOS,,2.43,1.03,R
Hunter Brown,2025-08-19 00:00:00,6,0,0,5,3,6,101,6,0.73,0,5.77,1,DET,,2.43,1.03,R
Hunter Brown,2025-08-26 00:00:00,6.2,2,6,6,0,7,94,7,0.679,1,6.13,1,COL,,2.43,1.03,R
Hunter Brown,2025-08-31 00:00:00,6,1,1,3,3,5,94,5,0.695,1,6.07,1,LAA,,2.43,1.03,R
Hunter Brown,2025-09-06 00:00:00,6,0,0,4,3,8,107,6,0.684,0,6.07,1,TEX,,2.43,1.03,R
Hunter Brown,2025-09-13 00:00:00,6.2,2,2,4,1,2,108,7,0.72,0,6.07,1,ATL,,2.43,1.03,R
Hunter Brown,2025-09-19 00:00:00,6,2,2,5,2,9,99,6,0.74,1,6.07,1.33,SEA,,2.43,1.03,R
Hunter Brown,2025-09-24 00:00:00,5,4,4,6,2,5,86,5,0.749,0,5.73,2.67,ATH,,2.43,1.03,R
Hunter Dobbins,2025-04-06 00:00:00,5,2,2,8,2,5,93,5,0.693,1,5,2,STL,,4.13,1.28,R
Hunter Dobbins,2025-04-18 00:00:00,6,1,2,3,0,6,79,12,0.675,1,5.5,1.5,CWS,,4.13,1.28,R
Hunter Dobbins,2025-05-03 00:00:00,5.2,4,4,7,2,2,92,15,0.708,1,5.4,2.33,MIN,,4.13,1.28,R
Hunter Dobbins,2025-05-09 00:00:00,6,0,0,5,0,6,81,6,0.706,0,5.73,1.67,KC,,4.13,1.28,R
Hunter Dobbins,2025-05-14 00:00:00,5,5,5,9,0,4,88,5,0.73,0,5.4,3,DET,,4.13,1.28,R
Hunter Dobbins,2025-05-19 00:00:00,4.2,1,1,5,1,2,66,5,0.753,1,5.07,2,NYM,,4.13,1.28,R
Hunter Dobbins,2025-05-24 00:00:00,4,4,4,5,1,7,72,5,0.699,1,4.4,3.33,BAL,,4.13,1.28,R
Hunter Dobbins,2025-05-28 00:00:00,3,2,2,3,3,1,52,4,0.736,0,3.73,2.33,MIL,,4.13,1.28,R
Hunter Dobbins,2025-06-02 00:00:00,5,1,1,4,1,4,60,5,0.695,1,4,2.33,LAA,,4.13,1.28,R
Hunter Dobbins,2025-06-08 00:00:00,5,3,3,4,0,0,64,6,0.787,0,4.33,2,NYY,,4.13,1.28,R
Hunter Dobbins,2025-06-14 00:00:00,6,0,0,2,1,5,82,6,0.787,1,5.33,1.33,NYY,,4.13,1.28,R
Hunter Dobbins,2025-06-20 00:00:00,4,4,5,4,5,1,75,6,0.697,0,5,2.33,SF,,4.13,1.28,R
Hunter Dobbins,2025-07-11 00:00:00,1.2,1,1,2,1,2,27,21,0.714,1,3.73,1.67,TB,,4.13,1.28,R
Hunter Greene,2025-03-27 00:00:00,5,2,2,3,1,8,84,5,0.697,1,5,2,SF,,2.76,0.94,R
Hunter Greene,2025-04-02 00:00:00,7,1,1,3,1,8,94,6,0.684,1,6,1.5,TEX,,2.76,0.94,R
Hunter Greene,2025-04-07 00:00:00,8.2,0,0,4,1,7,104,5,0.697,0,6.73,1,SF,,2.76,0.94,R
Hunter Greene,2025-04-13 00:00:00,7,0,0,2,1,8,98,6,0.655,1,7.4,0.33,PIT,,2.76,0.94,R
Hunter Greene,2025-04-19 00:00:00,3,5,5,6,2,4,77,6,0.699,0,6.07,1.67,BAL,,2.76,0.94,R
Hunter Greene,2025-04-26 00:00:00,6,3,3,7,0,8,98,7,0.679,0,5.33,2.67,COL,,2.76,0.94,R
Hunter Greene,2025-05-02 00:00:00,6,1,1,2,2,12,114,6,0.693,1,5,3,WSH,,2.76,0.94,R
Hunter Greene,2025-05-07 00:00:00,3,0,0,2,0,6,53,5,0.72,0,5,1.33,ATL,,2.76,0.94,R
Hunter Greene,2025-05-23 00:00:00,4,2,2,3,2,2,83,16,0.751,1,4.33,1,CHC,,2.76,0.94,R
Hunter Greene,2025-05-28 00:00:00,5,2,2,7,1,3,88,5,0.706,0,4,1.33,KC,,2.76,0.94,R
Hunter Greene,2025-06-03 00:00:00,5,2,2,5,3,7,85,6,0.736,1,4.67,2,MIL,,2.76,0.94,R
Hunter Greene,2025-08-13 00:00:00,6,0,0,3,0,6,85,71,0.759,1,5.33,1.33,PHI,,2.76,0.94,R
Hunter Greene,2025-08-19 00:00:00,6.1,3,3,6,0,12,98,6,0.695,0,5.7,1.67,LAA,,2.76,0.94,R
Hunter Greene,2025-08-25 00:00:00,5,3,5,6,2,3,99,6,0.768,0,5.7,2,LAD,,2.76,0.94,R
Hunter Greene,2025-09-01 00:00:00,6.1,1,1,5,1,7,101,7,0.761,1,5.73,2.33,TOR,,2.76,0.94,R
Hunter Greene,2025-09-07 00:00:00,7,1,1,1,2,12,98,6,0.753,1,6.03,1.67,NYM,,2.76,0.94,R
Hunter Greene,2025-09-13 00:00:00,2.1,5,5,4,4,3,84,6,0.749,0,5.07,2.33,ATH,,2.76,0.94,R
Hunter Greene,2025-09-18 00:00:00,9,0,0,1,1,9,109,5,0.751,1,6.03,2,CHC,,2.76,0.94,R
Hunter Greene,2025-09-24 00:00:00,6,2,2,5,2,7,96,6,0.655,1,5.7,2.33,PIT,,2.76,0.94,R
Hunter Greene,2025-09-30 00:00:00,3,5,5,6,2,4,65,6,0.768,0,6,2.33,LAD,,2.76,0.94,R
Hurston Waldrep,2025-08-02 00:00:00,5.2,1,1,3,2,4,75,5,0.706,0,5.2,1,CIN,,2.88,1.19,R
Hurston Waldrep,2025-08-09 00:00:00,6,1,1,4,1,6,89,7,0.708,1,5.6,1,MIA,,2.88,1.19,R
Hurston Waldrep,2025-08-15 00:00:00,6,0,0,2,2,7,95,6,0.67,0,5.73,0.67,CLE,,2.88,1.19,R
Hurston Waldrep,2025-08-20 00:00:00,7,0,0,4,1,7,87,5,0.675,1,6.33,0.33,CWS,,2.88,1.19,R
Hurston Waldrep,2025-08-26 00:00:00,5.1,1,1,8,1,0,88,6,0.708,0,6.03,0.33,MIA,,2.88,1.19,R
Hurston Waldrep,2025-08-31 00:00:00,5.2,1,1,4,4,9,102,5,0.759,0,5.77,0.67,PHI,,2.88,1.19,R
Hurston Waldrep,2025-09-06 00:00:00,5,2,2,2,5,5,91,6,0.74,1,5.1,1.33,SEA,,2.88,1.19,R
Hurston Waldrep,2025-09-12 00:00:00,4.2,8,8,8,2,4,84,6,0.714,1,4.8,3.67,HOU,,2.88,1.19,R
Hurston Waldrep,2025-09-17 00:00:00,5,3,3,5,0,8,83,5,0.693,0,4.73,4.33,WSH,,2.88,1.19,R
Hurston Waldrep,2025-09-23 00:00:00,6,1,1,5,4,5,92,6,0.693,1,5.07,4,WSH,,2.88,1.19,R
Ian Hamilton,2025-04-08 00:00:00,1,0,0,1,0,2,13,5,0.73,0,1,0,DET,,4.28,1.25,R
Ian Hamilton,2025-04-11 00:00:00,1,2,2,0,2,1,21,3,0.697,1,1,1,SF,,4.28,1.25,R
Ian Hamilton,2025-04-13 00:00:00,1,0,0,0,2,2,25,2,0.697,1,1,0.67,SF,,4.28,1.25,R
Ian Hamilton,2025-04-17 00:00:00,1.2,0,0,1,0,3,20,4,0.714,0,1.07,0.67,TB,,4.28,1.25,R
Ian Hamilton,2025-04-19 00:00:00,2,0,0,0,1,0,25,2,0.714,0,1.4,0,TB,,4.28,1.25,R
Ian Hamilton,2025-04-25 00:00:00,0.2,0,0,0,0,0,2,6,0.761,1,1.13,0,TOR,,4.28,1.25,R
Ian Hamilton,2025-04-29 00:00:00,2,0,0,0,0,3,15,4,0.699,0,1.4,0,BAL,,4.28,1.25,R
Ian Hamilton,2025-05-03 00:00:00,1,0,0,1,1,3,30,4,0.714,1,1.07,0,TB,,4.28,1.25,R
Ian Hamilton,2025-05-07 00:00:00,0.1,2,2,0,2,0,17,4,0.711,1,1.03,0.67,SD,,4.28,1.25,R
Ian Hamilton,2025-05-10 00:00:00,0.2,3,3,1,2,1,23,3,0.749,0,0.43,1.67,ATH,,4.28,1.25,R
Ian Hamilton,2025-05-12 00:00:00,1,0,0,0,0,2,16,2,0.74,0,0.43,1.67,SEA,,4.28,1.25,R
Ian Hamilton,2025-05-14 00:00:00,1.1,0,0,0,0,2,17,2,0.74,0,0.77,1,SEA,,4.28,1.25,R
Ian Hamilton,2025-05-20 00:00:00,0.2,2,2,2,1,0,17,6,0.684,1,0.77,0.67,TEX,,4.28,1.25,R
Ian Hamilton,2025-05-21 00:00:00,0.1,1,1,2,0,1,12,1,0.684,1,0.47,1,TEX,,4.28,1.25,R
Ian Hamilton,2025-05-24 00:00:00,1.2,0,0,2,0,3,23,3,0.679,0,0.5,1,COL,,4.28,1.25,R
Ian Hamilton,2025-05-28 00:00:00,1.2,0,0,1,0,2,31,4,0.695,0,0.83,0.33,LAA,,4.28,1.25,R
Ian Hamilton,2025-05-31 00:00:00,2,0,0,0,1,1,30,3,0.768,0,1.47,0,LAD,,4.28,1.25,R
Ian Hamilton,2025-06-07 00:00:00,1,2,2,3,1,0,26,7,0.745,1,1.4,0.67,BOS,,4.28,1.25,R
Ian Hamilton,2025-06-08 00:00:00,0.1,0,0,0,1,0,7,1,0.745,1,1.03,0.67,BOS,,4.28,1.25,R
Ian Hamilton,2025-06-13 00:00:00,1.1,0,0,1,0,1,10,5,0.745,0,0.73,0.67,BOS,,4.28,1.25,R
Ian Hamilton,2025-06-17 00:00:00,2,0,1,1,1,1,30,4,0.695,1,1.07,0,LAA,,4.28,1.25,R
Ian Hamilton,2025-06-20 00:00:00,1,0,0,0,0,1,10,3,0.699,1,1.37,0,BAL,,4.28,1.25,R
Ian Hamilton,2025-06-23 00:00:00,2,0,0,2,1,2,34,3,0.706,0,1.67,0,CIN,,4.28,1.25,R
Ian Hamilton,2025-06-28 00:00:00,1,0,0,1,1,0,19,5,0.749,1,1.33,0,ATH,,4.28,1.25,R
Ian Hamilton,2025-06-29 00:00:00,1,0,0,0,1,2,19,1,0.749,1,1.33,0,ATH,,4.28,1.25,R
Ian Hamilton,2025-07-02 00:00:00,1.2,0,0,1,1,1,21,3,0.761,0,1.07,0,TOR,,4.28,1.25,R
Ian Hamilton,2025-07-04 00:00:00,0.2,1,1,2,0,0,12,2,0.753,0,0.8,0.33,NYM,,4.28,1.25,R
Ian Hamilton,2025-07-08 00:00:00,0.2,0,0,0,0,0,5,4,0.74,1,0.53,0.33,SEA,,4.28,1.25,R
Ian Hamilton,2025-07-10 00:00:00,1,0,0,0,0,2,15,2,0.74,1,0.47,0.33,SEA,,4.28,1.25,R
Ian Hamilton,2025-07-12 00:00:00,2,0,0,0,0,2,18,2,0.751,1,1.07,0,CHC,,4.28,1.25,R
Ian Hamilton,2025-07-13 00:00:00,0.2,1,1,1,0,2,12,1,0.751,1,1.07,0.33,CHC,,4.28,1.25,R
Ian Hamilton,2025-07-18 00:00:00,1,3,3,3,1,0,26,5,0.72,0,1.07,1.33,ATL,,4.28,1.25,R
Ian Hamilton,2025-07-20 00:00:00,1,0,0,0,0,1,8,2,0.72,0,0.73,1.33,ATL,,4.28,1.25,R
Ian Hamilton,2025-07-22 00:00:00,0.1,0,0,0,0,0,4,2,0.761,0,0.7,1,TOR,,4.28,1.25,R
Ian Hamilton,2025-07-25 00:00:00,1,2,2,1,1,1,19,3,0.759,1,0.7,0.67,PHI,,4.28,1.25,R
Ian Hamilton,2025-07-28 00:00:00,0.1,0,0,1,1,0,9,3,0.714,1,0.4,0.67,TB,,4.28,1.25,R
Ian Seymour,2025-06-09 00:00:00,2,0,1,0,2,2,28,5,0.745,0,2,0,BOS,,3.63,1.18,L
Ian Seymour,2025-07-13 00:00:00,2,0,0,1,0,1,22,34,0.745,0,2,0,BOS,,3.63,1.18,L
Ian Seymour,2025-07-20 00:00:00,2,0,0,2,0,2,34,7,0.699,1,2,0,BAL,,3.63,1.18,L
Ian Seymour,2025-07-23 00:00:00,1.2,0,0,2,0,0,20,3,0.675,1,1.73,0,CWS,,3.63,1.18,L
Ian Seymour,2025-07-25 00:00:00,1,2,2,3,1,3,38,2,0.706,0,1.4,0.67,CIN,,3.63,1.18,L
Ian Seymour,2025-07-27 00:00:00,1,0,0,0,0,0,15,2,0.706,0,1.07,0.67,CIN,,3.63,1.18,L
Ian Seymour,2025-07-29 00:00:00,1,0,0,0,0,1,16,2,0.787,0,1,0.67,NYY,,3.63,1.18,L
Ian Seymour,2025-08-01 00:00:00,2,0,0,1,0,4,31,3,0.768,1,1.33,0,LAD,,3.63,1.18,L
Ian Seymour,2025-08-04 00:00:00,2.1,0,0,0,0,3,28,3,0.695,0,1.7,0,LAA,,3.63,1.18,L
Ian Seymour,2025-08-09 00:00:00,2,0,0,1,2,2,37,5,0.74,0,2.03,0,SEA,,3.63,1.18,L
Ian Seymour,2025-08-15 00:00:00,3.1,2,2,3,1,4,66,6,0.697,0,2.4,0.67,SF,,3.63,1.18,L
Ian Seymour,2025-08-19 00:00:00,3,6,6,6,2,4,62,4,0.787,1,2.7,2.67,NYY,,3.63,1.18,L
Ian Seymour,2025-08-25 00:00:00,5,0,0,1,1,8,67,6,0.67,0,3.7,2.67,CLE,,3.63,1.18,L
Ian Seymour,2025-08-31 00:00:00,5,1,4,4,1,8,82,6,0.693,0,4.33,2.33,WSH,,3.63,1.18,L
Ian Seymour,2025-09-05 00:00:00,4,1,5,5,2,5,89,5,0.67,1,4.67,0.67,CLE,,3.63,1.18,L
Ian Seymour,2025-09-11 00:00:00,5.1,2,3,4,2,5,90,6,0.675,0,4.7,1.33,CWS,,3.63,1.18,L
Ian Seymour,2025-09-17 00:00:00,7,0,1,4,1,3,100,6,0.761,1,5.37,1,TOR,,3.63,1.18,L
Ian Seymour,2025-09-23 00:00:00,4,3,3,4,2,2,89,6,0.699,0,5.37,1.67,BAL,,3.63,1.18,L
Ian Seymour,2025-09-28 00:00:00,3.1,6,6,7,2,7,81,5,0.761,0,4.7,3,TOR,,3.63,1.18,L
Jackson Jobe,2025-03-31 00:00:00,4,3,3,3,4,3,79,5,0.74,0,4,3,SEA,,4.22,1.49,R
Jackson Jobe,2025-04-06 00:00:00,5,2,3,4,3,4,86,6,0.675,1,4.5,2.5,CWS,,4.22,1.49,R
Jackson Jobe,2025-04-12 00:00:00,6,0,0,2,1,2,87,6,0.708,0,5,1.67,MIN,,4.22,1.49,R
Jackson Jobe,2025-04-18 00:00:00,5,1,1,5,2,5,87,6,0.706,1,5.33,1,KC,,4.22,1.49,R
Jackson Jobe,2025-04-30 00:00:00,4,3,3,4,4,4,77,12,0.714,0,5,1.33,HOU,,4.22,1.49,R
Jackson Jobe,2025-05-07 00:00:00,3.2,6,6,8,1,2,87,7,0.679,0,4.07,3.33,COL,,4.22,1.49,R
Jackson Jobe,2025-05-12 00:00:00,5.2,1,1,3,5,7,100,5,0.745,1,4.13,3.33,BOS,,4.22,1.49,R
Jackson Jobe,2025-05-18 00:00:00,6,2,2,6,2,5,90,6,0.761,0,4.8,3,TOR,,4.22,1.49,R
Jackson Jobe,2025-05-23 00:00:00,5,2,2,4,2,3,89,5,0.67,1,5.4,1.67,CLE,,4.22,1.49,R
Jackson Jobe,2025-05-28 00:00:00,4.2,3,3,7,3,4,95,5,0.697,1,5.07,2.33,SF,,4.22,1.49,R
Jack Dreyer,2025-03-29 00:00:00,1.1,0,0,0,0,1,15,5,0.73,1,1.1,0,DET,,2.95,1.05,L
Jack Dreyer,2025-03-31 00:00:00,1,0,0,0,1,1,16,2,0.72,1,1.05,0,ATL,,2.95,1.05,L
Jack Dreyer,2025-04-02 00:00:00,2,0,0,0,0,1,22,2,0.72,1,1.37,0,ATL,,2.95,1.05,L
Jack Dreyer,2025-04-06 00:00:00,2.1,0,0,0,2,4,36,4,0.759,0,1.7,0,PHI,,2.95,1.05,L
Jack Dreyer,2025-04-09 00:00:00,1.2,0,0,0,1,2,25,3,0.693,0,1.77,0,WSH,,2.95,1.05,L
Jack Dreyer,2025-04-13 00:00:00,1,0,0,1,0,2,9,4,0.751,1,1.43,0,CHC,,2.95,1.05,L
Jack Dreyer,2025-04-15 00:00:00,1.2,0,0,0,1,4,27,2,0.679,1,1.13,0,COL,,2.95,1.05,L
Jack Dreyer,2025-04-19 00:00:00,1,0,0,0,0,0,12,4,0.684,0,1.07,0,TEX,,2.95,1.05,L
Jack Dreyer,2025-04-20 00:00:00,0.2,0,0,0,1,1,8,1,0.684,0,0.8,0,TEX,,2.95,1.05,L
Jack Dreyer,2025-04-23 00:00:00,1,4,4,2,3,0,30,3,0.751,0,0.73,1.33,CHC,,2.95,1.05,L
Jack Dreyer,2025-04-26 00:00:00,0.2,1,1,2,1,1,24,3,0.655,1,0.47,1.67,PIT,,2.95,1.05,L
Jack Dreyer,2025-04-29 00:00:00,2,1,1,2,0,3,28,3,0.708,1,1.07,2,MIA,,2.95,1.05,L
Jack Dreyer,2025-05-04 00:00:00,0.1,0,0,1,0,1,9,5,0.72,0,0.77,0.67,ATL,,2.95,1.05,L
Jack Dreyer,2025-05-05 00:00:00,1.1,0,0,0,0,0,10,1,0.708,0,1.07,0.33,MIA,,2.95,1.05,L
Jack Dreyer,2025-05-08 00:00:00,3,0,0,3,1,1,34,3,0.757,0,1.4,0,AZ,,2.95,1.05,L
Jack Dreyer,2025-05-11 00:00:00,0.2,0,0,1,0,2,17,3,0.757,0,1.43,0,AZ,,2.95,1.05,L
Jack Dreyer,2025-05-16 00:00:00,2,0,0,0,0,4,30,5,0.695,1,1.73,0,LAA,,2.95,1.05,L
Jack Dreyer,2025-05-19 00:00:00,2,3,3,3,1,1,38,3,0.757,1,1.4,1,AZ,,2.95,1.05,L
Jack Dreyer,2025-05-21 00:00:00,0.2,0,0,2,0,0,14,2,0.757,1,1.4,1,AZ,,2.95,1.05,L
Jack Dreyer,2025-05-25 00:00:00,1,0,0,1,0,1,16,4,0.753,0,1.07,1,NYM,,2.95,1.05,L
Jack Dreyer,2025-05-27 00:00:00,1.1,0,0,0,0,0,12,2,0.67,0,0.77,0,CLE,,2.95,1.05,L
Jack Dreyer,2025-05-30 00:00:00,0.2,0,0,1,0,1,12,3,0.787,1,0.77,0,NYY,,2.95,1.05,L
Jack Dreyer,2025-06-02 00:00:00,2,0,0,0,0,1,15,3,0.753,1,1.1,0,NYM,,2.95,1.05,L
Jack Dreyer,2025-06-05 00:00:00,2,0,0,3,1,2,31,3,0.753,1,1.4,0,NYM,,2.95,1.05,L
Jack Dreyer,2025-06-08 00:00:00,0.2,1,1,1,1,0,28,3,0.693,0,1.4,0.33,STL,,2.95,1.05,L
Jack Dreyer,2025-06-11 00:00:00,0.2,0,1,1,1,0,16,3,0.711,0,0.8,0.33,SD,,2.95,1.05,L
Jack Dreyer,2025-06-17 00:00:00,2,1,1,2,0,2,34,6,0.711,1,0.8,0.67,SD,,2.95,1.05,L
Jack Dreyer,2025-06-20 00:00:00,1,0,0,0,0,1,12,3,0.693,1,1.07,0.33,WSH,,2.95,1.05,L
Jack Dreyer,2025-06-21 00:00:00,1,2,2,2,0,1,8,1,0.693,1,1.33,1,WSH,,2.95,1.05,L
Jack Dreyer,2025-06-24 00:00:00,1,1,1,2,0,0,14,3,0.679,0,1,1,COL,,2.95,1.05,L
Jack Dreyer,2025-06-29 00:00:00,1,0,0,0,0,2,20,5,0.706,0,1,1,KC,,2.95,1.05,L
Jack Dreyer,2025-07-01 00:00:00,1,0,0,0,1,1,20,2,0.675,1,1,0.33,CWS,,2.95,1.05,L
Jack Dreyer,2025-07-04 00:00:00,1.2,1,1,2,2,2,30,3,0.714,1,1.07,0.33,HOU,,2.95,1.05,L
Jack Dreyer,2025-07-07 00:00:00,2.1,0,0,0,0,2,32,3,0.736,0,1.43,0.33,MIL,,2.95,1.05,L
Jack Dreyer,2025-07-11 00:00:00,1,0,0,1,0,1,11,4,0.697,0,1.43,0.33,SF,,2.95,1.05,L
Jack Dreyer,2025-07-13 00:00:00,0.2,0,0,0,1,0,8,2,0.697,0,1.1,0,SF,,2.95,1.05,L
Jack Dreyer,2025-07-19 00:00:00,2,0,0,0,1,1,25,6,0.736,1,1.07,0,MIL,,2.95,1.05,L
Jack Dreyer,2025-07-22 00:00:00,1,1,1,2,0,2,27,3,0.708,1,1.07,0.33,MIN,,2.95,1.05,L
Jack Dreyer,2025-07-27 00:00:00,1,0,0,0,0,1,9,5,0.745,0,1.33,0.33,BOS,,2.95,1.05,L
Jack Dreyer,2025-07-28 00:00:00,0.1,0,0,0,0,0,3,1,0.706,0,0.7,0.33,CIN,,2.95,1.05,L
Jack Dreyer,2025-07-29 00:00:00,0.2,0,0,1,0,0,9,1,0.706,0,0.43,0,CIN,,2.95,1.05,L
Jack Dreyer,2025-08-02 00:00:00,1,1,1,3,0,1,18,4,0.714,0,0.43,0.33,TB,,2.95,1.05,L
Jack Dreyer,2025-08-04 00:00:00,0.1,0,0,0,0,0,1,2,0.693,1,0.43,0.33,STL,,2.95,1.05,L
Jack Dreyer,2025-08-05 00:00:00,0.2,0,0,1,0,0,5,1,0.693,1,0.43,0.33,STL,,2.95,1.05,L
Jack Dreyer,2025-08-09 00:00:00,2,1,1,1,0,2,26,4,0.761,1,0.77,0.33,TOR,,2.95,1.05,L
Jack Dreyer,2025-08-11 00:00:00,1,0,0,0,0,0,13,2,0.695,0,1.07,0.33,LAA,,2.95,1.05,L
Jack Dreyer,2025-08-12 00:00:00,0.2,0,0,1,0,0,12,1,0.695,0,1.07,0.33,LAA,,2.95,1.05,L
Jack Dreyer,2025-08-15 00:00:00,0.1,0,0,0,0,0,3,3,0.711,1,0.43,0,SD,,2.95,1.05,L
Jack Dreyer,2025-08-16 00:00:00,1,0,0,0,0,0,16,1,0.711,1,0.43,0,SD,,2.95,1.05,L
Jack Dreyer,2025-08-19 00:00:00,1,0,0,1,0,0,8,3,0.679,0,0.7,0,COL,,2.95,1.05,L
Jack Dreyer,2025-08-20 00:00:00,1,2,2,3,0,1,17,1,0.679,0,1,0.67,COL,,2.95,1.05,L
Jack Dreyer,2025-08-24 00:00:00,0.2,0,0,1,0,1,12,4,0.711,0,0.73,0.67,SD,,2.95,1.05,L
Jack Dreyer,2025-08-25 00:00:00,1,0,0,1,0,1,11,1,0.706,1,0.73,0.67,CIN,,2.95,1.05,L
Jack Dreyer,2025-08-27 00:00:00,1,0,0,0,1,2,14,2,0.706,1,0.73,0,CIN,,2.95,1.05,L
Jack Dreyer,2025-08-29 00:00:00,1,0,0,0,0,2,15,2,0.757,1,1,0,AZ,,2.95,1.05,L
Jack Dreyer,2025-09-04 00:00:00,1,0,0,0,0,1,11,6,0.655,0,1,0,PIT,,2.95,1.05,L
Jack Dreyer,2025-09-05 00:00:00,1,0,0,0,1,1,18,1,0.699,0,1,0,BAL,,2.95,1.05,L
Jack Dreyer,2025-09-07 00:00:00,1,0,0,1,0,2,14,2,0.699,0,1,0,BAL,,2.95,1.05,L
Jack Dreyer,2025-09-12 00:00:00,1.1,0,0,1,0,3,19,5,0.697,0,1.03,0,SF,,2.95,1.05,L
Jack Dreyer,2025-09-15 00:00:00,1,2,2,2,0,1,17,3,0.759,1,1.03,0.67,PHI,,2.95,1.05,L
Jack Dreyer,2025-09-16 00:00:00,1,0,0,0,0,1,13,1,0.759,1,1.03,0.67,PHI,,2.95,1.05,L
Jack Dreyer,2025-09-18 00:00:00,0.2,0,0,0,0,1,11,2,0.697,1,0.73,0.67,SF,,2.95,1.05,L
Jack Dreyer,2025-09-20 00:00:00,1,0,0,0,0,1,15,2,0.697,1,0.73,0,SF,,2.95,1.05,L
Jack Dreyer,2025-09-23 00:00:00,0.2,2,2,2,0,1,14,3,0.757,0,0.47,0.67,AZ,,2.95,1.05,L
Jack Dreyer,2025-09-24 00:00:00,0.2,0,0,0,2,0,11,1,0.757,0,0.47,0.67,AZ,,2.95,1.05,L
Jack Dreyer,2025-09-27 00:00:00,1,0,0,0,0,1,17,3,0.74,0,0.47,0.67,SEA,,2.95,1.05,L
Jack Dreyer,2025-09-30 00:00:00,0.2,0,0,0,1,1,19,3,0.706,1,0.47,0,CIN,,2.95,1.05,L
Jack Dreyer,2025-10-08 00:00:00,1,0,0,0,1,0,19,8,0.759,1,0.73,0,PHI,,2.95,1.05,L
Jack Dreyer,2025-10-27 00:00:00,0.1,0,0,1,0,0,5,19,0.761,1,0.43,0,TOR,,2.95,1.05,L
Jack Dreyer,2025-10-28 00:00:00,2,0,0,2,1,3,29,1,0.761,1,1.03,0,TOR,,2.95,1.05,L
Jack Flaherty,2025-03-28 00:00:00,5.2,2,2,3,2,5,83,5,0.768,0,5.2,2,LAD,,4.64,1.28,R
Jack Flaherty,2025-04-04 00:00:00,5.2,1,1,3,2,7,95,7,0.675,1,5.2,1.5,CWS,,4.64,1.28,R
Jack Flaherty,2025-04-09 00:00:00,5.1,0,0,3,3,9,92,5,0.787,1,5.17,1,NYY,,4.64,1.28,R
Jack Flaherty,2025-04-15 00:00:00,4.2,3,3,5,2,4,98,6,0.736,0,4.83,1.33,MIL,,4.64,1.28,R
Jack Flaherty,2025-04-22 00:00:00,6,2,2,5,0,9,96,7,0.711,1,5.1,1.67,SD,,4.64,1.28,R
Jack Flaherty,2025-04-28 00:00:00,5,4,4,6,2,4,89,6,0.714,0,5.07,3,HOU,,4.64,1.28,R
Jack Flaherty,2025-05-03 00:00:00,5.2,4,5,8,1,8,91,5,0.695,0,5.4,3.33,LAA,,4.64,1.28,R
Jack Flaherty,2025-05-10 00:00:00,3,5,5,4,2,4,73,7,0.684,1,4.4,4.33,TEX,,4.64,1.28,R
Jack Flaherty,2025-05-16 00:00:00,5.2,2,2,5,1,6,90,6,0.761,0,4.47,3.67,TOR,,4.64,1.28,R
Jack Flaherty,2025-05-22 00:00:00,6.2,3,3,3,3,8,108,6,0.67,1,4.8,3.33,CLE,,4.64,1.28,R
Jack Flaherty,2025-05-27 00:00:00,6,0,0,2,1,8,97,5,0.697,1,5.8,1.67,SF,,4.64,1.28,R
Jack Flaherty,2025-06-02 00:00:00,6,1,1,4,1,4,99,6,0.675,0,6.07,1.33,CWS,,4.64,1.28,R
Jack Flaherty,2025-06-08 00:00:00,6,0,0,2,3,9,94,6,0.751,1,6,0.33,CHC,,4.64,1.28,R
Jack Flaherty,2025-06-14 00:00:00,4.2,7,7,5,5,5,94,6,0.706,1,5.4,2.67,CIN,,4.64,1.28,R
Jack Flaherty,2025-06-20 00:00:00,2.1,8,8,6,3,3,74,6,0.714,0,4.1,5,TB,,4.64,1.28,R
Jack Flaherty,2025-06-25 00:00:00,6,3,3,5,4,7,90,5,0.749,1,4.1,6,ATH,,4.64,1.28,R
Jack Flaherty,2025-07-02 00:00:00,5,3,3,5,2,9,97,7,0.693,0,4.37,4.67,WSH,,4.64,1.28,R
Jack Flaherty,2025-07-08 00:00:00,6.1,2,2,7,1,8,93,6,0.714,1,5.7,2.67,TB,,4.64,1.28,R
Jack Flaherty,2025-07-13 00:00:00,5,2,2,4,2,7,93,5,0.74,1,5.37,2.33,SEA,,4.64,1.28,R
Jack Flaherty,2025-07-21 00:00:00,3,3,3,6,3,6,78,8,0.655,0,4.7,2.33,PIT,,4.64,1.28,R
Jack Flaherty,2025-07-27 00:00:00,6,0,0,5,1,7,106,6,0.761,1,4.67,1.67,TOR,,4.64,1.28,R
Jack Flaherty,2025-08-01 00:00:00,6,1,1,2,3,7,95,5,0.759,0,5,1.33,PHI,,4.64,1.28,R
Jack Flaherty,2025-08-06 00:00:00,4.2,5,6,8,1,3,82,5,0.708,1,5.4,2,MIN,,4.64,1.28,R
Jack Flaherty,2025-08-12 00:00:00,4.1,5,5,8,1,6,86,6,0.675,0,4.77,3.67,CWS,,4.64,1.28,R
Jack Flaherty,2025-08-18 00:00:00,7,0,0,3,1,9,90,6,0.714,1,5.1,3.33,HOU,,4.64,1.28,R
Jack Flaherty,2025-08-24 00:00:00,5,8,8,10,0,3,87,6,0.706,1,5.37,4.33,KC,,4.64,1.28,R
Jack Flaherty,2025-08-30 00:00:00,5.2,1,1,4,2,4,101,6,0.706,0,5.73,3,KC,,4.64,1.28,R
Jack Flaherty,2025-09-05 00:00:00,4.1,4,4,6,2,2,83,6,0.675,1,4.77,4.33,CWS,,4.64,1.28,R
Jack Flaherty,2025-09-10 00:00:00,5,0,0,2,1,7,99,5,0.787,0,4.77,1.67,NYY,,4.64,1.28,R
Jack Flaherty,2025-09-17 00:00:00,5,1,1,3,4,4,95,7,0.67,1,4.7,1.67,CLE,,4.64,1.28,R
Jack Flaherty,2025-09-24 00:00:00,4.1,3,3,5,0,6,83,7,0.67,0,4.7,1.33,CLE,,4.64,1.28,R
Jack Flaherty,2025-10-02 00:00:00,4.2,1,1,3,2,4,74,8,0.67,0,4.43,1.67,CLE,,4.64,1.28,R
Jack Flaherty,2025-10-07 00:00:00,3.1,3,4,4,3,6,76,5,0.74,1,3.8,2.33,SEA,,4.64,1.28,R
Jack Flaherty,2025-10-10 00:00:00,2,0,0,0,3,2,43,3,0.74,0,3.1,1.33,SEA,,4.64,1.28,R
Jack Leiter,2025-03-28 00:00:00,5,1,1,5,1,4,82,5,0.745,1,5,1,BOS,,3.86,1.28,R
Jack Leiter,2025-04-02 00:00:00,5,0,0,1,0,6,70,5,0.706,0,5,0.5,CIN,,3.86,1.28,R
Jack Leiter,2025-04-27 00:00:00,3.1,2,2,2,4,3,76,25,0.697,0,4.37,1,SF,,3.86,1.28,R
Jack Leiter,2025-05-02 00:00:00,4.1,6,6,8,2,2,89,5,0.74,1,4.07,2.67,SEA,,3.86,1.28,R
Jack Leiter,2025-05-08 00:00:00,5.1,4,4,3,4,3,90,6,0.745,0,4.1,4,BOS,,3.86,1.28,R
Jack Leiter,2025-05-13 00:00:00,6,1,1,2,3,5,89,5,0.679,1,5.07,3.67,COL,,3.86,1.28,R
Jack Leiter,2025-05-18 00:00:00,7,3,3,3,2,4,87,5,0.714,1,6.03,2.67,HOU,,3.86,1.28,R
Jack Leiter,2025-05-24 00:00:00,5,2,2,6,5,3,94,6,0.675,0,6,2,CWS,,3.86,1.28,R
Jack Leiter,2025-05-30 00:00:00,5.2,0,0,3,2,6,96,6,0.693,1,5.73,1.67,STL,,3.86,1.28,R
Jack Leiter,2025-06-05 00:00:00,5,1,1,3,1,6,80,6,0.714,0,5.07,1,TB,,3.86,1.28,R
Jack Leiter,2025-06-11 00:00:00,4,4,4,5,4,3,87,6,0.708,0,4.73,1.67,MIN,,3.86,1.28,R
Jack Leiter,2025-06-17 00:00:00,5.2,6,6,8,2,4,94,6,0.706,1,4.73,3.67,KC,,3.86,1.28,R
Jack Leiter,2025-06-22 00:00:00,4,3,3,5,2,2,89,5,0.655,0,4.4,4.33,PIT,,3.86,1.28,R
Jack Leiter,2025-06-29 00:00:00,6,1,1,7,0,7,88,7,0.74,1,5.07,3.33,SEA,,3.86,1.28,R
Jack Leiter,2025-07-06 00:00:00,3.2,2,2,5,2,5,85,7,0.711,0,4.4,2,SD,,3.86,1.28,R
Jack Leiter,2025-07-11 00:00:00,5.1,3,3,5,4,6,87,5,0.714,0,4.77,2,HOU,,3.86,1.28,R
Jack Leiter,2025-07-21 00:00:00,6,2,2,4,4,7,95,10,0.749,1,4.77,2.33,ATH,,3.86,1.28,R
Jack Leiter,2025-07-27 00:00:00,6,1,1,2,3,7,100,6,0.72,1,5.7,2,ATL,,3.86,1.28,R
Jack Leiter,2025-08-01 00:00:00,4.1,2,2,3,3,7,92,5,0.74,0,5.37,1.67,SEA,,3.86,1.28,R
Jack Leiter,2025-08-06 00:00:00,3.1,1,2,3,4,3,68,5,0.787,1,4.4,1.33,NYY,,3.86,1.28,R
Jack Leiter,2025-08-12 00:00:00,5,1,1,4,2,3,91,6,0.757,1,4.07,1.33,AZ,,3.86,1.28,R
Jack Leiter,2025-08-18 00:00:00,3.2,3,3,6,3,5,81,6,0.706,0,3.77,1.67,KC,,3.86,1.28,R
Jack Leiter,2025-08-23 00:00:00,7,0,0,2,0,10,93,5,0.67,1,5.07,1.33,CLE,,3.86,1.28,R
Jack Leiter,2025-08-29 00:00:00,6,2,2,5,2,7,97,6,0.749,0,5.4,1.67,ATH,,3.86,1.28,R
Jack Leiter,2025-09-03 00:00:00,6,2,2,3,3,8,99,5,0.757,0,6.33,1.33,AZ,,3.86,1.28,R
Jack Leiter,2025-09-09 00:00:00,4.2,3,3,7,2,4,89,6,0.736,1,5.4,2.33,MIL,,3.86,1.28,R
Jack Leiter,2025-09-15 00:00:00,6.2,3,6,5,1,4,102,6,0.714,0,5.47,2.67,HOU,,3.86,1.28,R
Jack Leiter,2025-09-20 00:00:00,5.2,4,4,8,1,4,94,5,0.708,1,5.2,3.33,MIA,,3.86,1.28,R
Jack Leiter,2025-09-26 00:00:00,7,2,2,4,1,10,101,6,0.67,0,6.13,3,CLE,,3.86,1.28,R
Jacob deGrom,2025-03-30 00:00:00,5,0,0,2,2,6,73,5,0.745,1,5,0,BOS,,2.97,0.92,R
Jacob deGrom,2025-04-05 00:00:00,5.2,4,4,8,0,3,82,6,0.714,1,5.1,2,TB,,2.97,0.92,R
Jacob deGrom,2025-04-11 00:00:00,4,3,3,3,4,4,87,6,0.74,0,4.73,2.33,SEA,,2.97,0.92,R
Jacob deGrom,2025-04-18 00:00:00,7,1,1,3,1,7,96,7,0.768,1,5.4,2.67,LAD,,2.97,0.92,R
Jacob deGrom,2025-04-24 00:00:00,5.1,2,2,6,0,6,83,6,0.749,0,5.37,2,ATH,,2.97,0.92,R
Jacob deGrom,2025-04-29 00:00:00,6,0,0,4,0,7,65,5,0.749,1,6.03,1,ATH,,2.97,0.92,R
Jacob deGrom,2025-05-04 00:00:00,5,1,1,3,2,3,89,5,0.74,1,5.37,1,SEA,,2.97,0.92,R
Jacob deGrom,2025-05-10 00:00:00,5,2,2,5,1,10,90,6,0.73,0,5.33,1,DET,,2.97,0.92,R
Jacob deGrom,2025-05-15 00:00:00,8,0,0,5,1,7,96,5,0.714,1,6,1,HOU,,2.97,0.92,R
Jacob deGrom,2025-05-21 00:00:00,7,2,2,3,1,9,103,6,0.787,0,6.67,1.33,NYY,,2.97,0.92,R
Jacob deGrom,2025-05-26 00:00:00,5.1,2,2,5,2,0,81,5,0.761,1,6.7,1.33,TOR,,2.97,0.92,R
Jacob deGrom,2025-06-01 00:00:00,6,1,1,4,3,4,81,6,0.693,1,6.03,1.67,STL,,2.97,0.92,R
Jacob deGrom,2025-06-07 00:00:00,7,0,0,2,0,8,81,6,0.693,0,6.03,1,WSH,,2.97,0.92,R
Jacob deGrom,2025-06-14 00:00:00,6,2,2,5,0,6,82,7,0.675,1,6.33,1,CWS,,2.97,0.92,R
Jacob deGrom,2025-06-20 00:00:00,6,2,2,5,1,7,84,6,0.655,0,6.33,1.33,PIT,,2.97,0.92,R
Jacob deGrom,2025-06-25 00:00:00,7,0,0,1,2,7,89,5,0.699,0,6.33,1.33,BAL,,2.97,0.92,R
Jacob deGrom,2025-07-01 00:00:00,6,2,2,5,1,6,92,6,0.699,1,6.33,1.33,BAL,,2.97,0.92,R
Jacob deGrom,2025-07-07 00:00:00,5,3,3,5,2,5,95,6,0.695,0,6,1.67,LAA,,2.97,0.92,R
Jacob deGrom,2025-07-12 00:00:00,6,2,2,4,1,8,90,5,0.714,0,5.67,2.33,HOU,,2.97,0.92,R
Jacob deGrom,2025-07-22 00:00:00,6,1,1,3,1,9,86,10,0.749,1,5.67,2,ATH,,2.97,0.92,R
Jacob deGrom,2025-07-28 00:00:00,5.1,5,5,7,1,8,91,6,0.695,0,5.7,2.67,LAA,,2.97,0.92,R
Jacob deGrom,2025-08-03 00:00:00,5,5,5,4,3,5,95,6,0.74,0,5.37,3.67,SEA,,2.97,0.92,R
Jacob deGrom,2025-08-09 00:00:00,6.2,3,3,6,1,8,99,6,0.759,1,5.43,4.33,PHI,,2.97,0.92,R
Jacob deGrom,2025-08-15 00:00:00,5,0,0,2,0,5,84,6,0.761,0,5.4,2.67,TOR,,2.97,0.92,R
Jacob deGrom,2025-08-25 00:00:00,5,2,2,3,2,7,90,10,0.695,1,5.4,1.67,LAA,,2.97,0.92,R
Jacob deGrom,2025-08-31 00:00:00,5,0,0,2,1,6,79,6,0.749,0,5,0.67,ATH,,2.97,0.92,R
Jacob deGrom,2025-09-06 00:00:00,5.1,3,3,5,2,8,97,6,0.714,1,5.03,1.67,HOU,,2.97,0.92,R
Jacob deGrom,2025-09-12 00:00:00,7,3,3,4,0,2,88,6,0.753,0,5.7,2,NYM,,2.97,0.92,R
Jacob deGrom,2025-09-17 00:00:00,5,5,5,6,1,6,92,5,0.714,0,5.7,3.67,HOU,,2.97,0.92,R
Jacob deGrom,2025-09-24 00:00:00,5,1,1,2,1,8,74,7,0.708,1,5.67,3,MIN,,2.97,0.92,R
Jacob Latz,2025-04-23 00:00:00,4.1,0,0,2,3,2,55,5,0.749,0,4.1,0,ATH,,2.84,1.24,L
Jacob Latz,2025-04-26 00:00:00,0,0,0,1,0,0,1,3,0.697,0,2.05,0,SF,,2.84,1.24,L
Jacob Latz,2025-04-27 00:00:00,1.1,0,0,1,0,0,17,1,0.697,0,1.73,0,SF,,2.84,1.24,L
Jacob Latz,2025-05-01 00:00:00,1,0,0,0,1,2,17,4,0.749,1,0.7,0,ATH,,2.84,1.24,L
Jacob Latz,2025-05-02 00:00:00,1.2,4,4,4,1,0,38,1,0.74,1,1.1,1.33,SEA,,2.84,1.24,L
Jacob Latz,2025-05-08 00:00:00,2.2,1,1,3,0,4,49,6,0.745,0,1.47,1.67,BOS,,2.84,1.24,L
Jacob Latz,2025-05-11 00:00:00,0.1,1,1,2,1,1,20,3,0.73,0,1.17,2,DET,,2.84,1.24,L
Jacob Latz,2025-05-23 00:00:00,1,0,0,0,0,2,11,12,0.675,0,1.1,0.67,CWS,,2.84,1.24,L
Jacob Latz,2025-05-25 00:00:00,0.2,0,0,1,0,1,9,2,0.675,0,0.43,0.33,CWS,,2.84,1.24,L
Jacob Latz,2025-05-27 00:00:00,3,0,0,2,2,4,50,2,0.761,1,1.4,0,TOR,,2.84,1.24,L
Jacob Latz,2025-06-03 00:00:00,1.1,0,0,2,0,3,22,7,0.714,0,1.43,0,TB,,2.84,1.24,L
Jacob Latz,2025-06-05 00:00:00,1,0,0,0,0,1,8,2,0.714,0,1.7,0,TB,,2.84,1.24,L
Jacob Latz,2025-06-08 00:00:00,3.1,2,2,2,2,7,60,3,0.693,0,1.73,0.67,WSH,,2.84,1.24,L
Jacob Latz,2025-06-11 00:00:00,1,2,2,3,0,0,25,3,0.708,0,1.7,1.33,MIN,,2.84,1.24,L
Jacob Latz,2025-06-14 00:00:00,2,0,0,0,2,3,31,3,0.675,1,2.03,1.33,CWS,,2.84,1.24,L
Jacob Latz,2025-06-19 00:00:00,5.2,1,1,3,1,0,82,5,0.706,1,2.73,1,KC,,2.84,1.24,L
Jacob Latz,2025-06-24 00:00:00,6,2,2,1,3,4,88,5,0.699,0,4.4,1,BAL,,2.84,1.24,L
Jacob Latz,2025-06-29 00:00:00,2.1,0,0,1,1,4,37,5,0.74,1,4.43,1,SEA,,2.84,1.24,L
Jacob Latz,2025-07-01 00:00:00,3,0,0,2,0,3,43,2,0.699,1,3.7,0.67,BAL,,2.84,1.24,L
Jacob Latz,2025-07-06 00:00:00,3,2,2,5,3,1,58,5,0.711,0,2.7,0.67,SD,,2.84,1.24,L
Jacob Latz,2025-07-10 00:00:00,3.1,1,1,2,1,6,54,4,0.695,0,3.03,1,LAA,,2.84,1.24,L
Jacob Latz,2025-07-20 00:00:00,5,1,1,6,2,3,84,10,0.73,1,3.7,1.33,DET,,2.84,1.24,L
Jacob Latz,2025-07-25 00:00:00,0.1,1,1,1,1,0,14,5,0.72,1,2.73,1,ATL,,2.84,1.24,L
Jacob Latz,2025-07-26 00:00:00,1,0,0,1,2,0,20,1,0.72,1,2.03,0.67,ATL,,2.84,1.24,L
Jacob Latz,2025-07-31 00:00:00,1.1,2,3,2,1,1,35,5,0.74,0,0.73,1,SEA,,2.84,1.24,L
Jacob Latz,2025-08-20 00:00:00,3.1,0,0,1,1,4,43,20,0.706,0,1.73,0.67,KC,,2.84,1.24,L
Jacob Latz,2025-08-27 00:00:00,4.1,2,2,4,1,5,66,7,0.695,1,2.77,1.33,LAA,,2.84,1.24,L
Jacob Latz,2025-09-02 00:00:00,5.1,2,2,5,2,1,71,6,0.757,0,4.1,1.33,AZ,,2.84,1.24,L
Jacob Latz,2025-09-08 00:00:00,5.2,0,0,3,1,4,84,6,0.736,1,4.8,1.33,MIL,,2.84,1.24,L
Jacob Latz,2025-09-14 00:00:00,4.2,1,1,2,4,4,88,6,0.753,0,4.83,1,NYM,,2.84,1.24,L
Jacob Latz,2025-09-19 00:00:00,0.2,0,0,1,1,0,16,5,0.708,1,3.2,0.33,MIA,,2.84,1.24,L
Jacob Latz,2025-09-21 00:00:00,0.2,0,0,1,0,0,10,2,0.708,1,1.53,0.33,MIA,,2.84,1.24,L
Jacob Latz,2025-09-27 00:00:00,5.1,2,2,5,0,6,81,6,0.67,0,1.83,0.67,CLE,,2.84,1.24,L
Jacob Lopez,2025-04-18 00:00:00,1.1,0,2,3,0,1,26,5,0.736,0,1.1,0,MIL,,4.08,1.27,L
Jacob Lopez,2025-04-20 00:00:00,1.1,0,0,1,0,0,21,2,0.736,0,1.1,0,MIL,,4.08,1.27,L
Jacob Lopez,2025-04-22 00:00:00,1.2,0,0,1,3,4,45,2,0.684,1,1.13,0,TEX,,4.08,1.27,L
Jacob Lopez,2025-04-29 00:00:00,2.2,3,3,6,4,4,84,7,0.684,0,1.5,1,TEX,,4.08,1.27,L
Jacob Lopez,2025-05-23 00:00:00,7,1,1,3,1,8,91,24,0.759,1,3.47,1.33,PHI,,4.08,1.27,L
Jacob Lopez,2025-05-29 00:00:00,1.2,7,7,6,1,0,43,6,0.761,0,3.47,3.67,TOR,,4.08,1.27,L
Jacob Lopez,2025-06-03 00:00:00,4.1,5,5,5,1,9,96,5,0.708,1,4.1,4.33,MIN,,4.08,1.27,L
Jacob Lopez,2025-06-08 00:00:00,4,0,1,4,2,5,91,5,0.699,1,3.1,4,BAL,,4.08,1.27,L
Jacob Lopez,2025-06-14 00:00:00,6,0,0,3,1,9,98,6,0.706,0,4.7,1.67,KC,,4.08,1.27,L
Jacob Lopez,2025-06-19 00:00:00,6,1,1,4,3,9,95,5,0.714,1,5.33,0.33,HOU,,4.08,1.27,L
Jacob Lopez,2025-06-25 00:00:00,7,0,0,3,1,6,103,6,0.73,0,6.33,0.33,DET,,4.08,1.27,L
Jacob Lopez,2025-06-30 00:00:00,3.1,3,4,5,1,1,50,5,0.714,0,5.37,1.33,TB,,4.08,1.27,L
Jacob Lopez,2025-07-06 00:00:00,4.1,4,4,5,1,8,88,6,0.697,1,4.73,2.33,SF,,4.08,1.27,L
Jacob Lopez,2025-07-12 00:00:00,5,2,2,4,2,5,87,6,0.761,1,4.07,3,TOR,,4.08,1.27,L
Jacob Lopez,2025-07-21 00:00:00,5,5,5,4,3,6,93,9,0.684,0,4.7,3.67,TEX,,4.08,1.27,L
Jacob Lopez,2025-07-26 00:00:00,4.1,0,0,2,4,4,95,5,0.714,0,4.7,2.33,HOU,,4.08,1.27,L
Jacob Lopez,2025-08-01 00:00:00,5,0,0,5,2,5,95,6,0.757,1,4.7,1.67,AZ,,4.08,1.27,L
Jacob Lopez,2025-08-07 00:00:00,7.2,0,0,3,0,10,114,6,0.693,0,5.43,0,WSH,,4.08,1.27,L
Jacob Lopez,2025-08-12 00:00:00,7,0,0,4,0,9,96,5,0.714,1,6.4,0,TB,,4.08,1.27,L
Jacob Lopez,2025-08-19 00:00:00,6,2,3,4,1,8,94,7,0.708,0,6.73,0.67,MIN,,4.08,1.27,L
Jacob Lopez,2025-08-24 00:00:00,2,9,9,6,6,2,65,5,0.74,0,5,3.67,SEA,,4.08,1.27,L
Jacob Misiorowski,2025-06-12 00:00:00,5,0,0,0,4,5,86,5,0.693,1,5,0,STL,,4.36,1.24,R
Jacob Misiorowski,2025-06-20 00:00:00,6,2,2,1,1,6,86,8,0.708,0,5.5,1,MIN,,4.36,1.24,R
Jacob Misiorowski,2025-06-25 00:00:00,5,0,0,2,2,8,74,5,0.655,1,5.33,0.67,PIT,,4.36,1.24,R
Jacob Misiorowski,2025-07-02 00:00:00,3.2,5,5,5,3,2,72,7,0.753,0,4.73,2.33,NYM,,4.36,1.24,R
Jacob Misiorowski,2025-07-08 00:00:00,6,1,1,4,1,12,91,6,0.768,1,4.73,2,LAD,,4.36,1.24,R
Jacob Misiorowski,2025-07-22 00:00:00,3.2,0,0,3,1,7,64,14,0.74,0,4.13,2,SEA,,4.36,1.24,R
Jacob Misiorowski,2025-07-28 00:00:00,4,2,3,3,2,7,80,6,0.751,1,4.4,1,CHC,,4.36,1.24,R
Jacob Misiorowski,2025-08-15 00:00:00,1.1,5,5,4,3,3,54,18,0.706,0,2.77,2.33,CIN,,4.36,1.24,R
Jacob Misiorowski,2025-08-20 00:00:00,4,3,3,1,3,5,78,5,0.751,0,3.03,3.33,CHC,,4.36,1.24,R
Jacob Misiorowski,2025-08-26 00:00:00,5,3,3,4,1,10,93,6,0.757,1,3.37,3.67,AZ,,4.36,1.24,R
Jacob Misiorowski,2025-09-01 00:00:00,4.1,3,3,6,1,4,73,6,0.759,1,4.37,3,PHI,,4.36,1.24,R
Jacob Misiorowski,2025-09-07 00:00:00,7,1,1,3,2,8,108,6,0.655,0,5.37,2.33,PIT,,4.36,1.24,R
Jacob Misiorowski,2025-09-13 00:00:00,5,4,4,7,1,4,75,6,0.693,1,5.37,2.67,STL,,4.36,1.24,R
Jacob Misiorowski,2025-09-19 00:00:00,3.2,2,2,5,3,3,77,6,0.693,0,5.07,2.33,STL,,4.36,1.24,R
Jacob Misiorowski,2025-09-27 00:00:00,2.1,1,2,3,3,3,58,8,0.706,1,3.43,2.33,CIN,,4.36,1.24,R
Jacob Misiorowski,2025-10-06 00:00:00,3,0,0,1,2,4,57,9,0.751,1,2.77,1,CHC,,4.36,1.24,R
Jacob Misiorowski,2025-10-11 00:00:00,4,1,1,3,0,3,54,5,0.751,1,3.03,0.67,CHC,,4.36,1.24,R
Jacob Misiorowski,2025-10-16 00:00:00,5,1,2,3,1,9,73,5,0.768,0,4,0.67,LAD,,4.36,1.24,R
Jake Irvin,2025-03-29 00:00:00,5,2,2,7,2,2,83,5,0.759,1,5,2,PHI,,5.7,1.43,R
Jake Irvin,2025-04-04 00:00:00,5,4,4,7,1,3,86,6,0.757,1,5,3,AZ,,5.7,1.43,R
Jake Irvin,2025-04-09 00:00:00,6,4,4,4,3,7,103,5,0.768,1,5.33,3.33,LAD,,5.7,1.43,R
Jake Irvin,2025-04-15 00:00:00,7,0,0,3,1,6,87,6,0.655,0,6,2.67,PIT,,5.7,1.43,R
Jake Irvin,2025-04-20 00:00:00,6.1,2,2,3,0,9,83,5,0.679,0,6.37,2,COL,,5.7,1.43,R
Jake Irvin,2025-04-25 00:00:00,7.1,1,1,5,1,4,98,5,0.753,1,6.73,1,NYM,,5.7,1.43,R
Jake Irvin,2025-04-30 00:00:00,6,6,6,8,3,2,90,5,0.759,0,6.4,3,PHI,,5.7,1.43,R
Jake Irvin,2025-05-06 00:00:00,5.1,2,2,4,3,0,95,6,0.67,1,6.07,3,CLE,,5.7,1.43,R
Jake Irvin,2025-05-12 00:00:00,6,3,3,7,2,1,83,6,0.72,0,5.7,3.67,ATL,,5.7,1.43,R
Jake Irvin,2025-05-17 00:00:00,6.1,2,2,5,1,6,98,5,0.699,0,5.73,2.33,BAL,,5.7,1.43,R
Jake Irvin,2025-05-24 00:00:00,8,0,0,3,2,7,96,7,0.697,1,6.7,1.67,SF,,5.7,1.43,R
Jake Irvin,2025-05-30 00:00:00,5,6,6,10,1,0,93,6,0.757,0,6.37,2.67,AZ,,5.7,1.43,R
Jake Irvin,2025-06-05 00:00:00,5,3,3,8,2,3,94,6,0.751,1,6,3,CHC,,5.7,1.43,R
Jake Irvin,2025-06-11 00:00:00,5,4,4,5,3,4,100,6,0.753,0,5,4.33,NYM,,5.7,1.43,R
Jake Irvin,2025-06-16 00:00:00,6,3,3,5,1,5,91,5,0.679,1,5.33,3.33,COL,,5.7,1.43,R
Jake Irvin,2025-06-21 00:00:00,5.1,2,2,6,0,7,92,5,0.768,0,5.37,3,LAD,,5.7,1.43,R
Jake Irvin,2025-06-27 00:00:00,4.1,8,9,9,4,5,91,6,0.695,0,5.07,4.33,LAA,,5.7,1.43,R
Jake Irvin,2025-07-03 00:00:00,6,3,3,3,3,4,107,6,0.73,1,5.07,4.33,DET,,5.7,1.43,R
Jake Irvin,2025-07-08 00:00:00,6,4,4,6,4,3,98,5,0.693,0,5.37,5,STL,,5.7,1.43,R
Jake Irvin,2025-07-13 00:00:00,5,0,3,4,1,5,93,5,0.736,0,5.67,2.33,MIL,,5.7,1.43,R
Jake Irvin,2025-07-21 00:00:00,3.2,5,5,6,3,1,72,8,0.706,1,4.73,3,CIN,,5.7,1.43,R
Jake Irvin,2025-07-27 00:00:00,7,2,2,5,0,2,86,6,0.708,0,5.07,2.33,MIN,,5.7,1.43,R
Jake Irvin,2025-08-02 00:00:00,4,5,5,8,2,2,75,6,0.736,1,4.73,4,MIL,,5.7,1.43,R
Jake Irvin,2025-08-08 00:00:00,5.1,3,4,8,0,3,94,6,0.697,0,5.37,3.33,SF,,5.7,1.43,R
Jake Irvin,2025-08-13 00:00:00,4,6,6,7,4,3,83,5,0.706,0,4.37,4.67,KC,,5.7,1.43,R
Jake Irvin,2025-08-19 00:00:00,6,6,6,8,3,3,101,6,0.753,1,5.03,5,NYM,,5.7,1.43,R
Jake Irvin,2025-08-24 00:00:00,2.1,3,3,6,2,2,69,5,0.759,0,4.03,5,PHI,,5.7,1.43,R
Jake Irvin,2025-08-30 00:00:00,6,4,4,5,1,3,83,6,0.714,1,4.7,4.33,TB,,5.7,1.43,R
Jake Irvin,2025-09-05 00:00:00,3.1,7,7,5,4,2,79,6,0.751,0,3.73,4.67,CHC,,5.7,1.43,R
Jake Irvin,2025-09-10 00:00:00,5,3,4,5,0,4,74,5,0.708,0,4.7,4.67,MIA,,5.7,1.43,R
Jake Irvin,2025-09-16 00:00:00,6,5,5,8,2,5,102,6,0.72,1,4.7,5,ATL,,5.7,1.43,R
Jake Irvin,2025-09-21 00:00:00,5.1,2,2,6,2,5,93,5,0.753,0,5.37,3.33,NYM,,5.7,1.43,R
Jake Irvin,2025-09-27 00:00:00,6,4,4,6,1,6,73,6,0.675,1,5.7,3.67,CWS,,5.7,1.43,R
Jalen Beeks,2025-03-27 00:00:00,1.2,0,0,0,0,1,14,5,0.751,1,1.2,0,CHC,,3.77,1.08,L
Jalen Beeks,2025-03-29 00:00:00,1,1,1,1,0,1,8,2,0.751,1,1.1,0.5,CHC,,3.77,1.08,L
Jalen Beeks,2025-04-01 00:00:00,1.2,0,0,0,0,1,22,3,0.787,0,1.13,0.33,NYY,,3.77,1.08,L
Jalen Beeks,2025-04-03 00:00:00,1,0,0,2,1,1,26,2,0.787,0,1.07,0.33,NYY,,3.77,1.08,L
Jalen Beeks,2025-04-06 00:00:00,2,0,0,0,1,4,35,3,0.693,0,1.4,0,WSH,,3.77,1.08,L
Jalen Beeks,2025-04-09 00:00:00,2,0,0,0,0,0,23,3,0.699,1,1.67,0,BAL,,3.77,1.08,L
Jalen Beeks,2025-04-13 00:00:00,1,0,0,1,0,1,17,4,0.736,1,1.67,0,MIL,,3.77,1.08,L
Jalen Beeks,2025-04-16 00:00:00,0.1,0,0,0,0,1,3,3,0.708,0,1.03,0,MIA,,3.77,1.08,L
Jalen Beeks,2025-04-17 00:00:00,1,0,0,0,1,3,21,1,0.708,0,0.7,0,MIA,,3.77,1.08,L
Jalen Beeks,2025-04-20 00:00:00,1.1,0,0,1,0,1,28,3,0.751,0,0.73,0,CHC,,3.77,1.08,L
Jalen Beeks,2025-04-22 00:00:00,1,0,0,2,0,0,11,2,0.714,1,1.03,0,TB,,3.77,1.08,L
Jalen Beeks,2025-04-24 00:00:00,1,0,0,1,0,1,13,2,0.714,1,1.03,0,TB,,3.77,1.08,L
Jalen Beeks,2025-04-26 00:00:00,1,3,3,2,2,1,28,2,0.72,1,1,1,ATL,,3.77,1.08,L
Jalen Beeks,2025-04-30 00:00:00,0.2,0,0,1,0,0,15,4,0.753,0,0.73,1,NYM,,3.77,1.08,L
Jalen Beeks,2025-05-02 00:00:00,1,0,0,0,1,1,16,2,0.759,0,0.73,1,PHI,,3.77,1.08,L
Jalen Beeks,2025-05-04 00:00:00,1,0,1,2,0,0,20,2,0.759,0,0.73,0,PHI,,3.77,1.08,L
Jalen Beeks,2025-05-07 00:00:00,1.1,1,1,1,0,1,19,3,0.753,1,1.03,0.33,NYM,,3.77,1.08,L
Jalen Beeks,2025-05-08 00:00:00,0.2,0,0,0,0,2,10,1,0.768,1,0.77,0.33,LAD,,3.77,1.08,L
Jalen Beeks,2025-05-09 00:00:00,0.2,0,0,0,0,1,9,1,0.768,1,0.5,0.33,LAD,,3.77,1.08,L
Jalen Beeks,2025-05-12 00:00:00,1,0,0,0,1,1,23,3,0.697,0,0.47,0,SF,,3.77,1.08,L
Jalen Beeks,2025-05-17 00:00:00,0.2,4,4,2,3,0,30,5,0.679,1,0.47,1.33,COL,,3.77,1.08,L
Jalen Beeks,2025-05-20 00:00:00,1,0,0,1,0,0,12,3,0.768,0,0.73,1.33,LAD,,3.77,1.08,L
Jalen Beeks,2025-05-21 00:00:00,1,0,0,1,0,1,13,1,0.768,0,0.73,1.33,LAD,,3.77,1.08,L
Jalen Beeks,2025-05-24 00:00:00,1,0,0,0,0,0,10,3,0.693,0,1,0,STL,,3.77,1.08,L
Jalen Beeks,2025-05-25 00:00:00,0.2,0,0,1,0,1,14,1,0.693,0,0.73,0,STL,,3.77,1.08,L
Jalen Beeks,2025-05-27 00:00:00,0.2,1,2,1,0,1,16,2,0.655,1,0.47,0.33,PIT,,3.77,1.08,L
Jalen Beeks,2025-05-30 00:00:00,1,1,1,2,0,0,12,3,0.693,1,0.47,0.67,WSH,,3.77,1.08,L
Jalen Beeks,2025-06-01 00:00:00,0.1,0,0,1,1,1,14,2,0.693,1,0.43,0.67,WSH,,3.77,1.08,L
Jalen Beeks,2025-06-06 00:00:00,1.2,0,0,0,0,3,22,5,0.706,0,0.77,0.33,CIN,,3.77,1.08,L
Jalen Beeks,2025-06-08 00:00:00,0.1,0,0,0,0,0,6,2,0.706,0,0.47,0,CIN,,3.77,1.08,L
Jalen Beeks,2025-06-09 00:00:00,1,0,0,0,0,1,12,1,0.74,1,0.77,0,SEA,,3.77,1.08,L
Jalen Beeks,2025-06-11 00:00:00,1,0,0,1,0,0,12,2,0.74,1,0.7,0,SEA,,3.77,1.08,L
Jalen Beeks,2025-06-14 00:00:00,1,0,0,1,0,1,12,3,0.711,1,1,0,SD,,3.77,1.08,L
Jalen Beeks,2025-06-17 00:00:00,0.2,1,1,1,0,0,8,3,0.761,0,0.73,0.33,TOR,,3.77,1.08,L
Jalen Beeks,2025-06-20 00:00:00,1,0,0,0,0,2,15,3,0.679,0,0.73,0.33,COL,,3.77,1.08,L
Jalen Beeks,2025-06-21 00:00:00,1,0,0,0,0,0,7,1,0.679,0,0.73,0.33,COL,,3.77,1.08,L
Jalen Beeks,2025-06-24 00:00:00,0.2,0,0,0,0,0,5,3,0.675,0,0.73,0,CWS,,3.77,1.08,L
Jalen Beeks,2025-06-28 00:00:00,0.1,3,3,3,0,1,12,4,0.708,1,0.43,1,MIA,,3.77,1.08,L
Jalen Beeks,2025-06-29 00:00:00,0.2,5,5,2,4,2,30,1,0.708,1,0.17,2.67,MIA,,3.77,1.08,L
Jalen Beeks,2025-07-03 00:00:00,1,0,0,0,0,1,7,4,0.697,1,0.43,2.67,SF,,3.77,1.08,L
Jalen Beeks,2025-07-04 00:00:00,1,0,0,0,0,2,21,1,0.706,1,0.73,1.67,KC,,3.77,1.08,L
Jalen Beeks,2025-07-06 00:00:00,1,0,0,1,0,0,10,2,0.706,1,1,0,KC,,3.77,1.08,L
Jalen Beeks,2025-08-01 00:00:00,0.1,0,0,0,0,0,2,26,0.749,0,0.7,0,ATH,,3.77,1.08,L
Jalen Beeks,2025-08-06 00:00:00,1.2,0,0,0,2,0,25,5,0.711,1,0.77,0,SD,,3.77,1.08,L
Jalen Beeks,2025-08-10 00:00:00,1,0,0,2,0,0,20,4,0.679,1,0.77,0,COL,,3.77,1.08,L
Jalen Beeks,2025-08-12 00:00:00,1.2,0,0,0,1,1,25,2,0.684,0,1.13,0,TEX,,3.77,1.08,L
Jalen Beeks,2025-08-14 00:00:00,1,1,1,2,0,1,20,2,0.679,0,1.07,0.33,COL,,3.77,1.08,L
Jalen Beeks,2025-08-17 00:00:00,1,1,1,2,0,0,15,3,0.679,0,1.07,0.67,COL,,3.77,1.08,L
Jalen Beeks,2025-08-22 00:00:00,1,0,0,0,0,0,9,5,0.706,1,1,0.67,CIN,,3.77,1.08,L
Jalen Beeks,2025-08-23 00:00:00,1,0,0,0,0,1,16,1,0.706,1,1,0.33,CIN,,3.77,1.08,L
Jalen Beeks,2025-08-28 00:00:00,0.1,0,0,0,0,0,4,5,0.736,0,0.7,0,MIL,,3.77,1.08,L
Jalen Beeks,2025-08-29 00:00:00,1,0,0,1,0,1,19,1,0.768,0,0.7,0,LAD,,3.77,1.08,L
Jalen Beeks,2025-09-01 00:00:00,0.1,0,0,0,0,0,4,3,0.684,1,0.4,0,TEX,,3.77,1.08,L
Jalen Beeks,2025-09-02 00:00:00,0.2,0,0,0,2,0,22,1,0.684,1,0.43,0,TEX,,3.77,1.08,L
Jalen Beeks,2025-09-06 00:00:00,1,0,0,1,0,0,12,4,0.745,1,0.43,0,BOS,,3.77,1.08,L
Jalen Beeks,2025-09-12 00:00:00,1,0,0,0,0,0,11,6,0.708,0,0.73,0,MIN,,3.77,1.08,L
Jalen Beeks,2025-09-14 00:00:00,0.1,0,0,0,0,0,3,2,0.708,0,0.7,0,MIN,,3.77,1.08,L
Jalen Beeks,2025-09-15 00:00:00,1,0,0,0,0,1,13,1,0.697,1,0.7,0,SF,,3.77,1.08,L
Jalen Beeks,2025-09-19 00:00:00,0.2,1,1,1,0,1,16,4,0.759,1,0.43,0.33,PHI,,3.77,1.08,L
Jalen Beeks,2025-09-23 00:00:00,0.1,0,0,0,0,1,6,4,0.768,1,0.43,0.33,LAD,,3.77,1.08,L
Jalen Beeks,2025-09-25 00:00:00,1,1,1,1,0,1,13,2,0.768,1,0.43,0.67,LAD,,3.77,1.08,L
Jameson Taillon,2025-03-28 00:00:00,4.1,6,6,9,0,1,80,5,0.757,0,4.1,6,AZ,,3.68,1.06,R
Jameson Taillon,2025-04-02 00:00:00,6,2,2,4,3,7,94,5,0.749,0,5.05,4,ATH,,3.68,1.06,R
Jameson Taillon,2025-04-08 00:00:00,6,3,3,5,1,6,85,6,0.684,1,5.37,3.67,TEX,,3.68,1.06,R
Jameson Taillon,2025-04-14 00:00:00,5.1,2,2,4,1,4,89,6,0.711,0,5.7,2.33,SD,,3.68,1.06,R
Jameson Taillon,2025-04-20 00:00:00,5,1,1,3,2,6,87,6,0.757,1,5.37,2,AZ,,3.68,1.06,R
Jameson Taillon,2025-04-27 00:00:00,7,1,1,5,0,2,88,7,0.759,1,5.7,1.33,PHI,,3.68,1.06,R
Jameson Taillon,2025-05-03 00:00:00,6,2,2,3,1,5,88,6,0.736,0,6,1.33,MIL,,3.68,1.06,R
Jameson Taillon,2025-05-09 00:00:00,4,5,6,9,1,4,100,6,0.753,0,5.67,2.67,NYM,,3.68,1.06,R
Jameson Taillon,2025-05-14 00:00:00,6,3,3,4,0,7,84,5,0.708,1,5.33,3.33,MIA,,3.68,1.06,R
Jameson Taillon,2025-05-20 00:00:00,7,1,1,4,3,2,87,6,0.708,0,5.67,3,MIA,,3.68,1.06,R
Jameson Taillon,2025-05-26 00:00:00,6.1,1,1,4,0,7,82,6,0.679,1,6.37,1.67,COL,,3.68,1.06,R
Jameson Taillon,2025-06-01 00:00:00,6.1,2,2,3,1,2,97,6,0.706,1,6.4,1.33,CIN,,3.68,1.06,R
Jameson Taillon,2025-06-07 00:00:00,7,1,1,4,1,5,84,6,0.73,0,6.4,1.33,DET,,3.68,1.06,R
Jameson Taillon,2025-06-12 00:00:00,6.1,2,2,4,2,7,92,5,0.655,1,6.4,1.67,PIT,,3.68,1.06,R
Jameson Taillon,2025-06-19 00:00:00,4,5,5,8,1,2,68,7,0.736,1,5.7,2.67,MIL,,3.68,1.06,R
Jameson Taillon,2025-06-24 00:00:00,4,8,8,8,2,3,81,5,0.693,0,4.7,5,STL,,3.68,1.06,R
Jameson Taillon,2025-06-29 00:00:00,4.2,2,2,5,1,4,107,5,0.714,0,4.07,5,HOU,,3.68,1.06,R
Jameson Taillon,2025-08-19 00:00:00,6,1,1,5,1,4,92,51,0.736,1,4.73,3.67,MIL,,3.68,1.06,R
Jameson Taillon,2025-08-24 00:00:00,5,1,1,3,0,3,62,5,0.695,0,5.07,1.33,LAA,,3.68,1.06,R
Jameson Taillon,2025-09-10 00:00:00,4.1,2,2,6,2,2,79,17,0.72,0,5.03,1.33,ATL,,3.68,1.06,R
Jameson Taillon,2025-09-15 00:00:00,6,0,0,2,2,3,88,5,0.655,0,5.03,1,PIT,,3.68,1.06,R
Jameson Taillon,2025-09-21 00:00:00,7,1,1,5,0,4,82,6,0.706,0,5.7,1,CIN,,3.68,1.06,R
Jameson Taillon,2025-09-27 00:00:00,6,1,1,3,2,8,83,6,0.693,1,6.33,0.67,STL,,3.68,1.06,R
Jameson Taillon,2025-10-02 00:00:00,4,0,0,2,0,4,60,5,0.711,1,5.67,0.67,SD,,3.68,1.06,R
Jameson Taillon,2025-10-08 00:00:00,4,2,2,5,1,3,75,6,0.736,1,4.67,1,MIL,,3.68,1.06,R
Janson Junk,2025-05-24 00:00:00,5,1,1,6,1,4,68,5,0.695,0,5,1,LAA,,4.17,1.14,R
Janson Junk,2025-05-30 00:00:00,4,0,0,3,0,5,55,6,0.697,1,4.5,0.5,SF,,4.17,1.14,R
Janson Junk,2025-06-04 00:00:00,4,1,1,1,0,6,50,5,0.679,1,4.33,0.67,COL,,4.17,1.14,R
Janson Junk,2025-06-09 00:00:00,4,5,5,9,1,1,64,5,0.655,0,4,2,PIT,,4.17,1.14,R
Janson Junk,2025-06-14 00:00:00,5.2,0,0,2,0,4,64,5,0.693,0,4.4,2,WSH,,4.17,1.14,R
Janson Junk,2025-06-20 00:00:00,5,1,1,5,0,5,79,6,0.72,1,4.73,2,ATL,,4.17,1.14,R
Janson Junk,2025-06-26 00:00:00,3.2,5,5,8,0,1,73,6,0.697,0,4.47,2,SF,,4.17,1.14,R
Janson Junk,2025-07-02 00:00:00,6,2,2,6,0,7,83,6,0.708,1,4.73,2.67,MIN,,4.17,1.14,R
Janson Junk,2025-07-07 00:00:00,6,0,1,1,2,3,82,5,0.706,0,5.07,2.33,CIN,,4.17,1.14,R
Janson Junk,2025-07-12 00:00:00,7,0,0,5,0,2,85,5,0.699,0,6.33,0.67,BAL,,4.17,1.14,R
Janson Junk,2025-07-20 00:00:00,5,4,6,6,1,1,69,8,0.706,1,6,1.33,KC,,4.17,1.14,R
Janson Junk,2025-07-26 00:00:00,5,3,3,8,0,5,86,6,0.736,0,5.67,2.33,MIL,,4.17,1.14,R
Janson Junk,2025-08-01 00:00:00,5,6,6,6,1,4,95,6,0.787,1,5,4.33,NYY,,4.17,1.14,R
Janson Junk,2025-08-06 00:00:00,5,3,3,5,2,2,78,5,0.714,1,5,4,HOU,,4.17,1.14,R
Janson Junk,2025-08-12 00:00:00,5,3,3,6,0,2,86,6,0.67,0,5,4,CLE,,4.17,1.14,R
Janson Junk,2025-08-17 00:00:00,7,3,3,6,1,6,87,5,0.745,0,5.67,3,BOS,,4.17,1.14,R
Janson Junk,2025-08-23 00:00:00,5.2,3,3,6,1,3,92,6,0.761,1,5.73,3,TOR,,4.17,1.14,R
Janson Junk,2025-09-08 00:00:00,4.1,6,6,8,2,3,86,16,0.693,1,5.43,4,WSH,,4.17,1.14,R
Janson Junk,2025-09-13 00:00:00,6,3,3,7,1,4,88,5,0.73,1,5.1,4,DET,,4.17,1.14,R
Janson Junk,2025-09-19 00:00:00,7,1,1,3,0,5,91,6,0.684,0,5.7,3.33,TEX,,4.17,1.14,R
Janson Junk,2025-09-25 00:00:00,4.2,1,1,5,0,4,61,6,0.759,0,5.73,1.67,PHI,,4.17,1.14,R
Jared Shuster,2025-04-19 00:00:00,1.1,0,0,0,1,1,25,5,0.745,0,1.1,0,BOS,,8.04,2.04,L
Jared Shuster,2025-04-23 00:00:00,1.1,0,0,0,0,1,22,4,0.708,0,1.1,0,MIN,,8.04,2.04,L
Jared Shuster,2025-04-25 00:00:00,1,2,2,4,0,1,22,2,0.749,0,1.07,0.67,ATH,,8.04,2.04,L
Jared Shuster,2025-04-29 00:00:00,1,1,2,2,1,1,27,4,0.736,1,1.03,1,MIL,,8.04,2.04,L
Jared Shuster,2025-05-01 00:00:00,1,0,0,0,0,1,6,2,0.736,1,1,1,MIL,,8.04,2.04,L
Jared Shuster,2025-05-03 00:00:00,2,2,2,3,0,2,28,2,0.714,1,1.33,1,HOU,,8.04,2.04,L
Jared Shuster,2025-05-08 00:00:00,1.1,4,4,6,0,1,42,5,0.706,0,1.37,2,KC,,8.04,2.04,L
Jared Shuster,2025-05-15 00:00:00,1.2,0,0,2,1,1,17,7,0.706,0,1.43,2,CIN,,8.04,2.04,L
Jared Shuster,2025-05-17 00:00:00,0.2,0,0,1,1,0,9,2,0.751,0,0.83,1.33,CHC,,8.04,2.04,L
Jared Shuster,2025-05-27 00:00:00,2.1,1,1,3,0,2,31,10,0.753,0,1.17,0.33,NYM,,8.04,2.04,L
Jared Shuster,2025-05-30 00:00:00,1,0,0,1,0,0,19,3,0.699,0,1.1,0.33,BAL,,8.04,2.04,L
Jared Shuster,2025-06-04 00:00:00,1,4,4,5,1,1,32,5,0.73,1,1.37,1.67,DET,,8.04,2.04,L
Jason Alexander,2025-04-11 00:00:00,1,0,0,1,0,2,12,5,0.753,1,1,0,NYM,,4.77,1.37,R
Jason Alexander,2025-04-13 00:00:00,1.2,3,4,4,1,0,26,2,0.753,1,1.1,1.5,NYM,,4.77,1.37,R
Jason Alexander,2025-04-17 00:00:00,1,0,0,0,0,2,10,4,0.675,0,1.07,1,CWS,,4.77,1.37,R
Jason Alexander,2025-05-15 00:00:00,2.1,9,9,7,4,1,75,28,0.768,0,1.43,4,LAD,,4.77,1.37,R
Jason Alexander,2025-06-17 00:00:00,6,2,3,3,3,4,95,33,0.749,0,3.03,3.67,ATH,,4.77,1.37,R
Jason Alexander,2025-07-04 00:00:00,3,0,0,2,2,2,57,17,0.768,0,3.7,3.67,LAD,,4.77,1.37,R
Jason Alexander,2025-07-24 00:00:00,6,5,5,11,2,3,96,20,0.749,1,5,2.33,ATH,,4.77,1.37,R
Jason Alexander,2025-07-29 00:00:00,4.2,2,2,5,2,6,80,5,0.693,1,4.4,2.33,WSH,,4.77,1.37,R
Jason Alexander,2025-08-04 00:00:00,6,0,0,3,1,6,97,6,0.708,0,5.4,2.33,MIA,,4.77,1.37,R
Jason Alexander,2025-08-10 00:00:00,6,0,0,1,3,3,87,6,0.787,0,5.4,0.67,NYY,,4.77,1.37,R
Jason Alexander,2025-08-16 00:00:00,6,2,2,3,0,6,76,6,0.699,1,6,0.67,BAL,,4.77,1.37,R
Jason Alexander,2025-08-21 00:00:00,5.1,2,2,8,1,3,91,5,0.699,0,5.7,1.33,BAL,,4.77,1.37,R
Jason Alexander,2025-08-28 00:00:00,5.2,3,3,7,1,8,87,7,0.679,1,5.43,2.33,COL,,4.77,1.37,R
Jason Alexander,2025-09-03 00:00:00,5,3,3,6,2,6,98,6,0.787,1,5.1,2.67,NYY,,4.77,1.37,R
Jason Alexander,2025-09-10 00:00:00,7,0,0,3,1,3,89,7,0.761,0,5.73,2,TOR,,4.77,1.37,R
Jason Alexander,2025-09-15 00:00:00,4.2,1,3,5,1,5,83,5,0.684,1,5.4,1.33,TEX,,4.77,1.37,R
Jason Alexander,2025-09-21 00:00:00,1.1,7,7,7,1,1,37,6,0.74,1,4.1,2.67,SEA,,4.77,1.37,R
Jason Alexander,2025-09-26 00:00:00,4.2,2,2,4,1,4,56,5,0.695,0,3.17,3.33,LAA,,4.77,1.37,R
Javier Assad,2025-08-12 00:00:00,4,4,4,8,1,2,70,5,0.761,0,4,4,TOR,,3.65,1.22,R
Javier Assad,2025-08-17 00:00:00,4,1,1,5,1,3,65,5,0.655,1,4,2.5,PIT,,3.65,1.22,R
Javier Assad,2025-08-22 00:00:00,6,1,1,2,1,4,72,5,0.695,0,4.67,2,LAA,,3.65,1.22,R
Javier Assad,2025-08-30 00:00:00,6,3,3,7,2,1,80,8,0.679,0,5.33,1.67,COL,,3.65,1.22,R
Javier Assad,2025-09-05 00:00:00,5.1,4,4,3,2,4,81,6,0.693,1,5.7,2.67,WSH,,3.65,1.22,R
Javier Assad,2025-09-14 00:00:00,2.1,0,0,2,2,1,46,9,0.714,1,4.4,2.33,TB,,3.65,1.22,R
Javier Assad,2025-09-20 00:00:00,4,2,2,3,2,2,74,6,0.706,0,3.73,2,CIN,,3.65,1.22,R
Javier Assad,2025-09-28 00:00:00,5.1,0,0,3,1,6,79,8,0.693,1,3.73,0.67,STL,,3.65,1.22,R
Jayden Murray,2025-09-04 00:00:00,1.1,0,0,0,0,1,14,5,0.787,1,1.1,0,NYY,,1.54,1.11,R
Jayden Murray,2025-09-06 00:00:00,1,0,0,0,0,0,7,2,0.684,0,1.05,0,TEX,,1.54,1.11,R
Jayden Murray,2025-09-12 00:00:00,3,0,0,1,0,1,40,6,0.72,0,1.7,0,ATL,,1.54,1.11,R
Jayden Murray,2025-09-15 00:00:00,0.1,0,0,2,0,0,7,3,0.684,1,1.37,0,TEX,,1.54,1.11,R
Jayden Murray,2025-09-16 00:00:00,1,0,0,0,0,1,12,1,0.684,1,1.37,0,TEX,,1.54,1.11,R
Jayden Murray,2025-09-20 00:00:00,1.1,0,0,1,1,2,29,4,0.74,1,0.73,0,SEA,,1.54,1.11,R
Jayden Murray,2025-09-23 00:00:00,1.1,0,0,1,1,1,26,3,0.749,0,1.07,0,ATH,,1.54,1.11,R
Jayden Murray,2025-09-26 00:00:00,1.1,1,1,1,1,0,17,3,0.695,0,1.1,0.33,LAA,,1.54,1.11,R
Jayden Murray,2025-09-28 00:00:00,1,1,1,4,0,2,24,2,0.695,0,1.07,0.67,LAA,,1.54,1.11,R
Jeffrey Springs,2025-03-28 00:00:00,6,0,0,3,1,9,83,5,0.74,0,6,0,SEA,,4.11,1.21,L
Jeffrey Springs,2025-04-02 00:00:00,3,4,5,5,4,3,82,5,0.751,1,4.5,2,CHC,,4.11,1.21,L
Jeffrey Springs,2025-04-08 00:00:00,6,3,4,7,2,4,103,6,0.711,1,5,2.33,SD,,4.11,1.21,L
Jeffrey Springs,2025-04-15 00:00:00,5,3,3,3,3,4,93,7,0.675,0,4.67,3.33,CWS,,4.11,1.21,L
Jeffrey Springs,2025-04-20 00:00:00,2.1,4,6,5,4,3,68,5,0.736,0,4.37,3.33,MIL,,4.11,1.21,L
Jeffrey Springs,2025-04-26 00:00:00,6,5,7,7,2,4,100,6,0.675,1,4.37,4,CWS,,4.11,1.21,L
Jeffrey Springs,2025-05-01 00:00:00,6,0,0,2,1,1,68,5,0.684,0,4.7,3,TEX,,4.11,1.21,L
Jeffrey Springs,2025-05-06 00:00:00,5,2,2,5,2,4,98,5,0.74,1,5.67,2.33,SEA,,4.11,1.21,L
Jeffrey Springs,2025-05-13 00:00:00,7,1,1,6,2,4,102,7,0.768,0,6,1,LAD,,4.11,1.21,L
Jeffrey Springs,2025-05-18 00:00:00,6.2,1,1,2,0,5,84,5,0.697,0,6.07,1.33,SF,,4.11,1.21,L
Jeffrey Springs,2025-05-24 00:00:00,6,3,4,4,2,6,105,6,0.759,1,6.4,1.67,PHI,,4.11,1.21,L
Jeffrey Springs,2025-05-30 00:00:00,2,6,6,6,6,2,72,6,0.761,0,4.73,3.33,TOR,,4.11,1.21,L
Jeffrey Springs,2025-06-04 00:00:00,6.2,3,4,5,2,7,106,5,0.708,1,4.73,4,MIN,,4.11,1.21,L
Jeffrey Springs,2025-06-09 00:00:00,6,3,4,5,0,8,85,5,0.695,0,4.73,4,LAA,,4.11,1.21,L
Jeffrey Springs,2025-06-15 00:00:00,6,2,2,7,0,2,89,6,0.706,0,6.07,2.67,KC,,4.11,1.21,L
Jeffrey Springs,2025-06-20 00:00:00,7.1,1,1,3,1,6,104,5,0.67,1,6.37,2,CLE,,4.11,1.21,L
Jeffrey Springs,2025-06-26 00:00:00,5,1,3,4,2,3,89,6,0.73,0,6.03,1.33,DET,,4.11,1.21,L
Jeffrey Springs,2025-07-01 00:00:00,5.1,2,2,4,3,4,96,5,0.714,0,5.73,1.33,TB,,4.11,1.21,L
Jeffrey Springs,2025-07-08 00:00:00,6,1,1,6,1,2,93,7,0.72,1,5.37,1.33,ATL,,4.11,1.21,L
Jeffrey Springs,2025-07-13 00:00:00,6.2,3,3,3,0,5,91,5,0.761,1,5.77,2,TOR,,4.11,1.21,L
Jeffrey Springs,2025-07-20 00:00:00,4,5,5,9,0,4,83,7,0.67,0,5.4,3,CLE,,4.11,1.21,L
Jeffrey Springs,2025-07-25 00:00:00,6,2,2,4,1,5,88,5,0.714,0,5.4,3.33,HOU,,4.11,1.21,L
Jeffrey Springs,2025-07-30 00:00:00,6,1,1,2,1,7,89,5,0.74,1,5.33,2.67,SEA,,4.11,1.21,L
Jeffrey Springs,2025-08-06 00:00:00,6,1,1,1,0,5,92,7,0.693,0,6,1.33,WSH,,4.11,1.21,L
Jeffrey Springs,2025-08-11 00:00:00,3.1,4,4,7,1,2,88,5,0.714,1,5.03,2,TB,,4.11,1.21,L
Jeffrey Springs,2025-08-17 00:00:00,4.2,5,5,8,3,5,100,6,0.695,1,4.43,3.33,LAA,,4.11,1.21,L
Jeffrey Springs,2025-08-23 00:00:00,5.1,1,1,2,2,3,74,6,0.74,0,4.13,3.33,SEA,,4.11,1.21,L
Jeffrey Springs,2025-08-29 00:00:00,5.2,3,3,7,2,5,94,6,0.684,1,4.83,3,TEX,,4.11,1.21,L
Jeffrey Springs,2025-09-03 00:00:00,6,2,2,5,1,4,87,5,0.693,0,5.43,2,STL,,4.11,1.21,L
Jeffrey Springs,2025-09-09 00:00:00,5,5,5,8,0,6,92,6,0.745,1,5.4,3.33,BOS,,4.11,1.21,L
Jeffrey Springs,2025-09-16 00:00:00,4,0,1,5,3,3,68,7,0.745,0,5,2.33,BOS,,4.11,1.21,L
Jeffrey Springs,2025-09-23 00:00:00,5,1,1,3,2,3,81,7,0.714,1,4.67,2,HOU,,4.11,1.21,L
Joey Cantillo,2025-03-30 00:00:00,1,0,2,3,1,1,37,5,0.706,0,1,0,KC,,3.21,1.26,L
Joey Cantillo,2025-04-01 00:00:00,2,1,3,2,2,1,43,2,0.711,0,1.5,0.5,SD,,3.21,1.26,L
Joey Cantillo,2025-04-05 00:00:00,2.1,0,0,0,0,2,22,4,0.695,0,1.7,0.33,LAA,,3.21,1.26,L
Joey Cantillo,2025-04-10 00:00:00,2,0,0,2,1,4,33,5,0.675,1,2.03,0.33,CWS,,3.21,1.26,L
Joey Cantillo,2025-04-13 00:00:00,2,0,0,0,0,4,24,3,0.706,1,2.03,0,KC,,3.21,1.26,L
Joey Cantillo,2025-04-15 00:00:00,0.2,1,1,2,0,1,16,2,0.699,0,1.4,0.33,BAL,,3.21,1.26,L
Joey Cantillo,2025-04-16 00:00:00,0.1,0,0,0,0,1,5,1,0.699,0,0.77,0.33,BAL,,3.21,1.26,L
Joey Cantillo,2025-04-20 00:00:00,1,0,0,0,1,0,12,4,0.655,0,0.43,0.33,PIT,,3.21,1.26,L
Joey Cantillo,2025-04-21 00:00:00,0.1,0,0,0,1,1,9,1,0.787,1,0.4,0,NYY,,3.21,1.26,L
Joey Cantillo,2025-04-23 00:00:00,1.2,0,0,3,1,2,30,2,0.787,1,0.77,0,NYY,,3.21,1.26,L
Joey Cantillo,2025-04-27 00:00:00,2,2,3,1,1,3,55,4,0.745,1,1.1,0.67,BOS,,3.21,1.26,L
Joey Cantillo,2025-05-01 00:00:00,0.2,0,0,1,1,1,24,4,0.708,1,1.13,0.67,MIN,,3.21,1.26,L
Joey Cantillo,2025-05-02 00:00:00,0.1,0,0,0,0,0,4,1,0.761,0,0.77,0.67,TOR,,3.21,1.26,L
Joey Cantillo,2025-05-06 00:00:00,1,0,0,0,0,1,10,4,0.693,0,0.43,0,WSH,,3.21,1.26,L
Joey Cantillo,2025-05-07 00:00:00,1,0,0,0,1,1,14,1,0.693,0,0.7,0,WSH,,3.21,1.26,L
Joey Cantillo,2025-05-10 00:00:00,1.1,5,5,7,1,3,40,3,0.759,1,1.03,1.67,PHI,,3.21,1.26,L
Joey Cantillo,2025-05-14 00:00:00,2,2,2,2,1,0,36,4,0.736,1,1.37,2.33,MIL,,3.21,1.26,L
Joey Cantillo,2025-05-17 00:00:00,0.1,0,0,0,0,1,4,3,0.706,0,1.07,2.33,CIN,,3.21,1.26,L
Joey Cantillo,2025-05-19 00:00:00,2.1,0,0,0,2,4,43,2,0.708,0,1.4,0.67,MIN,,3.21,1.26,L
Joey Cantillo,2025-05-24 00:00:00,1,0,0,0,0,1,14,5,0.73,0,1.07,0,DET,,3.21,1.26,L
Joey Cantillo,2025-05-26 00:00:00,3,1,1,2,0,4,42,2,0.768,1,2.03,0.33,LAD,,3.21,1.26,L
Joey Cantillo,2025-07-03 00:00:00,3.1,0,0,2,3,5,68,38,0.751,0,2.37,0.33,CHC,,3.21,1.26,L
Joey Cantillo,2025-07-08 00:00:00,4,3,3,5,3,7,84,5,0.714,0,3.37,1.33,HOU,,3.21,1.26,L
Joey Cantillo,2025-07-13 00:00:00,5.1,4,4,7,0,6,89,5,0.675,0,4.07,2.33,CWS,,3.21,1.26,L
Joey Cantillo,2025-07-22 00:00:00,5,1,1,2,4,5,95,9,0.699,1,4.7,2.67,BAL,,3.21,1.26,L
Joey Cantillo,2025-07-27 00:00:00,4,3,3,3,4,4,76,5,0.706,0,4.7,2.67,KC,,3.21,1.26,L
Joey Cantillo,2025-08-03 00:00:00,5.2,4,4,6,2,9,91,7,0.708,1,4.73,2.67,MIN,,3.21,1.26,L
Joey Cantillo,2025-08-09 00:00:00,5.2,1,1,4,2,3,82,6,0.675,0,4.8,2.67,CWS,,3.21,1.26,L
Joey Cantillo,2025-08-15 00:00:00,5,1,1,4,4,5,96,6,0.72,1,5.13,2,ATL,,3.21,1.26,L
Joey Cantillo,2025-09-03 00:00:00,6,1,1,5,2,7,104,19,0.745,0,5.4,1,BOS,,3.21,1.26,L
Joey Cantillo,2025-09-09 00:00:00,8,0,0,4,0,5,92,6,0.706,1,6.33,0.67,KC,,3.21,1.26,L
Joey Cantillo,2025-09-16 00:00:00,5,1,1,4,2,3,91,7,0.73,0,6.33,0.67,DET,,3.21,1.26,L
Joey Cantillo,2025-09-21 00:00:00,4.1,1,1,4,2,5,75,5,0.708,0,5.7,0.67,MIN,,3.21,1.26,L
Joey Cantillo,2025-09-27 00:00:00,5.2,2,2,3,0,8,77,6,0.684,1,4.77,1.33,TEX,,3.21,1.26,L
Joey Cantillo,2025-10-02 00:00:00,2.2,1,1,2,2,3,44,5,0.73,1,3.83,1.33,DET,,3.21,1.26,L
Joey Estes,2025-03-31 00:00:00,4,6,6,9,4,2,85,5,0.751,1,4,6,CHC,,9.82,2,R
Joey Estes,2025-04-06 00:00:00,3,6,6,6,2,3,61,6,0.679,0,3.5,6,COL,,9.82,2,R
Joey Estes,2025-08-24 00:00:00,4,0,0,1,0,1,40,140,0.74,0,3.67,4,SEA,,9.82,2,R
Joey Wentz,2025-03-29 00:00:00,2,0,2,2,2,1,31,5,0.708,0,2,0,MIA,,5.6,1.56,L
Joey Wentz,2025-03-31 00:00:00,1,1,1,1,1,1,25,2,0.714,0,1.5,0.5,TB,,5.6,1.56,L
Joey Wentz,2025-04-01 00:00:00,1,0,0,0,0,0,17,1,0.714,0,1.33,0.33,TB,,5.6,1.56,L
Joey Wentz,2025-04-04 00:00:00,2.1,0,0,2,1,3,46,3,0.787,1,1.37,0.33,NYY,,5.6,1.56,L
Joey Wentz,2025-04-06 00:00:00,1,0,0,0,0,2,20,2,0.787,1,1.37,0,NYY,,5.6,1.56,L
Joey Wentz,2025-04-11 00:00:00,1.2,0,0,0,0,2,20,5,0.706,0,1.43,0,CIN,,5.6,1.56,L
Joey Wentz,2025-04-13 00:00:00,0.2,0,0,1,1,0,19,2,0.706,0,0.8,0,CIN,,5.6,1.56,L
Joey Wentz,2025-04-18 00:00:00,2,0,0,0,0,2,34,5,0.67,1,1.13,0,CLE,,5.6,1.56,L
Joey Wentz,2025-04-20 00:00:00,1,2,2,2,0,1,16,2,0.67,1,1.07,0.67,CLE,,5.6,1.56,L
Joey Wentz,2025-04-26 00:00:00,0.2,1,1,2,2,0,33,6,0.768,0,1.07,1,LAD,,5.6,1.56,L
Joey Wentz,2025-04-29 00:00:00,0.1,2,2,2,0,0,9,3,0.751,1,0.43,1.67,CHC,,5.6,1.56,L
Joey Wentz,2025-05-01 00:00:00,1.2,1,1,1,0,0,17,2,0.751,1,0.5,1.33,CHC,,5.6,1.56,L
Joey Wentz,2025-05-04 00:00:00,1,0,0,0,1,0,11,3,0.711,1,0.77,1,SD,,5.6,1.56,L
Joey Wentz,2025-05-05 00:00:00,2,0,0,2,1,3,40,1,0.693,0,1.4,0.33,STL,,5.6,1.56,L
Joey Wentz,2025-05-11 00:00:00,0.1,0,0,1,0,0,9,6,0.72,1,1.03,0,ATL,,5.6,1.56,L
Joey Wentz,2025-05-16 00:00:00,1,3,3,3,1,1,23,5,0.759,0,1.03,1,PHI,,5.6,1.56,L
Joey Wentz,2025-05-17 00:00:00,1.2,1,1,3,1,2,36,1,0.759,0,0.77,1.33,PHI,,5.6,1.56,L
Joey Wentz,2025-05-22 00:00:00,1,0,0,0,0,0,5,5,0.736,1,1.07,1.33,MIL,,5.6,1.56,L
Joey Wentz,2025-05-27 00:00:00,3.2,1,1,3,0,4,47,5,0.757,0,1.8,0.67,AZ,,5.6,1.56,L
Joey Wentz,2025-06-12 00:00:00,1,2,2,2,3,0,38,16,0.684,1,1.73,1,TEX,,5.6,1.56,L
Joey Wentz,2025-06-17 00:00:00,1,0,0,0,1,0,11,5,0.706,0,1.73,1,CIN,,5.6,1.56,L
Joey Wentz,2025-06-20 00:00:00,1.1,4,4,5,1,1,43,3,0.736,1,1.03,2,MIL,,5.6,1.56,L
Joey Wentz,2025-06-23 00:00:00,2,4,4,5,0,3,36,3,0.74,1,1.37,2.67,SEA,,5.6,1.56,L
Joey Wentz,2025-06-28 00:00:00,1.2,3,3,3,4,1,48,5,0.73,0,1.43,3.67,DET,,5.6,1.56,L
Joey Wentz,2025-07-08 00:00:00,1,1,1,2,0,1,20,10,0.751,1,1.4,2.67,CHC,,5.6,1.56,L
Joey Wentz,2025-07-12 00:00:00,3,0,0,0,1,6,50,4,0.693,0,1.73,1.33,STL,,5.6,1.56,L
Joey Wentz,2025-07-19 00:00:00,4,0,0,2,1,2,59,7,0.787,1,2.67,0.33,NYY,,5.6,1.56,L
Joey Wentz,2025-07-25 00:00:00,4.1,3,4,4,1,6,81,6,0.684,0,3.7,1,TEX,,5.6,1.56,L
Joey Wentz,2025-07-30 00:00:00,6.2,0,0,1,3,7,95,5,0.706,0,4.77,1,KC,,5.6,1.56,L
Joey Wentz,2025-08-05 00:00:00,5.1,5,5,7,1,3,96,6,0.736,1,5.13,2.67,MIL,,5.6,1.56,L
Joey Wentz,2025-08-10 00:00:00,5.1,1,1,4,3,2,88,5,0.708,1,5.47,2,MIA,,5.6,1.56,L
Joey Wentz,2025-08-16 00:00:00,6,1,1,3,2,5,93,6,0.67,0,5.4,2.33,CLE,,5.6,1.56,L
Joey Wentz,2025-08-22 00:00:00,3.1,6,6,9,2,3,79,6,0.753,1,4.73,2.67,NYM,,5.6,1.56,L
Joey Wentz,2025-08-27 00:00:00,6.2,1,1,4,2,5,97,5,0.708,0,5.1,2.67,MIA,,5.6,1.56,L
Joey Wentz,2025-09-02 00:00:00,4,4,4,7,1,8,96,6,0.751,0,4.43,3.67,CHC,,5.6,1.56,L
Joey Wentz,2025-09-07 00:00:00,2.1,6,8,7,1,2,65,5,0.74,1,4.1,3.67,SEA,,5.6,1.56,L
Joey Wentz,2025-09-14 00:00:00,4,2,2,6,1,5,93,7,0.714,1,3.37,4,HOU,,5.6,1.56,L
Joey Wentz,2025-09-20 00:00:00,5,2,2,6,2,7,84,6,0.73,0,3.7,3.33,DET,,5.6,1.56,L
Joey Wentz,2025-09-26 00:00:00,4,4,4,8,2,3,86,6,0.655,1,4.33,2.67,PIT,,5.6,1.56,L
Joe Boyle,2025-04-13 00:00:00,5,0,2,0,2,7,74,5,0.72,1,5,0,ATL,,4.67,1.37,R
Joe Boyle,2025-07-06 00:00:00,5,0,1,2,1,7,95,84,0.708,0,5,0,MIN,,4.67,1.37,R
Joe Boyle,2025-07-11 00:00:00,4,2,2,3,2,1,60,5,0.745,0,4.67,0.67,BOS,,4.67,1.37,R
Joe Boyle,2025-07-18 00:00:00,2,0,0,0,1,2,26,7,0.699,1,3.67,0.67,BAL,,4.67,1.37,R
Joe Boyle,2025-07-23 00:00:00,3,1,1,1,0,1,39,5,0.675,1,3,1,CWS,,4.67,1.37,R
Joe Boyle,2025-07-29 00:00:00,3.1,4,6,4,3,6,77,6,0.787,0,2.7,1.67,NYY,,4.67,1.37,R
Joe Boyle,2025-08-03 00:00:00,5,0,0,3,2,2,71,5,0.768,1,3.7,1.67,LAD,,4.67,1.37,R
Joe Boyle,2025-08-09 00:00:00,3.1,6,6,4,5,5,88,6,0.74,0,3.73,3.33,SEA,,4.67,1.37,R
Joe Boyle,2025-08-15 00:00:00,2,4,4,4,2,3,50,6,0.697,0,3.37,3.33,SF,,4.67,1.37,R
Joe Boyle,2025-08-21 00:00:00,4,5,6,9,3,5,91,6,0.693,1,3.03,5,STL,,4.67,1.37,R
Joe Boyle,2025-09-15 00:00:00,6,0,0,4,0,5,78,25,0.761,1,4,3,TOR,,4.67,1.37,R
Joe Boyle,2025-09-21 00:00:00,4.1,1,1,4,4,9,93,6,0.745,1,4.7,2,BOS,,4.67,1.37,R
Joe Boyle,2025-09-27 00:00:00,5,4,4,5,3,5,92,6,0.761,0,5.03,1.67,TOR,,4.67,1.37,R
Joe Ross,2025-03-29 00:00:00,1,1,1,1,1,1,24,5,0.693,0,1,1,WSH,,5.12,1.47,R
Joe Ross,2025-03-31 00:00:00,1,0,0,1,0,1,14,2,0.679,1,1,0.5,COL,,5.12,1.47,R
Joe Ross,2025-04-05 00:00:00,2,0,0,0,0,1,17,5,0.768,1,1.33,0.33,LAD,,5.12,1.47,R
Joe Ross,2025-04-09 00:00:00,1.2,1,1,2,0,0,17,4,0.72,0,1.4,0.33,ATL,,5.12,1.47,R
Joe Ross,2025-04-10 00:00:00,0,2,3,2,0,0,6,1,0.72,0,1.07,1,ATL,,5.12,1.47,R
Joe Ross,2025-04-14 00:00:00,1,0,0,1,0,1,15,4,0.697,1,0.73,1,SF,,5.12,1.47,R
Joe Ross,2025-04-16 00:00:00,1,4,4,4,1,1,26,2,0.697,1,0.67,2,SF,,5.12,1.47,R
Joe Ross,2025-04-19 00:00:00,2,0,0,3,0,0,29,3,0.708,1,1.33,1.33,MIA,,5.12,1.47,R
Joe Ross,2025-04-22 00:00:00,3,0,0,1,0,3,51,3,0.753,0,2,1.33,NYM,,5.12,1.47,R
Joe Ross,2025-04-26 00:00:00,1.2,0,0,2,0,2,28,4,0.751,0,2.07,0,CHC,,5.12,1.47,R
Joe Ross,2025-05-01 00:00:00,2,0,0,1,1,1,27,5,0.693,1,2.07,0,WSH,,5.12,1.47,R
Joe Ross,2025-05-03 00:00:00,1,0,0,1,0,2,22,2,0.757,1,1.4,0,AZ,,5.12,1.47,R
Joe Ross,2025-05-04 00:00:00,1,0,0,0,0,1,10,1,0.757,1,1.33,0,AZ,,5.12,1.47,R
Joe Ross,2025-05-09 00:00:00,1,2,2,2,0,1,21,5,0.67,0,1,0.67,CLE,,5.12,1.47,R
Joe Ross,2025-05-10 00:00:00,1,1,1,1,1,0,21,1,0.67,0,1,1,CLE,,5.12,1.47,R
Joe Ross,2025-05-19 00:00:00,1,0,0,1,0,0,14,9,0.679,0,1,1,COL,,5.12,1.47,R
Joe Ross,2025-05-21 00:00:00,2,0,0,2,0,3,22,2,0.679,0,1.33,0.33,COL,,5.12,1.47,R
Joe Ross,2025-05-24 00:00:00,2,1,1,2,2,1,40,3,0.749,0,1.67,0.33,ATH,,5.12,1.47,R
Joe Ross,2025-05-29 00:00:00,1,2,2,1,1,1,21,5,0.72,1,1.67,1,ATL,,5.12,1.47,R
Joe Ross,2025-05-31 00:00:00,1.2,0,0,2,0,1,30,2,0.736,1,1.4,1,MIL,,5.12,1.47,R
Joe Ross,2025-06-03 00:00:00,1,0,0,0,0,1,9,3,0.761,0,1.07,0.67,TOR,,5.12,1.47,R
Joe Ross,2025-06-06 00:00:00,2,1,1,3,1,2,29,3,0.655,0,1.4,0.33,PIT,,5.12,1.47,R
Joe Ross,2025-06-10 00:00:00,1.1,3,3,2,2,2,35,4,0.751,1,1.37,1.33,CHC,,5.12,1.47,R
Joe Ross,2025-06-13 00:00:00,1,0,0,0,2,0,18,3,0.761,1,1.37,1.33,TOR,,5.12,1.47,R
Joe Ross,2025-06-17 00:00:00,1,1,1,1,1,0,28,4,0.708,0,1.03,1.33,MIA,,5.12,1.47,R
Joe Ross,2025-06-21 00:00:00,2.2,3,3,4,0,1,42,4,0.753,1,1.4,1.33,NYM,,5.12,1.47,R
Joe Ross,2025-06-28 00:00:00,1,0,0,1,1,2,22,7,0.72,0,1.4,1.33,ATL,,5.12,1.47,R
Joe Ross,2025-07-04 00:00:00,2.2,3,3,5,1,1,48,6,0.706,1,1.8,2,CIN,,5.12,1.47,R
Joe Ross,2025-07-09 00:00:00,1,0,0,1,0,0,16,5,0.697,0,1.4,1,SF,,5.12,1.47,R
Joe Ross,2025-07-18 00:00:00,1,0,0,1,0,2,21,9,0.695,1,1.4,1,LAA,,5.12,1.47,R
Joe Ross,2025-07-20 00:00:00,1.2,1,1,3,1,2,37,2,0.695,1,1.07,0.33,LAA,,5.12,1.47,R
Joe Ross,2025-08-06 00:00:00,1,0,0,1,0,0,7,17,0.699,1,1.07,0.33,BAL,,5.12,1.47,R
Joe Ross,2025-08-12 00:00:00,0.2,0,0,0,0,0,8,6,0.706,0,0.8,0.33,CIN,,5.12,1.47,R
Joe Ross,2025-08-13 00:00:00,1.1,0,0,0,0,2,15,1,0.706,0,0.77,0,CIN,,5.12,1.47,R
Joe Ross,2025-08-17 00:00:00,1.2,0,0,1,1,0,26,4,0.693,0,0.83,0,WSH,,5.12,1.47,R
Joe Ross,2025-08-20 00:00:00,1,0,0,1,0,2,12,3,0.74,1,1.1,0,SEA,,5.12,1.47,R
Joe Ross,2025-08-25 00:00:00,1,3,3,3,1,1,34,5,0.753,0,1.07,1,NYM,,5.12,1.47,R
Joe Ryan,2025-03-29 00:00:00,5,1,1,5,0,5,81,5,0.693,0,5,1,STL,,3.42,1.04,R
Joe Ryan,2025-04-03 00:00:00,5,4,4,5,0,6,83,5,0.714,1,5,2.5,HOU,,3.42,1.04,R
Joe Ryan,2025-04-09 00:00:00,7,0,0,2,0,4,85,6,0.706,0,5.67,1.67,KC,,3.42,1.04,R
Joe Ryan,2025-04-14 00:00:00,5,1,1,3,2,8,101,5,0.753,1,5.67,1.67,NYM,,3.42,1.04,R
Joe Ryan,2025-04-20 00:00:00,5,6,6,8,1,5,93,6,0.72,0,5.67,2.33,ATL,,3.42,1.04,R
Joe Ryan,2025-04-27 00:00:00,7,0,0,4,1,11,98,7,0.695,1,5.67,2.33,LAA,,3.42,1.04,R
Joe Ryan,2025-05-02 00:00:00,6,1,1,4,1,8,92,5,0.745,0,6,2.33,BOS,,3.42,1.04,R
Joe Ryan,2025-05-10 00:00:00,6,1,1,2,0,7,76,8,0.697,1,6.33,0.67,SF,,3.42,1.04,R
Joe Ryan,2025-05-16 00:00:00,6,0,0,2,1,9,99,6,0.736,0,6,0.67,MIL,,3.42,1.04,R
Joe Ryan,2025-05-19 00:00:00,5,3,3,3,2,4,89,3,0.67,1,5.67,1.33,CLE,,3.42,1.04,R
Joe Ryan,2025-05-27 00:00:00,6,1,1,5,1,5,85,8,0.714,0,5.67,1.33,TB,,3.42,1.04,R
Joe Ryan,2025-06-02 00:00:00,5,4,4,6,3,4,97,6,0.749,0,5.33,2.67,ATH,,3.42,1.04,R
Joe Ryan,2025-06-08 00:00:00,5,2,3,4,3,6,92,6,0.761,1,5.33,2.33,TOR,,3.42,1.04,R
Joe Ryan,2025-06-14 00:00:00,7,2,2,2,2,7,93,6,0.714,0,5.67,2.67,HOU,,3.42,1.04,R
Joe Ryan,2025-06-20 00:00:00,5.1,3,3,3,3,7,101,6,0.736,1,5.7,2.33,MIL,,3.42,1.04,R
Joe Ryan,2025-06-25 00:00:00,6,0,0,3,0,8,93,5,0.74,1,6.03,1.67,SEA,,3.42,1.04,R
Joe Ryan,2025-07-01 00:00:00,7,1,1,5,0,4,88,6,0.708,0,6.03,1.33,MIA,,3.42,1.04,R
Joe Ryan,2025-07-06 00:00:00,6,2,2,6,1,8,97,5,0.714,1,6.33,1,TB,,3.42,1.04,R
Joe Ryan,2025-07-11 00:00:00,5,1,1,5,2,5,86,5,0.655,1,6,1.33,PIT,,3.42,1.04,R
Joe Ryan,2025-07-20 00:00:00,7,1,1,5,0,11,88,9,0.679,0,6,1.33,COL,,3.42,1.04,R
Joe Ryan,2025-07-26 00:00:00,5,4,5,6,1,5,87,6,0.693,1,5.67,2,WSH,,3.42,1.04,R
Joe Ryan,2025-08-01 00:00:00,6,2,2,5,1,4,98,6,0.67,0,6,2.33,CLE,,3.42,1.04,R
Joe Ryan,2025-08-08 00:00:00,5,1,1,4,0,5,87,7,0.706,1,5.33,2.33,KC,,3.42,1.04,R
Joe Ryan,2025-08-13 00:00:00,6.2,1,1,4,2,7,102,5,0.787,0,5.73,1.33,NYY,,3.42,1.04,R
Joe Ryan,2025-08-19 00:00:00,4,5,5,7,1,6,87,6,0.749,1,5.07,2.33,ATH,,3.42,1.04,R
Joe Ryan,2025-08-25 00:00:00,5,6,6,7,1,7,93,6,0.761,0,5.07,4,TOR,,3.42,1.04,R
Joe Ryan,2025-08-31 00:00:00,7,0,0,5,1,8,104,6,0.711,1,5.33,3.67,SD,,3.42,1.04,R
Joe Ryan,2025-09-06 00:00:00,2,5,5,4,4,2,62,6,0.706,0,4.67,3.67,KC,,3.42,1.04,R
Joe Ryan,2025-09-13 00:00:00,4,2,2,4,2,4,93,7,0.757,1,4.33,2.33,AZ,,3.42,1.04,R
Joe Ryan,2025-09-20 00:00:00,5,4,5,6,2,5,75,7,0.67,1,3.67,3.67,CLE,,3.42,1.04,R
Joe Ryan,2025-09-26 00:00:00,5,1,2,4,1,9,90,6,0.759,0,4.67,2.33,PHI,,3.42,1.04,R
Johan Oviedo,2025-08-04 00:00:00,1,2,2,2,3,3,43,5,0.697,1,1,2,SF,,3.57,1.21,R
Johan Oviedo,2025-08-20 00:00:00,5,1,1,2,1,6,75,16,0.761,1,3,1.5,TOR,,3.57,1.21,R
Johan Oviedo,2025-08-25 00:00:00,4,1,1,3,1,5,53,5,0.693,0,3.33,1.33,STL,,3.57,1.21,R
Johan Oviedo,2025-08-30 00:00:00,5,2,2,3,3,6,79,5,0.745,0,4.67,1.33,BOS,,3.57,1.21,R
Johan Oviedo,2025-09-05 00:00:00,5,0,1,1,3,4,78,6,0.736,1,4.67,1,MIL,,3.57,1.21,R
Johan Oviedo,2025-09-11 00:00:00,5.2,2,2,5,3,5,85,6,0.699,0,5.07,1.33,BAL,,3.57,1.21,R
Johan Oviedo,2025-09-17 00:00:00,5,4,4,5,3,3,99,6,0.751,1,5.07,2,CHC,,3.57,1.21,R
Johan Oviedo,2025-09-23 00:00:00,4.2,2,2,2,3,7,82,6,0.706,0,4.8,2.67,CIN,,3.57,1.21,R
Johan Oviedo,2025-09-28 00:00:00,5,2,2,3,3,3,71,5,0.72,0,4.73,2.67,ATL,,3.57,1.21,R
Jonah Tong,2025-08-29 00:00:00,5,1,4,6,0,6,97,5,0.708,1,5,1,MIA,,7.71,1.77,R
Jonah Tong,2025-09-06 00:00:00,6,4,4,3,4,6,96,8,0.706,0,5.5,2.5,CIN,,7.71,1.77,R
Jonah Tong,2025-09-12 00:00:00,0.2,6,6,4,3,1,40,6,0.684,1,3.73,3.67,TEX,,7.71,1.77,R
Jonah Tong,2025-09-18 00:00:00,5,0,1,4,0,8,82,6,0.711,1,3.73,3.33,SD,,7.71,1.77,R
Jonah Tong,2025-09-24 00:00:00,2,5,5,7,2,1,56,6,0.751,0,2.4,3.67,CHC,,7.71,1.77,R
Jonathan Bowlan,2025-04-27 00:00:00,2,0,0,0,0,1,20,5,0.714,1,2,0,HOU,,3.86,1.22,R
Jonathan Bowlan,2025-05-20 00:00:00,1.2,0,0,0,1,1,14,23,0.697,0,1.6,0,SF,,3.86,1.22,R
Jonathan Bowlan,2025-05-21 00:00:00,1.1,1,1,2,0,1,26,1,0.697,0,1.43,0.33,SF,,3.86,1.22,R
Jonathan Bowlan,2025-05-25 00:00:00,0.2,0,0,1,0,1,14,4,0.708,0,0.83,0.33,MIN,,3.86,1.22,R
Jonathan Bowlan,2025-05-27 00:00:00,1.1,1,1,1,0,2,17,2,0.706,1,0.8,0.67,CIN,,3.86,1.22,R
Jonathan Bowlan,2025-05-30 00:00:00,1.1,0,0,2,0,2,23,3,0.73,1,0.8,0.33,DET,,3.86,1.22,R
Jonathan Bowlan,2025-06-01 00:00:00,0.1,0,0,1,1,1,14,2,0.73,1,0.77,0.33,DET,,3.86,1.22,R
Jonathan Bowlan,2025-06-05 00:00:00,1,0,0,0,0,0,14,4,0.693,0,0.73,0,STL,,3.86,1.22,R
Jonathan Bowlan,2025-06-06 00:00:00,1.1,3,5,2,4,1,38,1,0.675,0,0.73,1,CWS,,3.86,1.22,R
Jonathan Bowlan,2025-06-11 00:00:00,1.2,0,0,1,1,0,29,5,0.787,1,1.1,1,NYY,,3.86,1.22,R
Jonathan Bowlan,2025-06-14 00:00:00,1.1,0,0,0,0,0,14,3,0.749,1,1.13,1,ATH,,3.86,1.22,R
Jonathan Bowlan,2025-06-17 00:00:00,1,0,0,0,0,2,17,3,0.684,0,1.1,0,TEX,,3.86,1.22,R
Jonathan Bowlan,2025-07-07 00:00:00,1,1,1,1,1,1,21,20,0.655,1,1.03,0.33,PIT,,3.86,1.22,R
Jonathan Bowlan,2025-07-12 00:00:00,3,2,2,4,0,4,45,5,0.753,1,1.67,1,NYM,,3.86,1.22,R
Jonathan Bowlan,2025-07-18 00:00:00,1,0,0,0,0,1,10,6,0.708,0,1.67,1,MIA,,3.86,1.22,R
Jonathan Bowlan,2025-07-22 00:00:00,1.1,3,3,3,1,1,27,4,0.751,0,1.7,1.67,CHC,,3.86,1.22,R
Jonathan Bowlan,2025-07-26 00:00:00,2.1,2,2,5,0,2,48,4,0.67,1,1.4,1.67,CLE,,3.86,1.22,R
Jonathan Bowlan,2025-07-28 00:00:00,1,1,1,2,1,0,15,2,0.72,1,1.4,2,ATL,,3.86,1.22,R
Jonathan Bowlan,2025-07-30 00:00:00,2,0,0,0,1,3,33,2,0.72,1,1.7,1,ATL,,3.86,1.22,R
Jonathan Bowlan,2025-08-24 00:00:00,1,0,0,0,0,1,7,25,0.73,0,1.33,0.33,DET,,3.86,1.22,R
Jonathan Bowlan,2025-08-27 00:00:00,1,0,0,0,1,0,16,3,0.675,0,1.33,0,CWS,,3.86,1.22,R
Jonathan Bowlan,2025-08-29 00:00:00,1.2,0,0,0,0,2,25,2,0.73,1,1.07,0,DET,,3.86,1.22,R
Jonathan Bowlan,2025-08-31 00:00:00,1,0,0,0,1,2,20,2,0.73,1,1.07,0,DET,,3.86,1.22,R
Jonathan Bowlan,2025-09-03 00:00:00,1,0,0,0,0,1,10,3,0.695,1,1.07,0,LAA,,3.86,1.22,R
Jonathan Bowlan,2025-09-04 00:00:00,2,0,0,0,1,2,31,1,0.695,1,1.33,0,LAA,,3.86,1.22,R
Jonathan Bowlan,2025-09-08 00:00:00,1,0,0,0,1,3,20,4,0.67,0,1.33,0,CLE,,3.86,1.22,R
Jonathan Bowlan,2025-09-10 00:00:00,2,2,2,3,1,3,36,2,0.67,0,1.67,0.67,CLE,,3.86,1.22,R
Jonathan Bowlan,2025-09-13 00:00:00,1,1,1,3,0,1,19,3,0.759,0,1.33,1,PHI,,3.86,1.22,R
Jonathan Bowlan,2025-09-16 00:00:00,1,2,2,2,0,1,24,3,0.74,1,1.33,1.67,SEA,,3.86,1.22,R
Jonathan Bowlan,2025-09-17 00:00:00,0.1,0,0,2,0,1,13,1,0.74,1,0.7,1,SEA,,3.86,1.22,R
Jonathan Bowlan,2025-09-21 00:00:00,1,0,0,1,0,0,16,4,0.761,1,0.7,0.67,TOR,,3.86,1.22,R
Jonathan Bowlan,2025-09-24 00:00:00,2,0,0,1,1,4,35,3,0.695,0,1.03,0,LAA,,3.86,1.22,R
Jonathan Bowlan,2025-09-26 00:00:00,1,0,0,0,0,1,10,2,0.749,0,1.33,0,ATH,,3.86,1.22,R
Jonathan Bowlan,2025-09-27 00:00:00,0.2,0,0,0,0,0,6,1,0.749,0,1.07,0,ATH,,3.86,1.22,R
Jonathan Cannon,2025-03-29 00:00:00,5,0,0,4,3,5,85,5,0.695,1,5,0,LAA,,5.82,1.49,R
Jonathan Cannon,2025-04-04 00:00:00,3.2,3,3,3,3,3,88,6,0.73,0,4.1,1.5,DET,,5.82,1.49,R
Jonathan Cannon,2025-04-10 00:00:00,5.1,6,6,7,3,6,102,6,0.67,0,4.43,3,CLE,,5.82,1.49,R
Jonathan Cannon,2025-04-16 00:00:00,4.1,0,0,3,2,4,88,6,0.749,1,4.13,3,ATH,,5.82,1.49,R
Jonathan Cannon,2025-04-21 00:00:00,6,4,4,6,4,4,90,5,0.745,0,5.07,3.33,BOS,,5.82,1.49,R
Jonathan Cannon,2025-04-26 00:00:00,7.2,3,3,6,2,5,95,5,0.749,0,5.77,2.33,ATH,,5.82,1.49,R
Jonathan Cannon,2025-05-02 00:00:00,6,2,2,9,0,5,92,6,0.714,1,6.4,3,HOU,,5.82,1.49,R
Jonathan Cannon,2025-05-07 00:00:00,6,2,2,9,0,1,90,5,0.706,0,6.4,2.33,KC,,5.82,1.49,R
Jonathan Cannon,2025-05-13 00:00:00,6,0,0,4,0,6,96,6,0.706,0,6,1.33,CIN,,5.82,1.49,R
Jonathan Cannon,2025-05-18 00:00:00,5,3,4,4,0,3,88,5,0.751,0,5.67,1.67,CHC,,5.82,1.49,R
Jonathan Cannon,2025-05-27 00:00:00,5.2,5,5,9,1,4,94,9,0.753,0,5.4,2.67,NYM,,5.82,1.49,R
Jonathan Cannon,2025-06-02 00:00:00,3,5,5,4,3,5,85,6,0.73,1,4.4,4.33,DET,,5.82,1.49,R
Jonathan Cannon,2025-06-29 00:00:00,3,1,1,3,3,4,69,27,0.697,1,3.73,3.67,SF,,5.82,1.49,R
Jonathan Cannon,2025-07-05 00:00:00,5.1,2,2,8,2,1,78,6,0.679,0,3.7,2.67,COL,,5.82,1.49,R
Jonathan Cannon,2025-07-11 00:00:00,5,2,2,3,3,5,87,6,0.67,1,4.37,1.67,CLE,,5.82,1.49,R
Jonathan Cannon,2025-07-18 00:00:00,7,1,1,5,0,2,86,7,0.655,0,5.7,1.67,PIT,,5.82,1.49,R
Jonathan Cannon,2025-07-23 00:00:00,4.1,5,6,7,1,9,90,5,0.714,0,5.37,2.67,TB,,5.82,1.49,R
Jonathan Cannon,2025-07-29 00:00:00,6,6,6,7,2,3,87,6,0.759,1,5.7,4,PHI,,5.82,1.49,R
Jonathan Cannon,2025-08-06 00:00:00,1.2,7,7,4,3,1,59,8,0.74,0,3.77,6,SEA,,5.82,1.49,R
Jonathan Cannon,2025-09-04 00:00:00,2.1,5,5,5,2,2,57,29,0.708,0,3.1,6,MIN,,5.82,1.49,R
Jonathan Cannon,2025-09-24 00:00:00,4.1,5,5,6,1,6,75,20,0.787,0,2.47,5.67,NYY,,5.82,1.49,R
Jonathan Cannon,2025-09-28 00:00:00,1,0,0,0,0,2,12,4,0.693,0,2.4,3.33,WSH,,5.82,1.49,R
Jordan Hicks,2025-03-31 00:00:00,6,0,0,1,2,6,72,5,0.714,0,6,0,HOU,,6.95,1.66,R
Jordan Hicks,2025-04-06 00:00:00,5.1,3,3,6,1,5,90,6,0.74,1,5.55,1.5,SEA,,6.95,1.66,R
Jordan Hicks,2025-04-12 00:00:00,4,7,7,8,3,3,94,6,0.787,0,5.03,3.33,NYY,,6.95,1.66,R
Jordan Hicks,2025-04-17 00:00:00,7,5,5,6,4,5,105,5,0.759,0,5.37,5,PHI,,6.95,1.66,R
Jordan Hicks,2025-04-22 00:00:00,5,5,6,8,3,5,104,5,0.736,1,5.33,5.67,MIL,,6.95,1.66,R
Jordan Hicks,2025-04-27 00:00:00,5,2,2,7,0,3,84,5,0.684,1,5.67,4,TEX,,6.95,1.66,R
Jordan Hicks,2025-05-03 00:00:00,5,3,3,3,2,7,88,6,0.679,1,5,3.33,COL,,6.95,1.66,R
Jordan Hicks,2025-05-09 00:00:00,6,3,3,7,0,6,79,6,0.708,0,5.33,2.67,MIN,,6.95,1.66,R
Jordan Hicks,2025-05-14 00:00:00,2,5,5,7,1,1,51,5,0.757,1,4.33,3.67,AZ,,6.95,1.66,R
Jordan Hicks,2025-05-19 00:00:00,1,1,1,2,1,0,16,5,0.706,1,3,3,KC,,6.95,1.66,R
Jordan Hicks,2025-05-21 00:00:00,1,0,0,0,0,0,7,2,0.706,1,1.33,2,KC,,6.95,1.66,R
Jordan Hicks,2025-05-26 00:00:00,1,0,0,0,0,1,15,5,0.73,0,1,0.33,DET,,6.95,1.66,R
Jordan Hicks,2025-06-01 00:00:00,0.1,1,1,0,3,1,20,6,0.708,0,0.7,0.33,MIA,,6.95,1.66,R
Jordan Hicks,2025-06-30 00:00:00,1,0,0,0,0,1,10,29,0.706,1,0.7,0.33,CIN,,6.95,1.66,R
Jordan Hicks,2025-07-02 00:00:00,0.2,1,3,3,1,0,19,2,0.706,1,0.43,0.67,CIN,,6.95,1.66,R
Jordan Hicks,2025-07-06 00:00:00,1,1,1,1,1,1,23,4,0.693,0,0.73,0.67,WSH,,6.95,1.66,R
Jordan Hicks,2025-07-11 00:00:00,1,0,0,0,0,1,11,5,0.714,1,0.73,0.67,TB,,6.95,1.66,R
Jordan Hicks,2025-07-20 00:00:00,1,0,0,0,0,1,14,9,0.751,0,1,0.33,CHC,,6.95,1.66,R
Jordan Hicks,2025-07-21 00:00:00,0,0,1,0,2,0,10,1,0.759,0,0.67,0,PHI,,6.95,1.66,R
Jordan Hicks,2025-07-23 00:00:00,0.2,0,0,1,0,0,13,2,0.759,0,0.4,0,PHI,,6.95,1.66,R
Jordan Hicks,2025-07-27 00:00:00,1.2,0,0,0,1,1,25,4,0.768,1,0.47,0,LAD,,6.95,1.66,R
Jordan Hicks,2025-07-28 00:00:00,0.1,2,2,2,0,0,23,1,0.708,0,0.5,0.67,MIN,,6.95,1.66,R
Jordan Hicks,2025-08-02 00:00:00,1,0,0,2,1,2,23,5,0.714,1,0.77,0.67,HOU,,6.95,1.66,R
Jordan Hicks,2025-08-05 00:00:00,1,0,0,1,0,0,17,3,0.706,1,0.7,0.67,KC,,6.95,1.66,R
Jordan Hicks,2025-08-06 00:00:00,1,3,3,3,0,1,21,1,0.706,1,1,1,KC,,6.95,1.66,R
Jordan Hicks,2025-08-09 00:00:00,1.2,0,0,0,1,2,31,3,0.711,0,1.07,1,SD,,6.95,1.66,R
Jordan Hicks,2025-08-11 00:00:00,1,2,2,1,1,1,20,2,0.714,0,1.07,1.67,HOU,,6.95,1.66,R
Jordan Hicks,2025-08-18 00:00:00,1,2,2,2,0,2,27,7,0.699,1,1.07,1.33,BAL,,6.95,1.66,R
Jordan Hicks,2025-08-19 00:00:00,1,0,0,0,1,1,18,1,0.699,1,1,1.33,BAL,,6.95,1.66,R
Jordan Hicks,2025-08-23 00:00:00,1,0,0,0,1,0,12,4,0.787,0,1,0.67,NYY,,6.95,1.66,R
Jordan Hicks,2025-08-28 00:00:00,1,0,0,1,1,0,15,5,0.699,0,1,0,BAL,,6.95,1.66,R
Jordan Hicks,2025-08-29 00:00:00,0.1,1,1,2,0,0,11,1,0.655,1,0.7,0.33,PIT,,6.95,1.66,R
Jordan Hicks,2025-08-30 00:00:00,1,1,1,2,1,0,15,1,0.655,1,0.7,0.67,PIT,,6.95,1.66,R
Jordan Hicks,2025-09-03 00:00:00,0.1,4,4,4,0,1,16,4,0.67,1,0.4,2,CLE,,6.95,1.66,R
Jordan Leasure,2025-03-27 00:00:00,0.2,0,0,1,1,0,16,5,0.695,1,0.2,0,LAA,,3.92,1.23,R
Jordan Leasure,2025-03-29 00:00:00,1,0,0,0,0,1,12,2,0.695,1,0.6,0,LAA,,3.92,1.23,R
Jordan Leasure,2025-04-01 00:00:00,1,2,2,2,0,2,20,3,0.708,1,0.73,0.67,MIN,,3.92,1.23,R
Jordan Leasure,2025-04-05 00:00:00,1,0,0,1,1,3,21,4,0.73,0,1,0.67,DET,,3.92,1.23,R
Jordan Leasure,2025-04-06 00:00:00,0,0,0,1,1,0,10,1,0.73,0,0.67,0.67,DET,,3.92,1.23,R
Jordan Leasure,2025-04-12 00:00:00,1.2,0,0,1,0,2,23,6,0.745,1,0.73,0,BOS,,3.92,1.23,R
Jordan Leasure,2025-04-16 00:00:00,0.2,1,1,1,1,0,20,4,0.749,1,0.47,0.33,ATH,,3.92,1.23,R
Jordan Leasure,2025-04-18 00:00:00,0.2,0,0,0,0,2,10,2,0.745,0,0.53,0.33,BOS,,3.92,1.23,R
Jordan Leasure,2025-04-19 00:00:00,1,0,0,1,1,1,15,1,0.745,0,0.47,0.33,BOS,,3.92,1.23,R
Jordan Leasure,2025-04-23 00:00:00,1,1,1,1,1,0,13,4,0.708,0,0.73,0.33,MIN,,3.92,1.23,R
Jordan Leasure,2025-04-24 00:00:00,1,0,0,1,1,2,22,1,0.708,0,1,0.33,MIN,,3.92,1.23,R
Jordan Leasure,2025-04-27 00:00:00,0.1,1,2,1,0,1,6,3,0.749,0,0.7,0.67,ATH,,3.92,1.23,R
Jordan Leasure,2025-04-30 00:00:00,1,0,0,0,0,1,9,3,0.736,1,0.7,0.33,MIL,,3.92,1.23,R
Jordan Leasure,2025-05-02 00:00:00,1,1,1,1,0,1,25,2,0.714,1,0.7,0.67,HOU,,3.92,1.23,R
Jordan Leasure,2025-05-06 00:00:00,0.1,0,0,0,0,0,3,4,0.706,0,0.7,0.33,KC,,3.92,1.23,R
Jordan Leasure,2025-05-09 00:00:00,1,0,0,1,0,2,12,3,0.708,1,0.7,0.33,MIA,,3.92,1.23,R
Jordan Leasure,2025-05-10 00:00:00,0.2,1,1,1,0,2,14,1,0.708,1,0.43,0.33,MIA,,3.92,1.23,R
Jordan Leasure,2025-05-13 00:00:00,1,0,0,1,1,1,22,3,0.706,0,0.73,0.33,CIN,,3.92,1.23,R
Jordan Leasure,2025-05-14 00:00:00,0.1,0,0,0,0,1,5,1,0.706,0,0.43,0.33,CIN,,3.92,1.23,R
Jordan Leasure,2025-05-20 00:00:00,1,0,0,1,0,2,23,6,0.74,1,0.7,0,SEA,,3.92,1.23,R
Jordan Leasure,2025-05-21 00:00:00,0.2,0,0,0,1,0,12,1,0.74,1,0.43,0,SEA,,3.92,1.23,R
Jordan Leasure,2025-05-23 00:00:00,1,0,0,0,0,0,16,2,0.684,1,0.73,0,TEX,,3.92,1.23,R
Jordan Leasure,2025-05-25 00:00:00,1,3,3,3,0,2,27,2,0.684,1,0.73,1,TEX,,3.92,1.23,R
Jordan Leasure,2025-05-31 00:00:00,1,0,0,0,0,0,17,6,0.699,0,1,1,BAL,,3.92,1.23,R
Jordan Leasure,2025-06-03 00:00:00,1,1,1,2,1,0,16,3,0.73,1,1,1.33,DET,,3.92,1.23,R
Jordan Leasure,2025-06-04 00:00:00,1,0,0,1,1,0,18,1,0.73,1,1,0.33,DET,,3.92,1.23,R
Jordan Leasure,2025-06-06 00:00:00,1,0,0,1,1,0,21,2,0.706,1,1,0.33,KC,,3.92,1.23,R
Jordan Leasure,2025-06-08 00:00:00,0.2,1,1,2,0,1,17,2,0.706,1,0.73,0.33,KC,,3.92,1.23,R
Jordan Leasure,2025-06-14 00:00:00,0.2,0,1,1,0,2,23,6,0.684,0,0.47,0.33,TEX,,3.92,1.23,R
Jordan Leasure,2025-06-17 00:00:00,1,1,1,1,2,2,27,3,0.693,1,0.47,0.67,STL,,3.92,1.23,R
Jordan Leasure,2025-06-19 00:00:00,1.2,0,0,0,0,2,12,2,0.693,1,0.8,0.33,STL,,3.92,1.23,R
Jordan Leasure,2025-06-22 00:00:00,0.2,0,0,0,1,1,19,3,0.761,0,0.8,0.33,TOR,,3.92,1.23,R
Jordan Leasure,2025-06-24 00:00:00,1,1,1,1,0,1,20,2,0.757,1,0.8,0.33,AZ,,3.92,1.23,R
Jordan Leasure,2025-06-29 00:00:00,1,1,1,1,3,1,22,5,0.697,1,0.73,0.67,SF,,3.92,1.23,R
Jordan Leasure,2025-07-05 00:00:00,1.2,0,0,1,1,1,27,6,0.679,0,1.07,0.67,COL,,3.92,1.23,R
Jordan Leasure,2025-07-09 00:00:00,1,0,0,1,0,2,18,4,0.761,1,1.07,0.33,TOR,,3.92,1.23,R
Jordan Leasure,2025-07-11 00:00:00,0.2,1,1,2,1,0,16,2,0.67,1,0.8,0.33,CLE,,3.92,1.23,R
Jordan Leasure,2025-07-12 00:00:00,1,1,1,1,1,1,24,1,0.67,1,0.73,0.67,CLE,,3.92,1.23,R
Jordan Leasure,2025-07-19 00:00:00,1,0,0,0,1,2,15,7,0.655,0,0.73,0.67,PIT,,3.92,1.23,R
Jordan Leasure,2025-07-21 00:00:00,1,0,0,0,0,1,14,2,0.714,0,1,0.33,TB,,3.92,1.23,R
Jordan Leasure,2025-07-23 00:00:00,1,0,0,2,0,1,14,2,0.714,0,1,0,TB,,3.92,1.23,R
Jordan Leasure,2025-07-26 00:00:00,0.2,3,3,3,0,1,17,3,0.751,1,0.73,1,CHC,,3.92,1.23,R
Jordan Leasure,2025-07-28 00:00:00,1.1,0,0,0,1,1,27,2,0.759,1,0.77,1,PHI,,3.92,1.23,R
Jordan Leasure,2025-08-01 00:00:00,1.2,0,0,0,0,4,21,4,0.695,0,0.83,1,LAA,,3.92,1.23,R
Jordan Leasure,2025-08-02 00:00:00,1,0,0,0,0,0,9,1,0.695,0,1.1,0,LAA,,3.92,1.23,R
Jordan Leasure,2025-08-07 00:00:00,1.1,0,0,0,0,2,19,5,0.74,0,1.1,0,SEA,,3.92,1.23,R
Jordan Leasure,2025-08-09 00:00:00,1,0,0,0,0,2,17,2,0.67,1,1.03,0,CLE,,3.92,1.23,R
Jordan Leasure,2025-08-10 00:00:00,1,1,1,1,0,1,15,1,0.67,1,1.03,0.33,CLE,,3.92,1.23,R
Jordan Leasure,2025-08-12 00:00:00,0.1,0,0,0,0,1,5,2,0.73,1,0.7,0.33,DET,,3.92,1.23,R
Jordan Leasure,2025-08-17 00:00:00,0.1,1,1,1,0,1,9,5,0.706,0,0.4,0.67,KC,,3.92,1.23,R
Jordan Leasure,2025-08-18 00:00:00,0.2,0,0,1,1,2,19,1,0.72,0,0.13,0.33,ATL,,3.92,1.23,R
Jordan Leasure,2025-08-20 00:00:00,0.2,0,0,0,0,1,7,2,0.72,0,0.17,0.33,ATL,,3.92,1.23,R
Jordan Leasure,2025-08-23 00:00:00,1,0,0,0,1,2,16,3,0.708,1,0.47,0,MIN,,3.92,1.23,R
Jordan Leasure,2025-08-26 00:00:00,0.2,2,2,2,1,0,26,3,0.706,1,0.47,0.67,KC,,3.92,1.23,R
Jordan Leasure,2025-08-29 00:00:00,1,0,0,0,0,2,14,3,0.787,1,0.73,0.67,NYY,,3.92,1.23,R
Jordan Leasure,2025-08-30 00:00:00,1,0,0,0,0,2,17,1,0.787,1,0.73,0.67,NYY,,3.92,1.23,R
Jordan Leasure,2025-09-01 00:00:00,1.1,0,0,0,0,2,14,2,0.708,0,1.03,0,MIN,,3.92,1.23,R
Jordan Leasure,2025-09-03 00:00:00,1,0,0,1,1,0,17,2,0.708,0,1.03,0,MIN,,3.92,1.23,R
Jordan Leasure,2025-09-05 00:00:00,1.2,0,0,0,0,2,25,2,0.73,0,1.1,0,DET,,3.92,1.23,R
Jordan Leasure,2025-09-07 00:00:00,1,0,0,0,1,2,22,2,0.73,0,1.07,0,DET,,3.92,1.23,R
Jordan Leasure,2025-09-10 00:00:00,1,0,0,0,0,1,10,3,0.714,1,1.07,0,TB,,3.92,1.23,R
Jordan Leasure,2025-09-11 00:00:00,1,0,0,0,0,0,13,1,0.714,1,1,0,TB,,3.92,1.23,R
Jordan Leasure,2025-09-17 00:00:00,1.2,0,0,0,0,1,19,6,0.699,1,1.07,0,BAL,,3.92,1.23,R
Jordan Leasure,2025-09-19 00:00:00,1.2,0,0,1,0,1,18,2,0.711,1,1.13,0,SD,,3.92,1.23,R
Jordan Leasure,2025-09-21 00:00:00,0.2,0,0,0,0,1,7,2,0.711,1,0.87,0,SD,,3.92,1.23,R
Jordan Leasure,2025-09-23 00:00:00,1,0,0,0,1,1,15,2,0.787,0,0.8,0,NYY,,3.92,1.23,R
Jordan Leasure,2025-09-26 00:00:00,0.2,4,4,3,1,2,24,3,0.693,0,0.47,1.33,WSH,,3.92,1.23,R
Jordan Leasure,2025-09-28 00:00:00,1,0,0,0,0,2,12,2,0.693,0,0.73,1.33,WSH,,3.92,1.23,R
Jose Quintana,2025-04-11 00:00:00,7,0,0,4,0,2,80,5,0.757,0,7,0,AZ,,3.96,1.29,L
Jose Quintana,2025-04-16 00:00:00,5.2,1,1,4,3,4,100,5,0.73,1,6.1,0.5,DET,,3.96,1.29,L
Jose Quintana,2025-04-22 00:00:00,6,1,1,6,2,3,94,6,0.697,0,6.07,0.67,SF,,3.96,1.29,L
Jose Quintana,2025-04-27 00:00:00,5,1,1,5,3,6,98,5,0.693,0,5.4,1,STL,,3.96,1.29,L
Jose Quintana,2025-05-03 00:00:00,5,6,6,7,1,6,91,6,0.751,1,5.33,2.67,CHC,,3.96,1.29,L
Jose Quintana,2025-05-09 00:00:00,5.1,1,3,5,2,3,75,6,0.714,0,5.03,2.67,TB,,3.96,1.29,L
Jose Quintana,2025-06-01 00:00:00,5,2,2,4,4,3,82,23,0.759,0,5.03,3,PHI,,3.96,1.29,L
Jose Quintana,2025-06-07 00:00:00,5,1,1,5,3,4,101,6,0.711,1,5.03,1.33,SD,,3.96,1.29,L
Jose Quintana,2025-06-14 00:00:00,4.1,5,7,8,3,4,101,7,0.693,1,4.7,2.67,STL,,3.96,1.29,L
Jose Quintana,2025-06-21 00:00:00,6,0,0,3,4,1,90,7,0.708,0,5.03,2,MIN,,3.96,1.29,L
Jose Quintana,2025-06-27 00:00:00,5.2,4,4,7,2,5,105,6,0.679,1,5.1,3,COL,,3.96,1.29,L
Jose Quintana,2025-07-03 00:00:00,5.1,3,3,6,0,3,80,6,0.753,0,5.43,2.33,NYM,,3.96,1.29,L
Jose Quintana,2025-07-09 00:00:00,6,1,1,2,4,4,95,6,0.768,1,5.43,2.67,LAD,,3.96,1.29,L
Jose Quintana,2025-07-20 00:00:00,6,4,4,4,0,5,83,11,0.768,0,5.7,2.67,LAD,,3.96,1.29,L
Jose Quintana,2025-07-26 00:00:00,5,2,5,7,2,2,99,6,0.708,1,5.67,2.33,MIA,,3.96,1.29,L
Jose Quintana,2025-08-01 00:00:00,5,2,2,6,2,4,94,6,0.693,0,5.33,2.67,WSH,,3.96,1.29,L
Jose Quintana,2025-08-06 00:00:00,6,3,3,7,0,7,93,5,0.72,0,5.33,2.33,ATL,,3.96,1.29,L
Jose Quintana,2025-08-11 00:00:00,6,1,1,3,1,3,89,5,0.655,1,5.67,2,PIT,,3.96,1.29,L
Jose Quintana,2025-08-17 00:00:00,6.1,1,1,5,1,4,98,6,0.706,0,6.03,1.67,CIN,,3.96,1.29,L
Jose Quintana,2025-08-22 00:00:00,5.1,2,2,2,2,2,82,5,0.697,1,5.73,1.33,SF,,3.96,1.29,L
Jose Quintana,2025-08-28 00:00:00,3.2,6,6,5,4,2,95,6,0.757,1,4.8,3,AZ,,3.96,1.29,L
Jose Quintana,2025-09-03 00:00:00,6.1,3,3,7,3,6,97,6,0.759,1,4.8,3.67,PHI,,3.96,1.29,L
Jose Quintana,2025-09-08 00:00:00,6.2,5,5,4,2,4,85,5,0.684,0,5.17,4.67,TEX,,3.96,1.29,L
Jose Quintana,2025-09-14 00:00:00,4,3,3,4,2,2,67,6,0.693,1,5.43,3.67,STL,,3.96,1.29,L
Jose Quintana,2025-10-08 00:00:00,3,0,0,2,1,2,49,24,0.751,0,4.4,2.67,CHC,,3.96,1.29,L
Jose Quintana,2025-10-17 00:00:00,2,3,3,6,1,1,49,9,0.768,0,3,2,LAD,,3.96,1.29,L
JP Sears,2025-03-30 00:00:00,6.2,2,2,5,0,7,91,5,0.74,0,6.2,2,SEA,,5.04,1.32,L
JP Sears,2025-04-05 00:00:00,6.1,3,3,6,2,2,87,6,0.679,0,6.15,2.5,COL,,5.04,1.32,L
JP Sears,2025-04-11 00:00:00,4,3,3,6,1,7,101,6,0.753,1,5.43,2.67,NYM,,5.04,1.32,L
JP Sears,2025-04-17 00:00:00,6,0,0,3,2,2,100,6,0.675,0,5.37,2,CWS,,5.04,1.32,L
JP Sears,2025-04-23 00:00:00,5,2,2,5,1,5,86,6,0.684,1,5,1.67,TEX,,5.04,1.32,L
JP Sears,2025-04-28 00:00:00,5.2,1,1,5,0,7,89,5,0.684,0,5.4,1,TEX,,5.04,1.32,L
JP Sears,2025-05-04 00:00:00,6.1,2,2,4,0,2,80,6,0.708,0,5.43,1.67,MIA,,5.04,1.32,L
JP Sears,2025-05-10 00:00:00,5,1,1,4,1,4,82,6,0.787,1,5.43,1.33,NYY,,5.04,1.32,L
JP Sears,2025-05-16 00:00:00,4,4,4,6,3,2,93,6,0.697,0,5.03,2.33,SF,,5.04,1.32,L
JP Sears,2025-05-21 00:00:00,5,6,6,8,0,4,93,5,0.695,1,4.67,3.67,LAA,,5.04,1.32,L
JP Sears,2025-05-27 00:00:00,3.1,9,9,10,1,1,94,6,0.714,0,4.03,6.33,HOU,,5.04,1.32,L
JP Sears,2025-06-01 00:00:00,5,2,2,7,0,3,84,5,0.761,0,4.37,5.67,TOR,,5.04,1.32,L
JP Sears,2025-06-06 00:00:00,5,4,4,4,3,3,86,5,0.699,1,4.37,5,BAL,,5.04,1.32,L
JP Sears,2025-06-11 00:00:00,5.1,2,2,4,0,9,82,5,0.695,0,5.03,2.67,LAA,,5.04,1.32,L
JP Sears,2025-06-17 00:00:00,3.1,5,5,5,3,0,76,6,0.714,1,4.4,3.67,HOU,,5.04,1.32,L
JP Sears,2025-06-22 00:00:00,5,3,3,7,2,5,92,5,0.67,1,4.4,3.33,CLE,,5.04,1.32,L
JP Sears,2025-06-28 00:00:00,5.2,0,0,2,3,4,90,6,0.787,0,4.43,2.67,NYY,,5.04,1.32,L
JP Sears,2025-07-04 00:00:00,6,0,0,3,2,6,92,6,0.697,1,5.4,1,SF,,5.04,1.32,L
JP Sears,2025-07-10 00:00:00,5,3,3,4,0,6,86,6,0.72,1,5.4,1,ATL,,5.04,1.32,L
JP Sears,2025-07-18 00:00:00,4,6,7,6,2,5,74,8,0.67,0,5,3,CLE,,5.04,1.32,L
JP Sears,2025-07-23 00:00:00,5,1,1,3,0,7,82,5,0.684,0,4.67,3.33,TEX,,5.04,1.32,L
JP Sears,2025-07-28 00:00:00,4.1,2,3,5,3,6,96,5,0.74,1,4.37,3,SEA,,5.04,1.32,L
JP Sears,2025-08-04 00:00:00,5,5,5,10,1,4,94,7,0.757,0,4.7,2.67,AZ,,5.04,1.32,L
JP Sears,2025-08-20 00:00:00,6,1,1,4,1,2,93,16,0.697,1,5.03,2.67,SF,,5.04,1.32,L
JP Sears,2025-08-25 00:00:00,3.2,3,4,5,1,2,58,5,0.74,0,4.73,3,SEA,,5.04,1.32,L
JP Sears,2025-09-12 00:00:00,4.1,4,4,5,1,8,72,18,0.679,1,4.43,2.67,COL,,5.04,1.32,L
JP Sears,2025-09-28 00:00:00,5.2,2,2,7,3,4,113,16,0.757,1,4.17,3,AZ,,5.04,1.32,L
JT Brubaker,2025-06-21 00:00:00,2,0,0,1,1,1,36,5,0.699,1,2,0,BAL,,3.77,1.22,R
JT Brubaker,2025-06-25 00:00:00,1,0,0,0,0,0,11,4,0.706,0,1.5,0,CIN,,3.77,1.22,R
JT Brubaker,2025-06-29 00:00:00,0.1,4,4,2,3,0,31,4,0.749,1,1.03,1.33,ATH,,3.77,1.22,R
JT Brubaker,2025-07-01 00:00:00,0.1,0,0,0,0,1,6,2,0.761,0,0.4,1.33,TOR,,3.77,1.22,R
JT Brubaker,2025-07-05 00:00:00,1.1,1,1,2,0,0,18,4,0.753,0,0.43,1.67,NYM,,3.77,1.22,R
JT Brubaker,2025-07-10 00:00:00,1,0,0,1,0,1,8,5,0.74,1,0.73,0.33,SEA,,3.77,1.22,R
JT Brubaker,2025-07-12 00:00:00,1,0,0,1,1,0,15,2,0.751,1,1.03,0.33,CHC,,3.77,1.22,R
JT Brubaker,2025-07-18 00:00:00,3,0,0,0,1,4,39,6,0.72,0,1.67,0,ATL,,3.77,1.22,R
JT Brubaker,2025-07-21 00:00:00,2,0,0,0,0,0,27,3,0.761,0,2,0,TOR,,3.77,1.22,R
JT Brubaker,2025-07-23 00:00:00,1,0,0,1,1,1,12,2,0.761,0,2,0,TOR,,3.77,1.22,R
JT Brubaker,2025-07-28 00:00:00,1,0,0,0,0,0,13,5,0.714,1,1.33,0,TB,,3.77,1.22,R
JT Brubaker,2025-08-03 00:00:00,2,1,1,2,2,2,42,6,0.708,0,1.33,0.33,MIA,,3.77,1.22,R
JT Brubaker,2025-09-03 00:00:00,2.1,3,3,3,1,2,38,31,0.679,0,1.7,1.33,COL,,3.77,1.22,R
JT Brubaker,2025-09-10 00:00:00,2,0,0,1,0,2,37,7,0.757,1,2.03,1.33,AZ,,3.77,1.22,R
JT Brubaker,2025-09-14 00:00:00,2,1,1,4,0,1,31,4,0.768,1,2.03,1.33,LAD,,3.77,1.22,R
JT Brubaker,2025-09-20 00:00:00,2.1,0,0,1,1,3,37,6,0.768,0,2.03,0.33,LAD,,3.77,1.22,R
JT Brubaker,2025-09-24 00:00:00,4,2,2,4,1,4,68,4,0.693,1,2.7,1,STL,,3.77,1.22,R
Justin Hagenman,2025-04-16 00:00:00,3.1,1,1,3,0,4,50,5,0.708,0,3.1,1,MIN,,4.56,1.1,R
Justin Hagenman,2025-06-19 00:00:00,2.2,0,0,2,0,1,39,64,0.72,0,2.65,0.5,ATL,,4.56,1.1,R
Justin Hagenman,2025-07-04 00:00:00,4.1,4,4,5,0,5,73,15,0.787,1,3.13,1.67,NYY,,4.56,1.1,R
Justin Hagenman,2025-07-10 00:00:00,2,2,3,4,1,3,41,6,0.699,0,2.77,2,BAL,,4.56,1.1,R
Justin Hagenman,2025-08-06 00:00:00,2,0,0,2,0,1,27,27,0.67,1,2.7,2,CLE,,4.56,1.1,R
Justin Hagenman,2025-08-09 00:00:00,1,0,0,0,0,1,12,3,0.736,0,1.67,0.67,MIL,,4.56,1.1,R
Justin Hagenman,2025-08-12 00:00:00,4,0,0,0,1,5,55,3,0.72,1,2.33,0,ATL,,4.56,1.1,R
Justin Hagenman,2025-09-03 00:00:00,1.1,0,0,0,0,0,11,22,0.73,0,2.03,0,DET,,4.56,1.1,R
Justin Hagenman,2025-09-09 00:00:00,3,5,5,8,0,3,75,6,0.759,0,2.7,1.67,PHI,,4.56,1.1,R
Justin Steele,2025-03-27 00:00:00,5,3,3,6,1,2,77,5,0.757,0,5,3,AZ,,4.76,1.15,L
Justin Steele,2025-04-01 00:00:00,6.2,4,4,7,1,6,78,5,0.749,0,5.6,3.5,ATH,,4.76,1.15,L
Justin Steele,2025-04-07 00:00:00,7,0,0,3,2,8,91,6,0.684,1,6.07,2.33,TEX,,4.76,1.15,L
Justin Sterner,2025-03-28 00:00:00,0.2,0,0,0,2,1,22,5,0.74,0,0.2,0,SEA,,3.18,1.05,R
Justin Sterner,2025-03-30 00:00:00,1.1,0,0,0,0,2,16,2,0.74,0,0.65,0,SEA,,3.18,1.05,R
Justin Sterner,2025-04-01 00:00:00,1.1,0,0,0,0,1,20,2,0.751,1,0.8,0,CHC,,3.18,1.05,R
Justin Sterner,2025-04-04 00:00:00,1,0,0,1,1,3,24,3,0.679,0,1.07,0,COL,,3.18,1.05,R
Justin Sterner,2025-04-05 00:00:00,0.2,0,0,0,0,1,11,1,0.679,0,0.77,0,COL,,3.18,1.05,R
Justin Sterner,2025-04-08 00:00:00,1,0,0,1,0,1,14,3,0.711,1,0.73,0,SD,,3.18,1.05,R
Justin Sterner,2025-04-09 00:00:00,0.2,0,0,1,1,2,22,1,0.711,1,0.47,0,SD,,3.18,1.05,R
Justin Sterner,2025-04-12 00:00:00,1.2,0,0,0,0,1,21,3,0.753,1,0.8,0,NYM,,3.18,1.05,R
Justin Sterner,2025-04-15 00:00:00,1,0,0,1,1,2,16,3,0.675,0,0.8,0,CWS,,3.18,1.05,R
Justin Sterner,2025-04-18 00:00:00,1,0,0,1,1,0,21,3,0.736,0,1.07,0,MIL,,3.18,1.05,R
Justin Sterner,2025-04-23 00:00:00,1,0,0,0,0,0,15,5,0.684,1,1,0,TEX,,3.18,1.05,R
Justin Sterner,2025-04-25 00:00:00,1.1,0,0,0,1,1,18,2,0.675,1,1.03,0,CWS,,3.18,1.05,R
Justin Sterner,2025-04-27 00:00:00,1,0,0,1,1,1,25,2,0.675,1,1.03,0,CWS,,3.18,1.05,R
Justin Sterner,2025-04-30 00:00:00,1,0,0,0,1,2,18,3,0.684,0,1.03,0,TEX,,3.18,1.05,R
Justin Sterner,2025-05-01 00:00:00,1,0,0,0,0,1,11,1,0.684,0,1,0,TEX,,3.18,1.05,R
Justin Sterner,2025-05-03 00:00:00,1,0,0,0,0,1,16,2,0.708,0,1,0,MIA,,3.18,1.05,R
Justin Sterner,2025-05-06 00:00:00,1.2,0,0,1,0,3,21,3,0.74,1,1.07,0,SEA,,3.18,1.05,R
Justin Sterner,2025-05-07 00:00:00,0.1,0,0,0,0,1,3,1,0.74,1,0.77,0,SEA,,3.18,1.05,R
Justin Sterner,2025-05-10 00:00:00,0.2,5,5,3,2,0,28,3,0.787,1,0.5,1.67,NYY,,3.18,1.05,R
Justin Sterner,2025-05-13 00:00:00,1,0,0,1,0,1,18,3,0.768,0,0.43,1.67,LAD,,3.18,1.05,R
Justin Sterner,2025-05-17 00:00:00,2,0,0,1,1,2,29,4,0.697,0,1.07,1.67,SF,,3.18,1.05,R
Justin Sterner,2025-05-18 00:00:00,0.1,0,0,0,1,0,10,1,0.697,0,1.03,0,SF,,3.18,1.05,R
Justin Sterner,2025-05-20 00:00:00,1.1,0,0,1,0,1,29,2,0.695,1,1.07,0,LAA,,3.18,1.05,R
Justin Sterner,2025-05-23 00:00:00,1,0,0,1,0,1,23,3,0.759,1,0.73,0,PHI,,3.18,1.05,R
Justin Sterner,2025-05-24 00:00:00,0.1,0,0,1,0,0,2,1,0.759,1,0.73,0,PHI,,3.18,1.05,R
Justin Sterner,2025-05-28 00:00:00,0.2,3,3,4,1,0,23,4,0.714,0,0.43,1,HOU,,3.18,1.05,R
Justin Sterner,2025-05-30 00:00:00,0.1,1,1,2,0,0,11,2,0.761,0,0.13,1.33,TOR,,3.18,1.05,R
Justin Sterner,2025-06-01 00:00:00,0,3,4,3,0,0,16,2,0.761,0,0.1,2.33,TOR,,3.18,1.05,R
Justin Sterner,2025-06-04 00:00:00,1,1,1,1,0,1,15,3,0.708,1,0.37,1.67,MIN,,3.18,1.05,R
Justin Sterner,2025-07-01 00:00:00,1,1,1,1,0,0,16,27,0.714,0,0.67,1.67,TB,,3.18,1.05,R
Justin Sterner,2025-07-05 00:00:00,1.2,0,0,1,1,0,25,4,0.697,1,1.07,0.67,SF,,3.18,1.05,R
Justin Sterner,2025-07-08 00:00:00,2,0,0,0,0,2,25,3,0.72,1,1.4,0.33,ATL,,3.18,1.05,R
Justin Sterner,2025-07-10 00:00:00,2,0,0,0,0,2,26,2,0.72,1,1.73,0,ATL,,3.18,1.05,R
Justin Sterner,2025-07-13 00:00:00,0.1,0,0,0,0,1,7,3,0.761,1,1.37,0,TOR,,3.18,1.05,R
Justin Sterner,2025-07-19 00:00:00,1,0,0,0,1,1,20,6,0.67,0,1.03,0,CLE,,3.18,1.05,R
Justin Sterner,2025-07-22 00:00:00,0.2,2,2,2,0,0,10,3,0.684,0,0.43,0.67,TEX,,3.18,1.05,R
Justin Sterner,2025-07-26 00:00:00,1.2,1,1,2,0,1,19,4,0.714,0,0.8,1,HOU,,3.18,1.05,R
Justin Sterner,2025-07-28 00:00:00,0.2,0,0,1,0,0,7,2,0.74,1,0.53,1,SEA,,3.18,1.05,R
Justin Sterner,2025-07-30 00:00:00,1,2,2,1,1,0,20,2,0.74,1,0.8,1,SEA,,3.18,1.05,R
Justin Sterner,2025-08-02 00:00:00,1.1,1,1,1,0,3,25,3,0.757,1,0.77,1,AZ,,3.18,1.05,R
Justin Sterner,2025-08-05 00:00:00,1,0,0,0,0,0,10,3,0.693,0,1.03,1,WSH,,3.18,1.05,R
Justin Sterner,2025-08-07 00:00:00,1.1,0,0,0,0,2,11,2,0.693,0,1.07,0.33,WSH,,3.18,1.05,R
Justin Sterner,2025-08-10 00:00:00,1.1,1,1,2,0,3,24,3,0.699,0,1.07,0.33,BAL,,3.18,1.05,R
Justin Sterner,2025-08-12 00:00:00,1,0,0,0,0,1,7,2,0.714,1,1.07,0.33,TB,,3.18,1.05,R
Justin Sterner,2025-08-15 00:00:00,1,0,0,0,0,0,7,3,0.695,1,1.03,0.33,LAA,,3.18,1.05,R
Justin Sterner,2025-08-16 00:00:00,1,0,0,0,1,1,21,1,0.695,1,1,0,LAA,,3.18,1.05,R
Justin Sterner,2025-08-19 00:00:00,2,0,0,2,0,2,31,3,0.708,0,1.33,0,MIN,,3.18,1.05,R
Justin Sterner,2025-08-22 00:00:00,1,0,0,1,0,1,18,3,0.74,0,1.33,0,SEA,,3.18,1.05,R
Justin Sterner,2025-08-26 00:00:00,1.2,1,1,1,0,1,24,4,0.73,1,1.4,0.33,DET,,3.18,1.05,R
Justin Sterner,2025-08-27 00:00:00,1,0,0,0,0,3,15,1,0.73,1,1.07,0.33,DET,,3.18,1.05,R
Justin Sterner,2025-09-01 00:00:00,1.1,0,0,1,0,1,24,5,0.693,0,1.1,0.33,STL,,3.18,1.05,R
Justin Sterner,2025-09-05 00:00:00,2,0,0,0,0,4,35,4,0.695,0,1.37,0,LAA,,3.18,1.05,R
Justin Sterner,2025-09-10 00:00:00,2,0,0,0,0,2,19,5,0.745,1,1.7,0,BOS,,3.18,1.05,R
Justin Sterner,2025-09-12 00:00:00,1,0,0,2,0,2,16,2,0.706,1,1.67,0,CIN,,3.18,1.05,R
Justin Sterner,2025-09-14 00:00:00,1,1,1,1,0,1,17,2,0.706,1,1.33,0.33,CIN,,3.18,1.05,R
Justin Sterner,2025-09-17 00:00:00,1.1,0,0,2,1,2,31,3,0.745,0,1.03,0.33,BOS,,3.18,1.05,R
Justin Sterner,2025-09-19 00:00:00,1,0,0,0,1,2,24,2,0.655,0,1.03,0.33,PIT,,3.18,1.05,R
Justin Sterner,2025-09-23 00:00:00,1,0,0,0,1,0,16,4,0.714,1,1.03,0,HOU,,3.18,1.05,R
Justin Sterner,2025-09-26 00:00:00,1.1,0,0,1,0,2,25,3,0.706,1,1.03,0,KC,,3.18,1.05,R
Justin Topa,2025-03-27 00:00:00,0.1,0,0,0,1,0,17,5,0.693,0,0.1,0,STL,,3.9,1.43,R
Justin Topa,2025-03-29 00:00:00,0.2,0,0,0,0,1,8,2,0.693,0,0.15,0,STL,,3.9,1.43,R
Justin Topa,2025-03-31 00:00:00,1,0,0,0,1,1,19,2,0.675,0,0.43,0,CWS,,3.9,1.43,R
Justin Topa,2025-04-05 00:00:00,1,0,0,1,0,2,17,5,0.714,1,0.73,0,HOU,,3.9,1.43,R
Justin Topa,2025-04-06 00:00:00,1,0,0,0,0,1,10,1,0.714,1,1,0,HOU,,3.9,1.43,R
Justin Topa,2025-04-11 00:00:00,1.2,0,1,2,0,0,37,5,0.73,1,1.07,0,DET,,3.9,1.43,R
Justin Topa,2025-04-14 00:00:00,1,1,2,2,0,1,21,3,0.753,1,1.07,0.33,NYM,,3.9,1.43,R
Justin Topa,2025-04-19 00:00:00,1,1,1,3,0,1,24,5,0.72,0,1.07,0.67,ATL,,3.9,1.43,R
Justin Topa,2025-04-23 00:00:00,1,0,0,1,0,0,6,4,0.675,1,1,0.67,CWS,,3.9,1.43,R
Justin Topa,2025-04-25 00:00:00,1,0,0,0,0,1,15,2,0.695,1,1,0.33,LAA,,3.9,1.43,R
Justin Topa,2025-04-27 00:00:00,2,0,0,0,1,2,27,2,0.695,1,1.33,0,LAA,,3.9,1.43,R
Justin Topa,2025-05-01 00:00:00,0.1,1,2,2,1,0,12,4,0.67,0,1.03,0.33,CLE,,3.9,1.43,R
Justin Topa,2025-05-08 00:00:00,1,0,0,0,0,1,7,7,0.699,1,1.03,0.33,BAL,,3.9,1.43,R
Justin Topa,2025-05-14 00:00:00,0.2,0,0,1,0,0,11,6,0.699,0,0.43,0.33,BAL,,3.9,1.43,R
Justin Topa,2025-05-17 00:00:00,1,0,0,1,1,1,23,3,0.736,0,0.73,0,MIL,,3.9,1.43,R
Justin Topa,2025-05-18 00:00:00,1,0,0,0,0,0,5,1,0.736,0,0.73,0,MIL,,3.9,1.43,R
Justin Topa,2025-05-24 00:00:00,1,2,2,4,1,1,34,6,0.706,1,1,0.67,KC,,3.9,1.43,R
Justin Topa,2025-05-26 00:00:00,1.1,0,0,0,1,0,17,2,0.714,0,1.03,0.67,TB,,3.9,1.43,R
Justin Topa,2025-05-31 00:00:00,1,0,0,0,0,0,10,5,0.74,0,1.03,0.67,SEA,,3.9,1.43,R
Justin Topa,2025-06-02 00:00:00,1,0,0,1,0,2,11,2,0.749,0,1.03,0,ATH,,3.9,1.43,R
Justin Topa,2025-06-03 00:00:00,1,0,0,1,0,1,10,1,0.749,0,1,0,ATH,,3.9,1.43,R
Justin Topa,2025-06-06 00:00:00,1,1,1,2,0,0,15,3,0.761,1,1,0.33,TOR,,3.9,1.43,R
Justin Topa,2025-06-10 00:00:00,1.1,3,3,4,0,0,24,4,0.684,1,1.03,1.33,TEX,,3.9,1.43,R
Justin Topa,2025-06-13 00:00:00,2,0,0,0,0,3,16,3,0.714,0,1.37,1.33,HOU,,3.9,1.43,R
Justin Topa,2025-06-17 00:00:00,1.1,0,0,0,1,1,17,4,0.706,0,1.4,1,CIN,,3.9,1.43,R
Justin Topa,2025-06-19 00:00:00,1,0,0,0,0,2,17,2,0.706,0,1.37,0,CIN,,3.9,1.43,R
Justin Topa,2025-06-20 00:00:00,0.1,5,5,4,1,1,22,1,0.736,1,0.73,1.67,MIL,,3.9,1.43,R
Justin Topa,2025-06-22 00:00:00,1,0,0,1,0,0,5,2,0.736,1,0.7,1.67,MIL,,3.9,1.43,R
Justin Topa,2025-06-26 00:00:00,1,0,0,0,0,0,8,4,0.74,1,0.7,1.67,SEA,,3.9,1.43,R
Justin Topa,2025-06-29 00:00:00,2,0,0,2,1,3,30,3,0.73,0,1.33,0,DET,,3.9,1.43,R
Justin Topa,2025-07-03 00:00:00,1,0,0,2,0,1,16,4,0.708,0,1.33,0,MIA,,3.9,1.43,R
Justin Topa,2025-07-06 00:00:00,1,1,3,2,0,0,15,3,0.714,1,1.33,0.33,TB,,3.9,1.43,R
Justin Topa,2025-07-10 00:00:00,2,1,1,2,0,1,17,4,0.751,1,1.33,0.67,CHC,,3.9,1.43,R
Justin Topa,2025-07-12 00:00:00,1.2,0,0,3,0,3,30,2,0.655,1,1.4,0.67,PIT,,3.9,1.43,R
Justin Topa,2025-07-18 00:00:00,1,0,0,1,0,1,17,6,0.679,0,1.4,0.33,COL,,3.9,1.43,R
Justin Topa,2025-07-19 00:00:00,1,2,2,3,0,1,16,1,0.679,0,1.07,0.67,COL,,3.9,1.43,R
Justin Topa,2025-07-26 00:00:00,2,1,1,2,0,2,27,7,0.693,1,1.33,1,WSH,,3.9,1.43,R
Justin Topa,2025-07-28 00:00:00,1.1,0,0,1,0,1,16,2,0.745,1,1.37,1,BOS,,3.9,1.43,R
Justin Topa,2025-07-30 00:00:00,0.2,1,1,1,2,2,22,2,0.745,1,1.1,0.67,BOS,,3.9,1.43,R
Justin Topa,2025-08-01 00:00:00,1,0,0,1,0,0,13,2,0.67,0,0.77,0.33,CLE,,3.9,1.43,R
Justin Topa,2025-08-03 00:00:00,1,0,0,0,0,2,15,2,0.67,0,0.73,0.33,CLE,,3.9,1.43,R
Justin Topa,2025-08-05 00:00:00,1,0,0,0,0,1,15,2,0.73,0,1,0,DET,,3.9,1.43,R
Justin Topa,2025-08-09 00:00:00,1,0,0,1,0,0,15,4,0.706,1,1,0,KC,,3.9,1.43,R
Justin Topa,2025-08-10 00:00:00,1,0,0,1,1,2,20,1,0.706,1,1,0,KC,,3.9,1.43,R
Justin Topa,2025-08-13 00:00:00,2,0,0,1,0,1,26,3,0.787,0,1.33,0,NYY,,3.9,1.43,R
Justin Topa,2025-08-16 00:00:00,1,1,2,2,0,2,27,3,0.73,1,1.33,0.33,DET,,3.9,1.43,R
Justin Topa,2025-08-20 00:00:00,1,0,0,1,2,1,20,4,0.749,1,1.33,0.33,ATH,,3.9,1.43,R
Justin Topa,2025-08-22 00:00:00,1.2,0,0,2,1,0,32,2,0.675,0,1.07,0.33,CWS,,3.9,1.43,R
Justin Topa,2025-08-26 00:00:00,1,1,1,2,0,1,26,4,0.761,0,1.07,0.33,TOR,,3.9,1.43,R
Justin Topa,2025-08-29 00:00:00,1,1,1,2,1,0,24,3,0.711,1,1.07,0.67,SD,,3.9,1.43,R
Justin Topa,2025-09-01 00:00:00,1,2,2,3,0,0,17,3,0.675,1,1,1.33,CWS,,3.9,1.43,R
Justin Topa,2025-09-03 00:00:00,0.2,1,1,2,0,1,18,2,0.675,1,0.73,1.33,CWS,,3.9,1.43,R
Justin Topa,2025-09-05 00:00:00,1,0,0,0,0,0,13,2,0.706,0,0.73,1,KC,,3.9,1.43,R
Justin Topa,2025-09-07 00:00:00,1,0,0,1,1,0,26,2,0.706,0,0.73,0.33,KC,,3.9,1.43,R
Justin Verlander,2025-03-29 00:00:00,5,2,2,6,1,5,83,5,0.706,0,5,2,CIN,,3.85,1.36,R
Justin Verlander,2025-04-04 00:00:00,2.1,3,3,5,2,2,65,6,0.74,1,3.55,2.5,SEA,,3.85,1.36,R
Justin Verlander,2025-04-09 00:00:00,5.2,5,6,5,3,9,90,5,0.706,1,4.1,3.33,CIN,,3.85,1.36,R
Justin Verlander,2025-04-15 00:00:00,5.2,4,4,8,3,1,104,6,0.759,0,4.17,4,PHI,,3.85,1.36,R
Justin Verlander,2025-04-20 00:00:00,6,1,1,2,2,6,98,5,0.695,0,5.47,3.33,LAA,,3.85,1.36,R
Justin Verlander,2025-04-25 00:00:00,6,1,2,4,1,5,89,5,0.684,1,5.73,2,TEX,,3.85,1.36,R
Justin Verlander,2025-05-01 00:00:00,6.1,2,2,5,1,4,85,6,0.679,1,6.03,1.33,COL,,3.85,1.36,R
Justin Verlander,2025-05-06 00:00:00,5,3,3,5,2,3,82,5,0.751,0,5.7,2,CHC,,3.85,1.36,R
Justin Verlander,2025-05-12 00:00:00,6,2,2,9,1,5,79,6,0.757,1,5.7,2.33,AZ,,3.85,1.36,R
Justin Verlander,2025-05-18 00:00:00,4,2,2,3,5,1,84,6,0.749,1,5,2.33,ATH,,3.85,1.36,R
Justin Verlander,2025-06-18 00:00:00,4.2,3,4,7,1,6,83,31,0.67,1,4.73,2.33,CLE,,3.85,1.36,R
Justin Verlander,2025-06-24 00:00:00,5,3,3,5,1,5,86,6,0.708,1,4.4,2.67,MIA,,3.85,1.36,R
Justin Verlander,2025-06-29 00:00:00,6,1,1,5,2,3,88,5,0.675,0,5.07,2.33,CWS,,3.85,1.36,R
Justin Verlander,2025-07-04 00:00:00,3,6,6,7,1,5,60,5,0.749,0,4.67,3.33,ATH,,3.85,1.36,R
Justin Verlander,2025-07-09 00:00:00,6,2,4,7,0,7,96,5,0.759,1,5,3,PHI,,3.85,1.36,R
Justin Verlander,2025-07-18 00:00:00,2.2,4,4,9,2,0,66,9,0.761,0,3.73,4,TOR,,3.85,1.36,R
Justin Verlander,2025-07-23 00:00:00,5,0,0,1,5,3,98,5,0.72,0,4.4,2,ATL,,3.85,1.36,R
Justin Verlander,2025-07-29 00:00:00,5,1,1,6,1,7,94,6,0.655,1,4.07,1.67,PIT,,3.85,1.36,R
Justin Verlander,2025-08-04 00:00:00,5,0,1,3,1,4,100,6,0.655,0,5,0.33,PIT,,3.85,1.36,R
Justin Verlander,2025-08-10 00:00:00,5,5,5,11,1,6,101,6,0.693,1,5,2,WSH,,3.85,1.36,R
Justin Verlander,2025-08-16 00:00:00,7,0,0,2,0,8,88,6,0.714,1,5.67,1.67,TB,,3.85,1.36,R
Justin Verlander,2025-08-21 00:00:00,4.1,6,7,6,1,4,91,5,0.711,0,5.37,3.67,SD,,3.85,1.36,R
Justin Verlander,2025-08-26 00:00:00,6,2,2,7,2,5,101,5,0.751,1,5.7,2.67,CHC,,3.85,1.36,R
Justin Verlander,2025-08-31 00:00:00,5,0,0,3,4,10,121,5,0.699,1,5.03,2.67,BAL,,3.85,1.36,R
Justin Verlander,2025-09-06 00:00:00,6,0,0,3,0,6,88,6,0.693,0,5.67,0.67,STL,,3.85,1.36,R
Justin Verlander,2025-09-12 00:00:00,7,1,1,4,4,4,105,6,0.768,1,6,0.33,LAD,,3.85,1.36,R
Justin Verlander,2025-09-17 00:00:00,7,0,0,3,2,3,107,5,0.757,0,6.67,0.33,AZ,,3.85,1.36,R
Justin Verlander,2025-09-22 00:00:00,4.1,4,6,9,2,3,84,5,0.693,1,6.03,1.67,STL,,3.85,1.36,R
Justin Verlander,2025-09-27 00:00:00,6,2,2,5,1,7,92,5,0.679,1,5.7,2,COL,,3.85,1.36,R
Justin Wrobleski,2025-04-08 00:00:00,5,8,8,8,3,4,87,5,0.693,0,5,8,WSH,,4.32,1.23,L
Justin Wrobleski,2025-05-15 00:00:00,4,0,0,1,0,4,45,37,0.749,1,4.5,4,ATH,,4.32,1.23,L
Justin Wrobleski,2025-06-06 00:00:00,6,4,4,6,3,5,104,22,0.693,0,5,4,STL,,4.32,1.23,L
Justin Wrobleski,2025-06-13 00:00:00,4.1,1,1,4,0,5,66,7,0.697,1,4.7,1.67,SF,,4.32,1.23,L
Justin Wrobleski,2025-06-18 00:00:00,5,1,2,4,0,3,74,5,0.711,1,5.03,2,SD,,4.32,1.23,L
Justin Wrobleski,2025-06-24 00:00:00,5,2,2,5,2,7,86,6,0.679,0,4.7,1.33,COL,,4.32,1.23,L
Justin Wrobleski,2025-06-29 00:00:00,6,0,0,3,1,6,83,5,0.706,0,5.33,1,KC,,4.32,1.23,L
Justin Wrobleski,2025-07-05 00:00:00,4.2,4,5,7,1,6,87,6,0.714,1,5.07,2,HOU,,4.32,1.23,L
Justin Wrobleski,2025-07-27 00:00:00,2,0,0,1,1,1,38,22,0.745,0,4.07,1.33,BOS,,4.32,1.23,L
Justin Wrobleski,2025-08-01 00:00:00,3,0,0,1,0,5,40,5,0.714,0,3.07,1.33,TB,,4.32,1.23,L
Justin Wrobleski,2025-08-06 00:00:00,3,1,1,5,1,4,59,5,0.693,1,2.67,0.33,STL,,4.32,1.23,L
Justin Wrobleski,2025-08-10 00:00:00,0.2,0,0,1,0,2,11,4,0.761,1,2.07,0.33,TOR,,4.32,1.23,L
Justin Wrobleski,2025-08-13 00:00:00,2,2,2,1,2,1,36,3,0.695,0,1.73,1,LAA,,4.32,1.23,L
Justin Wrobleski,2025-08-18 00:00:00,0.1,1,1,2,0,0,6,5,0.679,0,0.77,1,COL,,4.32,1.23,L
Justin Wrobleski,2025-08-23 00:00:00,3,2,2,1,2,2,48,5,0.711,0,1.7,1.67,SD,,4.32,1.23,L
Justin Wrobleski,2025-08-27 00:00:00,1,0,0,3,1,2,26,4,0.706,1,1.37,1,CIN,,4.32,1.23,L
Justin Wrobleski,2025-09-03 00:00:00,2,0,0,0,0,2,24,7,0.655,0,2,0.67,PIT,,4.32,1.23,L
Justin Wrobleski,2025-09-07 00:00:00,2,0,0,2,0,5,44,4,0.699,0,1.67,0,BAL,,4.32,1.23,L
Justin Wrobleski,2025-09-13 00:00:00,2.1,0,0,0,0,4,30,6,0.697,0,2.03,0,SF,,4.32,1.23,L
Justin Wrobleski,2025-09-16 00:00:00,0.1,5,5,5,0,0,19,3,0.759,1,1.4,1.67,PHI,,4.32,1.23,L
Justin Wrobleski,2025-09-19 00:00:00,1.1,1,1,2,0,3,26,3,0.697,1,1.1,2,SF,,4.32,1.23,L
Justin Wrobleski,2025-09-20 00:00:00,0.2,0,0,0,0,0,5,1,0.697,1,0.47,2,SF,,4.32,1.23,L
Justin Wrobleski,2025-09-24 00:00:00,1,0,0,0,0,2,8,4,0.757,0,0.77,0.33,AZ,,4.32,1.23,L
Justin Wrobleski,2025-09-26 00:00:00,2,0,0,3,0,3,40,2,0.74,0,1.07,0,SEA,,4.32,1.23,L
Justin Wrobleski,2025-10-24 00:00:00,1,0,0,0,0,0,14,28,0.761,0,1.33,0,TOR,,4.32,1.23,L
Justin Wrobleski,2025-10-27 00:00:00,1.2,0,0,1,0,2,28,3,0.761,1,1.4,0,TOR,,4.32,1.23,L
Justin Wrobleski,2025-10-31 00:00:00,1,0,0,1,0,2,16,4,0.761,0,1.07,0,TOR,,4.32,1.23,L
Justin Wrobleski,2025-11-01 00:00:00,1.1,0,0,2,0,2,21,1,0.761,0,1.1,0,TOR,,4.32,1.23,L
Kai-Wei Teng,2025-08-02 00:00:00,3.1,5,5,4,3,4,67,5,0.753,0,3.1,5,NYM,,6.37,1.55,R
Kai-Wei Teng,2025-08-08 00:00:00,5,0,0,3,1,4,64,6,0.693,1,4.05,2.5,WSH,,6.37,1.55,R
Kai-Wei Teng,2025-08-13 00:00:00,1.2,6,7,4,4,0,53,5,0.711,1,3.1,3.67,SD,,6.37,1.55,R
Kai-Wei Teng,2025-08-19 00:00:00,3.1,2,3,3,1,4,80,6,0.711,0,3.1,2.67,SD,,6.37,1.55,R
Kai-Wei Teng,2025-09-01 00:00:00,5.1,2,2,9,0,8,85,13,0.679,0,3.13,3.33,COL,,6.37,1.55,R
Kai-Wei Teng,2025-09-07 00:00:00,4,4,4,3,5,8,77,6,0.693,0,4.07,2.67,STL,,6.37,1.55,R
Kai-Wei Teng,2025-09-15 00:00:00,4,0,1,2,1,5,73,8,0.757,0,4.37,2,AZ,,6.37,1.55,R
Kai-Wei Teng,2025-09-20 00:00:00,3,2,2,1,2,6,74,5,0.768,0,3.67,2,LAD,,6.37,1.55,R
Keegan Akin,2025-03-27 00:00:00,1,0,0,0,2,0,12,5,0.761,0,1,0,TOR,,3.41,1.37,L
Keegan Akin,2025-03-29 00:00:00,0.2,0,0,1,0,1,12,2,0.761,0,0.6,0,TOR,,3.41,1.37,L
Keegan Akin,2025-03-31 00:00:00,1,0,0,0,0,2,13,2,0.745,1,0.73,0,BOS,,3.41,1.37,L
Keegan Akin,2025-04-03 00:00:00,1,2,2,2,0,0,15,3,0.745,1,0.73,0.67,BOS,,3.41,1.37,L
Keegan Akin,2025-04-05 00:00:00,2,0,0,0,2,2,31,2,0.706,0,1.33,0.67,KC,,3.41,1.37,L
Keegan Akin,2025-04-08 00:00:00,1.1,0,0,1,0,0,17,3,0.757,0,1.37,0.67,AZ,,3.41,1.37,L
Keegan Akin,2025-04-12 00:00:00,0.1,0,0,0,0,0,4,4,0.761,1,1.07,0,TOR,,3.41,1.37,L
Keegan Akin,2025-04-13 00:00:00,0.2,1,1,2,1,1,19,1,0.761,1,0.47,0.33,TOR,,3.41,1.37,L
Keegan Akin,2025-04-16 00:00:00,1,0,0,0,0,2,11,3,0.67,1,0.43,0.33,CLE,,3.41,1.37,L
Keegan Akin,2025-04-17 00:00:00,0.2,0,0,1,0,1,16,1,0.67,1,0.47,0.33,CLE,,3.41,1.37,L
Keegan Akin,2025-04-19 00:00:00,0.1,1,1,2,1,0,12,2,0.706,1,0.43,0.33,CIN,,3.41,1.37,L
Keegan Akin,2025-04-22 00:00:00,1,0,0,1,0,1,10,3,0.693,0,0.43,0.33,WSH,,3.41,1.37,L
Keegan Akin,2025-04-26 00:00:00,1.2,0,0,0,1,1,31,4,0.73,0,0.77,0.33,DET,,3.41,1.37,L
Keegan Akin,2025-04-28 00:00:00,1.1,0,0,0,0,3,17,2,0.787,1,1.1,0,NYY,,3.41,1.37,L
Keegan Akin,2025-04-30 00:00:00,1,1,1,2,1,3,35,2,0.787,1,1.1,0.33,NYY,,3.41,1.37,L
Keegan Akin,2025-05-04 00:00:00,1,0,0,1,0,1,16,4,0.706,1,1.03,0.33,KC,,3.41,1.37,L
Keegan Akin,2025-05-07 00:00:00,1,1,1,1,0,1,12,3,0.708,0,1,0.67,MIN,,3.41,1.37,L
Keegan Akin,2025-05-09 00:00:00,0.1,0,0,0,0,0,8,2,0.695,0,0.7,0.33,LAA,,3.41,1.37,L
Keegan Akin,2025-05-14 00:00:00,2,1,2,2,2,2,39,5,0.708,1,1.03,0.67,MIN,,3.41,1.37,L
Keegan Akin,2025-05-16 00:00:00,1,1,1,1,0,1,14,2,0.693,1,1.03,0.67,WSH,,3.41,1.37,L
Keegan Akin,2025-05-18 00:00:00,1.2,0,0,0,0,2,20,2,0.693,1,1.4,0.67,WSH,,3.41,1.37,L
Keegan Akin,2025-05-20 00:00:00,1,0,0,0,1,2,18,2,0.736,0,1.07,0.33,MIL,,3.41,1.37,L
Keegan Akin,2025-05-24 00:00:00,1,0,0,1,1,1,25,4,0.745,0,1.07,0,BOS,,3.41,1.37,L
Keegan Akin,2025-05-25 00:00:00,1,0,0,1,0,1,18,1,0.745,0,1,0,BOS,,3.41,1.37,L
Keegan Akin,2025-05-27 00:00:00,0.1,1,1,2,1,0,17,2,0.693,1,0.7,0.33,STL,,3.41,1.37,L
Keegan Akin,2025-05-31 00:00:00,0.2,0,0,0,1,0,13,4,0.675,1,0.43,0.33,CWS,,3.41,1.37,L
Keegan Akin,2025-06-05 00:00:00,1,0,0,0,0,1,9,5,0.74,0,0.43,0.33,SEA,,3.41,1.37,L
Keegan Akin,2025-06-06 00:00:00,0.1,0,0,0,0,1,10,1,0.749,0,0.43,0,ATH,,3.41,1.37,L
Keegan Akin,2025-06-07 00:00:00,0.1,0,0,1,0,0,1,1,0.749,0,0.4,0,ATH,,3.41,1.37,L
Keegan Akin,2025-06-11 00:00:00,0.1,0,0,0,0,1,4,4,0.73,1,0.1,0,DET,,3.41,1.37,L
Keegan Akin,2025-06-12 00:00:00,1,0,0,1,1,2,27,1,0.73,1,0.4,0,DET,,3.41,1.37,L
Keegan Akin,2025-06-14 00:00:00,1.1,1,1,1,0,2,16,2,0.695,1,0.73,0.33,LAA,,3.41,1.37,L
Keegan Akin,2025-06-17 00:00:00,1.2,0,0,2,1,1,29,3,0.714,0,1.1,0.33,TB,,3.41,1.37,L
Keegan Akin,2025-06-20 00:00:00,1.1,0,0,1,2,0,30,3,0.787,0,1.13,0.33,NYY,,3.41,1.37,L
Keegan Akin,2025-06-22 00:00:00,0.1,0,0,0,0,0,3,2,0.787,0,0.8,0,NYY,,3.41,1.37,L
Keegan Akin,2025-06-24 00:00:00,1.1,1,1,3,0,0,20,2,0.684,1,0.77,0.33,TEX,,3.41,1.37,L
Keegan Akin,2025-06-27 00:00:00,1,1,1,3,0,1,23,3,0.714,1,0.73,0.67,TB,,3.41,1.37,L
Keegan Akin,2025-06-29 00:00:00,1,0,0,1,0,1,16,2,0.714,1,1.03,0.67,TB,,3.41,1.37,L
Keegan Akin,2025-06-30 00:00:00,1,2,3,2,0,0,19,1,0.684,0,1,1,TEX,,3.41,1.37,L
Keegan Akin,2025-07-29 00:00:00,1,0,0,1,1,0,17,29,0.761,1,1,0.67,TOR,,3.41,1.37,L
Keegan Akin,2025-08-02 00:00:00,1,0,0,0,2,2,27,4,0.751,0,1,0.67,CHC,,3.41,1.37,L
Keegan Akin,2025-08-03 00:00:00,0,1,2,1,0,0,3,1,0.751,0,0.67,0.33,CHC,,3.41,1.37,L
Keegan Akin,2025-08-06 00:00:00,1,0,0,0,1,0,15,3,0.759,0,0.67,0.33,PHI,,3.41,1.37,L
Keegan Akin,2025-08-08 00:00:00,1,0,0,0,0,1,11,2,0.749,1,0.67,0.33,ATH,,3.41,1.37,L
Keegan Akin,2025-08-10 00:00:00,1,2,2,2,1,2,22,2,0.749,1,1,0.67,ATH,,3.41,1.37,L
Keegan Akin,2025-08-13 00:00:00,0.2,0,0,0,0,0,2,3,0.74,1,0.73,0.67,SEA,,3.41,1.37,L
Keegan Akin,2025-08-14 00:00:00,1,0,0,1,1,1,23,1,0.74,1,0.73,0.67,SEA,,3.41,1.37,L
Keegan Akin,2025-08-16 00:00:00,0.2,0,1,0,2,0,4,2,0.714,0,0.47,0,HOU,,3.41,1.37,L
Keegan Akin,2025-08-19 00:00:00,2,0,0,0,0,0,19,3,0.745,0,1.07,0,BOS,,3.41,1.37,L
Keegan Akin,2025-08-24 00:00:00,1.2,0,0,0,0,3,21,5,0.714,1,1.13,0,HOU,,3.41,1.37,L
Keegan Akin,2025-08-26 00:00:00,1,0,0,0,0,0,13,2,0.745,1,1.4,0,BOS,,3.41,1.37,L
Keegan Akin,2025-08-27 00:00:00,2,2,2,2,0,2,26,1,0.745,1,1.4,0.67,BOS,,3.41,1.37,L
Keegan Akin,2025-09-01 00:00:00,1,0,0,1,0,1,18,5,0.711,0,1.33,0.67,SD,,3.41,1.37,L
Keegan Akin,2025-09-03 00:00:00,2,1,1,2,0,2,24,2,0.711,0,1.67,1,SD,,3.41,1.37,L
Keegan Akin,2025-09-07 00:00:00,1,0,0,0,2,0,19,4,0.768,1,1.33,0.33,LAD,,3.41,1.37,L
Keegan Akin,2025-09-09 00:00:00,0.1,0,0,0,2,1,15,2,0.655,1,1.03,0.33,PIT,,3.41,1.37,L
Keegan Akin,2025-09-11 00:00:00,1,0,0,1,0,1,13,2,0.655,1,0.7,0,PIT,,3.41,1.37,L
Keegan Akin,2025-09-13 00:00:00,0.2,1,1,2,1,0,12,2,0.761,0,0.43,0.33,TOR,,3.41,1.37,L
Keegan Akin,2025-09-16 00:00:00,1,0,0,1,0,2,20,3,0.675,0,0.73,0.33,CWS,,3.41,1.37,L
Keegan Akin,2025-09-17 00:00:00,1,0,0,1,0,0,15,1,0.675,0,0.73,0.33,CWS,,3.41,1.37,L
Keegan Akin,2025-09-19 00:00:00,1,0,0,0,0,2,9,2,0.787,1,1,0,NYY,,3.41,1.37,L
Keegan Akin,2025-09-21 00:00:00,0.1,3,3,3,0,1,17,2,0.787,1,0.7,1,NYY,,3.41,1.37,L
Keegan Akin,2025-09-25 00:00:00,1,0,0,0,0,0,10,4,0.714,1,0.7,1,TB,,3.41,1.37,L
Keegan Akin,2025-09-28 00:00:00,1,0,0,0,2,0,21,3,0.787,0,0.7,1,NYY,,3.41,1.37,L
Keider Montero,2025-04-16 00:00:00,5,5,5,8,1,8,85,5,0.736,0,5,5,MIL,,4.37,1.39,R
Keider Montero,2025-04-21 00:00:00,4.1,3,4,5,4,3,92,5,0.711,1,4.55,4,SD,,4.37,1.39,R
Keider Montero,2025-04-26 00:00:00,4.1,1,1,4,2,2,77,5,0.699,1,4.4,3,BAL,,4.37,1.39,R
Keider Montero,2025-05-08 00:00:00,8,1,1,5,3,2,92,12,0.679,0,5.4,1.67,COL,,4.37,1.39,R
Keider Montero,2025-05-13 00:00:00,3.1,3,3,5,1,3,62,5,0.745,1,5.07,1.67,BOS,,4.37,1.39,R
Keider Montero,2025-05-19 00:00:00,5.2,5,5,8,2,3,98,6,0.693,0,5.43,3,STL,,4.37,1.39,R
Keider Montero,2025-05-26 00:00:00,5,0,0,1,2,3,79,7,0.697,1,4.43,2.67,SF,,4.37,1.39,R
Keider Montero,2025-06-01 00:00:00,4.2,0,0,7,1,2,72,6,0.706,0,4.8,1.67,KC,,4.37,1.39,R
Keider Montero,2025-06-07 00:00:00,5.2,4,4,5,1,4,69,6,0.751,1,4.8,1.33,CHC,,4.37,1.39,R
Keider Montero,2025-06-13 00:00:00,5,2,2,7,1,4,83,6,0.706,1,4.8,2,CIN,,4.37,1.39,R
Keider Montero,2025-06-19 00:00:00,5,1,1,3,2,5,77,6,0.655,1,5.07,2.33,PIT,,4.37,1.39,R
Keider Montero,2025-07-07 00:00:00,6,1,1,4,1,4,68,18,0.714,1,5.33,1.33,TB,,4.37,1.39,R
Keider Montero,2025-07-12 00:00:00,3,3,3,5,1,2,56,5,0.74,1,4.67,1.67,SEA,,4.37,1.39,R
Keider Montero,2025-07-19 00:00:00,4.1,4,4,4,3,5,82,7,0.684,0,4.37,2.67,TEX,,4.37,1.39,R
Keider Montero,2025-07-25 00:00:00,4,5,6,9,0,3,76,6,0.761,1,3.7,4,TOR,,4.37,1.39,R
Keider Montero,2025-09-05 00:00:00,3.1,2,2,4,1,2,53,42,0.675,1,3.73,3.67,CWS,,4.37,1.39,R
Keider Montero,2025-09-11 00:00:00,1.2,0,0,1,1,3,31,6,0.787,0,2.77,2.33,NYY,,4.37,1.39,R
Keider Montero,2025-09-14 00:00:00,5,0,0,3,0,5,76,3,0.708,0,3.1,0.67,MIA,,4.37,1.39,R
Keider Montero,2025-09-20 00:00:00,3,3,3,2,4,2,69,6,0.72,1,3.07,1,ATL,,4.37,1.39,R
Keider Montero,2025-09-27 00:00:00,4.1,1,1,5,0,7,76,7,0.745,0,4.03,1.33,BOS,,4.37,1.39,R
Keider Montero,2025-10-04 00:00:00,1,0,0,1,0,0,12,7,0.74,0,2.7,1.33,SEA,,4.37,1.39,R
Keider Montero,2025-10-07 00:00:00,2.1,0,1,0,1,2,31,3,0.74,1,2.4,0.33,SEA,,4.37,1.39,R
Keider Montero,2025-10-10 00:00:00,2,0,0,0,1,0,32,3,0.74,0,1.7,0,SEA,,4.37,1.39,R
Kevin Gausman,2025-03-28 00:00:00,6,2,2,3,1,4,97,5,0.699,1,6,2,BAL,,3.59,1.06,R
Kevin Gausman,2025-04-04 00:00:00,5.1,3,3,2,2,0,87,7,0.753,0,5.55,2.5,NYM,,3.59,1.06,R
Kevin Gausman,2025-04-09 00:00:00,8,0,1,4,0,10,93,5,0.745,0,6.37,1.67,BOS,,3.59,1.06,R
Kevin Gausman,2025-04-15 00:00:00,6,2,2,6,0,6,98,6,0.72,1,6.37,1.67,ATL,,3.59,1.06,R
Kevin Gausman,2025-04-21 00:00:00,6,4,4,6,3,6,96,6,0.714,0,6.67,2,HOU,,3.59,1.06,R
Kevin Gausman,2025-04-27 00:00:00,2.2,6,6,3,5,2,71,6,0.787,0,4.73,4,NYY,,3.59,1.06,R
Kevin Gausman,2025-05-03 00:00:00,6,0,0,1,1,9,94,6,0.67,1,4.73,3.33,CLE,,3.59,1.06,R
Kevin Gausman,2025-05-09 00:00:00,5.1,3,3,7,0,3,99,6,0.74,0,4.43,3,SEA,,3.59,1.06,R
Kevin Gausman,2025-05-15 00:00:00,5.2,6,6,10,0,6,101,6,0.714,1,5.43,3,TB,,3.59,1.06,R
Kevin Gausman,2025-05-21 00:00:00,7,0,0,3,0,9,92,6,0.711,1,5.77,3,SD,,3.59,1.06,R
Kevin Gausman,2025-05-26 00:00:00,8,1,1,5,0,6,96,5,0.684,0,6.73,2.33,TEX,,3.59,1.06,R
Kevin Gausman,2025-06-01 00:00:00,4.2,3,3,8,2,7,96,6,0.749,1,6.4,1.33,ATH,,3.59,1.06,R
Kevin Gausman,2025-06-07 00:00:00,6,3,3,4,3,5,104,6,0.708,0,6.07,2.33,MIN,,3.59,1.06,R
Kevin Gausman,2025-06-13 00:00:00,5,4,4,4,4,7,95,6,0.759,0,5.07,3.33,PHI,,3.59,1.06,R
Kevin Gausman,2025-06-19 00:00:00,4.1,7,7,7,3,4,81,6,0.757,1,5.03,4.67,AZ,,3.59,1.06,R
Kevin Gausman,2025-06-26 00:00:00,8,0,0,2,1,6,104,7,0.67,0,5.7,3.67,CLE,,3.59,1.06,R
Kevin Gausman,2025-07-01 00:00:00,5,2,2,6,4,3,99,5,0.787,1,5.7,3,NYY,,3.59,1.06,R
Kevin Gausman,2025-07-06 00:00:00,5.2,2,2,7,3,9,107,5,0.695,1,6.07,1.33,LAA,,3.59,1.06,R
Kevin Gausman,2025-07-12 00:00:00,5,3,4,5,2,2,96,6,0.749,0,5.07,2.33,ATH,,3.59,1.06,R
Kevin Gausman,2025-07-21 00:00:00,7,1,1,4,2,8,86,9,0.787,1,5.73,2,NYY,,3.59,1.06,R
Kevin Gausman,2025-07-26 00:00:00,6,0,0,1,1,10,96,5,0.73,0,6,1.33,DET,,3.59,1.06,R
Kevin Gausman,2025-08-01 00:00:00,6,5,5,6,0,5,93,6,0.706,1,6.33,2,KC,,3.59,1.06,R
Kevin Gausman,2025-08-06 00:00:00,7,1,1,3,2,8,102,5,0.679,0,6.33,2,COL,,3.59,1.06,R
Kevin Gausman,2025-08-13 00:00:00,7,2,2,3,1,3,84,7,0.751,1,6.67,2.67,CHC,,3.59,1.06,R
Kevin Gausman,2025-08-18 00:00:00,5,2,2,5,2,4,96,5,0.655,0,6.33,1.67,PIT,,3.59,1.06,R
Kevin Gausman,2025-08-24 00:00:00,6,4,4,7,1,7,94,6,0.708,0,6,2.67,MIA,,3.59,1.06,R
Kevin Gausman,2025-08-30 00:00:00,7,1,1,4,0,8,96,6,0.736,1,6,2.33,MIL,,3.59,1.06,R
Kevin Gausman,2025-09-05 00:00:00,8,1,1,4,1,5,105,6,0.787,0,7,2,NYY,,3.59,1.06,R
Kevin Gausman,2025-09-11 00:00:00,9,0,0,2,1,9,100,6,0.714,1,8,0.67,HOU,,3.59,1.06,R
Kevin Gausman,2025-09-17 00:00:00,6,1,1,6,2,6,95,6,0.714,0,7.67,0.67,TB,,3.59,1.06,R
Kevin Gausman,2025-09-23 00:00:00,5.2,4,4,9,1,7,92,6,0.745,1,6.73,1.67,BOS,,3.59,1.06,R
Kevin Gausman,2025-09-28 00:00:00,3.2,4,4,8,2,5,85,5,0.714,1,4.8,3,TB,,3.59,1.06,R
Kevin Gausman,2025-10-04 00:00:00,5.2,1,1,4,2,3,75,6,0.787,1,4.53,3,NYY,,3.59,1.06,R
Kevin Gausman,2025-10-12 00:00:00,5.2,2,2,3,1,5,76,8,0.74,1,4.53,2.33,SEA,,3.59,1.06,R
Kevin Gausman,2025-10-17 00:00:00,5.2,1,1,3,3,4,91,5,0.74,0,5.2,1.33,SEA,,3.59,1.06,R
Kevin Gausman,2025-10-20 00:00:00,1,0,0,0,3,0,19,3,0.74,1,3.8,1,SEA,,3.59,1.06,R
Kevin Gausman,2025-10-25 00:00:00,6.2,3,3,4,0,6,82,5,0.768,1,4.13,1.33,LAD,,3.59,1.06,R
Kevin Gausman,2025-10-31 00:00:00,6,3,3,3,2,8,93,6,0.768,1,4.4,2,LAD,,3.59,1.06,R
Kodai Senga,2025-04-01 00:00:00,5,2,4,3,1,8,77,5,0.708,0,5,2,MIA,,3.02,1.31,R
Kodai Senga,2025-04-07 00:00:00,5,0,0,5,2,4,77,6,0.708,1,5,1,MIA,,3.02,1.31,R
Kodai Senga,2025-04-13 00:00:00,7,0,0,4,2,4,79,6,0.749,0,5.67,0.67,ATH,,3.02,1.31,R
Kodai Senga,2025-04-19 00:00:00,5.2,0,0,3,2,4,89,6,0.693,1,5.73,0,STL,,3.02,1.31,R
Kodai Senga,2025-04-25 00:00:00,6,2,2,6,2,5,96,6,0.693,0,6.07,0.67,WSH,,3.02,1.31,R
Kodai Senga,2025-05-01 00:00:00,4,1,1,5,3,6,87,6,0.757,1,5.07,1,AZ,,3.02,1.31,R
Kodai Senga,2025-05-07 00:00:00,6,0,0,2,5,4,89,6,0.757,0,5.33,1,AZ,,3.02,1.31,R
Kodai Senga,2025-05-13 00:00:00,5.2,0,1,5,2,7,102,6,0.655,1,5.07,0.33,PIT,,3.02,1.31,R
Kodai Senga,2025-05-19 00:00:00,6,3,3,5,3,5,100,6,0.745,0,5.73,1,BOS,,3.02,1.31,R
Kodai Senga,2025-05-25 00:00:00,5.1,1,1,5,4,5,101,6,0.768,1,5.43,1.33,LAD,,3.02,1.31,R
Kodai Senga,2025-05-31 00:00:00,6.1,2,2,2,2,7,93,6,0.679,1,5.73,2,COL,,3.02,1.31,R
Kodai Senga,2025-06-06 00:00:00,6,1,1,5,2,6,109,6,0.679,0,5.73,1.33,COL,,3.02,1.31,R
Kodai Senga,2025-06-12 00:00:00,5.2,0,0,1,1,5,77,6,0.693,1,5.77,1,WSH,,3.02,1.31,R
Kodai Senga,2025-07-11 00:00:00,4,0,0,4,2,4,67,29,0.706,0,5.07,0.33,KC,,3.02,1.31,R
Kodai Senga,2025-07-21 00:00:00,3,4,4,4,3,5,73,10,0.695,1,4.07,1.33,LAA,,3.02,1.31,R
Kodai Senga,2025-07-27 00:00:00,5,3,3,4,5,3,92,6,0.697,0,4,2.33,SF,,3.02,1.31,R
Kodai Senga,2025-08-02 00:00:00,4,4,4,5,3,4,71,6,0.697,1,4,3.67,SF,,3.02,1.31,R
Kodai Senga,2025-08-08 00:00:00,4.1,1,3,2,3,2,79,6,0.736,0,4.37,2.67,MIL,,3.02,1.31,R
Kodai Senga,2025-08-14 00:00:00,5.2,2,2,5,1,7,93,6,0.72,1,4.43,2.33,ATL,,3.02,1.31,R
Kodai Senga,2025-08-20 00:00:00,5,4,5,6,2,4,84,6,0.693,0,4.77,2.33,WSH,,3.02,1.31,R
Kodai Senga,2025-08-25 00:00:00,4,3,3,6,3,4,93,5,0.759,1,4.73,3,PHI,,3.02,1.31,R
Kodai Senga,2025-08-31 00:00:00,4.2,5,5,7,2,6,75,6,0.708,1,4.4,4,MIA,,3.02,1.31,R
Kolby Allard,2025-04-26 00:00:00,6,1,1,6,0,0,64,5,0.745,1,6,1,BOS,,2.63,1.2,L
Kolby Allard,2025-05-01 00:00:00,1,0,1,1,0,0,14,5,0.708,1,3.5,0.5,MIN,,2.63,1.2,L
Kolby Allard,2025-05-03 00:00:00,4,1,1,1,0,3,53,2,0.761,0,3.67,0.67,TOR,,2.63,1.2,L
Kolby Allard,2025-05-07 00:00:00,1,0,0,0,0,0,6,4,0.693,0,2,0.33,WSH,,2.63,1.2,L
Kolby Allard,2025-05-12 00:00:00,3,0,0,3,2,3,45,5,0.736,1,2.67,0.33,MIL,,2.63,1.2,L
Kolby Allard,2025-05-18 00:00:00,2,0,0,1,0,0,28,6,0.706,0,2,0,CIN,,2.63,1.2,L
Kolby Allard,2025-05-19 00:00:00,1,1,1,3,1,1,22,1,0.708,0,2,0.33,MIN,,2.63,1.2,L
Kolby Allard,2025-05-28 00:00:00,4,2,2,4,0,3,62,9,0.768,1,2.33,1,LAD,,2.63,1.2,L
Kolby Allard,2025-06-03 00:00:00,1.2,0,0,1,1,0,19,6,0.787,0,2.07,1,NYY,,2.63,1.2,L
Kolby Allard,2025-06-05 00:00:00,0.1,0,0,3,0,0,12,2,0.787,0,1.77,0.67,NYY,,2.63,1.2,L
Kolby Allard,2025-06-09 00:00:00,2,0,1,3,0,1,41,4,0.706,1,1.1,0,CIN,,2.63,1.2,L
Kolby Allard,2025-06-13 00:00:00,1.2,1,1,5,0,1,40,4,0.74,0,1.1,0.33,SEA,,2.63,1.2,L
Kolby Allard,2025-06-24 00:00:00,1,2,2,3,1,0,34,11,0.761,1,1.4,1,TOR,,2.63,1.2,L
Kolby Allard,2025-06-26 00:00:00,0.2,1,1,2,1,0,13,2,0.761,1,0.8,1.33,TOR,,2.63,1.2,L
Kolby Allard,2025-06-28 00:00:00,3,1,1,4,1,2,42,2,0.693,1,1.4,1.33,STL,,2.63,1.2,L
Kolby Allard,2025-07-02 00:00:00,3,0,0,3,1,2,41,4,0.751,0,2.07,0.67,CHC,,2.63,1.2,L
Kolby Allard,2025-07-11 00:00:00,1.1,0,1,0,2,0,12,9,0.675,0,2.37,0.33,CWS,,2.63,1.2,L
Kolby Allard,2025-07-19 00:00:00,1.2,3,3,3,0,2,30,8,0.749,1,1.77,1,ATH,,2.63,1.2,L
Kolby Allard,2025-07-21 00:00:00,1,0,0,0,0,2,14,2,0.699,1,1.1,1,BAL,,2.63,1.2,L
Kolby Allard,2025-07-24 00:00:00,1,0,0,0,0,1,16,3,0.699,1,1.07,1,BAL,,2.63,1.2,L
Kolby Allard,2025-07-27 00:00:00,1,0,0,0,0,2,11,3,0.706,0,1,0,KC,,2.63,1.2,L
Kolby Allard,2025-07-30 00:00:00,3.1,0,0,1,0,5,42,3,0.679,1,1.7,0,COL,,2.63,1.2,L
Kolby Allard,2025-08-05 00:00:00,1.1,0,0,0,0,1,16,6,0.753,0,1.73,0,NYM,,2.63,1.2,L
Kolby Allard,2025-08-10 00:00:00,2,1,1,3,1,0,32,5,0.675,0,2.07,0.33,CWS,,2.63,1.2,L
Kolby Allard,2025-08-13 00:00:00,1.2,2,2,3,0,2,29,3,0.708,1,1.43,1,MIA,,2.63,1.2,L
Kolby Allard,2025-08-16 00:00:00,2,2,2,4,0,1,44,3,0.72,1,1.73,1.67,ATL,,2.63,1.2,L
Kolby Allard,2025-08-23 00:00:00,3,1,1,2,1,1,56,7,0.684,0,2.07,1.67,TEX,,2.63,1.2,L
Kolby Allard,2025-08-31 00:00:00,2,0,0,2,0,1,34,8,0.74,1,2.33,1,SEA,,2.63,1.2,L
Kolby Allard,2025-09-04 00:00:00,2,0,0,2,0,2,34,4,0.714,0,2.33,0.33,TB,,2.63,1.2,L
Kolby Allard,2025-09-18 00:00:00,1,0,0,0,1,1,22,14,0.73,0,1.67,0,DET,,2.63,1.2,L
Kolby Allard,2025-09-20 00:00:00,2,0,0,1,1,2,28,2,0.708,0,1.67,0,MIN,,2.63,1.2,L
Kolby Allard,2025-09-25 00:00:00,1.1,0,0,0,0,1,19,5,0.73,1,1.37,0,DET,,2.63,1.2,L
Kolby Allard,2025-09-28 00:00:00,2,0,0,0,0,2,25,3,0.684,1,1.7,0,TEX,,2.63,1.2,L
Kris Bubic,2025-03-31 00:00:00,6,0,0,3,2,8,95,5,0.736,0,6,0,MIL,,2.55,1.18,L
Kris Bubic,2025-04-06 00:00:00,6.2,0,1,4,1,8,99,6,0.699,1,6.1,0,BAL,,2.55,1.18,L
Kris Bubic,2025-04-11 00:00:00,6,2,3,6,2,5,92,5,0.67,0,6.07,0.67,CLE,,2.55,1.18,L
Kris Bubic,2025-04-16 00:00:00,5.1,3,3,7,4,6,94,5,0.787,0,5.77,1.67,NYY,,2.55,1.18,L
Kris Bubic,2025-04-22 00:00:00,7,0,0,4,0,6,91,6,0.679,1,6.03,1.67,COL,,2.55,1.18,L
Kris Bubic,2025-04-27 00:00:00,5,4,4,5,3,4,93,5,0.714,1,5.7,2.33,HOU,,2.55,1.18,L
Kris Bubic,2025-05-03 00:00:00,5,0,0,4,1,3,72,6,0.699,0,5.67,1.33,BAL,,2.55,1.18,L
Kris Bubic,2025-05-08 00:00:00,7,0,0,6,1,7,93,5,0.675,1,5.67,1.33,CWS,,2.55,1.18,L
Kris Bubic,2025-05-13 00:00:00,6.1,1,1,6,1,9,93,5,0.714,0,6.03,0.33,HOU,,2.55,1.18,L
Kris Bubic,2025-05-19 00:00:00,7,0,0,2,3,5,91,6,0.697,0,6.7,0.33,SF,,2.55,1.18,L
Kris Bubic,2025-05-25 00:00:00,7,1,1,2,2,9,91,6,0.708,0,6.7,0.67,MIN,,2.55,1.18,L
Kris Bubic,2025-06-01 00:00:00,7,1,1,4,2,9,99,7,0.73,1,7,0.67,DET,,2.55,1.18,L
Kris Bubic,2025-06-11 00:00:00,4.1,5,5,6,4,3,97,10,0.787,1,6.03,2.33,NYY,,2.55,1.18,L
Kris Bubic,2025-06-18 00:00:00,5.1,3,3,9,1,6,101,7,0.684,0,5.4,3,TEX,,2.55,1.18,L
Kris Bubic,2025-06-24 00:00:00,6,2,4,8,0,8,91,6,0.714,1,5.07,3.33,TB,,2.55,1.18,L
Kris Bubic,2025-06-29 00:00:00,5,2,2,3,2,5,90,5,0.768,1,5.37,2.33,LAD,,2.55,1.18,L
Kris Bubic,2025-07-04 00:00:00,7,3,3,7,3,6,98,5,0.757,0,6,2.33,AZ,,2.55,1.18,L
Kris Bubic,2025-07-09 00:00:00,5.2,3,3,6,2,6,83,5,0.655,1,5.73,2.67,PIT,,2.55,1.18,L
Kris Bubic,2025-07-20 00:00:00,5,0,0,3,1,2,66,11,0.708,0,5.73,2,MIA,,2.55,1.18,L
Kris Bubic,2025-07-26 00:00:00,2.2,3,4,3,4,1,66,6,0.67,1,4.13,2,CLE,,2.55,1.18,L
Kumar Rocker,2025-03-31 00:00:00,3,6,6,7,2,3,74,5,0.706,0,3,6,CIN,,5.74,1.46,R
Kumar Rocker,2025-04-06 00:00:00,5,1,1,6,0,1,77,6,0.714,1,4,3.5,TB,,5.74,1.46,R
Kumar Rocker,2025-04-12 00:00:00,3.1,3,4,5,2,2,68,6,0.74,0,3.7,3.33,SEA,,5.74,1.46,R
Kumar Rocker,2025-04-17 00:00:00,7,3,3,5,0,8,78,5,0.695,1,5.03,2.33,LAA,,5.74,1.46,R
Kumar Rocker,2025-04-23 00:00:00,1.2,5,5,7,1,2,63,6,0.749,0,3.77,3.67,ATH,,5.74,1.46,R
Kumar Rocker,2025-06-04 00:00:00,3.1,5,5,6,2,5,66,42,0.714,0,3.77,4.33,TB,,5.74,1.46,R
Kumar Rocker,2025-06-15 00:00:00,5,0,0,4,1,6,82,11,0.675,1,3.1,3.33,CWS,,5.74,1.46,R
Kumar Rocker,2025-06-21 00:00:00,5.1,2,2,5,3,4,89,6,0.655,0,4.4,2.33,PIT,,5.74,1.46,R
Kumar Rocker,2025-06-28 00:00:00,6,2,2,4,1,6,97,7,0.74,1,5.37,1.33,SEA,,5.74,1.46,R
Kumar Rocker,2025-07-04 00:00:00,5.1,2,2,4,2,4,84,6,0.711,0,5.4,2,SD,,5.74,1.46,R
Kumar Rocker,2025-07-09 00:00:00,4.1,6,6,6,1,2,67,5,0.695,0,5.07,3.33,LAA,,5.74,1.46,R
Kumar Rocker,2025-07-19 00:00:00,6.1,0,0,1,3,5,96,10,0.73,1,5.1,2.67,DET,,5.74,1.46,R
Kumar Rocker,2025-07-26 00:00:00,4,3,3,5,3,5,95,7,0.72,1,4.73,3,ATL,,5.74,1.46,R
Kumar Rocker,2025-07-31 00:00:00,4.2,3,3,6,2,3,91,5,0.74,0,4.77,2,SEA,,5.74,1.46,R
Kyle Bradish,2025-08-26 00:00:00,6,2,2,4,0,10,81,5,0.745,1,6,2,BOS,,2.53,1.03,R
Kyle Bradish,2025-09-01 00:00:00,4,2,2,4,2,5,84,6,0.711,0,5,2,SD,,2.53,1.03,R
Kyle Bradish,2025-09-09 00:00:00,7,1,1,4,2,6,81,8,0.655,1,5.67,1.67,PIT,,2.53,1.03,R
Kyle Bradish,2025-09-15 00:00:00,5,1,1,4,4,9,88,6,0.675,0,5.33,1.33,CWS,,2.53,1.03,R
Kyle Bradish,2025-09-21 00:00:00,6,1,1,2,2,9,91,6,0.787,1,6,1,NYY,,2.53,1.03,R
Kyle Bradish,2025-09-28 00:00:00,4,2,2,5,0,8,69,7,0.787,0,5,1.33,NYY,,2.53,1.03,R
Kyle Freeland,2025-03-28 00:00:00,6,0,0,2,0,7,67,5,0.714,0,6,0,TB,,4.98,1.42,L
Kyle Freeland,2025-04-02 00:00:00,6.2,3,3,9,0,3,90,5,0.759,0,6.1,1.5,PHI,,4.98,1.42,L
Kyle Freeland,2025-04-08 00:00:00,6.1,5,5,8,0,5,100,6,0.736,1,6.1,2.67,MIL,,4.98,1.42,L
Kyle Freeland,2025-04-13 00:00:00,5,5,5,8,2,2,84,5,0.711,0,5.77,4.33,SD,,4.98,1.42,L
Kyle Freeland,2025-04-20 00:00:00,2,1,3,3,1,2,36,7,0.693,1,4.37,3.67,WSH,,4.98,1.42,L
Kyle Freeland,2025-04-25 00:00:00,4.1,6,6,10,1,4,89,5,0.706,1,3.7,4,CIN,,4.98,1.42,L
Kyle Freeland,2025-05-01 00:00:00,6,3,3,7,2,5,91,6,0.697,0,4.03,3.33,SF,,4.98,1.42,L
Kyle Freeland,2025-05-08 00:00:00,3,5,9,11,1,2,65,7,0.73,1,4.37,4.67,DET,,4.98,1.42,L
Kyle Freeland,2025-05-13 00:00:00,6,3,3,6,1,5,84,5,0.684,0,5,3.67,TEX,,4.98,1.42,L
Kyle Freeland,2025-05-19 00:00:00,5.1,1,1,7,2,6,94,6,0.759,1,4.7,3,PHI,,4.98,1.42,L
Kyle Freeland,2025-05-24 00:00:00,4.2,4,8,9,3,3,85,5,0.787,1,5.1,2.67,NYY,,4.98,1.42,L
Kyle Freeland,2025-05-30 00:00:00,6,3,3,7,0,4,90,6,0.753,0,5.1,2.67,NYM,,4.98,1.42,L
Kyle Freeland,2025-06-04 00:00:00,6.1,0,2,4,0,4,90,5,0.708,0,5.43,2.33,MIA,,4.98,1.42,L
Kyle Freeland,2025-06-11 00:00:00,6,3,3,7,2,5,90,7,0.697,1,6.03,2,SF,,4.98,1.42,L
Kyle Freeland,2025-06-27 00:00:00,4,6,6,8,3,2,67,16,0.736,0,5.37,3,MIL,,4.98,1.42,L
Kyle Freeland,2025-07-03 00:00:00,6,3,3,6,2,2,92,6,0.714,1,5.33,4,HOU,,4.98,1.42,L
Kyle Freeland,2025-07-08 00:00:00,5.2,3,3,4,2,6,88,5,0.745,0,5.07,4,BOS,,4.98,1.42,L
Kyle Freeland,2025-07-18 00:00:00,6,1,1,5,3,3,95,10,0.708,1,5.73,2.33,MIN,,4.98,1.42,L
Kyle Freeland,2025-07-25 00:00:00,6,4,4,7,1,4,93,7,0.699,0,5.73,2.67,BAL,,4.98,1.42,L
Kyle Freeland,2025-07-30 00:00:00,3,2,2,3,0,0,40,5,0.67,0,5,2.33,CLE,,4.98,1.42,L
Kyle Freeland,2025-08-06 00:00:00,4.2,6,6,7,2,4,76,7,0.761,1,4.4,4,TOR,,4.98,1.42,L
Kyle Freeland,2025-08-12 00:00:00,7.1,0,0,5,2,2,93,6,0.693,0,4.77,2.67,STL,,4.98,1.42,L
Kyle Freeland,2025-08-18 00:00:00,4,2,2,6,1,5,72,6,0.768,1,5.1,2.67,LAD,,4.98,1.42,L
Kyle Freeland,2025-08-23 00:00:00,5,5,5,7,3,6,94,5,0.655,0,5.37,2.33,PIT,,4.98,1.42,L
Kyle Freeland,2025-08-28 00:00:00,6,3,3,8,0,6,90,5,0.714,0,5,3.33,HOU,,4.98,1.42,L
Kyle Freeland,2025-09-02 00:00:00,0,2,2,2,0,0,8,5,0.697,1,3.67,3.33,SF,,4.98,1.42,L
Kyle Freeland,2025-09-05 00:00:00,8,0,0,2,0,10,88,3,0.711,1,4.67,1.67,SD,,4.98,1.42,L
Kyle Freeland,2025-09-10 00:00:00,5.2,1,4,9,1,5,86,5,0.768,0,4.4,1,LAD,,4.98,1.42,L
Kyle Freeland,2025-09-16 00:00:00,5.2,6,6,8,1,1,73,6,0.708,1,6.13,2.33,MIA,,4.98,1.42,L
Kyle Freeland,2025-09-21 00:00:00,6,1,1,5,1,7,85,5,0.695,1,5.47,2.67,LAA,,4.98,1.42,L
Kyle Freeland,2025-09-27 00:00:00,6,3,3,3,1,4,87,6,0.697,0,5.73,3.33,SF,,4.98,1.42,L
Kyle Gibson,2025-04-29 00:00:00,3.2,9,9,11,2,2,73,5,0.787,1,3.2,9,NYY,,16.78,2.92,R
Kyle Gibson,2025-05-04 00:00:00,4,3,3,5,1,3,81,5,0.706,1,3.6,6,KC,,16.78,2.92,R
Kyle Gibson,2025-05-10 00:00:00,4,5,5,7,3,4,79,6,0.695,0,3.73,5.67,LAA,,16.78,2.92,R
Kyle Gibson,2025-05-17 00:00:00,0.2,6,6,6,1,1,47,7,0.693,1,2.73,4.67,WSH,,16.78,2.92,R
Kyle Harrison,2025-05-06 00:00:00,1,0,0,0,0,2,11,5,0.751,0,1,0,CHC,,4.04,1.37,L
Kyle Harrison,2025-05-09 00:00:00,2,0,0,0,3,3,38,3,0.708,0,1.5,0,MIN,,4.04,1.37,L
Kyle Harrison,2025-05-13 00:00:00,1,1,1,1,0,0,12,4,0.757,1,1.33,0.33,AZ,,4.04,1.37,L
Kyle Harrison,2025-05-20 00:00:00,1.1,1,1,1,0,2,16,7,0.706,1,1.37,0.67,KC,,4.04,1.37,L
Kyle Harrison,2025-05-24 00:00:00,4,2,2,5,0,4,57,4,0.693,0,2.03,1.33,WSH,,4.04,1.37,L
Kyle Harrison,2025-05-30 00:00:00,5,0,0,1,3,5,80,6,0.708,0,3.37,1,MIA,,4.04,1.37,L
Kyle Harrison,2025-06-04 00:00:00,4.1,5,5,9,1,3,87,5,0.711,1,4.37,2.33,SD,,4.04,1.37,L
Kyle Harrison,2025-06-10 00:00:00,5,3,3,4,2,6,87,6,0.679,0,4.7,2.67,COL,,4.04,1.37,L
Kyle Harrison,2025-09-10 00:00:00,3,0,0,3,0,2,49,92,0.749,0,4.03,2.67,ATH,,4.04,1.37,L
Kyle Harrison,2025-09-20 00:00:00,6,1,1,4,2,5,86,10,0.714,0,4.67,1.33,TB,,4.04,1.37,L
Kyle Harrison,2025-09-26 00:00:00,3,3,3,7,3,6,65,6,0.73,1,4,1.33,DET,,4.04,1.37,L
Kyle Hart,2025-03-31 00:00:00,5,2,2,5,1,4,80,5,0.67,1,5,2,CLE,,5.86,1.19,L
Kyle Hart,2025-04-06 00:00:00,0.2,5,5,2,4,0,39,6,0.751,0,2.6,3.5,CHC,,5.86,1.19,L
Kyle Hart,2025-04-12 00:00:00,6,0,0,1,0,4,74,6,0.679,1,3.73,2.33,COL,,5.86,1.19,L
Kyle Hart,2025-04-18 00:00:00,5,5,5,10,0,2,79,6,0.714,0,3.73,3.33,HOU,,5.86,1.19,L
Kyle Hart,2025-04-23 00:00:00,4.1,2,2,5,1,6,70,5,0.73,0,5.03,2.33,DET,,5.86,1.19,L
Kyle Hart,2025-05-28 00:00:00,4.2,5,5,6,0,1,57,35,0.708,1,4.43,4,MIA,,5.86,1.19,L
Kyle Hart,2025-07-06 00:00:00,3.2,0,0,0,0,2,43,39,0.684,1,3.83,2.33,TEX,,5.86,1.19,L
Kyle Hart,2025-07-23 00:00:00,2,0,0,1,0,2,24,17,0.708,0,3.13,1.67,MIA,,5.86,1.19,L
Kyle Hart,2025-07-24 00:00:00,1,0,0,2,1,0,18,1,0.693,0,2.07,0,STL,,5.86,1.19,L
Kyle Hart,2025-08-31 00:00:00,1.1,3,3,1,1,1,29,38,0.708,0,1.37,1,MIN,,5.86,1.19,L
Kyle Hart,2025-09-01 00:00:00,1,0,0,0,0,1,10,1,0.699,1,1.03,1,BAL,,5.86,1.19,L
Kyle Hart,2025-09-03 00:00:00,1,0,0,0,0,1,16,2,0.699,1,1.03,1,BAL,,5.86,1.19,L
Kyle Hart,2025-09-10 00:00:00,0.2,1,1,1,0,1,14,7,0.706,1,0.73,0.33,CIN,,5.86,1.19,L
Kyle Hart,2025-09-13 00:00:00,1.2,1,1,1,0,3,28,3,0.679,1,0.8,0.67,COL,,5.86,1.19,L
Kyle Hart,2025-09-16 00:00:00,2,0,0,0,0,5,40,3,0.753,0,1.13,0.67,NYM,,5.86,1.19,L
Kyle Hart,2025-09-18 00:00:00,1,0,0,1,1,2,26,2,0.753,0,1.4,0.33,NYM,,5.86,1.19,L
Kyle Hart,2025-09-21 00:00:00,0.1,2,2,1,2,1,13,3,0.675,0,1.03,0.67,CWS,,5.86,1.19,L
Kyle Hart,2025-09-22 00:00:00,0.1,0,0,1,0,0,7,1,0.736,1,0.4,0.67,MIL,,5.86,1.19,L
Kyle Hart,2025-09-24 00:00:00,1,0,0,0,0,0,8,2,0.736,1,0.4,0.67,MIL,,5.86,1.19,L
Kyle Hart,2025-09-26 00:00:00,0.1,2,2,0,2,1,16,2,0.757,1,0.4,0.67,AZ,,5.86,1.19,L
Kyle Hendricks,2025-04-01 00:00:00,6,2,2,7,0,4,97,5,0.693,0,6,2,STL,,4.76,1.28,R
Kyle Hendricks,2025-04-08 00:00:00,5,0,0,2,2,4,83,7,0.714,0,5.5,1,TB,,4.76,1.28,R
Kyle Hendricks,2025-04-13 00:00:00,4,5,5,4,3,1,79,5,0.714,0,5,2.33,HOU,,4.76,1.28,R
Kyle Hendricks,2025-04-19 00:00:00,5,3,3,4,2,1,64,6,0.697,1,4.67,2.67,SF,,4.76,1.28,R
Kyle Hendricks,2025-04-25 00:00:00,3,7,7,3,5,3,90,6,0.708,0,4,5,MIN,,4.76,1.28,R
Kyle Hendricks,2025-05-03 00:00:00,7.2,1,1,4,0,3,102,8,0.73,1,5.07,3.67,DET,,4.76,1.28,R
Kyle Hendricks,2025-05-09 00:00:00,5,3,3,6,3,5,99,6,0.699,1,5.07,3.67,BAL,,4.76,1.28,R
Kyle Hendricks,2025-05-14 00:00:00,6,3,3,5,1,4,85,5,0.711,0,6.07,2.33,SD,,4.76,1.28,R
Kyle Hendricks,2025-05-20 00:00:00,5.2,4,4,9,0,3,90,6,0.749,0,5.4,3.33,ATH,,4.76,1.28,R
Kyle Hendricks,2025-05-25 00:00:00,6,3,3,7,0,5,87,5,0.708,1,5.73,3.33,MIA,,4.76,1.28,R
Kyle Hendricks,2025-05-31 00:00:00,5.2,4,4,7,2,6,86,6,0.67,0,5.47,3.67,CLE,,4.76,1.28,R
Kyle Hendricks,2025-06-06 00:00:00,6,4,4,8,2,2,85,6,0.74,1,5.73,3.67,SEA,,4.76,1.28,R
Kyle Hendricks,2025-06-11 00:00:00,6,2,3,7,1,3,88,5,0.749,1,5.73,3.33,ATH,,4.76,1.28,R
Kyle Hendricks,2025-06-17 00:00:00,6,0,0,4,1,9,98,6,0.787,0,6,2,NYY,,4.76,1.28,R
Kyle Hendricks,2025-06-22 00:00:00,5,3,5,8,1,2,69,5,0.714,1,5.67,1.67,HOU,,4.76,1.28,R
Kyle Hendricks,2025-06-28 00:00:00,5,1,1,5,0,5,74,6,0.693,1,5.33,1.33,WSH,,4.76,1.28,R
Kyle Hendricks,2025-07-04 00:00:00,5.1,3,3,4,0,2,82,6,0.761,0,5.03,2.33,TOR,,4.76,1.28,R
Kyle Hendricks,2025-07-09 00:00:00,3.2,4,5,6,1,3,78,5,0.684,1,4.43,2.67,TEX,,4.76,1.28,R
Kyle Hendricks,2025-07-22 00:00:00,4.2,3,3,5,1,2,67,13,0.753,0,4.17,3.33,NYM,,4.76,1.28,R
Kyle Hendricks,2025-07-27 00:00:00,6,1,1,2,1,3,71,5,0.74,1,4.47,2.67,SEA,,4.76,1.28,R
Kyle Hendricks,2025-08-02 00:00:00,5,1,1,4,2,2,73,6,0.675,1,5.07,1.67,CWS,,4.76,1.28,R
Kyle Hendricks,2025-08-08 00:00:00,5,3,3,5,0,6,63,6,0.73,0,5.33,1.67,DET,,4.76,1.28,R
Kyle Hendricks,2025-08-13 00:00:00,3.1,5,5,6,3,4,86,5,0.768,1,4.37,3,LAD,,4.76,1.28,R
Kyle Hendricks,2025-08-19 00:00:00,6,4,4,8,3,3,93,6,0.706,1,4.7,4,CIN,,4.76,1.28,R
Kyle Hendricks,2025-08-24 00:00:00,4.1,4,4,5,3,2,76,5,0.751,1,4.4,4.33,CHC,,4.76,1.28,R
Kyle Hendricks,2025-08-30 00:00:00,6,1,1,7,0,2,83,6,0.714,0,5.37,3,HOU,,4.76,1.28,R
Kyle Hendricks,2025-09-04 00:00:00,6,2,2,3,3,0,84,5,0.706,0,5.37,2.33,KC,,4.76,1.28,R
Kyle Hendricks,2025-09-09 00:00:00,7,0,0,4,1,6,80,5,0.708,1,6.33,1,MIN,,4.76,1.28,R
Kyle Hendricks,2025-09-14 00:00:00,3.1,9,9,10,2,6,69,5,0.74,0,5.37,3.67,SEA,,4.76,1.28,R
Kyle Hendricks,2025-09-20 00:00:00,7,0,0,3,0,5,85,6,0.679,0,5.7,3,COL,,4.76,1.28,R
Kyle Hendricks,2025-09-26 00:00:00,5,2,3,5,0,8,108,6,0.714,1,5.03,3.67,HOU,,4.76,1.28,R
Kyle Leahy,2025-03-27 00:00:00,0.2,1,1,1,1,0,22,5,0.708,1,0.2,1,MIN,,3.07,1.23,R
Kyle Leahy,2025-04-01 00:00:00,2,0,0,0,0,1,27,5,0.695,1,1.1,0.5,LAA,,3.07,1.23,R
Kyle Leahy,2025-04-02 00:00:00,0.2,0,0,0,1,0,11,1,0.695,1,0.8,0.33,LAA,,3.07,1.23,R
Kyle Leahy,2025-04-06 00:00:00,1.2,0,0,0,0,4,25,4,0.745,0,1.13,0,BOS,,3.07,1.23,R
Kyle Leahy,2025-04-08 00:00:00,1.2,0,0,0,0,3,22,2,0.655,0,0.87,0,PIT,,3.07,1.23,R
Kyle Leahy,2025-04-09 00:00:00,1,0,0,0,1,2,23,1,0.655,0,1.13,0,PIT,,3.07,1.23,R
Kyle Leahy,2025-04-13 00:00:00,1,0,0,0,0,0,6,4,0.759,1,1.07,0,PHI,,3.07,1.23,R
Kyle Leahy,2025-04-15 00:00:00,2,1,1,1,0,2,26,2,0.714,1,1.33,0.33,HOU,,3.07,1.23,R
Kyle Leahy,2025-04-16 00:00:00,1,0,0,1,0,1,14,1,0.714,1,1.33,0.33,HOU,,3.07,1.23,R
Kyle Leahy,2025-04-18 00:00:00,1.1,1,1,1,0,0,18,2,0.753,0,1.37,0.67,NYM,,3.07,1.23,R
Kyle Leahy,2025-04-21 00:00:00,1,0,0,0,0,1,13,3,0.72,0,1.03,0.33,ATL,,3.07,1.23,R
Kyle Leahy,2025-04-22 00:00:00,1,0,0,0,0,1,7,1,0.72,0,1.03,0.33,ATL,,3.07,1.23,R
Kyle Leahy,2025-04-23 00:00:00,0.2,0,0,0,0,1,9,1,0.72,0,0.73,0,ATL,,3.07,1.23,R
Kyle Leahy,2025-04-25 00:00:00,1,0,0,1,1,0,18,2,0.736,1,0.73,0,MIL,,3.07,1.23,R
Kyle Leahy,2025-04-30 00:00:00,1.2,0,0,0,1,0,14,5,0.706,0,0.8,0,CIN,,3.07,1.23,R
Kyle Leahy,2025-05-04 00:00:00,2,0,0,0,1,1,25,4,0.753,1,1.4,0,NYM,,3.07,1.23,R
Kyle Leahy,2025-05-05 00:00:00,1,0,0,0,1,1,18,1,0.655,1,1.4,0,PIT,,3.07,1.23,R
Kyle Leahy,2025-05-07 00:00:00,1,0,0,2,0,1,11,2,0.655,1,1.33,0,PIT,,3.07,1.23,R
Kyle Leahy,2025-05-12 00:00:00,2.1,0,0,2,0,2,35,5,0.759,0,1.37,0,PHI,,3.07,1.23,R
Kyle Leahy,2025-05-17 00:00:00,2,0,0,2,0,0,22,5,0.706,0,1.7,0,KC,,3.07,1.23,R
Kyle Leahy,2025-05-20 00:00:00,1.1,1,1,2,0,1,19,3,0.73,1,1.73,0.33,DET,,3.07,1.23,R
Kyle Leahy,2025-05-23 00:00:00,1,0,0,1,0,0,11,3,0.757,1,1.37,0.33,AZ,,3.07,1.23,R
Kyle Leahy,2025-05-24 00:00:00,0.1,3,3,3,0,0,10,1,0.757,1,0.73,1.33,AZ,,3.07,1.23,R
Kyle Leahy,2025-05-28 00:00:00,1,0,0,1,2,1,29,4,0.699,0,0.7,1,BAL,,3.07,1.23,R
Kyle Leahy,2025-06-01 00:00:00,0.2,1,1,2,1,0,16,4,0.684,0,0.43,1.33,TEX,,3.07,1.23,R
Kyle Leahy,2025-06-03 00:00:00,0.2,1,1,2,1,1,18,2,0.706,1,0.47,0.67,KC,,3.07,1.23,R
Kyle Leahy,2025-06-05 00:00:00,2,0,0,3,0,2,39,2,0.706,1,0.8,0.67,KC,,3.07,1.23,R
Kyle Leahy,2025-06-07 00:00:00,1,0,0,1,1,0,15,2,0.768,1,1.07,0.33,LAD,,3.07,1.23,R
Kyle Leahy,2025-06-10 00:00:00,1.2,1,1,3,0,1,22,3,0.761,1,1.4,0.33,TOR,,3.07,1.23,R
Kyle Leahy,2025-06-14 00:00:00,1.2,0,0,1,1,2,22,4,0.736,0,1.13,0.33,MIL,,3.07,1.23,R
Kyle Leahy,2025-06-15 00:00:00,1,0,0,1,0,2,19,1,0.736,0,1.13,0.33,MIL,,3.07,1.23,R
Kyle Leahy,2025-06-19 00:00:00,1.2,3,3,3,2,1,34,4,0.675,0,1.13,1,CWS,,3.07,1.23,R
Kyle Leahy,2025-06-22 00:00:00,2,1,1,1,0,2,21,3,0.706,1,1.4,1.33,CIN,,3.07,1.23,R
Kyle Leahy,2025-06-26 00:00:00,2,0,0,1,0,0,26,4,0.751,1,1.73,1.33,CHC,,3.07,1.23,R
Kyle Leahy,2025-07-02 00:00:00,1,0,0,1,0,2,16,6,0.655,0,1.67,0.33,PIT,,3.07,1.23,R
Kyle Leahy,2025-07-05 00:00:00,0.1,2,2,3,0,0,18,3,0.751,0,1.03,0.67,CHC,,3.07,1.23,R
Kyle Leahy,2025-07-06 00:00:00,1.1,0,0,1,0,1,17,1,0.751,0,0.73,0.67,CHC,,3.07,1.23,R
Kyle Leahy,2025-07-10 00:00:00,2,1,1,2,2,1,43,4,0.693,1,1.07,1,WSH,,3.07,1.23,R
Kyle Leahy,2025-07-18 00:00:00,2,0,0,0,1,3,24,8,0.757,0,1.7,0.33,AZ,,3.07,1.23,R
Kyle Leahy,2025-07-22 00:00:00,3.2,1,1,3,1,7,49,4,0.679,0,2.4,0.67,COL,,3.07,1.23,R
Kyle Leahy,2025-07-26 00:00:00,2.2,0,0,1,0,2,30,4,0.711,1,2.47,0.33,SD,,3.07,1.23,R
Kyle Leahy,2025-07-29 00:00:00,0.1,0,0,0,0,0,6,3,0.708,1,1.83,0.33,MIA,,3.07,1.23,R
Kyle Leahy,2025-07-30 00:00:00,0.1,0,0,0,0,0,2,1,0.708,1,0.8,0,MIA,,3.07,1.23,R
Kyle Leahy,2025-08-02 00:00:00,1.2,0,0,0,0,1,16,3,0.711,0,0.47,0,SD,,3.07,1.23,R
Kyle Leahy,2025-08-06 00:00:00,2.2,0,0,1,0,4,31,4,0.768,0,1.17,0,LAD,,3.07,1.23,R
Kyle Leahy,2025-08-11 00:00:00,2.1,0,0,1,0,2,29,5,0.679,1,1.83,0,COL,,3.07,1.23,R
Kyle Leahy,2025-08-13 00:00:00,1,1,1,1,0,1,14,2,0.679,1,1.77,0.33,COL,,3.07,1.23,R
Kyle Leahy,2025-08-16 00:00:00,0,3,3,4,0,0,14,3,0.787,1,1.03,1.33,NYY,,3.07,1.23,R
Kyle Leahy,2025-08-17 00:00:00,1.1,1,1,2,1,2,27,1,0.787,1,0.7,1.67,NYY,,3.07,1.23,R
Kyle Leahy,2025-08-21 00:00:00,1,1,1,3,2,0,25,4,0.714,0,0.7,1.67,TB,,3.07,1.23,R
Kyle Leahy,2025-08-25 00:00:00,1,0,1,1,1,2,24,4,0.655,1,1.03,0.67,PIT,,3.07,1.23,R
Kyle Leahy,2025-08-28 00:00:00,2,0,0,0,2,4,38,3,0.655,1,1.33,0.33,PIT,,3.07,1.23,R
Kyle Leahy,2025-08-30 00:00:00,1.1,0,0,2,0,0,16,2,0.706,0,1.37,0,CIN,,3.07,1.23,R
Kyle Leahy,2025-09-03 00:00:00,2,1,1,3,1,2,34,4,0.749,1,1.7,0.33,ATH,,3.07,1.23,R
Kyle Leahy,2025-09-06 00:00:00,2,0,0,2,0,1,22,3,0.697,1,1.7,0.33,SF,,3.07,1.23,R
Kyle Leahy,2025-09-09 00:00:00,2,0,0,2,0,3,30,3,0.74,0,2,0.33,SEA,,3.07,1.23,R
Kyle Leahy,2025-09-13 00:00:00,1.1,1,2,3,0,1,31,4,0.736,0,1.7,0.33,MIL,,3.07,1.23,R
Kyle Leahy,2025-09-15 00:00:00,1,4,4,4,1,2,33,2,0.706,1,1.37,1.67,CIN,,3.07,1.23,R
Kyle Leahy,2025-09-20 00:00:00,2,0,0,1,0,1,24,5,0.736,1,1.37,1.67,MIL,,3.07,1.23,R
Kyle Leahy,2025-09-22 00:00:00,1,0,0,0,1,1,21,2,0.697,0,1.33,1.33,SF,,3.07,1.23,R
Kyle Leahy,2025-09-24 00:00:00,1,0,0,2,0,2,13,2,0.697,0,1.33,0,SF,,3.07,1.23,R
Kyle Leahy,2025-09-28 00:00:00,3,0,0,1,0,1,39,4,0.751,0,1.67,0,CHC,,3.07,1.23,R
Lake Bachar,2025-03-27 00:00:00,1.1,2,2,1,0,2,25,5,0.655,1,1.1,2,PIT,,3.93,1.2,R
Lake Bachar,2025-03-29 00:00:00,2,0,1,0,3,1,21,2,0.655,1,1.55,1,PIT,,3.93,1.2,R
Lake Bachar,2025-04-01 00:00:00,1,0,0,0,0,0,13,3,0.753,1,1.37,0.67,NYM,,3.93,1.2,R
Lake Bachar,2025-04-02 00:00:00,1,0,0,0,1,1,11,1,0.753,1,1.33,0,NYM,,3.93,1.2,R
Lake Bachar,2025-04-07 00:00:00,1.2,0,0,0,1,2,25,5,0.753,0,1.07,0,NYM,,3.93,1.2,R
Lake Bachar,2025-04-09 00:00:00,1,0,0,0,0,1,11,2,0.753,0,1.07,0,NYM,,3.93,1.2,R
Lake Bachar,2025-04-11 00:00:00,1,0,0,0,1,0,18,2,0.693,1,1.07,0,WSH,,3.93,1.2,R
Lake Bachar,2025-04-15 00:00:00,1,0,0,1,0,0,14,4,0.757,1,1,0,AZ,,3.93,1.2,R
Lake Bachar,2025-04-17 00:00:00,2.1,0,0,0,2,5,52,2,0.757,1,1.37,0,AZ,,3.93,1.2,R
Lake Bachar,2025-04-22 00:00:00,1,0,0,1,0,2,16,5,0.706,1,1.37,0,CIN,,3.93,1.2,R
Lake Bachar,2025-04-26 00:00:00,0.2,0,0,0,0,1,9,4,0.74,0,1.1,0,SEA,,3.93,1.2,R
Lake Bachar,2025-04-28 00:00:00,1,0,0,1,0,1,16,2,0.768,0,0.73,0,LAD,,3.93,1.2,R
Lake Bachar,2025-04-30 00:00:00,1,1,1,2,0,0,12,2,0.768,0,0.73,0.33,LAD,,3.93,1.2,R
Lake Bachar,2025-05-03 00:00:00,2,1,1,1,2,4,40,3,0.749,1,1.33,0.67,ATH,,3.93,1.2,R
Lake Bachar,2025-05-06 00:00:00,0.2,1,1,0,1,0,10,3,0.768,1,1.07,1,LAD,,3.93,1.2,R
Lake Bachar,2025-05-07 00:00:00,0.1,6,6,4,3,1,31,1,0.768,1,0.77,2.67,LAD,,3.93,1.2,R
Lake Bachar,2025-05-10 00:00:00,1,0,0,0,1,0,11,3,0.675,0,0.43,2.33,CWS,,3.93,1.2,R
Lake Bachar,2025-05-14 00:00:00,1,0,0,0,0,1,11,4,0.751,0,0.7,2,CHC,,3.93,1.2,R
Lake Bachar,2025-05-16 00:00:00,1,0,0,2,0,1,16,2,0.714,1,1,0,TB,,3.93,1.2,R
Lake Bachar,2025-05-17 00:00:00,1,0,0,1,0,1,17,1,0.714,1,1,0,TB,,3.93,1.2,R
Lake Bachar,2025-05-20 00:00:00,1,2,2,3,0,2,19,3,0.751,1,1,0.67,CHC,,3.93,1.2,R
Lake Bachar,2025-05-23 00:00:00,2.2,1,1,1,1,4,34,3,0.695,0,1.4,1,LAA,,3.93,1.2,R
Lake Bachar,2025-06-11 00:00:00,3,1,1,1,2,2,34,19,0.655,0,2.07,1.33,PIT,,3.93,1.2,R
Lake Bachar,2025-06-15 00:00:00,2,0,0,1,0,2,29,4,0.693,0,2.4,0.67,WSH,,3.93,1.2,R
Lake Bachar,2025-06-18 00:00:00,2.1,0,0,2,2,3,42,3,0.759,1,2.37,0.33,PHI,,3.93,1.2,R
Lake Bachar,2025-06-21 00:00:00,2.1,0,0,3,1,1,37,3,0.72,1,2.07,0,ATL,,3.93,1.2,R
Lake Bachar,2025-06-26 00:00:00,1.2,0,0,1,0,1,22,5,0.697,0,1.8,0,SF,,3.93,1.2,R
Lake Bachar,2025-06-29 00:00:00,2,0,0,0,0,3,20,3,0.757,0,1.77,0,AZ,,3.93,1.2,R
Lake Bachar,2025-07-05 00:00:00,1,0,0,0,0,0,8,6,0.736,1,1.4,0,MIL,,3.93,1.2,R
Lake Bachar,2025-07-07 00:00:00,2.2,0,0,2,0,3,39,2,0.706,0,1.73,0,CIN,,3.93,1.2,R
Lake Bachar,2025-07-11 00:00:00,1,0,0,1,0,2,20,4,0.699,0,1.4,0,BAL,,3.93,1.2,R
Lake Bachar,2025-07-18 00:00:00,1,1,2,2,0,1,14,7,0.706,1,1.4,0.33,KC,,3.93,1.2,R
Lake Bachar,2025-07-28 00:00:00,1.2,1,1,3,0,3,31,10,0.693,0,1.07,0.67,STL,,3.93,1.2,R
Lake Bachar,2025-08-01 00:00:00,1,1,1,1,1,2,25,4,0.787,1,1.07,1,NYY,,3.93,1.2,R
Lake Bachar,2025-08-03 00:00:00,1,0,0,1,0,3,18,2,0.787,1,1.07,0.67,NYY,,3.93,1.2,R
Lake Bachar,2025-08-06 00:00:00,1,0,0,1,0,1,16,3,0.714,1,1,0.33,HOU,,3.93,1.2,R
Lake Bachar,2025-08-10 00:00:00,0.2,0,0,0,0,1,10,4,0.72,0,0.73,0,ATL,,3.93,1.2,R
Lake Bachar,2025-08-14 00:00:00,0.2,0,0,0,0,1,7,4,0.67,0,0.47,0,CLE,,3.93,1.2,R
Lake Bachar,2025-08-15 00:00:00,1,0,0,0,0,0,13,1,0.745,0,0.47,0,BOS,,3.93,1.2,R
Lake Bachar,2025-08-18 00:00:00,2,1,2,4,1,1,46,3,0.693,1,1.07,0.33,STL,,3.93,1.2,R
Lake Bachar,2025-08-24 00:00:00,1.2,1,1,1,2,2,31,6,0.761,1,1.4,0.67,TOR,,3.93,1.2,R
Lake Bachar,2025-08-28 00:00:00,1,2,2,1,1,2,26,4,0.753,0,1.4,1.33,NYM,,3.93,1.2,R
Lake Bachar,2025-08-30 00:00:00,1,0,0,0,1,1,18,2,0.753,0,1.07,1,NYM,,3.93,1.2,R
Lake Bachar,2025-09-01 00:00:00,2,2,2,2,0,2,39,2,0.693,0,1.33,1.33,WSH,,3.93,1.2,R
Lake Bachar,2025-09-05 00:00:00,1,3,3,3,0,0,25,4,0.759,1,1.33,1.67,PHI,,3.93,1.2,R
Lake Bachar,2025-09-07 00:00:00,1,1,1,1,2,0,28,2,0.759,1,1.33,2,PHI,,3.93,1.2,R
Lake Bachar,2025-09-10 00:00:00,0.2,0,0,1,0,0,6,3,0.693,1,0.73,1.33,WSH,,3.93,1.2,R
Lake Bachar,2025-09-13 00:00:00,1,0,0,0,0,2,12,3,0.73,1,0.73,0.33,DET,,3.93,1.2,R
Lake Bachar,2025-09-17 00:00:00,2,0,0,0,0,2,25,4,0.679,0,1.07,0,COL,,3.93,1.2,R
Lake Bachar,2025-09-19 00:00:00,1,0,0,0,0,0,11,2,0.684,0,1.33,0,TEX,,3.93,1.2,R
Lake Bachar,2025-09-21 00:00:00,2,2,2,3,1,2,40,2,0.684,0,1.67,0.67,TEX,,3.93,1.2,R
Lake Bachar,2025-09-24 00:00:00,1.1,1,1,1,0,2,12,3,0.759,0,1.37,1,PHI,,3.93,1.2,R
Lake Bachar,2025-09-27 00:00:00,0.2,0,0,1,0,0,7,3,0.753,1,1.1,1,NYM,,3.93,1.2,R
Landen Roupp,2025-04-02 00:00:00,4,3,3,4,4,8,83,5,0.714,0,4,3,HOU,,3.8,1.48,R
Landen Roupp,2025-04-08 00:00:00,6,1,1,7,0,4,81,6,0.706,1,5,2,CIN,,3.8,1.48,R
Landen Roupp,2025-04-14 00:00:00,5,4,4,6,3,8,101,6,0.759,0,5,2.67,PHI,,3.8,1.48,R
Landen Roupp,2025-04-19 00:00:00,7,2,2,5,1,9,96,5,0.695,0,6,2.33,LAA,,3.8,1.48,R
Landen Roupp,2025-04-24 00:00:00,3.2,3,5,6,3,2,78,5,0.736,1,5.07,3,MIL,,3.8,1.48,R
Landen Roupp,2025-04-30 00:00:00,4.1,4,4,7,3,4,92,6,0.711,0,4.77,3,SD,,3.8,1.48,R
Landen Roupp,2025-05-05 00:00:00,5,2,4,5,0,4,77,5,0.751,0,4.1,3,CHC,,3.8,1.48,R
Landen Roupp,2025-05-11 00:00:00,5,2,3,5,0,3,75,6,0.708,0,4.7,2.67,MIN,,3.8,1.48,R
Landen Roupp,2025-05-17 00:00:00,6,0,0,5,2,5,92,6,0.749,1,5.33,1.33,ATH,,3.8,1.48,R
Landen Roupp,2025-05-23 00:00:00,6,0,0,5,2,2,76,6,0.693,0,5.67,0.67,WSH,,3.8,1.48,R
Landen Roupp,2025-05-28 00:00:00,4,1,4,5,2,7,81,5,0.73,0,5.33,0.33,DET,,3.8,1.48,R
Landen Roupp,2025-06-03 00:00:00,6.1,0,0,4,2,5,92,6,0.711,1,5.37,0.33,SD,,3.8,1.48,R
Landen Roupp,2025-06-08 00:00:00,6,3,3,5,2,2,95,5,0.72,1,5.37,1.33,ATL,,3.8,1.48,R
Landen Roupp,2025-06-14 00:00:00,1.2,6,6,4,5,0,45,6,0.768,0,4.43,3,LAD,,3.8,1.48,R
Landen Roupp,2025-06-21 00:00:00,6,0,0,3,3,7,90,7,0.745,1,4.4,3,BOS,,3.8,1.48,R
Landen Roupp,2025-06-27 00:00:00,5.1,0,1,7,2,4,94,6,0.675,0,4.1,2,CWS,,3.8,1.48,R
Landen Roupp,2025-07-02 00:00:00,4,2,2,5,4,4,81,5,0.757,0,5.03,0.67,AZ,,3.8,1.48,R
Landen Roupp,2025-07-07 00:00:00,5,1,1,4,2,3,100,5,0.759,1,4.7,1,PHI,,3.8,1.48,R
Landen Roupp,2025-07-12 00:00:00,6,1,2,7,1,8,104,5,0.768,1,5,1.33,LAD,,3.8,1.48,R
Landen Roupp,2025-07-22 00:00:00,5,0,0,4,1,6,87,10,0.72,0,5.33,0.67,ATL,,3.8,1.48,R
Landen Roupp,2025-08-15 00:00:00,3,5,5,5,1,5,66,24,0.714,1,4.67,2,TB,,3.8,1.48,R
Landen Roupp,2025-08-20 00:00:00,2.1,5,5,5,2,2,65,5,0.711,0,3.37,3.33,SD,,3.8,1.48,R
Landon Knack,2025-04-09 00:00:00,2.1,5,5,4,4,2,69,5,0.693,0,2.1,5,WSH,,4.89,1.39,R
Landon Knack,2025-04-15 00:00:00,4.1,2,2,4,2,2,65,6,0.679,1,3.1,3.5,COL,,4.89,1.39,R
Landon Knack,2025-05-07 00:00:00,5,0,0,4,1,5,75,22,0.708,0,3.73,2.33,MIA,,4.89,1.39,R
Landon Knack,2025-05-13 00:00:00,4.2,5,5,7,1,8,94,6,0.749,1,4.43,2.33,ATH,,4.89,1.39,R
Landon Knack,2025-05-19 00:00:00,5,4,4,6,2,3,106,6,0.757,1,4.73,3,AZ,,4.89,1.39,R
Landon Knack,2025-05-25 00:00:00,6,1,3,4,0,5,91,6,0.753,0,5.07,3.33,NYM,,4.89,1.39,R
Landon Knack,2025-05-31 00:00:00,6,1,1,5,3,6,102,6,0.787,1,5.67,2,NYY,,4.89,1.39,R
Landon Knack,2025-06-05 00:00:00,3.1,4,4,4,5,1,86,5,0.753,1,5.03,2,NYM,,4.89,1.39,R
Landon Knack,2025-09-28 00:00:00,3.2,1,1,1,1,7,55,115,0.74,0,4.1,2,SEA,,4.89,1.39,R
Logan Allen,2025-04-01 00:00:00,5.1,4,4,7,5,1,89,5,0.711,0,5.1,4,SD,,4.25,1.4,L
Logan Allen,2025-04-09 00:00:00,4.2,0,1,4,2,4,83,8,0.675,1,4.65,2,CWS,,4.25,1.4,L
Logan Allen,2025-04-15 00:00:00,5.2,0,0,2,2,6,95,6,0.699,0,4.83,1.33,BAL,,4.25,1.4,L
Logan Allen,2025-04-20 00:00:00,5.2,1,1,5,1,5,95,5,0.655,0,4.87,0.33,PIT,,4.25,1.4,L
Logan Allen,2025-04-27 00:00:00,4.1,7,7,9,3,2,96,7,0.745,1,4.83,2.67,BOS,,4.25,1.4,L
Logan Allen,2025-05-02 00:00:00,5.2,2,3,6,2,4,104,5,0.761,0,4.83,3.33,TOR,,4.25,1.4,L
Logan Allen,2025-05-07 00:00:00,4,3,3,7,4,3,91,5,0.693,0,4.43,4,WSH,,4.25,1.4,L
Logan Allen,2025-05-13 00:00:00,6,0,0,3,1,6,89,6,0.736,1,5.07,1.67,MIL,,4.25,1.4,L
Logan Allen,2025-05-19 00:00:00,3,2,2,4,1,3,53,6,0.708,0,4.33,1.67,MIN,,4.25,1.4,L
Logan Allen,2025-05-25 00:00:00,3.2,4,5,6,4,2,97,6,0.73,0,4.07,2,DET,,4.25,1.4,L
Logan Allen,2025-05-31 00:00:00,1,0,0,0,0,2,15,6,0.695,1,2.4,2,LAA,,4.25,1.4,L
Logan Allen,2025-06-06 00:00:00,6,4,4,7,2,2,88,6,0.714,1,3.4,2.67,HOU,,4.25,1.4,L
Logan Allen,2025-06-11 00:00:00,6,2,2,4,1,6,96,5,0.706,1,4.33,2,CIN,,4.25,1.4,L
Logan Allen,2025-06-18 00:00:00,5.1,2,2,4,2,4,95,7,0.697,0,5.7,2.67,SF,,4.25,1.4,L
Logan Allen,2025-06-24 00:00:00,5.2,3,4,8,2,4,104,6,0.761,1,5.43,2.33,TOR,,4.25,1.4,L
Logan Allen,2025-06-29 00:00:00,6,3,3,6,2,6,98,5,0.693,1,5.43,2.67,STL,,4.25,1.4,L
Logan Allen,2025-07-05 00:00:00,6,1,1,2,2,5,95,6,0.73,1,5.73,2.33,DET,,4.25,1.4,L
Logan Allen,2025-07-11 00:00:00,6,2,2,1,2,5,92,6,0.675,0,6,2,CWS,,4.25,1.4,L
Logan Allen,2025-07-19 00:00:00,5.1,3,3,8,1,4,77,8,0.749,1,5.7,2,ATH,,4.25,1.4,L
Logan Allen,2025-07-24 00:00:00,6.1,4,4,7,0,4,92,5,0.699,1,5.73,3,BAL,,4.25,1.4,L
Logan Allen,2025-07-29 00:00:00,7,2,2,8,1,3,113,5,0.679,1,6.07,3,COL,,4.25,1.4,L
Logan Allen,2025-08-05 00:00:00,5,1,2,4,4,6,88,7,0.753,0,6.03,2.33,NYM,,4.25,1.4,L
Logan Allen,2025-08-12 00:00:00,5,2,3,5,4,5,93,7,0.708,1,5.67,1.67,MIA,,4.25,1.4,L
Logan Allen,2025-08-17 00:00:00,4.2,1,3,5,3,6,107,5,0.72,1,4.73,1.33,ATL,,4.25,1.4,L
Logan Allen,2025-08-23 00:00:00,5,9,9,8,3,2,96,6,0.684,0,4.73,4,TEX,,4.25,1.4,L
Logan Allen,2025-08-29 00:00:00,6,4,4,6,3,5,100,6,0.74,1,5.07,4.67,SEA,,4.25,1.4,L
Logan Allen,2025-09-04 00:00:00,5,3,4,6,2,4,92,6,0.714,0,5.33,5.33,TB,,4.25,1.4,L
Logan Allen,2025-09-10 00:00:00,5,1,2,6,0,2,86,6,0.706,1,5.33,2.67,KC,,4.25,1.4,L
Logan Allen,2025-09-20 00:00:00,8,0,0,4,1,7,102,10,0.708,0,6,1.33,MIN,,4.25,1.4,L
Logan Allen,2025-09-28 00:00:00,4.1,4,4,5,2,4,88,8,0.684,1,5.7,1.67,TEX,,4.25,1.4,L
Logan Evans,2025-04-27 00:00:00,5,2,2,2,3,3,78,5,0.708,1,5,2,MIA,,4.32,1.39,R
Logan Evans,2025-05-04 00:00:00,5,1,6,10,2,5,92,7,0.684,0,5,1.5,TEX,,4.32,1.39,R
Logan Evans,2025-05-10 00:00:00,5,3,3,5,2,3,86,6,0.761,1,5,2,TOR,,4.32,1.39,R
Logan Evans,2025-05-16 00:00:00,6,0,0,7,1,3,89,6,0.711,0,5.33,1.33,SD,,4.32,1.39,R
Logan Evans,2025-05-21 00:00:00,6,4,4,6,1,7,90,5,0.675,0,5.67,2.33,CWS,,4.32,1.39,R
Logan Evans,2025-05-27 00:00:00,8,1,1,4,1,4,88,6,0.693,1,6.67,1.67,WSH,,4.32,1.39,R
Logan Evans,2025-06-10 00:00:00,5,4,4,7,2,5,87,14,0.757,0,6.33,3,AZ,,4.32,1.39,R
Logan Evans,2025-07-03 00:00:00,5.2,0,0,3,1,3,95,23,0.706,1,6.07,1.67,KC,,4.32,1.39,R
Logan Evans,2025-07-09 00:00:00,4.2,6,6,9,2,2,90,6,0.787,0,4.8,3.33,NYY,,4.32,1.39,R
Logan Evans,2025-07-19 00:00:00,4,2,2,6,3,5,88,10,0.714,1,4.47,2.67,HOU,,4.32,1.39,R
Logan Evans,2025-07-24 00:00:00,5,1,1,3,3,3,79,5,0.695,0,4.4,3,LAA,,4.32,1.39,R
Logan Evans,2025-07-29 00:00:00,4.2,6,6,7,2,7,87,5,0.749,0,4.4,3,ATH,,4.32,1.39,R
Logan Evans,2025-08-03 00:00:00,5,3,3,5,0,3,80,5,0.684,1,4.73,3.33,TEX,,4.32,1.39,R
Logan Evans,2025-08-09 00:00:00,5.1,3,3,3,3,4,90,6,0.714,1,4.77,4,TB,,4.32,1.39,R
Logan Evans,2025-08-14 00:00:00,4,2,3,3,4,1,70,5,0.699,0,4.7,2.67,BAL,,4.32,1.39,R
Logan Evans,2025-09-27 00:00:00,3,1,1,2,1,1,49,44,0.768,1,4.03,2,LAD,,4.32,1.39,R
Logan Gilbert,2025-03-27 00:00:00,7,1,1,2,0,8,83,5,0.749,1,7,1,ATH,,3.44,1.03,R
Logan Gilbert,2025-04-01 00:00:00,5,3,3,5,1,10,92,5,0.73,1,6,2,DET,,3.44,1.03,R
Logan Gilbert,2025-04-07 00:00:00,5.2,1,1,1,2,7,99,6,0.714,1,5.73,1.67,HOU,,3.44,1.03,R
Logan Gilbert,2025-04-13 00:00:00,5,1,1,3,1,7,94,6,0.684,1,5.07,1.67,TEX,,3.44,1.03,R
Logan Gilbert,2025-04-19 00:00:00,4.2,2,2,7,2,9,102,6,0.761,0,4.8,1.33,TOR,,3.44,1.03,R
Logan Gilbert,2025-04-25 00:00:00,3,0,0,0,0,3,29,6,0.708,1,4.07,1,MIA,,3.44,1.03,R
Logan Gilbert,2025-06-16 00:00:00,5,2,2,3,1,10,84,52,0.745,1,4.07,1.33,BOS,,3.44,1.03,R
Logan Gilbert,2025-06-22 00:00:00,5,4,4,8,0,6,90,6,0.751,0,4.33,2,CHC,,3.44,1.03,R
Logan Gilbert,2025-06-27 00:00:00,5.1,4,4,5,1,7,84,5,0.684,0,5.03,3.33,TEX,,3.44,1.03,R
Logan Gilbert,2025-07-02 00:00:00,4.2,1,1,3,3,7,95,5,0.706,1,4.77,3,KC,,3.44,1.03,R
Logan Gilbert,2025-07-08 00:00:00,5.1,4,5,6,2,5,88,6,0.787,0,4.8,3,NYY,,3.44,1.03,R
Logan Gilbert,2025-07-13 00:00:00,5.1,0,2,6,2,9,94,5,0.73,0,4.8,1.67,DET,,3.44,1.03,R
Logan Gilbert,2025-07-22 00:00:00,6.1,0,0,2,0,10,86,9,0.736,1,5.43,1.33,MIL,,3.44,1.03,R
Logan Gilbert,2025-07-27 00:00:00,5,4,4,3,3,7,88,5,0.695,0,5.4,1.33,LAA,,3.44,1.03,R
Logan Gilbert,2025-08-01 00:00:00,6,3,3,5,0,7,88,5,0.684,1,5.7,2.33,TEX,,3.44,1.03,R
Logan Gilbert,2025-08-07 00:00:00,5,1,1,2,3,6,94,6,0.675,1,5.33,2.67,CWS,,3.44,1.03,R
Logan Gilbert,2025-08-13 00:00:00,6.1,2,2,4,2,6,79,6,0.699,0,5.7,2,BAL,,3.44,1.03,R
Logan Gilbert,2025-08-18 00:00:00,2,6,6,9,0,1,65,5,0.759,0,4.37,3,PHI,,3.44,1.03,R
Logan Gilbert,2025-08-24 00:00:00,6,1,1,3,1,13,93,6,0.749,1,4.7,3,ATH,,3.44,1.03,R
Logan Gilbert,2025-08-30 00:00:00,6,3,3,3,2,6,93,6,0.67,0,4.67,3.33,CLE,,3.44,1.03,R
Logan Gilbert,2025-09-05 00:00:00,6,1,1,5,1,7,86,6,0.72,0,6,1.67,ATL,,3.44,1.03,R
Logan Gilbert,2025-09-10 00:00:00,4.2,1,1,5,1,8,95,5,0.693,1,5.4,1.67,STL,,3.44,1.03,R
Logan Gilbert,2025-09-16 00:00:00,5.2,2,2,7,1,5,89,6,0.706,0,5.13,1.33,KC,,3.44,1.03,R
Logan Gilbert,2025-09-21 00:00:00,6,1,1,3,1,4,91,5,0.714,0,5.13,1.33,HOU,,3.44,1.03,R
Logan Gilbert,2025-09-27 00:00:00,5,2,2,4,1,5,75,6,0.768,1,5.4,1.67,LAD,,3.44,1.03,R
Logan Gilbert,2025-10-07 00:00:00,6,1,1,4,0,7,85,10,0.73,0,5.67,1.33,DET,,3.44,1.03,R
Logan Gilbert,2025-10-10 00:00:00,2,0,0,3,1,2,34,3,0.73,1,4.33,1,DET,,3.44,1.03,R
Logan Gilbert,2025-10-13 00:00:00,3,2,3,5,1,2,58,3,0.761,0,3.67,1,TOR,,3.44,1.03,R
Logan Gilbert,2025-10-19 00:00:00,4,4,5,7,1,3,75,6,0.761,0,3,2,TOR,,3.44,1.03,R
Logan Henderson,2025-04-20 00:00:00,6,1,1,3,1,9,83,5,0.749,1,6,1,ATH,,1.78,0.99,R
Logan Henderson,2025-05-14 00:00:00,5,2,2,4,1,7,72,24,0.67,0,5.5,1.5,CLE,,1.78,0.99,R
Logan Henderson,2025-05-20 00:00:00,5,0,0,2,2,7,90,6,0.699,1,5.33,1,BAL,,1.78,0.99,R
Logan Henderson,2025-05-25 00:00:00,5,1,1,5,2,6,89,5,0.655,0,5,1,PIT,,1.78,0.99,R
Logan Henderson,2025-08-03 00:00:00,4.1,1,1,3,2,4,76,70,0.693,0,4.7,0.67,WSH,,1.78,0.99,R
Logan Webb,2025-03-27 00:00:00,5,3,3,6,3,5,78,5,0.706,0,5,3,CIN,,3.22,1.24,R
Logan Webb,2025-04-01 00:00:00,7,1,1,5,0,6,100,5,0.714,0,6,2,HOU,,3.22,1.24,R
Logan Webb,2025-04-07 00:00:00,7,0,0,4,0,10,97,6,0.706,1,6.33,1.33,CIN,,3.22,1.24,R
Logan Webb,2025-04-13 00:00:00,5,3,3,5,4,5,97,6,0.787,0,6.33,1.33,NYY,,3.22,1.24,R
Logan Webb,2025-04-18 00:00:00,6,1,2,4,0,12,105,5,0.695,0,6,1.33,LAA,,3.22,1.24,R
Logan Webb,2025-04-23 00:00:00,6.1,0,0,6,3,6,106,5,0.736,1,5.7,1.33,MIL,,3.22,1.24,R
Logan Webb,2025-04-29 00:00:00,5,5,5,9,1,6,79,6,0.711,0,5.7,2,SD,,3.22,1.24,R
Logan Webb,2025-05-04 00:00:00,7,1,1,6,2,6,96,5,0.679,1,6.03,2,COL,,3.22,1.24,R
Logan Webb,2025-05-10 00:00:00,7,2,2,5,1,9,103,6,0.708,0,6.33,2.67,MIN,,3.22,1.24,R
Logan Webb,2025-05-16 00:00:00,8,1,1,5,2,4,107,6,0.749,1,7.33,1.33,ATH,,3.22,1.24,R
Logan Webb,2025-05-21 00:00:00,4,3,6,10,0,5,77,5,0.706,1,6.33,2,KC,,3.22,1.24,R
Logan Webb,2025-05-27 00:00:00,6,3,3,7,1,10,104,6,0.73,0,6,2.33,DET,,3.22,1.24,R
Logan Webb,2025-06-02 00:00:00,8,0,0,6,0,7,102,6,0.711,1,6,2,SD,,3.22,1.24,R
Logan Webb,2025-06-07 00:00:00,6,2,2,6,0,10,100,5,0.72,1,6.67,1.67,ATL,,3.22,1.24,R
Logan Webb,2025-06-13 00:00:00,7,2,2,2,3,4,98,6,0.768,0,7,1.33,LAD,,3.22,1.24,R
Logan Webb,2025-06-19 00:00:00,7,1,1,7,0,9,97,6,0.67,1,6.67,1.67,CLE,,3.22,1.24,R
Logan Webb,2025-06-25 00:00:00,6,2,2,6,3,6,102,6,0.708,1,6.67,1.67,MIA,,3.22,1.24,R
Logan Webb,2025-06-30 00:00:00,6.1,3,3,7,1,7,104,5,0.757,0,6.37,2,AZ,,3.22,1.24,R
Logan Webb,2025-07-05 00:00:00,6.2,2,2,7,3,6,108,5,0.749,0,6.1,2.33,ATH,,3.22,1.24,R
Logan Webb,2025-07-11 00:00:00,5.1,6,6,6,1,6,91,6,0.768,1,5.8,3.67,LAD,,3.22,1.24,R
Logan Webb,2025-07-19 00:00:00,6,4,4,11,1,1,80,8,0.761,0,5.77,4,TOR,,3.22,1.24,R
Logan Webb,2025-07-25 00:00:00,4,6,6,8,1,4,81,6,0.753,1,5.03,5.33,NYM,,3.22,1.24,R
Logan Webb,2025-07-30 00:00:00,5.2,1,1,5,4,11,109,5,0.655,1,5.07,3.67,PIT,,3.22,1.24,R
Logan Webb,2025-08-05 00:00:00,6,1,1,7,0,10,110,6,0.655,0,5.07,2.67,PIT,,3.22,1.24,R
Logan Webb,2025-08-11 00:00:00,6.1,4,4,8,1,3,98,6,0.711,1,5.77,2,SD,,3.22,1.24,R
Logan Webb,2025-08-17 00:00:00,7,0,0,3,0,7,86,6,0.714,1,6.37,1.67,TB,,3.22,1.24,R
Logan Webb,2025-08-23 00:00:00,6,1,1,5,2,5,94,6,0.736,0,6.37,1.67,MIL,,3.22,1.24,R
Logan Webb,2025-08-28 00:00:00,7,3,3,7,0,7,94,5,0.751,1,6.67,1.33,CHC,,3.22,1.24,R
Logan Webb,2025-09-02 00:00:00,5,2,2,7,2,7,94,5,0.679,0,6,2,COL,,3.22,1.24,R
Logan Webb,2025-09-08 00:00:00,6,1,4,5,2,7,110,6,0.757,1,6,2,AZ,,3.22,1.24,R
Logan Webb,2025-09-13 00:00:00,4,6,6,10,2,5,97,5,0.768,1,5,3,LAD,,3.22,1.24,R
Logan Webb,2025-09-18 00:00:00,7,1,2,4,1,5,103,5,0.768,0,5.67,2.67,LAD,,3.22,1.24,R
Logan Webb,2025-09-23 00:00:00,6,3,3,8,2,5,97,5,0.693,1,5.67,3.33,STL,,3.22,1.24,R
Logan Webb,2025-09-28 00:00:00,5.1,0,0,3,0,8,78,5,0.679,1,6.03,1.33,COL,,3.22,1.24,R
Lou Trivino,2025-03-29 00:00:00,1,0,0,0,0,1,13,5,0.706,0,1,0,CIN,,3.97,1.34,R
Lou Trivino,2025-03-30 00:00:00,1,0,0,0,0,0,6,1,0.706,0,1,0,CIN,,3.97,1.34,R
Lou Trivino,2025-04-04 00:00:00,1,2,2,2,2,1,30,5,0.74,1,1,0.67,SEA,,3.97,1.34,R
Lou Trivino,2025-04-07 00:00:00,1.1,0,0,0,0,2,13,3,0.706,1,1.03,0.67,CIN,,3.97,1.34,R
Lou Trivino,2025-04-09 00:00:00,0.1,0,0,0,1,1,11,2,0.706,1,0.73,0.67,CIN,,3.97,1.34,R
Lou Trivino,2025-04-12 00:00:00,2,1,1,2,1,3,36,3,0.787,0,1.07,0.33,NYY,,3.97,1.34,R
Lou Trivino,2025-04-16 00:00:00,2,0,0,1,0,2,29,4,0.759,0,1.37,0.33,PHI,,3.97,1.34,R
Lou Trivino,2025-04-18 00:00:00,1,0,0,1,0,0,16,2,0.695,0,1.67,0.33,LAA,,3.97,1.34,R
Lou Trivino,2025-04-22 00:00:00,0.2,5,5,3,1,0,29,4,0.736,1,1.07,1.67,MIL,,3.97,1.34,R
Lou Trivino,2025-04-29 00:00:00,1,0,0,0,0,0,12,7,0.711,0,0.73,1.67,SD,,3.97,1.34,R
Lou Trivino,2025-05-04 00:00:00,1,0,0,2,0,1,18,5,0.679,1,0.73,1.67,COL,,3.97,1.34,R
Lou Trivino,2025-05-18 00:00:00,2,0,0,0,1,2,41,14,0.695,1,1.33,0,LAA,,3.97,1.34,R
Lou Trivino,2025-05-21 00:00:00,1.1,0,0,0,0,1,18,3,0.757,1,1.37,0,AZ,,3.97,1.34,R
Lou Trivino,2025-05-23 00:00:00,0.2,0,0,0,0,0,15,2,0.753,0,1.1,0,NYM,,3.97,1.34,R
Lou Trivino,2025-05-25 00:00:00,1,0,0,1,0,2,15,2,0.753,0,0.77,0,NYM,,3.97,1.34,R
Lou Trivino,2025-05-28 00:00:00,1.2,1,1,5,1,2,36,3,0.67,0,0.8,0.33,CLE,,3.97,1.34,R
Lou Trivino,2025-06-01 00:00:00,0.2,0,0,2,0,2,19,4,0.787,1,0.8,0.33,NYY,,3.97,1.34,R
Lou Trivino,2025-06-02 00:00:00,1,0,0,0,0,1,10,1,0.753,1,0.8,0.33,NYM,,3.97,1.34,R
Lou Trivino,2025-06-04 00:00:00,1,0,0,0,0,0,11,2,0.753,1,0.73,0,NYM,,3.97,1.34,R
Lou Trivino,2025-06-08 00:00:00,1,1,1,2,0,0,22,4,0.693,0,1,0.33,STL,,3.97,1.34,R
Lou Trivino,2025-06-10 00:00:00,1,0,0,0,0,0,18,2,0.711,0,1,0.33,SD,,3.97,1.34,R
Lou Trivino,2025-06-11 00:00:00,1,0,0,0,0,1,10,1,0.711,0,1,0.33,SD,,3.97,1.34,R
Lou Trivino,2025-06-17 00:00:00,2,2,2,2,2,1,33,6,0.711,1,1.33,0.67,SD,,3.97,1.34,R
Lou Trivino,2025-06-19 00:00:00,0.2,0,0,0,0,0,15,2,0.711,1,1.07,0.67,SD,,3.97,1.34,R
Lou Trivino,2025-06-21 00:00:00,0.1,2,2,2,0,1,15,2,0.693,1,0.77,1.33,WSH,,3.97,1.34,R
Lou Trivino,2025-06-22 00:00:00,1,0,0,2,1,0,18,1,0.693,1,0.43,0.67,WSH,,3.97,1.34,R
Lou Trivino,2025-06-25 00:00:00,0.2,0,1,2,1,0,20,3,0.679,0,0.43,0.67,COL,,3.97,1.34,R
Lou Trivino,2025-06-27 00:00:00,1.2,0,0,1,0,1,20,2,0.706,0,0.8,0,KC,,3.97,1.34,R
Lou Trivino,2025-06-29 00:00:00,1,1,1,2,0,1,21,2,0.706,0,0.8,0.33,KC,,3.97,1.34,R
Lou Trivino,2025-07-02 00:00:00,1,0,0,0,0,0,15,3,0.675,1,1.07,0.33,CWS,,3.97,1.34,R
Lou Trivino,2025-07-05 00:00:00,1.1,1,1,1,0,0,24,3,0.714,1,1.03,0.67,HOU,,3.97,1.34,R
Lou Trivino,2025-07-06 00:00:00,0.1,0,0,0,0,1,4,1,0.714,1,0.73,0.33,HOU,,3.97,1.34,R
Lou Trivino,2025-07-07 00:00:00,1,0,0,0,0,0,10,1,0.736,0,0.73,0.33,MIL,,3.97,1.34,R
Lou Trivino,2025-07-11 00:00:00,1,0,0,1,0,0,15,4,0.697,0,0.7,0,SF,,3.97,1.34,R
Lou Trivino,2025-07-18 00:00:00,0.2,0,0,2,1,1,17,7,0.736,1,0.73,0,MIL,,3.97,1.34,R
Lou Trivino,2025-07-19 00:00:00,1,1,1,2,0,0,22,1,0.736,1,0.73,0.33,MIL,,3.97,1.34,R
Lou Trivino,2025-07-20 00:00:00,0.1,2,2,2,1,1,19,1,0.736,1,0.43,1,MIL,,3.97,1.34,R
Lou Trivino,2025-08-27 00:00:00,1,0,0,0,0,1,15,38,0.753,0,0.7,1,NYM,,3.97,1.34,R
Lou Trivino,2025-08-28 00:00:00,1,0,0,0,0,1,11,1,0.72,1,0.7,0.67,ATL,,3.97,1.34,R
Lou Trivino,2025-09-03 00:00:00,1,0,0,0,1,0,9,6,0.736,0,1,0,MIL,,3.97,1.34,R
Lou Trivino,2025-09-07 00:00:00,0.1,0,0,0,0,1,4,4,0.708,0,0.7,0,MIA,,3.97,1.34,R
Lou Trivino,2025-09-10 00:00:00,1,1,1,3,1,0,24,3,0.753,1,0.7,0.33,NYM,,3.97,1.34,R
Lou Trivino,2025-09-14 00:00:00,1.1,0,0,0,1,0,21,4,0.706,1,0.73,0.33,KC,,3.97,1.34,R
Lou Trivino,2025-09-20 00:00:00,1,0,0,1,0,1,19,6,0.757,0,1.03,0.33,AZ,,3.97,1.34,R
Lou Trivino,2025-09-23 00:00:00,1,0,1,1,0,2,12,3,0.708,1,1.03,0,MIA,,3.97,1.34,R
Lou Trivino,2025-09-27 00:00:00,1,0,0,0,1,1,19,4,0.708,1,1,0,MIN,,3.97,1.34,R
Lou Trivino,2025-09-28 00:00:00,0.1,1,1,1,1,1,11,1,0.708,1,0.7,0.33,MIN,,3.97,1.34,R
Lucas Giolito,2025-04-30 00:00:00,6,3,3,5,2,7,90,5,0.761,0,6,3,TOR,,3.41,1.29,R
Lucas Giolito,2025-05-06 00:00:00,3.2,6,6,10,1,2,74,6,0.684,1,4.6,4.5,TEX,,3.41,1.29,R
Lucas Giolito,2025-05-11 00:00:00,6.2,1,1,2,1,5,88,5,0.706,0,5.13,3.33,KC,,3.41,1.29,R
Lucas Giolito,2025-05-17 00:00:00,4,6,6,8,2,3,87,6,0.72,1,4.47,4.33,ATL,,3.41,1.29,R
Lucas Giolito,2025-05-24 00:00:00,7,0,0,6,2,6,99,7,0.699,1,5.73,2.33,BAL,,3.41,1.29,R
Lucas Giolito,2025-05-30 00:00:00,4.2,1,1,5,2,3,85,6,0.72,0,5.07,2.33,ATL,,3.41,1.29,R
Lucas Giolito,2025-06-04 00:00:00,1.2,7,7,8,1,1,43,5,0.695,1,4.13,2.67,LAA,,3.41,1.29,R
Lucas Giolito,2025-06-10 00:00:00,6,0,1,3,3,4,98,6,0.714,1,3.8,2.67,TB,,3.41,1.29,R
Lucas Giolito,2025-06-16 00:00:00,6,0,0,3,1,10,91,6,0.74,0,4.4,2.33,SEA,,3.41,1.29,R
Lucas Giolito,2025-06-22 00:00:00,6,2,4,4,2,5,83,6,0.697,0,6,0.67,SF,,3.41,1.29,R
Lucas Giolito,2025-06-28 00:00:00,7,0,1,6,1,5,105,6,0.761,1,6.33,0.67,TOR,,3.41,1.29,R
Lucas Giolito,2025-07-04 00:00:00,7.2,1,1,4,3,7,108,6,0.693,0,6.73,1,WSH,,3.41,1.29,R
Lucas Giolito,2025-07-09 00:00:00,6,0,0,4,0,6,92,5,0.679,1,6.73,0.33,COL,,3.41,1.29,R
Lucas Giolito,2025-07-18 00:00:00,5.1,4,4,5,2,6,98,9,0.751,0,6.1,1.67,CHC,,3.41,1.29,R
Lucas Giolito,2025-07-23 00:00:00,4,5,5,6,1,2,57,5,0.759,0,5.03,3,PHI,,3.41,1.29,R
Lucas Giolito,2025-07-29 00:00:00,6,1,1,5,2,5,101,6,0.708,0,5.03,3.33,MIN,,3.41,1.29,R
Lucas Giolito,2025-08-03 00:00:00,8,1,1,3,1,4,103,5,0.714,1,6,2.33,HOU,,3.41,1.29,R
Lucas Giolito,2025-08-09 00:00:00,4.2,4,4,5,6,1,97,6,0.711,0,6.07,2,SD,,3.41,1.29,R
Lucas Giolito,2025-08-15 00:00:00,6.1,1,1,7,1,5,92,6,0.708,1,6.1,2,MIA,,3.41,1.29,R
Lucas Giolito,2025-08-21 00:00:00,4.2,3,3,5,3,4,97,6,0.787,0,4.83,2.67,NYY,,3.41,1.29,R
Lucas Giolito,2025-08-26 00:00:00,8,0,0,4,1,8,104,5,0.699,0,6.1,1.33,BAL,,3.41,1.29,R
Lucas Giolito,2025-08-31 00:00:00,6,1,1,3,5,6,96,5,0.655,1,6.07,1.33,PIT,,3.41,1.29,R
Lucas Giolito,2025-09-06 00:00:00,5,2,4,7,3,2,94,6,0.757,0,6.33,1,AZ,,3.41,1.29,R
Lucas Giolito,2025-09-12 00:00:00,5.2,1,2,5,1,6,99,6,0.787,1,5.4,1.33,NYY,,3.41,1.29,R
Lucas Giolito,2025-09-17 00:00:00,4.1,4,4,5,5,5,90,5,0.749,1,4.77,2.33,ATH,,3.41,1.29,R
Lucas Giolito,2025-09-23 00:00:00,4.2,1,1,3,4,3,98,6,0.761,0,4.5,2,TOR,,3.41,1.29,R
Luis Gil,2025-08-03 00:00:00,3.1,5,5,5,4,3,77,5,0.708,0,3.1,5,MIA,,3.32,1.4,R
Luis Gil,2025-08-09 00:00:00,5.1,2,2,6,1,7,91,6,0.714,1,4.1,3.5,HOU,,3.32,1.4,R
Luis Gil,2025-08-15 00:00:00,5.1,1,1,4,3,4,83,6,0.693,0,4.43,2.67,STL,,3.32,1.4,R
Luis Gil,2025-08-21 00:00:00,5,1,2,4,5,3,93,6,0.745,1,5.07,1.33,BOS,,3.32,1.4,R
Luis Gil,2025-08-26 00:00:00,5,1,1,5,4,5,92,5,0.693,1,5.03,1,WSH,,3.32,1.4,R
Luis Gil,2025-08-31 00:00:00,5.1,2,2,4,2,7,98,5,0.675,0,5.03,1.33,CWS,,3.32,1.4,R
Luis Gil,2025-09-06 00:00:00,6,1,1,3,4,1,90,6,0.761,1,5.37,1.33,TOR,,3.32,1.4,R
Luis Gil,2025-09-12 00:00:00,6,0,0,0,4,4,93,6,0.745,0,5.7,1,BOS,,3.32,1.4,R
Luis Gil,2025-09-17 00:00:00,4.2,4,5,9,2,2,85,5,0.708,0,5.4,1.67,MIN,,3.32,1.4,R
Luis Gil,2025-09-23 00:00:00,6,2,2,4,2,3,89,6,0.675,1,5.4,2,CWS,,3.32,1.4,R
Luis Gil,2025-09-28 00:00:00,5,2,2,3,2,2,79,5,0.699,1,5.07,2.67,BAL,,3.32,1.4,R
Luis Gil,2025-10-04 00:00:00,2.2,2,2,4,0,2,48,6,0.761,0,4.4,2,TOR,,3.32,1.4,R
Luis Morales,2025-08-01 00:00:00,2,1,1,3,1,0,37,5,0.757,1,2,1,AZ,,3.14,1.15,R
Luis Morales,2025-08-10 00:00:00,2.2,0,0,0,5,4,57,9,0.699,0,2.1,0.5,BAL,,3.14,1.15,R
Luis Morales,2025-08-16 00:00:00,5,1,1,5,2,5,87,6,0.695,1,3.07,0.67,LAA,,3.14,1.15,R
Luis Morales,2025-08-22 00:00:00,6,1,1,2,0,6,97,6,0.74,0,4.4,0.67,SEA,,3.14,1.15,R
Luis Morales,2025-08-27 00:00:00,7,0,0,2,2,7,91,5,0.73,1,6,0.67,DET,,3.14,1.15,R
Luis Morales,2025-09-01 00:00:00,5.2,2,2,5,1,8,91,5,0.693,0,6.07,1,STL,,3.14,1.15,R
Luis Morales,2025-09-08 00:00:00,4.2,5,5,7,1,2,84,7,0.745,1,5.47,2.33,BOS,,3.14,1.15,R
Luis Morales,2025-09-14 00:00:00,5,3,3,4,2,2,80,6,0.706,1,4.8,3.33,CIN,,3.14,1.15,R
Luis Morales,2025-09-20 00:00:00,6,2,2,5,2,4,96,6,0.655,0,5.07,3.33,PIT,,3.14,1.15,R
Luis Morales,2025-09-27 00:00:00,4.2,2,3,5,2,5,101,7,0.706,1,5.07,2.33,KC,,3.14,1.15,R
Luis Severino,2025-03-27 00:00:00,6,0,0,3,4,6,99,5,0.74,0,6,0,SEA,,4.54,1.3,R
Luis Severino,2025-04-01 00:00:00,6,5,6,6,3,6,107,5,0.751,1,6,2.5,CHC,,4.54,1.3,R
Luis Severino,2025-04-07 00:00:00,7,5,5,8,0,3,96,6,0.711,1,6.33,3.33,SD,,4.54,1.3,R
Luis Severino,2025-04-13 00:00:00,5.2,1,1,4,3,6,103,6,0.753,1,6.07,3.67,NYM,,4.54,1.3,R
Luis Severino,2025-04-19 00:00:00,8,1,1,3,0,1,92,6,0.736,0,6.73,2.33,MIL,,4.54,1.3,R
Luis Severino,2025-04-25 00:00:00,6,3,3,6,2,7,85,6,0.675,1,6.4,1.67,CWS,,4.54,1.3,R
Luis Severino,2025-04-30 00:00:00,5,1,1,8,1,4,93,5,0.684,0,6.33,1.67,TEX,,4.54,1.3,R
Luis Severino,2025-05-05 00:00:00,6,4,4,5,4,5,102,5,0.74,1,5.67,2.67,SEA,,4.54,1.3,R
Luis Severino,2025-05-11 00:00:00,4,8,8,9,2,2,97,6,0.787,1,5,4.33,NYY,,4.54,1.3,R
Luis Severino,2025-05-17 00:00:00,6,0,0,4,1,5,96,6,0.697,0,5.33,4,SF,,4.54,1.3,R
Luis Severino,2025-05-22 00:00:00,6,2,2,7,0,5,99,5,0.695,1,5.33,3.33,LAA,,4.54,1.3,R
Luis Severino,2025-05-28 00:00:00,6,1,2,3,2,4,92,6,0.714,0,6,1,HOU,,4.54,1.3,R
Luis Severino,2025-06-02 00:00:00,5.2,8,8,9,1,1,97,5,0.708,1,5.73,3.67,MIN,,4.54,1.3,R
Luis Severino,2025-06-07 00:00:00,5.2,5,6,8,4,5,107,5,0.699,1,5.47,4.67,BAL,,4.54,1.3,R
Luis Severino,2025-06-13 00:00:00,7.2,1,1,6,2,1,104,6,0.706,0,5.87,4.67,KC,,4.54,1.3,R
Luis Severino,2025-06-18 00:00:00,5,2,2,9,1,5,97,5,0.714,1,5.8,2.67,HOU,,4.54,1.3,R
Luis Severino,2025-06-24 00:00:00,5,7,7,7,1,2,97,6,0.73,0,5.73,3.33,DET,,4.54,1.3,R
Luis Severino,2025-06-29 00:00:00,3.2,5,7,5,3,3,95,5,0.787,0,4.4,4.67,NYY,,4.54,1.3,R
Luis Severino,2025-07-05 00:00:00,4.1,5,5,5,2,2,94,6,0.697,1,4.1,5.67,SF,,4.54,1.3,R
Luis Severino,2025-07-11 00:00:00,4.2,1,5,7,2,8,96,6,0.761,1,3.83,3.67,TOR,,4.54,1.3,R
Luis Severino,2025-07-19 00:00:00,5,2,2,3,2,3,86,8,0.67,0,4.43,2.67,CLE,,4.54,1.3,R
Luis Severino,2025-07-24 00:00:00,7,2,2,4,0,8,91,5,0.714,0,5.4,1.67,HOU,,4.54,1.3,R
Luis Severino,2025-07-29 00:00:00,5,1,1,5,2,6,93,5,0.74,1,5.67,1.67,SEA,,4.54,1.3,R
Luis Severino,2025-08-05 00:00:00,6,3,3,5,2,5,104,7,0.693,0,6,2,WSH,,4.54,1.3,R
Luis Severino,2025-09-02 00:00:00,5,0,0,3,1,4,61,28,0.693,0,5.33,1.33,STL,,4.54,1.3,R
Luis Severino,2025-09-07 00:00:00,5,3,3,4,1,7,89,5,0.695,0,5.33,2,LAA,,4.54,1.3,R
Luis Severino,2025-09-13 00:00:00,5,5,5,6,2,2,77,6,0.706,1,5,2.67,CIN,,4.54,1.3,R
Luis Severino,2025-09-19 00:00:00,5,1,3,7,1,3,97,6,0.655,0,5,3,PIT,,4.54,1.3,R
Luis Severino,2025-09-24 00:00:00,6.1,0,0,3,1,5,85,5,0.714,1,5.37,2,HOU,,4.54,1.3,R
MacKenzie Gore,2025-03-27 00:00:00,6,0,0,1,0,13,93,5,0.759,1,6,0,PHI,,4.17,1.35,L
MacKenzie Gore,2025-04-02 00:00:00,5,3,3,9,2,5,95,6,0.761,0,5.5,1.5,TOR,,4.17,1.35,L
MacKenzie Gore,2025-04-07 00:00:00,6,2,2,5,1,7,100,5,0.768,1,5.67,1.67,LAD,,4.17,1.35,L
MacKenzie Gore,2025-04-13 00:00:00,6,4,4,8,3,7,105,6,0.708,0,5.67,3,MIA,,4.17,1.35,L
MacKenzie Gore,2025-04-19 00:00:00,6,2,2,4,2,13,104,6,0.679,0,6,2.67,COL,,4.17,1.35,L
MacKenzie Gore,2025-04-24 00:00:00,6,2,2,4,1,8,99,5,0.699,1,6,2.67,BAL,,4.17,1.35,L
MacKenzie Gore,2025-04-29 00:00:00,6,3,3,5,0,6,96,5,0.759,0,6,2.33,PHI,,4.17,1.35,L
MacKenzie Gore,2025-05-04 00:00:00,5,1,1,4,4,9,100,5,0.706,0,5.67,2,CIN,,4.17,1.35,L
MacKenzie Gore,2025-05-11 00:00:00,6.2,4,4,5,3,7,101,7,0.693,1,5.73,2.67,STL,,4.17,1.35,L
MacKenzie Gore,2025-05-16 00:00:00,3.2,2,2,10,2,9,102,5,0.699,0,4.8,2.33,BAL,,4.17,1.35,L
MacKenzie Gore,2025-05-23 00:00:00,6,1,1,2,3,9,94,7,0.697,1,5.13,2.33,SF,,4.17,1.35,L
MacKenzie Gore,2025-05-29 00:00:00,6,0,0,4,0,8,95,6,0.74,0,5.07,1,SEA,,4.17,1.35,L
MacKenzie Gore,2025-06-04 00:00:00,7,0,0,3,1,7,94,6,0.751,1,6.33,0.33,CHC,,4.17,1.35,L
MacKenzie Gore,2025-06-10 00:00:00,6,2,2,5,0,6,89,6,0.753,0,6.33,0.67,NYM,,4.17,1.35,L
MacKenzie Gore,2025-06-15 00:00:00,6,2,2,8,1,5,98,5,0.708,1,6.33,1.33,MIA,,4.17,1.35,L
MacKenzie Gore,2025-06-20 00:00:00,5.2,5,6,7,4,4,100,5,0.768,0,5.73,3,LAD,,4.17,1.35,L
MacKenzie Gore,2025-06-25 00:00:00,6,1,1,5,3,6,103,5,0.711,0,5.73,2.67,SD,,4.17,1.35,L
MacKenzie Gore,2025-07-02 00:00:00,5.1,2,2,3,4,2,111,7,0.73,1,5.43,2.67,DET,,4.17,1.35,L
MacKenzie Gore,2025-07-09 00:00:00,6,1,1,5,1,7,89,7,0.693,0,5.7,1.33,STL,,4.17,1.35,L
MacKenzie Gore,2025-07-20 00:00:00,2.1,8,8,8,3,2,75,11,0.711,1,4.4,3.67,SD,,4.17,1.35,L
MacKenzie Gore,2025-07-25 00:00:00,5,1,1,1,6,4,101,5,0.708,0,4.37,3.33,MIN,,4.17,1.35,L
MacKenzie Gore,2025-07-30 00:00:00,5.1,6,6,8,1,4,97,5,0.714,0,4.07,5,HOU,,4.17,1.35,L
MacKenzie Gore,2025-08-05 00:00:00,3,8,8,12,1,0,60,6,0.749,1,4.37,5,ATH,,4.17,1.35,L
MacKenzie Gore,2025-08-10 00:00:00,6,0,0,3,1,10,96,5,0.697,0,4.7,4.67,SF,,4.17,1.35,L
MacKenzie Gore,2025-08-15 00:00:00,6,2,2,4,2,7,91,5,0.759,1,5,3.33,PHI,,4.17,1.35,L
MacKenzie Gore,2025-08-21 00:00:00,4.1,3,3,6,4,5,94,6,0.753,1,5.37,1.67,NYM,,4.17,1.35,L
MacKenzie Gore,2025-08-26 00:00:00,5,3,3,3,2,3,99,5,0.787,0,5.03,2.67,NYY,,4.17,1.35,L
MacKenzie Gore,2025-09-11 00:00:00,5,2,2,4,2,4,78,16,0.708,0,4.7,2.67,MIA,,4.17,1.35,L
MacKenzie Gore,2025-09-16 00:00:00,5.1,0,0,2,3,5,92,5,0.72,1,5.03,1.67,ATL,,4.17,1.35,L
MacKenzie Gore,2025-09-22 00:00:00,2,4,4,4,4,3,71,6,0.72,0,4.03,2,ATL,,4.17,1.35,L
Marcus Stroman,2025-03-30 00:00:00,4.2,3,3,5,1,3,81,5,0.736,1,4.2,3,MIL,,6.23,1.54,R
Marcus Stroman,2025-04-05 00:00:00,4,4,4,3,3,3,74,6,0.655,0,4.1,3.5,PIT,,6.23,1.54,R
Marcus Stroman,2025-04-11 00:00:00,0.2,5,5,4,3,1,46,6,0.697,1,2.8,4,SF,,6.23,1.54,R
Marcus Stroman,2025-06-29 00:00:00,5,1,1,3,2,1,74,79,0.749,1,3.07,3.33,ATH,,6.23,1.54,R
Marcus Stroman,2025-07-04 00:00:00,5,3,3,7,1,4,81,5,0.753,0,3.4,3,NYM,,6.23,1.54,R
Marcus Stroman,2025-07-10 00:00:00,5,2,2,6,2,3,90,6,0.74,1,5,2,SEA,,6.23,1.54,R
Marcus Stroman,2025-07-20 00:00:00,6,1,1,5,0,4,95,10,0.72,0,5.33,2,ATL,,6.23,1.54,R
Marcus Stroman,2025-07-26 00:00:00,3.2,4,4,5,4,4,89,6,0.759,1,4.73,2.33,PHI,,6.23,1.54,R
Marcus Stroman,2025-07-31 00:00:00,5,4,4,6,0,3,74,5,0.714,1,4.73,3,TB,,6.23,1.54,R
Mason Barnett,2025-08-30 00:00:00,4,5,5,8,0,1,66,5,0.684,1,4,5,TEX,,6.85,1.66,R
Mason Barnett,2025-09-05 00:00:00,5,4,4,3,5,8,102,6,0.695,0,4.5,4.5,LAA,,6.85,1.66,R
Mason Barnett,2025-09-10 00:00:00,3.2,3,3,7,1,4,76,5,0.745,1,4.07,4,BOS,,6.85,1.66,R
Mason Barnett,2025-09-17 00:00:00,4,2,3,5,3,2,90,7,0.745,0,4.07,3,BOS,,6.85,1.66,R
Mason Barnett,2025-09-26 00:00:00,5.2,3,3,3,2,3,97,9,0.706,1,4.13,2.67,KC,,6.85,1.66,R
Matthew Liberatore,2025-04-01 00:00:00,6,3,3,6,0,4,77,5,0.695,1,6,3,LAA,,4.21,1.31,L
Matthew Liberatore,2025-04-07 00:00:00,6.1,5,5,8,0,7,89,6,0.655,0,6.05,4,PIT,,4.21,1.31,L
Matthew Liberatore,2025-04-13 00:00:00,6,0,0,3,1,7,88,6,0.759,1,6.03,2.67,PHI,,4.21,1.31,L
Matthew Liberatore,2025-04-19 00:00:00,6.2,2,2,6,1,6,100,6,0.753,0,6.1,2.33,NYM,,4.21,1.31,L
Matthew Liberatore,2025-04-25 00:00:00,6,1,2,5,0,4,89,6,0.736,1,6.07,1,MIL,,4.21,1.31,L
Matthew Liberatore,2025-05-01 00:00:00,3,2,2,2,1,2,42,6,0.706,0,5.07,1.67,CIN,,4.21,1.31,L
Matthew Liberatore,2025-05-06 00:00:00,7,1,1,3,3,8,99,5,0.655,1,5.33,1.33,PIT,,4.21,1.31,L
Matthew Liberatore,2025-05-12 00:00:00,5.1,2,2,7,1,4,80,6,0.759,0,5.03,1.67,PHI,,4.21,1.31,L
Matthew Liberatore,2025-05-18 00:00:00,6,1,1,6,1,5,92,6,0.706,0,6.03,1.33,KC,,4.21,1.31,L
Matthew Liberatore,2025-05-24 00:00:00,7,1,1,6,0,4,88,6,0.757,1,6.03,1.33,AZ,,4.21,1.31,L
Matthew Liberatore,2025-05-30 00:00:00,5,4,5,7,1,5,91,6,0.684,0,6,2,TEX,,4.21,1.31,L
Matthew Liberatore,2025-06-05 00:00:00,4,7,7,8,1,2,71,6,0.706,1,5.33,4,KC,,4.21,1.31,L
Matthew Liberatore,2025-06-11 00:00:00,5,5,5,9,1,4,90,6,0.761,1,4.67,5.33,TOR,,4.21,1.31,L
Matthew Liberatore,2025-06-17 00:00:00,6,2,2,5,0,4,86,6,0.675,0,5,4.67,CWS,,4.21,1.31,L
Matthew Liberatore,2025-06-23 00:00:00,7,2,2,6,1,5,85,6,0.751,1,6,3,CHC,,4.21,1.31,L
Matthew Liberatore,2025-06-29 00:00:00,6,0,0,3,5,5,96,6,0.67,0,6.33,1.33,CLE,,4.21,1.31,L
Matthew Liberatore,2025-07-05 00:00:00,5,2,2,4,4,4,94,6,0.751,0,6,1.33,CHC,,4.21,1.31,L
Matthew Liberatore,2025-07-11 00:00:00,3,6,6,9,1,0,73,6,0.72,1,4.67,2.67,ATL,,4.21,1.31,L
Matthew Liberatore,2025-07-26 00:00:00,4.1,1,2,6,2,3,77,15,0.711,1,4.03,3,SD,,4.21,1.31,L
Matthew Liberatore,2025-08-01 00:00:00,4.1,1,4,4,2,1,85,6,0.711,0,3.73,2.67,SD,,4.21,1.31,L
Matthew Liberatore,2025-08-06 00:00:00,4,2,3,6,1,1,72,5,0.768,0,4.07,1.33,LAD,,4.21,1.31,L
Matthew Liberatore,2025-08-12 00:00:00,4,3,3,4,1,3,80,6,0.679,1,4.03,2,COL,,4.21,1.31,L
Matthew Liberatore,2025-08-18 00:00:00,5,3,3,5,1,5,75,6,0.708,0,4.33,2.67,MIA,,4.21,1.31,L
Matthew Liberatore,2025-08-24 00:00:00,4.1,4,4,3,3,5,73,6,0.714,0,4.37,3.33,TB,,4.21,1.31,L
Matthew Liberatore,2025-08-29 00:00:00,5,3,3,8,2,4,88,5,0.706,0,4.7,3.33,CIN,,4.21,1.31,L
Matthew Liberatore,2025-09-03 00:00:00,5.1,0,0,4,1,7,81,5,0.749,1,4.73,2.33,ATH,,4.21,1.31,L
Matthew Liberatore,2025-09-09 00:00:00,4,5,5,6,3,1,65,6,0.74,0,4.7,2.67,SEA,,4.21,1.31,L
Matthew Liberatore,2025-09-15 00:00:00,6,2,3,4,1,6,77,6,0.706,1,5.03,2.33,CIN,,4.21,1.31,L
Matthew Liberatore,2025-09-21 00:00:00,5,1,1,5,1,6,85,6,0.736,1,5,2.67,MIL,,4.21,1.31,L
Matt Gage,2025-06-13 00:00:00,0.2,0,0,0,0,1,9,5,0.706,1,0.2,0,CIN,,3.19,1.52,L
Matt Gage,2025-06-14 00:00:00,1.1,0,0,3,0,0,15,1,0.706,1,0.65,0,CIN,,3.19,1.52,L
Matt Gage,2025-06-19 00:00:00,0.2,0,0,0,1,1,14,5,0.655,1,0.5,0,PIT,,3.19,1.52,L
Matt Gage,2025-06-20 00:00:00,1.2,0,0,2,1,1,28,1,0.714,0,0.83,0,TB,,3.19,1.52,L
Matt Gage,2025-06-24 00:00:00,1,0,0,0,0,0,6,4,0.749,1,0.8,0,ATH,,3.19,1.52,L
Matt Gage,2025-06-25 00:00:00,0.1,0,0,2,0,0,10,1,0.749,1,0.77,0,ATH,,3.19,1.52,L
Matt Gage,2025-07-18 00:00:00,1,0,0,0,1,0,12,23,0.761,0,0.7,0,TOR,,3.19,1.52,L
Matt Gage,2025-07-21 00:00:00,2,0,0,1,0,3,41,3,0.72,0,1.03,0,ATL,,3.19,1.52,L
Matt Gage,2025-07-25 00:00:00,1,0,0,0,0,1,11,4,0.753,1,1.33,0,NYM,,3.19,1.52,L
Matt Gage,2025-07-27 00:00:00,1,0,0,0,0,1,10,2,0.753,1,1.33,0,NYM,,3.19,1.52,L
Matt Gage,2025-07-30 00:00:00,0.2,0,0,1,1,0,14,3,0.655,1,0.73,0,PIT,,3.19,1.52,L
Matt Gage,2025-08-02 00:00:00,1.2,0,0,2,0,1,26,3,0.753,0,0.8,0,NYM,,3.19,1.52,L
Matt Gage,2025-08-05 00:00:00,2,0,0,0,1,2,28,3,0.655,0,1.13,0,PIT,,3.19,1.52,L
Matt Gage,2025-08-08 00:00:00,1,0,0,0,0,1,17,3,0.693,1,1.4,0,WSH,,3.19,1.52,L
Matt Gage,2025-08-09 00:00:00,2,0,0,2,0,1,25,1,0.693,1,1.67,0,WSH,,3.19,1.52,L
Matt Gage,2025-08-12 00:00:00,0.2,0,0,2,0,0,14,3,0.711,1,1.07,0,SD,,3.19,1.52,L
Matt Gage,2025-08-15 00:00:00,1,1,1,2,0,2,16,3,0.714,1,1.07,0.33,TB,,3.19,1.52,L
Matt Gage,2025-08-16 00:00:00,0.1,0,0,1,1,1,13,1,0.714,1,0.43,0.33,TB,,3.19,1.52,L
Matt Gage,2025-08-19 00:00:00,0.1,0,0,0,0,0,5,3,0.711,0,0.4,0.33,SD,,3.19,1.52,L
Matt Gage,2025-08-21 00:00:00,0.2,1,1,2,0,1,17,2,0.711,0,0.13,0.33,SD,,3.19,1.52,L
Matt Gage,2025-08-22 00:00:00,0.2,0,0,0,2,2,23,1,0.736,0,0.17,0.33,MIL,,3.19,1.52,L
Matt Gage,2025-08-24 00:00:00,0.1,0,0,0,0,0,1,2,0.736,0,0.17,0.33,MIL,,3.19,1.52,L
Matt Gage,2025-08-29 00:00:00,1,0,0,1,0,1,15,5,0.699,1,0.43,0,BAL,,3.19,1.52,L
Matt Gage,2025-08-30 00:00:00,1,3,3,3,1,1,33,1,0.699,1,0.7,1,BAL,,3.19,1.52,L
Matt Gage,2025-09-05 00:00:00,1,0,0,1,0,2,15,6,0.693,0,1,1,STL,,3.19,1.52,L
Matt Gage,2025-09-07 00:00:00,0.2,0,0,1,0,1,15,2,0.693,0,0.73,1,STL,,3.19,1.52,L
Matt Gage,2025-09-09 00:00:00,0.1,1,1,3,0,0,15,2,0.757,1,0.43,0.33,AZ,,3.19,1.52,L
Matt Gage,2025-09-13 00:00:00,1.1,3,3,2,1,0,31,4,0.768,1,0.47,1.33,LAD,,3.19,1.52,L
Matt Gage,2025-09-15 00:00:00,1,1,1,1,1,0,17,2,0.757,0,0.73,1.67,AZ,,3.19,1.52,L
Matt Gage,2025-09-19 00:00:00,1,0,0,0,0,1,8,4,0.768,0,1.03,1.33,LAD,,3.19,1.52,L
Matt Gage,2025-09-20 00:00:00,0.1,0,0,1,0,0,6,1,0.768,0,0.7,0.33,LAD,,3.19,1.52,L
Matt Gage,2025-09-22 00:00:00,1,0,0,0,1,1,9,2,0.693,1,0.7,0,STL,,3.19,1.52,L
Matt Gage,2025-09-24 00:00:00,0.1,1,1,2,0,1,12,2,0.693,1,0.4,0.33,STL,,3.19,1.52,L
Matt Sauer,2025-04-07 00:00:00,1.2,1,1,3,0,0,24,5,0.693,0,1.2,1,WSH,,6.37,1.45,R
Matt Sauer,2025-04-29 00:00:00,5,1,1,5,0,4,78,22,0.708,1,3.1,1,MIA,,6.37,1.45,R
Matt Sauer,2025-05-07 00:00:00,4,0,1,1,1,4,42,8,0.708,0,3.4,0.67,MIA,,6.37,1.45,R
Matt Sauer,2025-05-11 00:00:00,1,0,0,0,0,0,9,4,0.757,0,3.33,0.33,AZ,,6.37,1.45,R
Matt Sauer,2025-05-15 00:00:00,4,2,2,2,2,2,68,4,0.749,1,3,0.67,ATH,,6.37,1.45,R
Matt Sauer,2025-05-19 00:00:00,2,2,2,2,0,1,27,4,0.757,1,2.33,1.33,AZ,,6.37,1.45,R
Matt Sauer,2025-05-23 00:00:00,3,1,2,3,0,2,55,4,0.753,0,3,1.67,NYM,,6.37,1.45,R
Matt Sauer,2025-06-10 00:00:00,4.2,9,9,13,3,6,111,18,0.711,0,3.07,4,SD,,6.37,1.45,R
Matt Sauer,2025-06-17 00:00:00,2.1,3,3,3,2,3,54,7,0.711,1,3.1,4.33,SD,,6.37,1.45,R
Matt Sauer,2025-08-21 00:00:00,2,2,2,3,0,2,44,65,0.679,0,2.77,4.67,COL,,6.37,1.45,R
Matt Waldron,2025-06-30 00:00:00,4.2,4,4,6,6,3,104,5,0.759,0,4.2,4,PHI,,7.71,2.57,R
Max Fried,2025-03-29 00:00:00,4.2,2,6,7,2,4,94,5,0.736,1,4.2,2,MIL,,2.86,1.1,L
Max Fried,2025-04-04 00:00:00,5.2,1,1,6,1,6,98,6,0.655,0,4.7,1.5,PIT,,2.86,1.1,L
Max Fried,2025-04-09 00:00:00,7,0,0,5,0,11,97,5,0.73,0,5.47,1,DET,,2.86,1.1,L
Max Fried,2025-04-15 00:00:00,6.2,2,2,5,2,7,94,6,0.706,1,6.13,1,KC,,2.86,1.1,L
Max Fried,2025-04-20 00:00:00,7.2,0,0,2,2,2,102,5,0.714,0,6.8,0.67,TB,,2.86,1.1,L
Max Fried,2025-04-27 00:00:00,6,0,1,5,2,3,101,7,0.761,1,6.47,0.67,TOR,,2.86,1.1,L
Max Fried,2025-05-02 00:00:00,7,0,0,1,2,6,92,5,0.714,1,6.73,0,TB,,2.86,1.1,L
Max Fried,2025-05-07 00:00:00,7,1,1,5,0,8,100,5,0.711,1,6.67,0.33,SD,,2.86,1.1,L
Max Fried,2025-05-13 00:00:00,5,1,1,4,2,5,91,6,0.74,0,6.33,0.67,SEA,,2.86,1.1,L
Max Fried,2025-05-18 00:00:00,6,2,2,3,2,8,102,5,0.753,1,6,1.33,NYM,,2.86,1.1,L
Max Fried,2025-05-24 00:00:00,7.1,1,1,6,1,7,83,6,0.679,0,6.03,1.33,COL,,2.86,1.1,L
Max Fried,2025-05-30 00:00:00,5,6,6,8,0,3,75,6,0.768,0,6.03,3,LAD,,2.86,1.1,L
Max Fried,2025-06-05 00:00:00,6,0,0,1,2,7,103,6,0.67,1,6.03,2.33,CLE,,2.86,1.1,L
Max Fried,2025-06-10 00:00:00,7,2,2,6,0,4,91,5,0.706,0,6,2.67,KC,,2.86,1.1,L
Max Fried,2025-06-15 00:00:00,7,2,2,6,2,9,106,5,0.745,0,6.67,1.33,BOS,,2.86,1.1,L
Max Fried,2025-06-20 00:00:00,6,3,3,7,0,7,105,5,0.699,1,6.67,2.33,BAL,,2.86,1.1,L
Max Fried,2025-06-25 00:00:00,7,0,1,4,1,7,106,5,0.706,0,6.67,1.67,CIN,,2.86,1.1,L
Max Fried,2025-07-01 00:00:00,6,4,4,3,2,2,99,6,0.761,0,6.33,2.33,TOR,,2.86,1.1,L
Max Fried,2025-07-06 00:00:00,5,3,3,6,1,5,98,5,0.753,0,6,2.33,NYM,,2.86,1.1,L
Max Fried,2025-07-12 00:00:00,3,3,4,6,3,2,73,6,0.751,1,4.67,3.33,CHC,,2.86,1.1,L
Max Fried,2025-07-23 00:00:00,5.1,4,6,6,3,3,102,11,0.761,0,4.37,3.33,TOR,,2.86,1.1,L
Max Fried,2025-07-29 00:00:00,6.2,2,4,4,2,9,111,6,0.714,1,4.77,3,TB,,2.86,1.1,L
Max Fried,2025-08-04 00:00:00,5,4,4,8,3,7,105,6,0.684,0,5.43,3.33,TEX,,2.86,1.1,L
Max Fried,2025-08-10 00:00:00,5,4,4,8,1,3,94,6,0.714,1,5.4,3.33,HOU,,2.86,1.1,L
Max Fried,2025-08-16 00:00:00,5,7,7,8,1,6,94,6,0.693,0,5,5,STL,,2.86,1.1,L
Max Fried,2025-08-22 00:00:00,6,0,0,4,3,7,99,6,0.745,1,5.33,3.67,BOS,,2.86,1.1,L
Max Fried,2025-08-27 00:00:00,7,1,1,4,2,6,94,5,0.693,1,6,2.67,WSH,,2.86,1.1,L
Max Fried,2025-09-02 00:00:00,7,1,1,4,3,5,101,6,0.714,0,6.67,0.67,HOU,,2.86,1.1,L
Max Fried,2025-09-07 00:00:00,7,3,3,6,1,4,100,5,0.761,1,7,1.67,TOR,,2.86,1.1,L
Max Fried,2025-09-13 00:00:00,5.1,2,2,9,2,6,105,6,0.745,0,6.37,2,BOS,,2.86,1.1,L
Max Fried,2025-09-18 00:00:00,7,0,0,3,1,13,87,5,0.699,0,6.37,1.67,BAL,,2.86,1.1,L
Max Fried,2025-09-24 00:00:00,7,1,1,4,2,7,107,6,0.675,1,6.37,1,CWS,,2.86,1.1,L
Max Fried,2025-09-30 00:00:00,6.1,0,0,4,3,6,102,6,0.745,1,6.7,0.33,BOS,,2.86,1.1,L
Max Fried,2025-10-05 00:00:00,3,7,7,8,2,1,51,5,0.761,0,5.37,2.67,TOR,,2.86,1.1,L
Max Meyer,2025-03-30 00:00:00,5.2,1,2,5,1,7,93,5,0.655,1,5.2,1,PIT,,4.73,1.42,R
Max Meyer,2025-04-04 00:00:00,6,3,3,8,2,8,92,5,0.72,0,5.6,2,ATL,,4.73,1.42,R
Max Meyer,2025-04-09 00:00:00,6.1,0,0,2,2,4,82,5,0.753,0,5.77,1.33,NYM,,4.73,1.42,R
Max Meyer,2025-04-16 00:00:00,6,3,3,5,2,8,90,7,0.757,1,6.03,2,AZ,,4.73,1.42,R
Max Meyer,2025-04-21 00:00:00,6,0,0,5,0,14,92,5,0.706,1,6.03,1,CIN,,4.73,1.42,R
Max Meyer,2025-04-27 00:00:00,4,5,5,5,4,6,86,6,0.74,0,5.33,2.67,SEA,,4.73,1.42,R
Max Meyer,2025-05-03 00:00:00,5,5,5,10,2,0,82,6,0.749,1,5,3.33,ATH,,4.73,1.42,R
Max Meyer,2025-05-09 00:00:00,6.1,5,5,5,3,5,90,6,0.675,0,5.03,5,CWS,,4.73,1.42,R
Max Meyer,2025-05-16 00:00:00,5,3,4,5,0,7,82,7,0.714,1,5.37,4.33,TB,,4.73,1.42,R
Max Meyer,2025-05-21 00:00:00,6,1,1,5,1,4,99,5,0.751,1,5.7,3,CHC,,4.73,1.42,R
Max Meyer,2025-05-27 00:00:00,3.1,4,6,7,2,0,74,6,0.711,0,4.7,2.67,SD,,4.73,1.42,R
Max Meyer,2025-06-02 00:00:00,5,4,5,10,1,5,77,6,0.679,1,4.7,3,COL,,4.73,1.42,R
Max Scherzer,2025-03-29 00:00:00,3,2,2,3,0,1,45,5,0.699,1,3,2,BAL,,5.19,1.29,R
Max Scherzer,2025-06-25 00:00:00,5,3,3,6,3,4,83,88,0.67,0,4,2.5,CLE,,5.19,1.29,R
Max Scherzer,2025-06-30 00:00:00,5,2,2,3,0,7,71,5,0.787,1,4.33,2.33,NYY,,5.19,1.29,R
Max Scherzer,2025-07-05 00:00:00,4,2,2,5,3,4,72,5,0.695,1,4.67,2.33,LAA,,5.19,1.29,R
Max Scherzer,2025-07-11 00:00:00,6,3,3,5,1,8,91,6,0.749,0,5,2.33,ATH,,5.19,1.29,R
Max Scherzer,2025-07-22 00:00:00,5,4,4,5,1,4,90,11,0.787,1,5,3,NYY,,5.19,1.29,R
Max Scherzer,2025-07-27 00:00:00,7,3,3,3,0,11,96,5,0.73,0,6,3.33,DET,,5.19,1.29,R
Max Scherzer,2025-08-02 00:00:00,6,1,1,5,0,5,84,6,0.706,1,6,2.67,KC,,5.19,1.29,R
Max Scherzer,2025-08-08 00:00:00,6,2,2,6,3,5,98,6,0.768,0,6.33,2,LAD,,5.19,1.29,R
Max Scherzer,2025-08-14 00:00:00,7,1,1,5,1,3,78,6,0.751,1,6.33,1.33,CHC,,5.19,1.29,R
Max Scherzer,2025-08-19 00:00:00,6,1,1,4,3,4,104,5,0.655,0,6.33,1.33,PIT,,5.19,1.29,R
Max Scherzer,2025-08-25 00:00:00,6,4,4,4,1,5,97,6,0.708,1,6.33,2,MIN,,5.19,1.29,R
Max Scherzer,2025-08-31 00:00:00,4,4,4,9,0,1,67,6,0.736,1,5.33,3,MIL,,5.19,1.29,R
Max Scherzer,2025-09-07 00:00:00,4.1,4,4,3,4,8,93,7,0.787,0,4.7,4,NYY,,5.19,1.29,R
Max Scherzer,2025-09-13 00:00:00,5,2,2,4,2,5,91,6,0.699,1,4.37,3.33,BAL,,5.19,1.29,R
Max Scherzer,2025-09-19 00:00:00,0.2,7,7,7,1,2,45,6,0.706,0,3.1,4.33,KC,,5.19,1.29,R
Max Scherzer,2025-09-24 00:00:00,5,4,4,10,0,5,86,5,0.745,1,3.4,4.33,BOS,,5.19,1.29,R
Max Scherzer,2025-10-16 00:00:00,5.2,2,2,3,4,5,87,22,0.74,0,3.47,4.33,SEA,,5.19,1.29,R
Max Scherzer,2025-10-27 00:00:00,4.1,3,3,5,1,3,79,11,0.768,0,4.77,3,LAD,,5.19,1.29,R
Max Scherzer,2025-11-01 00:00:00,4.1,1,1,4,1,3,54,5,0.768,1,4.47,2,LAD,,5.19,1.29,R
McCade Brown,2025-08-24 00:00:00,3.2,4,4,5,3,2,75,5,0.655,0,3.2,4,PIT,,7.36,1.83,R
McCade Brown,2025-08-30 00:00:00,4,3,3,5,3,3,84,6,0.751,1,3.6,3.5,CHC,,7.36,1.83,R
McCade Brown,2025-09-06 00:00:00,1.2,6,6,5,1,1,44,7,0.711,1,2.8,4.33,SD,,7.36,1.83,R
McCade Brown,2025-09-11 00:00:00,4.1,2,2,5,2,4,81,5,0.711,0,3.1,3.67,SD,,7.36,1.83,R
McCade Brown,2025-09-17 00:00:00,4,3,3,4,4,1,75,6,0.708,1,3.1,3.67,MIA,,7.36,1.83,R
McCade Brown,2025-09-23 00:00:00,5,1,1,2,2,10,81,6,0.74,0,4.37,2,SEA,,7.36,1.83,R
McCade Brown,2025-09-28 00:00:00,3,2,2,4,2,2,62,5,0.697,0,4,2,SF,,7.36,1.83,R
Merrill Kelly,2025-03-28 00:00:00,5.1,1,1,3,4,1,85,5,0.751,1,5.1,1,CHC,,3.52,1.11,R
Merrill Kelly,2025-04-03 00:00:00,3.2,9,9,9,3,2,80,6,0.787,0,4.15,5,NYY,,3.52,1.11,R
Merrill Kelly,2025-04-08 00:00:00,6,2,3,3,2,4,89,5,0.699,1,4.77,4,BAL,,3.52,1.11,R
Merrill Kelly,2025-04-15 00:00:00,6,1,1,3,1,9,88,7,0.708,0,5.07,4,MIA,,3.52,1.11,R
Merrill Kelly,2025-04-20 00:00:00,5.2,1,1,2,1,5,80,5,0.751,0,5.73,1.33,CHC,,3.52,1.11,R
Merrill Kelly,2025-04-26 00:00:00,6,2,2,4,1,4,93,6,0.72,1,5.73,1.33,ATL,,3.52,1.11,R
Merrill Kelly,2025-05-02 00:00:00,5,1,1,4,0,2,60,6,0.759,0,5.4,1.33,PHI,,3.52,1.11,R
Merrill Kelly,2025-05-07 00:00:00,6.1,3,3,6,0,6,98,5,0.753,1,5.7,2,NYM,,3.52,1.11,R
Merrill Kelly,2025-05-12 00:00:00,7,1,1,8,0,8,103,5,0.697,0,6.03,1.67,SF,,3.52,1.11,R
Merrill Kelly,2025-05-18 00:00:00,7,0,0,1,3,11,109,6,0.679,1,6.7,1.33,COL,,3.52,1.11,R
Merrill Kelly,2025-05-24 00:00:00,6,4,4,6,1,6,100,6,0.693,0,6.67,1.67,STL,,3.52,1.11,R
Merrill Kelly,2025-05-30 00:00:00,5,4,6,6,2,6,95,6,0.693,1,6,2.67,WSH,,3.52,1.11,R
Merrill Kelly,2025-06-04 00:00:00,7,0,0,1,1,8,98,5,0.72,0,6,2.67,ATL,,3.52,1.11,R
Merrill Kelly,2025-06-09 00:00:00,6,0,0,4,2,7,92,5,0.74,1,6,1.33,SEA,,3.52,1.11,R
Merrill Kelly,2025-06-15 00:00:00,5,4,4,7,1,7,93,6,0.711,1,6,1.33,SD,,3.52,1.11,R
Merrill Kelly,2025-06-21 00:00:00,6,2,3,6,3,7,94,6,0.679,0,5.67,2,COL,,3.52,1.11,R
Merrill Kelly,2025-06-27 00:00:00,5,3,5,6,1,7,88,6,0.708,1,5.33,3,MIA,,3.52,1.11,R
Merrill Kelly,2025-07-02 00:00:00,6,3,3,5,3,3,92,5,0.697,1,5.67,2.67,SF,,3.52,1.11,R
Merrill Kelly,2025-07-08 00:00:00,7,1,1,4,0,4,77,6,0.711,0,6,2.33,SD,,3.52,1.11,R
Merrill Kelly,2025-07-13 00:00:00,5,1,1,1,4,6,98,5,0.695,0,6,1.67,LAA,,3.52,1.11,R
Merrill Kelly,2025-07-20 00:00:00,6,2,2,3,4,5,97,7,0.693,1,6,1.33,STL,,3.52,1.11,R
Merrill Kelly,2025-07-26 00:00:00,6.2,1,2,6,1,3,99,6,0.655,0,5.73,1.33,PIT,,3.52,1.11,R
Merrill Kelly,2025-08-02 00:00:00,5.2,2,2,4,0,6,69,7,0.74,0,5.8,1.67,SEA,,3.52,1.11,R
Merrill Kelly,2025-08-08 00:00:00,4.1,4,4,5,5,4,94,6,0.759,1,5.17,2.33,PHI,,3.52,1.11,R
Merrill Kelly,2025-08-13 00:00:00,6,2,2,7,1,5,99,5,0.757,1,5.1,2.67,AZ,,3.52,1.11,R
Merrill Kelly,2025-08-19 00:00:00,6,2,2,2,0,3,71,6,0.706,0,5.37,2.67,KC,,3.52,1.11,R
Merrill Kelly,2025-08-24 00:00:00,7,0,0,4,2,8,96,5,0.67,1,6.33,1.33,CLE,,3.52,1.11,R
Merrill Kelly,2025-08-30 00:00:00,6.1,3,3,6,0,2,79,6,0.749,0,6.37,1.67,ATH,,3.52,1.11,R
Merrill Kelly,2025-09-05 00:00:00,7,1,1,5,1,7,94,6,0.714,1,6.7,1.33,HOU,,3.52,1.11,R
Merrill Kelly,2025-09-10 00:00:00,5.2,3,3,10,0,6,94,5,0.736,1,6.1,2.33,MIL,,3.52,1.11,R
Merrill Kelly,2025-09-16 00:00:00,3,6,6,9,1,1,56,6,0.714,0,5.07,3.33,HOU,,3.52,1.11,R
Merrill Kelly,2025-09-21 00:00:00,4.1,3,3,7,0,4,73,5,0.708,1,4.1,4,MIA,,3.52,1.11,R
Michael Lorenzen,2025-04-01 00:00:00,5.1,3,4,5,3,7,97,5,0.736,0,5.1,3,MIL,,4.64,1.33,R
Michael Lorenzen,2025-04-07 00:00:00,6,1,1,5,0,3,89,6,0.708,1,5.55,2,MIN,,4.64,1.33,R
Michael Lorenzen,2025-04-12 00:00:00,5.2,3,3,7,1,4,85,5,0.67,0,5.43,2.33,CLE,,4.64,1.33,R
Michael Lorenzen,2025-04-17 00:00:00,4.2,4,4,7,3,3,102,5,0.73,0,5.13,2.67,DET,,4.64,1.33,R
Michael Lorenzen,2025-04-24 00:00:00,6,1,1,5,4,7,96,7,0.679,1,5.13,2.67,COL,,4.64,1.33,R
Michael Lorenzen,2025-04-29 00:00:00,6,1,1,4,2,4,88,5,0.714,0,5.4,2,TB,,4.64,1.33,R
Michael Lorenzen,2025-05-04 00:00:00,4.2,5,5,7,1,5,85,5,0.699,0,5.4,2.33,BAL,,4.64,1.33,R
Michael Lorenzen,2025-05-09 00:00:00,7,0,0,3,0,7,90,5,0.745,1,5.73,2,BOS,,4.64,1.33,R
Michael Lorenzen,2025-05-14 00:00:00,7.1,4,4,7,1,5,84,5,0.714,0,6.1,3,HOU,,4.64,1.33,R
Michael Lorenzen,2025-05-20 00:00:00,4.2,2,3,7,1,5,97,6,0.697,0,6.1,2,SF,,4.64,1.33,R
Michael Lorenzen,2025-05-26 00:00:00,5,6,6,11,3,2,102,6,0.706,1,5.43,4,CIN,,4.64,1.33,R
Michael Lorenzen,2025-06-03 00:00:00,2.2,7,7,7,1,2,74,8,0.693,0,3.8,5,STL,,4.64,1.33,R
Michael Lorenzen,2025-06-08 00:00:00,6,2,2,1,2,7,92,5,0.675,0,4.4,5,CWS,,4.64,1.33,R
Michael Lorenzen,2025-06-14 00:00:00,6,3,3,4,3,4,89,6,0.749,1,4.73,4,ATH,,4.64,1.33,R
Michael Lorenzen,2025-06-20 00:00:00,5.1,2,2,5,3,4,89,6,0.711,0,5.7,2.33,SD,,4.64,1.33,R
Michael Lorenzen,2025-06-26 00:00:00,5.2,4,4,8,0,4,81,6,0.714,1,5.43,3,TB,,4.64,1.33,R
Michael Lorenzen,2025-07-01 00:00:00,4.2,3,3,6,0,5,89,5,0.74,0,4.83,3,SEA,,4.64,1.33,R
Michael Lorenzen,2025-07-06 00:00:00,7,0,0,2,1,7,82,5,0.757,0,5.47,2.33,AZ,,4.64,1.33,R
Michael Lorenzen,2025-08-16 00:00:00,4,0,0,3,2,3,82,41,0.675,1,5.07,1,CWS,,4.64,1.33,R
Michael Lorenzen,2025-08-21 00:00:00,4.1,3,4,9,1,6,89,5,0.684,1,5.03,1,TEX,,4.64,1.33,R
Michael Lorenzen,2025-08-26 00:00:00,5,4,4,7,1,6,78,5,0.675,0,4.37,2.33,CWS,,4.64,1.33,R
Michael Lorenzen,2025-09-02 00:00:00,6,2,2,4,1,5,95,7,0.695,1,5.03,3,LAA,,4.64,1.33,R
Michael Lorenzen,2025-09-07 00:00:00,5.1,4,4,7,0,5,82,5,0.708,1,5.37,3.33,MIN,,4.64,1.33,R
Michael Lorenzen,2025-09-12 00:00:00,3,6,6,10,2,3,72,5,0.759,0,4.7,4,PHI,,4.64,1.33,R
Michael Lorenzen,2025-09-17 00:00:00,1,0,0,0,0,1,12,5,0.74,1,3.03,3.33,SEA,,4.64,1.33,R
Michael Lorenzen,2025-09-19 00:00:00,7.2,1,1,3,3,4,113,2,0.761,1,3.73,2.33,TOR,,4.64,1.33,R
Michael Lorenzen,2025-09-25 00:00:00,5.2,2,2,5,0,9,84,6,0.695,0,4.47,1,LAA,,4.64,1.33,R
Michael McGreevy,2025-05-04 00:00:00,5.2,0,0,1,1,5,80,5,0.753,1,5.2,0,NYM,,4.42,1.25,R
Michael McGreevy,2025-06-08 00:00:00,6,4,4,8,0,5,101,35,0.768,1,5.6,2,LAD,,4.42,1.25,R
Michael McGreevy,2025-06-19 00:00:00,5,1,1,3,1,5,76,11,0.675,0,5.4,1.67,CWS,,4.42,1.25,R
Michael McGreevy,2025-06-24 00:00:00,4.2,5,5,7,1,1,77,5,0.751,1,5.07,3.33,CHC,,4.42,1.25,R
Michael McGreevy,2025-07-21 00:00:00,7,1,2,7,0,1,91,27,0.679,0,5.4,2.33,COL,,4.42,1.25,R
Michael McGreevy,2025-07-27 00:00:00,4.2,7,7,9,2,2,99,6,0.711,1,5.13,4.33,SD,,4.42,1.25,R
Michael McGreevy,2025-08-02 00:00:00,6,4,4,7,1,4,90,6,0.711,0,5.73,4,SD,,4.42,1.25,R
Michael McGreevy,2025-08-08 00:00:00,6,0,0,6,1,3,87,6,0.751,1,5.4,3.67,CHC,,4.42,1.25,R
Michael McGreevy,2025-08-13 00:00:00,6,3,3,7,0,2,74,5,0.679,1,6,2.33,COL,,4.42,1.25,R
Michael McGreevy,2025-08-19 00:00:00,6,2,4,5,0,5,80,6,0.708,0,6,1.67,MIA,,4.42,1.25,R
Michael McGreevy,2025-08-25 00:00:00,6,4,4,6,2,7,92,6,0.655,1,6,3,PIT,,4.42,1.25,R
Michael McGreevy,2025-08-30 00:00:00,6,1,1,5,2,0,93,5,0.706,0,6,2.33,CIN,,4.42,1.25,R
Michael McGreevy,2025-09-05 00:00:00,4,6,6,9,1,3,75,6,0.697,1,5.33,3.67,SF,,4.42,1.25,R
Michael McGreevy,2025-09-10 00:00:00,6,1,1,5,0,4,81,5,0.74,0,5.33,2.67,SEA,,4.42,1.25,R
Michael McGreevy,2025-09-16 00:00:00,7,0,0,3,3,6,91,6,0.706,1,5.67,2.33,CIN,,4.42,1.25,R
Michael McGreevy,2025-09-22 00:00:00,5,5,5,6,3,2,90,6,0.697,0,6,2,SF,,4.42,1.25,R
Michael McGreevy,2025-09-27 00:00:00,4.2,3,3,6,2,3,88,5,0.751,0,5.4,2.67,CHC,,4.42,1.25,R
Michael Soroka,2025-03-31 00:00:00,5,4,4,5,1,3,80,5,0.761,0,5,4,TOR,,4.52,1.13,R
Michael Soroka,2025-05-07 00:00:00,5,4,4,5,2,8,78,37,0.67,1,5,4,CLE,,4.52,1.13,R
Michael Soroka,2025-05-13 00:00:00,4,2,2,4,1,4,81,6,0.72,0,4.67,3.33,ATL,,4.52,1.13,R
Michael Soroka,2025-05-18 00:00:00,5.2,3,3,7,0,8,82,5,0.699,0,4.73,3,BAL,,4.52,1.13,R
Michael Soroka,2025-05-25 00:00:00,6,3,3,5,1,2,91,7,0.697,1,5.07,2.67,SF,,4.52,1.13,R
Michael Soroka,2025-05-31 00:00:00,5.1,4,4,6,1,3,94,6,0.757,0,5.43,3.33,AZ,,4.52,1.13,R
Michael Soroka,2025-06-06 00:00:00,6,0,0,2,1,7,85,6,0.684,1,5.7,2.33,TEX,,4.52,1.13,R
Michael Soroka,2025-06-12 00:00:00,5,4,4,3,3,5,102,6,0.753,0,5.37,2.67,NYM,,4.52,1.13,R
Michael Soroka,2025-06-17 00:00:00,6,3,3,5,2,9,93,5,0.679,1,5.67,2.33,COL,,4.52,1.13,R
Michael Soroka,2025-06-22 00:00:00,5.1,3,3,2,2,10,85,5,0.768,0,5.37,3.33,LAD,,4.52,1.13,R
Michael Soroka,2025-06-28 00:00:00,6,1,1,2,1,5,86,6,0.695,0,5.7,2.33,LAA,,4.52,1.13,R
Michael Soroka,2025-07-04 00:00:00,4,7,7,9,2,6,93,6,0.745,1,5.03,3.67,BOS,,4.52,1.13,R
Michael Soroka,2025-07-10 00:00:00,4,2,2,4,2,4,91,6,0.693,0,4.67,3.33,STL,,4.52,1.13,R
Michael Soroka,2025-07-18 00:00:00,5,1,1,3,2,3,85,8,0.711,1,4.33,3.33,SD,,4.52,1.13,R
Michael Soroka,2025-07-23 00:00:00,5.2,1,1,2,3,6,88,5,0.706,1,4.73,1.33,CIN,,4.52,1.13,R
Michael Soroka,2025-07-29 00:00:00,3.1,2,2,4,0,4,74,6,0.714,0,4.43,1.33,HOU,,4.52,1.13,R
Michael Soroka,2025-08-04 00:00:00,2,1,1,1,1,3,31,6,0.706,1,3.43,1.33,CIN,,4.52,1.13,R
Michael Soroka,2025-09-15 00:00:00,2,0,0,0,2,2,39,42,0.655,0,2.37,1,PIT,,4.52,1.13,R
Michael Soroka,2025-09-18 00:00:00,1,0,0,0,1,1,19,3,0.706,0,1.67,0.33,CIN,,4.52,1.13,R
Michael Soroka,2025-09-23 00:00:00,1.2,0,4,3,1,1,33,5,0.753,1,1.4,0,NYM,,4.52,1.13,R
Michael Soroka,2025-09-25 00:00:00,1,0,0,0,0,1,8,2,0.753,1,1.07,0,NYM,,4.52,1.13,R
Michael Soroka,2025-09-28 00:00:00,0.2,0,0,0,0,0,7,3,0.693,1,0.8,0,STL,,4.52,1.13,R
Michael Soroka,2025-10-01 00:00:00,0.2,0,0,0,0,0,6,3,0.711,1,0.47,0,SD,,4.52,1.13,R
Michael Soroka,2025-10-04 00:00:00,1,3,3,5,2,1,38,3,0.736,0,0.47,1,MIL,,4.52,1.13,R
Michael Wacha,2025-03-30 00:00:00,4,1,1,4,4,2,87,5,0.67,1,4,1,CLE,,3.86,1.22,R
Michael Wacha,2025-04-05 00:00:00,5.2,4,4,6,1,5,93,6,0.699,1,4.6,2.5,BAL,,3.86,1.22,R
Michael Wacha,2025-04-10 00:00:00,5.1,2,2,3,3,4,88,5,0.708,1,4.77,2.33,MIN,,3.86,1.22,R
Michael Wacha,2025-04-15 00:00:00,5.2,3,3,4,2,4,80,5,0.787,0,5.17,3,NYY,,3.86,1.22,R
Michael Wacha,2025-04-20 00:00:00,5.1,2,2,7,0,5,89,5,0.73,0,5.13,2.33,DET,,3.86,1.22,R
Michael Wacha,2025-04-26 00:00:00,6,0,0,4,2,6,92,6,0.714,1,5.43,1.67,HOU,,3.86,1.22,R
Michael Wacha,2025-05-02 00:00:00,6.1,3,3,7,1,3,83,6,0.699,0,5.73,1.67,BAL,,3.86,1.22,R
Michael Wacha,2025-05-07 00:00:00,7,0,0,3,1,5,84,5,0.675,1,6.37,1,CWS,,3.86,1.22,R
Michael Wacha,2025-05-12 00:00:00,6.1,2,2,8,2,3,88,5,0.714,0,6.4,1.67,HOU,,3.86,1.22,R
Michael Wacha,2025-05-18 00:00:00,5,1,1,8,0,6,83,6,0.693,1,6.03,1,STL,,3.86,1.22,R
Michael Wacha,2025-05-24 00:00:00,5,4,4,7,1,1,62,6,0.708,0,5.37,2.33,MIN,,3.86,1.22,R
Michael Wacha,2025-05-31 00:00:00,7,0,0,1,1,6,99,7,0.73,1,5.67,1.67,DET,,3.86,1.22,R
Michael Wacha,2025-06-07 00:00:00,6,3,3,6,1,5,95,7,0.675,0,6,2.33,CWS,,3.86,1.22,R
Michael Wacha,2025-06-13 00:00:00,5.1,5,5,9,2,5,93,6,0.749,1,6.03,2.67,ATH,,3.86,1.22,R
Michael Wacha,2025-06-19 00:00:00,6,1,1,2,2,5,97,6,0.684,0,5.7,3,TEX,,3.86,1.22,R
Michael Wacha,2025-06-25 00:00:00,6,3,3,9,1,9,93,6,0.714,1,5.7,3,TB,,3.86,1.22,R
Michael Wacha,2025-06-30 00:00:00,5,5,5,8,2,1,94,5,0.74,0,5.67,3,SEA,,3.86,1.22,R
Michael Wacha,2025-07-05 00:00:00,4,4,4,4,4,4,98,5,0.757,0,5,4,AZ,,3.86,1.22,R
Michael Wacha,2025-07-11 00:00:00,5,1,1,2,3,5,83,6,0.753,1,4.67,3.33,NYM,,3.86,1.22,R
Michael Wacha,2025-07-19 00:00:00,6,1,1,3,1,1,78,8,0.708,0,5,2,MIA,,3.86,1.22,R
Michael Wacha,2025-07-26 00:00:00,5.1,1,1,3,1,5,80,7,0.67,1,5.37,1,CLE,,3.86,1.22,R
Michael Wacha,2025-08-01 00:00:00,8,1,1,3,0,5,100,6,0.761,0,6.37,1,TOR,,3.86,1.22,R
Michael Wacha,2025-08-06 00:00:00,6,2,2,5,0,3,74,5,0.745,0,6.37,1.33,BOS,,3.86,1.22,R
Michael Wacha,2025-08-12 00:00:00,5.2,2,2,5,2,3,79,6,0.693,1,6.4,1.67,WSH,,3.86,1.22,R
Michael Wacha,2025-08-18 00:00:00,5.2,2,2,9,0,3,93,6,0.684,1,5.47,2,TEX,,3.86,1.22,R
Michael Wacha,2025-08-23 00:00:00,6,3,3,8,1,4,108,5,0.73,0,5.47,2.33,DET,,3.86,1.22,R
Michael Wacha,2025-08-31 00:00:00,4.2,4,4,5,1,4,71,8,0.73,1,5.13,3,DET,,3.86,1.22,R
Michael Wacha,2025-09-05 00:00:00,5.2,1,1,4,2,5,83,5,0.708,1,5.13,2.67,MIN,,3.86,1.22,R
Michael Wacha,2025-09-16 00:00:00,2.2,7,7,9,0,0,47,11,0.74,1,3.87,4,SEA,,3.86,1.22,R
Michael Wacha,2025-09-21 00:00:00,5,6,6,8,1,4,89,5,0.761,1,4.13,4.67,TOR,,3.86,1.22,R
Michael Wacha,2025-09-27 00:00:00,6,0,0,2,3,5,83,6,0.749,0,4.4,4.33,ATH,,3.86,1.22,R
Mick Abel,2025-05-18 00:00:00,6,0,0,5,0,9,84,5,0.655,1,6,0,PIT,,6.23,1.51,R
Mick Abel,2025-06-04 00:00:00,5.1,1,1,3,0,2,78,17,0.761,0,5.55,0.5,TOR,,6.23,1.51,R
Mick Abel,2025-06-10 00:00:00,4,3,3,6,3,3,89,6,0.751,1,5.03,1.33,CHC,,6.23,1.51,R
Mick Abel,2025-06-16 00:00:00,5,1,1,3,1,3,77,6,0.708,0,4.7,1.67,MIA,,6.23,1.51,R
Mick Abel,2025-06-21 00:00:00,3,4,4,6,0,1,73,5,0.753,1,4,2.67,NYM,,6.23,1.51,R
Mick Abel,2025-07-02 00:00:00,1.2,5,5,2,5,3,53,11,0.711,1,3.07,3.33,SD,,6.23,1.51,R
Mick Abel,2025-08-23 00:00:00,3,6,6,7,2,2,63,52,0.675,0,2.4,5,CWS,,6.23,1.51,R
Mick Abel,2025-08-30 00:00:00,1,5,6,7,1,1,59,7,0.711,1,1.73,5.33,SD,,6.23,1.51,R
Mick Abel,2025-09-20 00:00:00,4,2,2,1,3,6,71,21,0.67,1,2.67,4.33,CLE,,6.23,1.51,R
Mick Abel,2025-09-27 00:00:00,6,0,0,3,1,9,73,7,0.759,0,3.67,2.33,PHI,,6.23,1.51,R
Mike Burrows,2025-05-22 00:00:00,5,4,4,4,2,3,77,5,0.736,1,5,4,MIL,,3.94,1.24,R
Mike Burrows,2025-05-27 00:00:00,3.1,4,5,5,2,2,78,5,0.757,0,4.05,4,AZ,,3.94,1.24,R
Mike Burrows,2025-06-04 00:00:00,5.1,0,0,5,0,6,70,8,0.714,1,4.4,2.67,HOU,,3.94,1.24,R
Mike Burrows,2025-06-09 00:00:00,4.1,2,2,5,3,6,66,5,0.708,1,4.1,2,MIA,,3.94,1.24,R
Mike Burrows,2025-06-14 00:00:00,5.1,1,1,5,0,8,81,5,0.751,0,4.77,1,CHC,,3.94,1.24,R
Mike Burrows,2025-06-20 00:00:00,4.2,4,4,7,1,4,88,6,0.684,1,4.47,2.33,TEX,,3.94,1.24,R
Mike Burrows,2025-06-25 00:00:00,2.1,0,0,0,1,1,31,5,0.736,0,3.8,1.67,MIL,,3.94,1.24,R
Mike Burrows,2025-06-29 00:00:00,4.1,1,1,4,1,5,67,4,0.753,1,3.47,1.67,NYM,,3.94,1.24,R
Mike Burrows,2025-07-05 00:00:00,5,0,0,3,4,6,85,6,0.74,0,3.73,0.33,SEA,,3.94,1.24,R
Mike Burrows,2025-07-12 00:00:00,1.1,6,6,5,3,1,56,7,0.708,0,3.4,2.33,MIN,,3.94,1.24,R
Mike Burrows,2025-07-19 00:00:00,5,2,2,3,2,6,76,7,0.675,1,3.7,2.67,CWS,,3.94,1.24,R
Mike Burrows,2025-07-25 00:00:00,6,0,0,3,1,5,86,6,0.757,1,4.03,2.67,AZ,,3.94,1.24,R
Mike Burrows,2025-07-30 00:00:00,6,1,1,3,1,7,91,5,0.697,0,5.67,1,SF,,3.94,1.24,R
Mike Burrows,2025-08-05 00:00:00,4.2,6,6,5,3,3,80,6,0.697,1,5.4,2.33,SF,,3.94,1.24,R
Mike Burrows,2025-08-10 00:00:00,5,4,4,3,1,6,74,5,0.706,1,5.07,3.67,CIN,,3.94,1.24,R
Mike Burrows,2025-08-16 00:00:00,5,1,1,5,2,4,68,6,0.751,0,4.73,3.67,CHC,,3.94,1.24,R
Mike Burrows,2025-08-23 00:00:00,4,0,0,2,1,5,57,7,0.679,1,4.67,1.67,COL,,3.94,1.24,R
Mike Burrows,2025-08-30 00:00:00,2,1,1,5,0,2,44,7,0.745,0,3.67,0.67,BOS,,3.94,1.24,R
Mike Burrows,2025-09-03 00:00:00,3,0,0,2,1,2,45,4,0.768,1,3,0.33,LAD,,3.94,1.24,R
Mike Burrows,2025-09-09 00:00:00,4,1,1,2,1,6,56,6,0.699,0,3,0.67,BAL,,3.94,1.24,R
Mike Burrows,2025-09-14 00:00:00,4.1,3,3,5,1,6,61,5,0.693,0,3.7,1.33,WSH,,3.94,1.24,R
Mike Burrows,2025-09-21 00:00:00,4,0,0,5,0,3,74,7,0.749,1,4.03,1.33,ATH,,3.94,1.24,R
Mike Burrows,2025-09-26 00:00:00,2,1,1,2,0,0,26,5,0.72,0,3.37,1.33,ATL,,3.94,1.24,R
Mike Vasil,2025-03-31 00:00:00,2,0,0,2,0,1,33,5,0.708,1,2,0,MIN,,2.5,1.25,R
Mike Vasil,2025-04-02 00:00:00,2,0,0,0,0,1,25,2,0.708,1,2,0,MIN,,2.5,1.25,R
Mike Vasil,2025-04-09 00:00:00,3,0,0,0,2,1,46,7,0.67,0,2.33,0,CLE,,2.5,1.25,R
Mike Vasil,2025-04-12 00:00:00,2,0,0,1,2,3,35,3,0.745,1,2.33,0,BOS,,2.5,1.25,R
Mike Vasil,2025-04-16 00:00:00,3,0,0,2,0,0,29,4,0.749,1,2.67,0,ATH,,2.5,1.25,R
Mike Vasil,2025-04-19 00:00:00,0.1,0,1,1,2,0,13,3,0.745,0,1.7,0,BOS,,2.5,1.25,R
Mike Vasil,2025-04-22 00:00:00,3,2,2,2,2,4,53,3,0.708,0,2.03,0.67,MIN,,2.5,1.25,R
Mike Vasil,2025-04-29 00:00:00,1,0,0,1,2,2,28,7,0.736,1,1.37,0.67,MIL,,2.5,1.25,R
Mike Vasil,2025-05-01 00:00:00,1,0,0,0,1,1,12,2,0.736,1,1.67,0.67,MIL,,2.5,1.25,R
Mike Vasil,2025-05-04 00:00:00,2.1,0,0,0,1,0,31,3,0.714,1,1.37,0,HOU,,2.5,1.25,R
Mike Vasil,2025-05-08 00:00:00,1.1,2,2,4,0,1,40,4,0.706,0,1.4,0.67,KC,,2.5,1.25,R
Mike Vasil,2025-05-11 00:00:00,3,1,1,3,1,1,47,3,0.708,1,2.07,1,MIA,,2.5,1.25,R
Mike Vasil,2025-05-14 00:00:00,1,0,0,0,1,0,11,3,0.706,0,1.7,1,CIN,,2.5,1.25,R
Mike Vasil,2025-05-17 00:00:00,2.1,1,1,1,5,2,46,3,0.751,0,2.03,0.67,CHC,,2.5,1.25,R
Mike Vasil,2025-05-21 00:00:00,1,2,2,3,0,0,18,4,0.74,1,1.37,1,SEA,,2.5,1.25,R
Mike Vasil,2025-05-24 00:00:00,3,0,0,1,1,2,37,3,0.684,1,2.03,1,TEX,,2.5,1.25,R
Mike Vasil,2025-05-28 00:00:00,3,0,0,2,1,5,43,4,0.753,0,2.33,0.67,NYM,,2.5,1.25,R
Mike Vasil,2025-06-04 00:00:00,3.2,0,0,2,0,3,58,7,0.73,1,3.07,0,DET,,2.5,1.25,R
Mike Vasil,2025-06-08 00:00:00,3.1,2,2,5,1,1,50,4,0.706,1,3.1,0.67,KC,,2.5,1.25,R
Mike Vasil,2025-06-14 00:00:00,4,0,0,2,4,4,71,6,0.684,0,3.43,0.67,TEX,,2.5,1.25,R
Mike Vasil,2025-06-19 00:00:00,3.2,6,6,7,1,6,72,5,0.693,1,3.43,2.67,STL,,2.5,1.25,R
Mike Vasil,2025-06-24 00:00:00,5.1,1,2,3,0,1,67,5,0.757,1,4.1,2.33,AZ,,2.5,1.25,R
Mike Vasil,2025-06-29 00:00:00,1.2,0,0,0,1,1,17,5,0.697,1,3.17,2.33,SF,,2.5,1.25,R
Mike Vasil,2025-07-06 00:00:00,3,0,0,2,2,2,51,7,0.679,0,3.1,0.33,COL,,2.5,1.25,R
Mike Vasil,2025-07-11 00:00:00,3,0,0,0,3,2,50,5,0.67,1,2.4,0,CLE,,2.5,1.25,R
Mike Vasil,2025-07-20 00:00:00,1,1,1,1,0,1,16,9,0.655,0,2.33,0.33,PIT,,2.5,1.25,R
Mike Vasil,2025-07-22 00:00:00,1,0,0,0,1,2,11,2,0.714,0,1.67,0.33,TB,,2.5,1.25,R
Mike Vasil,2025-07-27 00:00:00,1,0,1,0,2,1,34,5,0.751,1,1,0.33,CHC,,2.5,1.25,R
Mike Vasil,2025-07-30 00:00:00,4,0,0,3,0,3,55,3,0.759,1,2,0,PHI,,2.5,1.25,R
Mike Vasil,2025-08-03 00:00:00,2,2,2,3,1,2,32,4,0.695,0,2.33,0.67,LAA,,2.5,1.25,R
Mike Vasil,2025-08-05 00:00:00,1,0,0,0,1,1,21,2,0.74,0,2.33,0.67,SEA,,2.5,1.25,R
Mike Vasil,2025-08-08 00:00:00,3.2,0,0,2,3,3,61,3,0.67,1,2.07,0.67,CLE,,2.5,1.25,R
Mike Vasil,2025-08-12 00:00:00,2.2,2,3,4,1,2,57,4,0.73,1,2.13,0.67,DET,,2.5,1.25,R
Mike Vasil,2025-08-16 00:00:00,2,0,0,0,1,3,27,4,0.706,0,2.47,0.67,KC,,2.5,1.25,R
Mike Vasil,2025-08-18 00:00:00,1,1,1,1,1,1,22,2,0.72,0,1.73,1,ATL,,2.5,1.25,R
Mike Vasil,2025-08-20 00:00:00,1.2,0,0,1,0,1,19,2,0.72,0,1.4,0.33,ATL,,2.5,1.25,R
Mike Vasil,2025-08-24 00:00:00,2,0,0,2,0,2,36,4,0.708,1,1.4,0.33,MIN,,2.5,1.25,R
Mike Vasil,2025-08-27 00:00:00,2,0,0,1,0,1,32,3,0.706,1,1.73,0,KC,,2.5,1.25,R
Mike Vasil,2025-08-29 00:00:00,2,2,2,3,1,4,35,2,0.787,1,2,0.67,NYY,,2.5,1.25,R
Mike Vasil,2025-08-31 00:00:00,1,0,0,0,0,1,12,2,0.787,1,1.67,0.67,NYY,,2.5,1.25,R
Mike Vasil,2025-09-03 00:00:00,1,1,1,2,1,1,27,3,0.708,0,1.33,1,MIN,,2.5,1.25,R
Mike Vasil,2025-09-07 00:00:00,1,0,0,0,0,1,8,4,0.73,0,1,0.33,DET,,2.5,1.25,R
Mike Vasil,2025-09-10 00:00:00,0.2,0,0,1,0,1,14,3,0.714,1,0.73,0.33,TB,,2.5,1.25,R
Mike Vasil,2025-09-15 00:00:00,3,0,0,2,1,2,49,5,0.699,1,1.4,0,BAL,,2.5,1.25,R
Mike Vasil,2025-09-21 00:00:00,3,0,0,3,1,3,42,6,0.711,1,2.07,0,SD,,2.5,1.25,R
Mike Vasil,2025-09-25 00:00:00,1.1,1,1,1,2,1,31,4,0.787,0,2.37,0.33,NYY,,2.5,1.25,R
Mike Vasil,2025-09-27 00:00:00,1,1,1,0,2,1,24,2,0.693,0,1.7,0.67,WSH,,2.5,1.25,R
Miles Mikolas,2025-03-31 00:00:00,5.1,2,2,2,2,3,80,5,0.695,1,5.1,2,LAA,,4.84,1.32,R
Miles Mikolas,2025-04-06 00:00:00,2.2,8,9,11,1,1,81,6,0.745,0,3.65,5,BOS,,4.84,1.32,R
Miles Mikolas,2025-04-12 00:00:00,5,3,3,3,2,6,82,6,0.759,1,4.1,4.33,PHI,,4.84,1.32,R
Miles Mikolas,2025-04-18 00:00:00,4.2,2,2,5,2,1,70,6,0.753,0,3.8,4.33,NYM,,4.84,1.32,R
Miles Mikolas,2025-04-23 00:00:00,6,0,0,6,2,2,89,5,0.72,0,5.07,1.67,ATL,,4.84,1.32,R
Miles Mikolas,2025-04-30 00:00:00,5.1,0,0,3,0,4,77,7,0.706,0,5.1,0.67,CIN,,4.84,1.32,R
Miles Mikolas,2025-05-05 00:00:00,5,3,3,4,3,1,84,5,0.655,1,5.37,1,PIT,,4.84,1.32,R
Miles Mikolas,2025-05-11 00:00:00,5.1,1,1,4,1,5,69,6,0.693,0,5.07,1.33,WSH,,4.84,1.32,R
Miles Mikolas,2025-05-17 00:00:00,6,0,0,2,2,4,76,6,0.706,0,5.37,1.33,KC,,4.84,1.32,R
Miles Mikolas,2025-05-23 00:00:00,6,1,1,4,1,4,81,6,0.757,1,5.7,0.67,AZ,,4.84,1.32,R
Miles Mikolas,2025-05-28 00:00:00,4,4,4,9,0,3,72,5,0.699,0,5.33,1.67,BAL,,4.84,1.32,R
Miles Mikolas,2025-06-05 00:00:00,6,3,3,8,1,2,92,8,0.706,1,5.33,2.67,KC,,4.84,1.32,R
Miles Mikolas,2025-06-10 00:00:00,5,6,6,9,0,2,83,5,0.761,1,5,4.33,TOR,,4.84,1.32,R
Miles Mikolas,2025-06-15 00:00:00,6,2,2,6,1,7,88,5,0.736,0,5.67,3.67,MIL,,4.84,1.32,R
Miles Mikolas,2025-06-22 00:00:00,5,2,3,4,1,6,97,7,0.706,1,5.33,3.33,CIN,,4.84,1.32,R
Miles Mikolas,2025-06-28 00:00:00,4,6,6,7,1,5,74,6,0.67,0,5,3.33,CLE,,4.84,1.32,R
Miles Mikolas,2025-07-04 00:00:00,6,8,8,10,0,4,103,6,0.751,0,5,5.33,CHC,,4.84,1.32,R
Miles Mikolas,2025-07-10 00:00:00,5.2,0,0,2,1,6,71,6,0.693,1,5.07,4.67,WSH,,4.84,1.32,R
Miles Mikolas,2025-07-20 00:00:00,4,5,5,4,2,3,68,10,0.757,0,5.07,4.33,AZ,,4.84,1.32,R
Miles Mikolas,2025-07-25 00:00:00,5,0,0,7,0,1,73,5,0.711,1,4.73,1.67,SD,,4.84,1.32,R
Miles Mikolas,2025-07-30 00:00:00,6,2,2,5,0,5,86,5,0.708,1,5,2.33,MIA,,4.84,1.32,R
Miles Mikolas,2025-08-05 00:00:00,3,5,5,7,1,1,67,6,0.768,0,4.67,2.33,LAD,,4.84,1.32,R
Miles Mikolas,2025-08-11 00:00:00,6.2,2,2,4,1,3,76,6,0.679,1,5.07,3,COL,,4.84,1.32,R
Miles Mikolas,2025-08-17 00:00:00,5,3,3,4,5,1,87,6,0.787,1,4.73,3.33,NYY,,4.84,1.32,R
Miles Mikolas,2025-08-22 00:00:00,2.2,4,5,10,1,1,58,5,0.714,0,4.47,3,TB,,4.84,1.32,R
Miles Mikolas,2025-08-28 00:00:00,5,1,1,4,1,5,93,6,0.655,1,4.07,2.67,PIT,,4.84,1.32,R
Miles Mikolas,2025-09-02 00:00:00,6,1,1,5,1,0,67,5,0.749,1,4.4,2,ATH,,4.84,1.32,R
Miles Mikolas,2025-09-08 00:00:00,5,2,2,4,1,2,77,6,0.74,0,5.33,1.33,SEA,,4.84,1.32,R
Miles Mikolas,2025-09-14 00:00:00,5,2,2,5,0,5,88,6,0.736,0,5.33,1.67,MIL,,4.84,1.32,R
Miles Mikolas,2025-09-20 00:00:00,5,2,2,7,2,3,95,6,0.736,1,5,2,MIL,,4.84,1.32,R
Miles Mikolas,2025-09-26 00:00:00,5,4,4,4,1,4,79,6,0.751,0,5,2.67,CHC,,4.84,1.32,R
Mitchell Parker,2025-03-30 00:00:00,6.1,0,0,7,2,5,93,5,0.759,1,6.1,0,PHI,,5.68,1.43,L
Mitchell Parker,2025-04-05 00:00:00,6,1,1,2,4,2,82,6,0.757,1,6.05,0.5,AZ,,5.68,1.43,L
Mitchell Parker,2025-04-11 00:00:00,6,3,4,5,2,3,96,6,0.708,0,6.03,1.33,MIA,,5.68,1.43,L
Mitchell Parker,2025-04-16 00:00:00,6,1,1,4,1,6,89,5,0.655,0,6,1.67,PIT,,5.68,1.43,L
Mitchell Parker,2025-04-22 00:00:00,8,0,0,1,2,4,99,6,0.699,1,6.67,1.33,BAL,,5.68,1.43,L
Mitchell Parker,2025-04-27 00:00:00,5,6,7,7,5,0,96,5,0.753,1,6.33,2.33,NYM,,5.68,1.43,L
Mitchell Parker,2025-05-02 00:00:00,4,5,5,4,4,1,83,5,0.706,0,5.67,3.67,CIN,,5.68,1.43,L
Mitchell Parker,2025-05-09 00:00:00,4,4,4,7,2,5,96,7,0.693,1,4.33,5,STL,,5.68,1.43,L
Mitchell Parker,2025-05-14 00:00:00,4.2,4,4,4,2,6,80,5,0.72,0,4.07,4.33,ATL,,5.68,1.43,L
Mitchell Parker,2025-05-20 00:00:00,5.1,3,3,6,1,4,81,6,0.72,1,4.43,3.67,ATL,,5.68,1.43,L
Mitchell Parker,2025-05-27 00:00:00,4.2,4,4,7,1,4,85,7,0.74,0,4.5,3.67,SEA,,5.68,1.43,L
Mitchell Parker,2025-06-01 00:00:00,5,3,3,3,2,2,66,5,0.757,0,4.77,3.33,AZ,,5.68,1.43,L
Mitchell Parker,2025-06-07 00:00:00,6,0,2,4,0,5,83,6,0.684,1,5.07,2.33,TEX,,5.68,1.43,L
Mitchell Parker,2025-06-13 00:00:00,3.1,6,6,8,3,3,87,6,0.708,1,4.7,3,MIA,,5.68,1.43,L
Mitchell Parker,2025-06-18 00:00:00,6,1,1,6,0,8,84,5,0.679,1,5.03,2.33,COL,,5.68,1.43,L
Mitchell Parker,2025-06-23 00:00:00,6,3,3,6,2,1,96,5,0.711,0,5.03,3.33,SD,,5.68,1.43,L
Mitchell Parker,2025-06-29 00:00:00,5,3,3,6,3,3,76,6,0.695,0,5.67,2.33,LAA,,5.68,1.43,L
Mitchell Parker,2025-07-05 00:00:00,6,4,9,10,1,4,95,6,0.745,1,5.67,3.33,BOS,,5.68,1.43,L
Mitchell Parker,2025-07-11 00:00:00,4.2,7,7,8,3,0,85,6,0.736,0,5.07,4.67,MIL,,5.68,1.43,L
Mitchell Parker,2025-07-19 00:00:00,6,2,2,5,1,4,82,8,0.711,1,5.4,4.33,SD,,5.68,1.43,L
Mitchell Parker,2025-07-26 00:00:00,5.2,2,2,8,1,4,99,7,0.708,0,5.13,3.67,MIN,,5.68,1.43,L
Mitchell Parker,2025-08-01 00:00:00,4,8,8,12,1,3,84,6,0.736,1,5.07,4,MIL,,5.68,1.43,L
Mitchell Parker,2025-08-07 00:00:00,5,4,4,6,3,4,85,6,0.749,1,4.73,4.67,ATH,,5.68,1.43,L
Mitchell Parker,2025-08-12 00:00:00,5.1,5,5,2,3,3,87,5,0.706,0,4.7,5.67,KC,,5.68,1.43,L
Mitchell Parker,2025-08-17 00:00:00,1.2,5,6,4,3,0,52,5,0.759,1,3.77,4.67,PHI,,5.68,1.43,L
Mitchell Parker,2025-08-23 00:00:00,5,6,6,6,1,3,103,6,0.759,0,3.77,5.33,PHI,,5.68,1.43,L
Mitchell Parker,2025-08-29 00:00:00,6.1,3,3,6,0,7,91,6,0.714,1,4.1,4.67,TB,,5.68,1.43,L
Mitchell Parker,2025-09-03 00:00:00,4.2,2,4,7,1,4,91,5,0.708,1,5.1,3.67,MIA,,5.68,1.43,L
Mitchell Parker,2025-09-09 00:00:00,7.2,2,2,4,2,2,96,6,0.708,0,5.83,2.33,MIA,,5.68,1.43,L
Mitchell Parker,2025-09-15 00:00:00,5,6,6,10,1,1,103,6,0.72,1,5.47,3.33,ATL,,5.68,1.43,L
Mitchell Parker,2025-09-21 00:00:00,3.2,0,0,2,0,2,53,6,0.753,0,5.13,2.67,NYM,,5.68,1.43,L
Mitchell Parker,2025-09-24 00:00:00,0.2,0,0,0,1,0,11,3,0.72,0,2.8,2,ATL,,5.68,1.43,L
Mitchell Parker,2025-09-28 00:00:00,2,1,1,1,0,0,16,4,0.675,1,1.8,0.33,CWS,,5.68,1.43,L
Mitch Farris,2025-09-02 00:00:00,5,1,1,3,2,3,70,5,0.706,0,5,1,KC,,6.66,1.44,L
Mitch Farris,2025-09-07 00:00:00,6,2,2,3,1,4,76,5,0.749,1,5.5,1.5,ATH,,6.66,1.44,L
Mitch Farris,2025-09-13 00:00:00,4,5,5,5,4,7,85,6,0.74,0,5,2.67,SEA,,6.66,1.44,L
Mitch Farris,2025-09-19 00:00:00,4.1,6,7,8,2,5,90,6,0.679,0,4.7,4.33,COL,,6.66,1.44,L
Mitch Farris,2025-09-25 00:00:00,5,4,4,5,2,5,84,6,0.706,1,4.37,5,KC,,6.66,1.44,L
Mitch Keller,2025-03-28 00:00:00,6,1,1,5,1,4,86,5,0.708,0,6,1,MIA,,4.19,1.26,R
Mitch Keller,2025-04-04 00:00:00,3.2,7,7,8,4,4,97,7,0.787,1,4.6,4,NYY,,4.19,1.26,R
Mitch Keller,2025-04-09 00:00:00,7.1,0,0,4,1,6,96,5,0.693,1,5.43,2.67,STL,,4.19,1.26,R
Mitch Keller,2025-04-15 00:00:00,6,3,3,6,2,3,105,6,0.693,1,5.43,3.33,WSH,,4.19,1.26,R
Mitch Keller,2025-04-20 00:00:00,5,2,2,5,2,3,101,5,0.67,1,6.03,1.67,CLE,,4.19,1.26,R
Mitch Keller,2025-04-26 00:00:00,6,2,3,5,1,6,89,6,0.768,0,5.67,2.33,LAD,,4.19,1.26,R
Mitch Keller,2025-05-02 00:00:00,5,4,5,8,1,3,88,6,0.711,1,5.33,2.67,SD,,4.19,1.26,R
Mitch Keller,2025-05-07 00:00:00,6,3,3,7,3,6,94,5,0.693,0,5.67,3,STL,,4.19,1.26,R
Mitch Keller,2025-05-13 00:00:00,7,2,2,5,1,8,96,6,0.753,0,6,3,NYM,,4.19,1.26,R
Mitch Keller,2025-05-19 00:00:00,6,1,2,6,1,5,91,6,0.706,1,6.33,2,CIN,,4.19,1.26,R
Mitch Keller,2025-05-24 00:00:00,6,1,1,7,0,7,92,5,0.736,1,6.33,1.33,MIL,,4.19,1.26,R
Mitch Keller,2025-05-30 00:00:00,6,3,3,3,2,1,78,6,0.711,0,6,1.67,SD,,4.19,1.26,R
Mitch Keller,2025-06-05 00:00:00,6.1,6,6,8,1,5,89,6,0.714,1,6.03,3.33,HOU,,4.19,1.26,R
Mitch Keller,2025-06-10 00:00:00,6,3,3,8,0,4,97,5,0.708,1,6.03,4,MIA,,4.19,1.26,R
Mitch Keller,2025-06-15 00:00:00,6,2,2,3,2,3,88,5,0.751,0,6.03,3.67,CHC,,4.19,1.26,R
Mitch Keller,2025-06-21 00:00:00,5.2,2,3,3,2,5,99,6,0.684,1,5.73,2.33,TEX,,4.19,1.26,R
Mitch Keller,2025-06-27 00:00:00,5.1,1,1,5,1,4,94,6,0.753,1,5.43,1.67,NYM,,4.19,1.26,R
Mitch Keller,2025-07-02 00:00:00,7,0,0,5,1,7,97,5,0.693,1,5.77,1,STL,,4.19,1.26,R
Mitch Keller,2025-07-08 00:00:00,6.2,2,3,4,1,5,93,6,0.706,0,6.1,1,KC,,4.19,1.26,R
Mitch Keller,2025-07-13 00:00:00,6,1,1,4,0,3,83,5,0.708,0,6.4,1,MIN,,4.19,1.26,R
Mitch Keller,2025-07-22 00:00:00,6,3,3,6,3,5,89,9,0.73,1,6.07,2,DET,,4.19,1.26,R
Mitch Keller,2025-07-28 00:00:00,2,3,3,5,3,3,73,6,0.697,0,4.67,2.33,SF,,4.19,1.26,R
Mitch Keller,2025-08-03 00:00:00,5,5,5,7,1,4,89,6,0.679,0,4.33,3.67,COL,,4.19,1.26,R
Mitch Keller,2025-08-08 00:00:00,5.2,2,2,6,3,3,97,5,0.706,1,4.07,3.33,CIN,,4.19,1.26,R
Mitch Keller,2025-08-13 00:00:00,4,6,6,8,2,5,85,5,0.736,0,4.73,4.33,MIL,,4.19,1.26,R
Mitch Keller,2025-08-19 00:00:00,3.1,5,5,7,3,4,85,6,0.761,1,4.1,4.33,TOR,,4.19,1.26,R
Mitch Keller,2025-08-26 00:00:00,6,3,3,3,1,9,93,7,0.693,0,4.37,4.67,STL,,4.19,1.26,R
Mitch Keller,2025-08-31 00:00:00,5,0,4,4,1,7,90,5,0.745,0,4.7,2.67,BOS,,4.19,1.26,R
Mitch Keller,2025-09-06 00:00:00,6.1,2,2,5,0,4,92,6,0.736,1,5.7,1.67,MIL,,4.19,1.26,R
Mitch Keller,2025-09-12 00:00:00,5.1,2,2,4,1,4,62,6,0.693,0,5.4,1.33,WSH,,4.19,1.26,R
Mitch Keller,2025-09-19 00:00:00,5,4,4,4,1,4,74,7,0.749,1,5.4,2.67,ATH,,4.19,1.26,R
Mitch Keller,2025-09-26 00:00:00,3.2,1,1,3,5,6,89,7,0.72,0,4.43,2.33,ATL,,4.19,1.26,R
Mitch Spence,2025-03-28 00:00:00,2,0,0,2,0,2,31,5,0.74,0,2,0,SEA,,5.1,1.44,R
Mitch Spence,2025-03-31 00:00:00,0.2,2,4,3,1,2,34,3,0.751,1,1.1,1,CHC,,5.1,1.44,R
Mitch Spence,2025-04-02 00:00:00,2,3,3,3,1,2,35,2,0.751,1,1.4,1.67,CHC,,5.1,1.44,R
Mitch Spence,2025-04-06 00:00:00,4.1,3,3,5,0,7,56,4,0.679,0,2.1,2.67,COL,,5.1,1.44,R
Mitch Spence,2025-04-11 00:00:00,1.2,0,3,1,3,2,54,5,0.753,1,2.43,2,NYM,,5.1,1.44,R
Mitch Spence,2025-04-15 00:00:00,3,0,0,2,0,2,37,4,0.675,0,2.77,1,CWS,,5.1,1.44,R
Mitch Spence,2025-04-20 00:00:00,2.2,1,2,3,1,0,38,5,0.736,0,2.13,0.33,MIL,,5.1,1.44,R
Mitch Spence,2025-04-23 00:00:00,1,0,0,1,0,1,10,3,0.684,1,2.07,0.33,TEX,,5.1,1.44,R
Mitch Spence,2025-04-25 00:00:00,0.2,0,0,1,0,1,18,2,0.675,1,1.13,0.33,CWS,,5.1,1.44,R
Mitch Spence,2025-04-28 00:00:00,1.1,0,0,1,1,0,24,3,0.684,0,0.77,0,TEX,,5.1,1.44,R
Mitch Spence,2025-05-01 00:00:00,0.2,0,0,1,1,0,17,3,0.684,0,0.5,0,TEX,,5.1,1.44,R
Mitch Spence,2025-05-04 00:00:00,1.2,0,0,1,0,1,24,3,0.708,0,0.83,0,MIA,,5.1,1.44,R
Mitch Spence,2025-05-05 00:00:00,0.1,0,0,0,0,0,4,1,0.74,1,0.5,0,SEA,,5.1,1.44,R
Mitch Spence,2025-05-07 00:00:00,0.2,2,2,1,1,1,19,2,0.74,1,0.5,0.67,SEA,,5.1,1.44,R
Mitch Spence,2025-05-11 00:00:00,2,3,3,4,1,4,44,4,0.787,1,0.77,1.67,NYY,,5.1,1.44,R
Mitch Spence,2025-05-15 00:00:00,3,1,1,2,1,2,36,4,0.768,0,1.73,2,LAD,,5.1,1.44,R
Mitch Spence,2025-05-19 00:00:00,2.2,0,0,2,0,3,39,4,0.695,1,2.4,1.33,LAA,,5.1,1.44,R
Mitch Spence,2025-05-22 00:00:00,1.1,0,0,0,0,2,27,3,0.695,1,2.1,0.33,LAA,,5.1,1.44,R
Mitch Spence,2025-05-24 00:00:00,1,2,3,1,1,0,18,2,0.759,1,1.43,0.67,PHI,,5.1,1.44,R
Mitch Spence,2025-05-27 00:00:00,1.2,0,0,1,0,3,29,3,0.714,0,1.1,0.67,HOU,,5.1,1.44,R
Mitch Spence,2025-05-30 00:00:00,2.2,2,2,2,2,0,29,3,0.761,0,1.47,1.33,TOR,,5.1,1.44,R
Mitch Spence,2025-06-01 00:00:00,2,0,0,1,0,2,22,2,0.761,0,1.8,0.67,TOR,,5.1,1.44,R
Mitch Spence,2025-06-05 00:00:00,5,1,1,3,1,4,57,4,0.708,1,3.07,1,MIN,,5.1,1.44,R
Mitch Spence,2025-06-10 00:00:00,5,0,0,3,0,4,75,5,0.695,0,4,0.33,LAA,,5.1,1.44,R
Mitch Spence,2025-06-16 00:00:00,5,1,1,7,1,2,84,6,0.714,1,5,0.67,HOU,,5.1,1.44,R
Mitch Spence,2025-06-21 00:00:00,4.2,4,4,8,1,3,85,5,0.67,1,4.73,1.67,CLE,,5.1,1.44,R
Mitch Spence,2025-06-27 00:00:00,5,2,3,3,4,5,89,6,0.787,0,4.73,2.33,NYY,,5.1,1.44,R
Mitch Spence,2025-07-02 00:00:00,5,4,4,7,0,5,77,5,0.714,0,4.73,3.33,TB,,5.1,1.44,R
Mitch Spence,2025-07-09 00:00:00,6,8,8,9,1,3,79,7,0.72,1,5.33,4.67,ATL,,5.1,1.44,R
Mitch Spence,2025-09-16 00:00:00,3.2,0,0,2,2,1,52,69,0.745,0,4.73,4,BOS,,5.1,1.44,R
Mitch Spence,2025-09-21 00:00:00,3.1,6,7,9,2,1,64,5,0.655,0,4.1,4.67,PIT,,5.1,1.44,R
Mitch Spence,2025-09-28 00:00:00,3,3,3,7,0,1,47,7,0.706,1,3.1,3,KC,,5.1,1.44,R
Nabil Crismatt,2025-08-17 00:00:00,5,1,1,3,1,5,62,5,0.679,0,5,1,COL,,3.71,1.44,R
Nabil Crismatt,2025-08-23 00:00:00,4,0,0,4,3,4,83,6,0.706,1,4.5,0.5,CIN,,3.71,1.44,R
Nabil Crismatt,2025-08-28 00:00:00,5.2,2,4,8,1,2,85,5,0.736,0,4.73,1,MIL,,3.71,1.44,R
Nabil Crismatt,2025-09-02 00:00:00,6.1,2,2,7,1,3,82,5,0.684,1,5.1,1.33,TEX,,3.71,1.44,R
Nabil Crismatt,2025-09-08 00:00:00,4,4,4,6,1,3,50,6,0.697,0,5.1,2.67,SF,,3.71,1.44,R
Nabil Crismatt,2025-09-14 00:00:00,5,0,2,3,0,4,83,6,0.708,0,5.03,2,MIN,,3.71,1.44,R
Nabil Crismatt,2025-09-21 00:00:00,1,0,0,2,0,2,17,7,0.759,1,3.33,1.33,PHI,,3.71,1.44,R
Nabil Crismatt,2025-09-25 00:00:00,3,5,7,7,2,2,72,4,0.768,1,3,1.67,LAD,,3.71,1.44,R
Nathan Eovaldi,2025-03-27 00:00:00,6,2,2,3,0,9,87,5,0.745,1,6,2,BOS,,1.73,0.85,R
Nathan Eovaldi,2025-04-01 00:00:00,9,0,0,4,0,8,99,5,0.706,0,7.5,1,CIN,,1.73,0.85,R
Nathan Eovaldi,2025-04-07 00:00:00,4.2,3,3,4,2,4,87,6,0.751,0,6.4,1.67,CHC,,1.73,0.85,R
Nathan Eovaldi,2025-04-13 00:00:00,5,2,3,5,0,3,89,6,0.74,0,6.07,1.67,SEA,,1.73,0.85,R
Nathan Eovaldi,2025-04-19 00:00:00,6,2,3,5,0,7,91,6,0.768,1,5.07,2.33,LAD,,1.73,0.85,R
Nathan Eovaldi,2025-04-25 00:00:00,6,0,0,3,1,7,99,6,0.697,0,5.67,1.33,SF,,1.73,0.85,R
Nathan Eovaldi,2025-04-30 00:00:00,6,1,1,6,0,8,92,5,0.749,1,6,1,ATH,,1.73,0.85,R
Nathan Eovaldi,2025-05-06 00:00:00,6,1,1,5,1,7,90,6,0.745,0,6,0.67,BOS,,1.73,0.85,R
Nathan Eovaldi,2025-05-11 00:00:00,7,0,0,2,1,7,95,5,0.73,0,6.33,0.67,DET,,1.73,0.85,R
Nathan Eovaldi,2025-05-16 00:00:00,5.2,0,0,2,3,5,93,5,0.714,1,6.07,0.33,HOU,,1.73,0.85,R
Nathan Eovaldi,2025-05-22 00:00:00,6,1,1,5,1,6,105,6,0.787,0,6.07,0.33,NYY,,1.73,0.85,R
Nathan Eovaldi,2025-05-27 00:00:00,2,0,0,2,1,2,39,5,0.761,1,4.4,0.33,TOR,,1.73,0.85,R
Nathan Eovaldi,2025-06-27 00:00:00,3,3,3,5,2,2,45,31,0.74,1,3.67,1.33,SEA,,1.73,0.85,R
Nathan Eovaldi,2025-07-02 00:00:00,5,0,0,2,1,5,72,5,0.699,1,3.33,1,BAL,,1.73,0.85,R
Nathan Eovaldi,2025-07-08 00:00:00,6,0,1,5,0,6,72,6,0.695,0,4.67,1,LAA,,1.73,0.85,R
Nathan Eovaldi,2025-07-13 00:00:00,7.2,1,1,5,1,8,102,5,0.714,0,6.07,0.33,HOU,,1.73,0.85,R
Nathan Eovaldi,2025-07-25 00:00:00,5,0,0,3,4,7,86,12,0.72,1,6.07,0.33,ATL,,1.73,0.85,R
Nathan Eovaldi,2025-07-30 00:00:00,7,1,1,6,2,4,92,5,0.695,0,6.4,0.67,LAA,,1.73,0.85,R
Nathan Eovaldi,2025-08-05 00:00:00,8,0,0,1,0,6,98,6,0.787,1,6.67,0.33,NYY,,1.73,0.85,R
Nathan Eovaldi,2025-08-11 00:00:00,5,5,5,8,1,3,86,6,0.757,1,6.67,2,AZ,,1.73,0.85,R
Nathan Eovaldi,2025-08-17 00:00:00,7,2,2,5,0,6,97,6,0.761,0,6.67,2.33,TOR,,1.73,0.85,R
Nathan Eovaldi,2025-08-22 00:00:00,7,1,1,4,0,9,104,5,0.67,1,6.33,2.67,CLE,,1.73,0.85,R
Nick Lodolo,2025-03-29 00:00:00,6,2,2,5,0,1,86,5,0.697,1,6,2,SF,,3.33,1.08,L
Nick Lodolo,2025-04-03 00:00:00,6.2,0,1,4,0,4,82,5,0.736,0,6.1,1,MIL,,3.33,1.08,L
Nick Lodolo,2025-04-08 00:00:00,6,0,0,3,1,3,87,5,0.697,0,6.07,0.67,SF,,3.33,1.08,L
Nick Lodolo,2025-04-15 00:00:00,4.2,4,4,5,1,6,90,7,0.74,1,5.47,1.33,SEA,,3.33,1.08,L
Nick Lodolo,2025-04-21 00:00:00,5.2,3,3,7,2,4,100,6,0.708,0,5.13,2.33,MIA,,3.33,1.08,L
Nick Lodolo,2025-04-27 00:00:00,7,0,0,2,1,9,91,6,0.679,0,5.47,2.33,COL,,3.33,1.08,L
Nick Lodolo,2025-05-03 00:00:00,5.1,6,7,10,2,4,98,6,0.693,1,5.77,3,WSH,,3.33,1.08,L
Nick Lodolo,2025-05-08 00:00:00,6,2,2,5,0,7,93,5,0.72,0,6.03,2.67,ATL,,3.33,1.08,L
Nick Lodolo,2025-05-14 00:00:00,5.1,3,3,7,2,4,98,6,0.675,1,5.4,3.67,CWS,,3.33,1.08,L
Nick Lodolo,2025-05-19 00:00:00,6,1,1,4,1,7,89,5,0.655,0,5.7,2,PIT,,3.33,1.08,L
Nick Lodolo,2025-05-25 00:00:00,5,3,3,6,2,6,91,6,0.751,1,5.37,2.33,CHC,,3.33,1.08,L
Nick Lodolo,2025-05-31 00:00:00,6,0,0,5,2,5,94,6,0.751,0,5.67,1.33,CHC,,3.33,1.08,L
Nick Lodolo,2025-06-06 00:00:00,6,3,3,5,0,4,86,6,0.757,1,5.67,2,AZ,,3.33,1.08,L
Nick Lodolo,2025-06-11 00:00:00,3.1,6,6,5,2,6,76,5,0.67,0,5.03,3,CLE,,3.33,1.08,L
Nick Lodolo,2025-06-18 00:00:00,6,2,2,3,2,4,87,7,0.708,1,5.03,3.67,MIN,,3.33,1.08,L
Nick Lodolo,2025-06-23 00:00:00,4.1,1,1,6,0,6,94,5,0.787,1,4.4,3,NYY,,3.33,1.08,L
Nick Lodolo,2025-06-29 00:00:00,5.1,1,1,7,2,5,95,6,0.711,1,5.07,1.33,SD,,3.33,1.08,L
Nick Lodolo,2025-07-05 00:00:00,6,3,3,4,2,8,85,6,0.759,0,5.07,1.67,PHI,,3.33,1.08,L
Nick Lodolo,2025-07-10 00:00:00,6,0,0,3,0,4,91,5,0.708,1,5.7,1.33,MIA,,3.33,1.08,L
Nick Lodolo,2025-07-18 00:00:00,7,2,2,4,1,7,97,8,0.753,0,6.33,1.67,NYM,,3.33,1.08,L
Nick Lodolo,2025-07-23 00:00:00,9,0,0,4,0,8,105,5,0.693,0,7.33,0.67,WSH,,3.33,1.08,L
Nick Lodolo,2025-07-29 00:00:00,5.1,2,2,6,1,11,94,6,0.768,1,7.03,1.33,LAD,,3.33,1.08,L
Nick Lodolo,2025-08-04 00:00:00,1.2,0,0,0,0,1,22,6,0.751,0,5.1,0.67,CHC,,3.33,1.08,L
Nick Lodolo,2025-08-27 00:00:00,4.2,4,4,5,1,6,76,23,0.768,0,3.5,2,LAD,,3.33,1.08,L
Nick Lodolo,2025-09-08 00:00:00,5,0,0,2,1,2,79,12,0.711,0,3.47,1.33,SD,,3.33,1.08,L
Nick Lodolo,2025-09-14 00:00:00,5.1,5,5,8,0,5,91,6,0.749,0,4.77,3,ATH,,3.33,1.08,L
Nick Lodolo,2025-09-19 00:00:00,4.2,4,4,9,2,7,94,5,0.751,1,4.77,3,CHC,,3.33,1.08,L
Nick Lodolo,2025-09-25 00:00:00,6.1,0,0,2,1,12,80,6,0.655,1,5.13,3,PIT,,3.33,1.08,L
Nick Lodolo,2025-09-28 00:00:00,1,1,1,2,2,0,26,3,0.736,0,3.77,1.67,MIL,,3.33,1.08,L
Nick Lodolo,2025-10-01 00:00:00,1.2,0,0,1,0,0,14,3,0.768,0,2.77,0.33,LAD,,3.33,1.08,L
Nick Pivetta,2025-03-30 00:00:00,7,0,0,1,0,4,82,5,0.72,1,7,0,ATL,,2.87,0.99,R
Nick Pivetta,2025-04-05 00:00:00,3,3,3,6,3,4,76,6,0.751,0,5,1.5,CHC,,2.87,0.99,R
Nick Pivetta,2025-04-11 00:00:00,7,0,0,3,1,10,88,6,0.679,1,5.67,1,COL,,2.87,0.99,R
Nick Pivetta,2025-04-16 00:00:00,6,1,1,4,1,6,91,5,0.751,1,5.33,1.33,CHC,,2.87,0.99,R
Nick Pivetta,2025-04-22 00:00:00,7,0,0,2,2,6,91,6,0.73,0,6.67,0.33,DET,,2.87,0.99,R
Nick Pivetta,2025-04-29 00:00:00,5.1,3,3,5,1,9,89,7,0.697,1,6.03,1.33,SF,,2.87,0.99,R
Nick Pivetta,2025-05-05 00:00:00,5,2,3,5,4,5,91,6,0.787,0,5.7,1.67,NYY,,2.87,0.99,R
Nick Pivetta,2025-05-11 00:00:00,4,6,6,7,2,5,81,6,0.679,0,4.7,3.67,COL,,2.87,0.99,R
Nick Pivetta,2025-05-17 00:00:00,6,1,1,2,1,7,87,6,0.74,1,5,3,SEA,,2.87,0.99,R
Nick Pivetta,2025-05-23 00:00:00,6,1,1,4,3,7,102,6,0.72,0,5.33,2.67,ATL,,2.87,0.99,R
Nick Pivetta,2025-05-30 00:00:00,6,2,2,6,0,8,81,7,0.655,1,6,1.33,PIT,,2.87,0.99,R
Nick Pivetta,2025-06-04 00:00:00,6,5,5,6,1,5,82,5,0.697,0,6,2.67,SF,,2.87,0.99,R
Nick Pivetta,2025-06-09 00:00:00,4,4,5,8,2,3,93,5,0.768,1,5.33,3.67,LAD,,2.87,0.99,R
Nick Pivetta,2025-06-15 00:00:00,7,2,2,2,1,9,94,6,0.757,0,5.67,3.67,AZ,,2.87,0.99,R
Nick Pivetta,2025-06-20 00:00:00,4.2,4,4,6,2,3,84,5,0.706,1,5.07,3.33,KC,,2.87,0.99,R
Nick Pivetta,2025-06-25 00:00:00,7,0,0,3,0,10,90,5,0.693,1,6.07,2,WSH,,2.87,0.99,R
Nick Pivetta,2025-07-02 00:00:00,6,1,1,7,0,6,90,7,0.759,0,5.73,1.67,PHI,,2.87,0.99,R
Nick Pivetta,2025-07-08 00:00:00,5.2,0,0,2,3,7,104,6,0.757,1,6.07,0.33,AZ,,2.87,0.99,R
Nick Pivetta,2025-07-13 00:00:00,6.2,0,1,3,2,8,104,5,0.759,1,5.8,0.33,PHI,,2.87,0.99,R
Nick Pivetta,2025-07-20 00:00:00,6,1,1,3,1,5,87,7,0.693,0,5.8,0.33,WSH,,2.87,0.99,R
Nick Pivetta,2025-07-25 00:00:00,6.1,2,3,3,2,4,90,5,0.693,0,6.1,1,STL,,2.87,0.99,R
Nick Pivetta,2025-08-01 00:00:00,7,1,1,1,0,5,89,7,0.693,1,6.37,1.33,STL,,2.87,0.99,R
Nick Pivetta,2025-08-08 00:00:00,6,5,5,5,3,3,103,7,0.745,1,6.37,2.67,BOS,,2.87,0.99,R
Nick Pivetta,2025-08-13 00:00:00,6.2,1,1,4,1,5,101,5,0.697,0,6.4,2.33,SF,,2.87,0.99,R
Nick Pivetta,2025-08-19 00:00:00,6,1,1,3,2,10,109,6,0.697,1,6.07,2.33,SF,,2.87,0.99,R
Nick Pivetta,2025-08-24 00:00:00,6,2,2,2,3,7,93,5,0.768,1,6.07,1.33,LAD,,2.87,0.99,R
Nick Pivetta,2025-08-30 00:00:00,5,2,3,4,1,6,83,6,0.708,0,5.67,1.67,MIN,,2.87,0.99,R
Nick Pivetta,2025-09-05 00:00:00,6,2,2,7,2,5,99,6,0.679,0,5.67,2,COL,,2.87,0.99,R
Nick Pivetta,2025-09-10 00:00:00,7,0,0,4,1,8,101,5,0.706,1,6,1.33,CIN,,2.87,0.99,R
Nick Pivetta,2025-09-17 00:00:00,4.2,3,3,7,0,5,84,7,0.753,0,5.73,1.67,NYM,,2.87,0.99,R
Nick Pivetta,2025-09-22 00:00:00,5.2,3,3,4,5,5,112,5,0.736,1,5.47,2,MIL,,2.87,0.99,R
Nick Pivetta,2025-09-30 00:00:00,5,2,2,3,0,9,85,8,0.751,0,4.8,2.67,CHC,,2.87,0.99,R
Noah Cameron,2025-04-30 00:00:00,6.1,0,0,1,5,3,79,5,0.714,0,6.1,0,TB,,2.99,1.1,L
Noah Cameron,2025-05-17 00:00:00,6.1,1,1,2,0,3,81,17,0.693,1,6.1,0.5,STL,,2.99,1.1,L
Noah Cameron,2025-05-23 00:00:00,6.2,1,1,4,1,8,82,6,0.708,0,6.13,0.67,MIN,,2.99,1.1,L
Noah Cameron,2025-05-28 00:00:00,6.1,1,1,6,2,2,92,5,0.706,1,6.13,1,CIN,,2.99,1.1,L
Noah Cameron,2025-06-05 00:00:00,6,0,0,2,2,3,82,8,0.693,0,6.1,0.67,STL,,2.99,1.1,L
Noah Cameron,2025-06-10 00:00:00,5.2,6,6,7,1,6,102,5,0.787,1,5.77,2.33,NYY,,2.99,1.1,L
Noah Cameron,2025-06-15 00:00:00,5,0,0,4,1,7,83,5,0.749,1,5.4,2,ATH,,2.99,1.1,L
Noah Cameron,2025-06-21 00:00:00,5.1,2,2,5,3,2,88,6,0.711,0,5.1,2.67,SD,,2.99,1.1,L
Noah Cameron,2025-06-27 00:00:00,4,5,5,3,3,4,84,6,0.768,1,4.7,2.33,LAD,,2.99,1.1,L
Noah Cameron,2025-07-02 00:00:00,4.2,0,0,4,1,5,80,5,0.74,0,4.43,2.33,SEA,,2.99,1.1,L
Noah Cameron,2025-07-07 00:00:00,7,2,2,3,1,7,109,5,0.655,1,5.07,2.33,PIT,,2.99,1.1,L
Noah Cameron,2025-07-13 00:00:00,6.2,0,0,7,2,8,93,6,0.753,1,5.8,0.67,NYM,,2.99,1.1,L
Noah Cameron,2025-07-21 00:00:00,6,4,4,7,0,7,102,8,0.751,0,6.4,2,CHC,,2.99,1.1,L
Noah Cameron,2025-07-27 00:00:00,5,0,0,3,1,6,83,6,0.67,1,5.73,1.33,CLE,,2.99,1.1,L
Noah Cameron,2025-08-02 00:00:00,6.1,4,4,6,1,1,94,6,0.761,0,5.7,2.67,TOR,,2.99,1.1,L
Noah Cameron,2025-08-09 00:00:00,5.2,0,0,6,2,4,91,7,0.708,0,5.43,1.33,MIN,,2.99,1.1,L
Noah Cameron,2025-08-15 00:00:00,5.1,1,1,6,2,2,79,6,0.675,1,5.47,1.67,CWS,,2.99,1.1,L
Noah Cameron,2025-08-20 00:00:00,4.2,2,2,3,3,5,89,5,0.684,1,4.83,1,TEX,,2.99,1.1,L
Noah Cameron,2025-08-25 00:00:00,5,6,6,8,0,0,88,5,0.675,0,4.77,3,CWS,,2.99,1.1,L
Noah Cameron,2025-09-04 00:00:00,5,3,3,5,5,5,93,10,0.695,1,4.73,3.67,LAA,,2.99,1.1,L
Noah Cameron,2025-09-09 00:00:00,7,2,2,6,0,8,100,5,0.67,0,5.67,3.67,CLE,,2.99,1.1,L
Noah Cameron,2025-09-14 00:00:00,7,2,2,4,1,7,97,5,0.759,0,6.33,2.33,PHI,,2.99,1.1,L
Noah Cameron,2025-09-20 00:00:00,6.2,1,1,3,2,5,98,6,0.761,1,6.73,1.67,TOR,,2.99,1.1,L
Noah Cameron,2025-09-26 00:00:00,4.2,3,3,4,4,6,96,6,0.749,0,5.8,2,ATH,,2.99,1.1,L
Nolan McLean,2025-08-16 00:00:00,5.1,0,0,2,4,8,91,5,0.74,1,5.1,0,SEA,,2.06,1.04,R
Nolan McLean,2025-08-22 00:00:00,7,2,2,4,0,7,95,6,0.72,0,6.05,1,ATL,,2.06,1.04,R
Nolan McLean,2025-08-27 00:00:00,8,0,0,4,0,6,95,5,0.759,1,6.7,0.67,PHI,,2.06,1.04,R
Nolan McLean,2025-09-02 00:00:00,6,2,2,3,3,7,90,6,0.73,0,7,1.33,DET,,2.06,1.04,R
Nolan McLean,2025-09-08 00:00:00,5.1,1,1,7,3,5,91,6,0.759,0,6.37,1,PHI,,2.06,1.04,R
Nolan McLean,2025-09-14 00:00:00,6,0,0,5,2,7,92,6,0.684,1,5.7,1,TEX,,2.06,1.04,R
Nolan McLean,2025-09-20 00:00:00,5,1,3,4,2,6,92,6,0.693,1,5.37,0.67,WSH,,2.06,1.04,R
Nolan McLean,2025-09-25 00:00:00,5.1,5,5,5,2,11,94,5,0.751,0,5.37,2,CHC,,2.06,1.04,R
Osvaldo Bido,2025-03-29 00:00:00,5,1,2,3,4,4,81,5,0.74,0,5,1,SEA,,5.87,1.61,R
Osvaldo Bido,2025-04-04 00:00:00,5,2,2,6,2,5,87,6,0.679,0,5,1.5,COL,,5.87,1.61,R
Osvaldo Bido,2025-04-09 00:00:00,5,2,2,9,0,5,90,5,0.711,1,5,1.67,SD,,5.87,1.61,R
Osvaldo Bido,2025-04-16 00:00:00,5.2,1,1,5,1,0,83,7,0.675,0,5.07,1.67,CWS,,5.87,1.61,R
Osvaldo Bido,2025-04-22 00:00:00,5.1,8,8,8,3,2,91,6,0.684,1,5.1,3.67,TEX,,5.87,1.61,R
Osvaldo Bido,2025-04-27 00:00:00,5.1,1,1,5,2,1,90,5,0.675,1,5.13,3.33,CWS,,5.87,1.61,R
Osvaldo Bido,2025-05-03 00:00:00,5,4,4,3,2,4,70,6,0.708,0,5.07,4.33,MIA,,5.87,1.61,R
Osvaldo Bido,2025-05-09 00:00:00,5.1,3,4,8,2,6,96,6,0.787,1,5.07,2.67,NYY,,5.87,1.61,R
Osvaldo Bido,2025-05-15 00:00:00,1.2,6,6,5,2,2,49,6,0.768,0,3.77,4.33,LAD,,5.87,1.61,R
Osvaldo Bido,2025-06-03 00:00:00,0.2,2,2,2,2,1,24,19,0.708,1,2.17,3.67,MIN,,5.87,1.61,R
Osvaldo Bido,2025-06-11 00:00:00,2.2,1,1,4,1,3,48,8,0.695,0,1.2,3,LAA,,5.87,1.61,R
Osvaldo Bido,2025-06-17 00:00:00,1.2,2,4,4,2,1,52,6,0.714,1,1.2,1.67,HOU,,5.87,1.61,R
Osvaldo Bido,2025-07-11 00:00:00,4,0,0,3,1,2,49,24,0.761,1,2.47,1,TOR,,5.87,1.61,R
Osvaldo Bido,2025-07-20 00:00:00,3,3,3,3,1,1,41,9,0.67,0,2.73,1.67,CLE,,5.87,1.61,R
Osvaldo Bido,2025-08-03 00:00:00,2,0,0,2,0,0,32,14,0.757,1,3,1,AZ,,5.87,1.61,R
Osvaldo Bido,2025-08-05 00:00:00,0.1,0,0,0,0,1,6,2,0.693,0,1.7,1,WSH,,5.87,1.61,R
Osvaldo Bido,2025-08-11 00:00:00,3.2,2,2,6,0,4,52,6,0.714,1,1.77,0.67,TB,,5.87,1.61,R
Osvaldo Bido,2025-08-17 00:00:00,1,0,0,0,0,3,19,6,0.695,1,1.43,0.67,LAA,,5.87,1.61,R
Osvaldo Bido,2025-08-21 00:00:00,3,1,1,2,0,4,44,4,0.708,0,2.4,1,MIN,,5.87,1.61,R
Osvaldo Bido,2025-08-26 00:00:00,3,4,4,3,2,5,66,5,0.73,1,2.33,1.67,DET,,5.87,1.61,R
Osvaldo Bido,2025-08-30 00:00:00,2.1,2,2,3,0,1,32,4,0.684,1,2.7,2.33,TEX,,5.87,1.61,R
Osvaldo Bido,2025-09-07 00:00:00,0.1,1,1,1,2,0,22,8,0.695,0,1.73,2.33,LAA,,5.87,1.61,R
Osvaldo Bido,2025-09-09 00:00:00,1,0,0,0,2,2,28,2,0.745,1,1.07,1,BOS,,5.87,1.61,R
Osvaldo Bido,2025-09-21 00:00:00,3.2,3,3,4,2,6,63,12,0.655,0,1.43,1.33,PIT,,5.87,1.61,R
Osvaldo Bido,2025-09-25 00:00:00,2.1,1,1,2,1,3,37,4,0.714,1,2.1,1.33,HOU,,5.87,1.61,R
Osvaldo Bido,2025-09-28 00:00:00,1.2,2,2,2,1,2,28,3,0.706,1,2.17,2,KC,,5.87,1.61,R
Parker Messick,2025-08-20 00:00:00,6.2,1,1,7,1,6,83,5,0.757,0,6.2,1,AZ,,2.72,1.31,L
Parker Messick,2025-08-26 00:00:00,7,0,0,4,0,6,98,6,0.714,1,6.6,0.5,TB,,2.72,1.31,L
Parker Messick,2025-09-01 00:00:00,3.2,3,3,9,2,2,82,6,0.745,0,5.47,1.33,BOS,,2.72,1.31,L
Parker Messick,2025-09-07 00:00:00,6,1,1,8,0,4,86,6,0.714,0,5.4,1.33,TB,,2.72,1.31,L
Parker Messick,2025-09-13 00:00:00,6,1,1,7,1,4,93,6,0.675,1,5.07,1.67,CWS,,2.72,1.31,L
Parker Messick,2025-09-19 00:00:00,5.1,2,2,5,1,9,94,6,0.708,0,5.7,1.33,MIN,,2.72,1.31,L
Parker Messick,2025-09-25 00:00:00,5,4,4,6,1,7,89,6,0.73,1,5.37,2.33,DET,,2.72,1.31,L
Patrick Corbin,2025-04-08 00:00:00,4,3,3,5,2,0,74,5,0.751,0,4,3,CHC,,4.4,1.36,L
Patrick Corbin,2025-04-16 00:00:00,5.1,1,1,5,1,6,85,8,0.695,1,4.55,2,LAA,,4.4,1.36,L
Patrick Corbin,2025-04-22 00:00:00,5,2,2,7,2,4,85,6,0.749,0,4.7,2,ATH,,4.4,1.36,L
Patrick Corbin,2025-04-28 00:00:00,4.2,2,2,7,1,5,93,6,0.749,1,4.77,1.67,ATH,,4.4,1.36,L
Patrick Corbin,2025-05-03 00:00:00,5.2,1,1,5,2,2,85,5,0.74,1,4.8,1.67,SEA,,4.4,1.36,L
Patrick Corbin,2025-05-09 00:00:00,7,2,2,3,4,3,93,6,0.73,0,5.47,1.67,DET,,4.4,1.36,L
Patrick Corbin,2025-05-14 00:00:00,6,3,3,4,1,9,94,5,0.679,1,6.07,2,COL,,4.4,1.36,L
Patrick Corbin,2025-05-20 00:00:00,5,3,3,5,2,3,86,6,0.787,0,6,2.67,NYY,,4.4,1.36,L
Patrick Corbin,2025-05-25 00:00:00,5.1,3,3,5,1,6,87,5,0.675,0,5.37,3,CWS,,4.4,1.36,L
Patrick Corbin,2025-05-31 00:00:00,5.1,2,2,3,2,3,83,6,0.693,1,5.07,2.67,STL,,4.4,1.36,L
Patrick Corbin,2025-06-06 00:00:00,8,2,2,5,0,2,89,6,0.693,0,6.07,2.33,WSH,,4.4,1.36,L
Patrick Corbin,2025-06-12 00:00:00,5,3,3,6,3,6,91,6,0.708,0,6.03,2.33,MIN,,4.4,1.36,L
Patrick Corbin,2025-06-18 00:00:00,5,4,4,6,2,4,86,6,0.706,1,6,3,KC,,4.4,1.36,L
Patrick Corbin,2025-06-23 00:00:00,5,5,5,9,0,6,77,5,0.699,0,5,4,BAL,,4.4,1.36,L
Patrick Corbin,2025-06-30 00:00:00,6,3,3,8,1,6,110,7,0.699,1,5.33,4,BAL,,4.4,1.36,L
Patrick Corbin,2025-07-05 00:00:00,6,2,2,6,1,3,91,5,0.711,0,5.67,3.33,SD,,4.4,1.36,L
Patrick Corbin,2025-07-10 00:00:00,5,2,2,7,2,6,88,5,0.695,0,5.67,2.33,LAA,,4.4,1.36,L
Patrick Corbin,2025-07-18 00:00:00,5.2,0,0,3,2,6,92,8,0.73,1,5.4,1.33,DET,,4.4,1.36,L
Patrick Corbin,2025-07-23 00:00:00,5.2,1,1,5,0,7,69,5,0.749,1,5.13,1,ATH,,4.4,1.36,L
Patrick Corbin,2025-07-29 00:00:00,5,2,3,3,3,6,103,6,0.695,0,5.13,1,LAA,,4.4,1.36,L
Patrick Corbin,2025-08-04 00:00:00,3,3,3,6,3,3,73,6,0.787,1,4.4,2,NYY,,4.4,1.36,L
Patrick Corbin,2025-08-10 00:00:00,4.1,3,3,4,3,1,78,6,0.759,1,4.03,2.67,PHI,,4.4,1.36,L
Patrick Corbin,2025-08-16 00:00:00,2.1,7,7,8,2,2,62,6,0.761,0,3.07,4.33,TOR,,4.4,1.36,L
Patrick Corbin,2025-08-21 00:00:00,3.2,4,4,7,2,2,77,5,0.706,0,3.13,4.67,KC,,4.4,1.36,L
Patrick Corbin,2025-08-26 00:00:00,8,0,0,3,1,8,102,5,0.695,1,4.43,3.67,LAA,,4.4,1.36,L
Patrick Corbin,2025-09-01 00:00:00,5.2,5,5,5,1,5,92,6,0.757,0,5.47,3,AZ,,4.4,1.36,L
Patrick Corbin,2025-09-07 00:00:00,5.2,1,1,3,1,5,82,6,0.714,1,6.13,2,HOU,,4.4,1.36,L
Patrick Corbin,2025-09-13 00:00:00,4.1,0,1,6,2,5,85,6,0.753,0,4.83,2,NYM,,4.4,1.36,L
Patrick Corbin,2025-09-19 00:00:00,1,2,3,3,0,0,22,6,0.708,1,3.43,1,MIA,,4.4,1.36,L
Patrick Corbin,2025-09-23 00:00:00,3.2,2,2,5,2,2,65,4,0.708,1,2.77,1.33,MIN,,4.4,1.36,L
Patrick Corbin,2025-09-28 00:00:00,4,3,3,4,2,5,90,5,0.67,0,2.73,2.33,CLE,,4.4,1.36,L
Paul Blackburn,2025-06-02 00:00:00,5,0,0,3,1,3,77,5,0.768,0,5,0,LAD,,6.23,1.51,R
Paul Blackburn,2025-06-08 00:00:00,4,3,3,7,1,3,71,6,0.679,0,4.5,1.5,COL,,6.23,1.51,R
Paul Blackburn,2025-06-13 00:00:00,0.1,4,4,4,0,0,14,5,0.714,1,3.03,2.33,TB,,6.23,1.51,R
Paul Blackburn,2025-06-18 00:00:00,3.2,3,4,4,2,2,73,5,0.72,0,2.43,3.33,ATL,,6.23,1.51,R
Paul Blackburn,2025-06-23 00:00:00,4.2,3,3,6,3,5,95,5,0.72,1,2.5,3.33,ATL,,6.23,1.51,R
Paul Blackburn,2025-06-28 00:00:00,1,3,3,6,0,2,33,5,0.655,0,2.8,3,PIT,,6.23,1.51,R
Paul Blackburn,2025-08-13 00:00:00,5,2,2,1,1,3,61,46,0.72,1,3.4,2.67,ATL,,6.23,1.51,R
Paul Blackburn,2025-08-23 00:00:00,3.1,7,7,8,2,2,71,10,0.745,1,3.03,4,BOS,,6.23,1.51,R
Paul Blackburn,2025-08-27 00:00:00,2,1,1,2,0,0,27,4,0.693,1,3.37,3.33,WSH,,6.23,1.51,R
Paul Blackburn,2025-09-02 00:00:00,2,0,0,1,0,4,30,6,0.714,0,2.37,2.67,HOU,,6.23,1.51,R
Paul Blackburn,2025-09-09 00:00:00,2,0,1,2,1,3,36,7,0.73,1,2,0.33,DET,,6.23,1.51,R
Paul Blackburn,2025-09-14 00:00:00,1,0,0,1,0,1,16,5,0.745,0,1.67,0,BOS,,6.23,1.51,R
Paul Blackburn,2025-09-18 00:00:00,2,0,0,0,1,2,26,4,0.699,0,1.67,0,BAL,,6.23,1.51,R
Paul Blackburn,2025-09-24 00:00:00,1,0,0,1,0,1,10,6,0.675,1,1.33,0,CWS,,6.23,1.51,R
Paul Blackburn,2025-09-27 00:00:00,2,1,1,1,0,3,26,3,0.699,1,1.67,0.33,BAL,,6.23,1.51,R
Paul Blackburn,2025-10-04 00:00:00,1.1,4,4,6,0,0,36,7,0.761,0,1.37,1.67,TOR,,6.23,1.51,R
Paul Skenes,2025-03-27 00:00:00,5.1,2,2,3,2,7,94,5,0.708,0,5.1,2,MIA,,1.97,0.95,R
Paul Skenes,2025-04-02 00:00:00,7,0,1,3,0,6,102,6,0.714,0,6.05,1,TB,,1.97,0.95,R
Paul Skenes,2025-04-08 00:00:00,6,5,5,6,1,7,98,6,0.693,1,6.03,2.33,STL,,1.97,0.95,R
Paul Skenes,2025-04-14 00:00:00,6,1,2,3,0,6,99,6,0.693,1,6.33,2,WSH,,1.97,0.95,R
Paul Skenes,2025-04-19 00:00:00,7,2,2,6,1,4,103,5,0.67,1,6.33,2.67,CLE,,1.97,0.95,R
Paul Skenes,2025-04-25 00:00:00,6.1,0,0,5,0,9,108,6,0.768,0,6.37,1,LAD,,1.97,0.95,R
Paul Skenes,2025-05-01 00:00:00,5,3,3,5,4,2,86,6,0.751,1,6.03,1.67,CHC,,1.97,0.95,R
Paul Skenes,2025-05-06 00:00:00,6,2,2,3,4,6,102,5,0.693,0,5.7,1.67,STL,,1.97,0.95,R
Paul Skenes,2025-05-12 00:00:00,6,1,1,6,3,6,92,6,0.753,0,5.67,2,NYM,,1.97,0.95,R
Paul Skenes,2025-05-18 00:00:00,8,1,1,3,1,9,102,6,0.759,0,6.67,1.33,PHI,,1.97,0.95,R
Paul Skenes,2025-05-23 00:00:00,6,1,1,4,2,8,101,5,0.736,1,6.67,1,MIL,,1.97,0.95,R
Paul Skenes,2025-05-28 00:00:00,6.2,0,0,4,0,7,96,5,0.757,0,6.73,0.67,AZ,,1.97,0.95,R
Paul Skenes,2025-06-03 00:00:00,8,1,1,3,1,8,99,6,0.714,1,6.73,0.67,HOU,,1.97,0.95,R
Paul Skenes,2025-06-08 00:00:00,7.2,0,1,2,1,7,97,5,0.759,1,7.13,0.33,PHI,,1.97,0.95,R
Paul Skenes,2025-06-13 00:00:00,5,0,0,4,2,5,95,5,0.751,0,6.73,0.33,CHC,,1.97,0.95,R
Paul Skenes,2025-06-19 00:00:00,6,2,2,3,5,9,105,6,0.73,0,6.07,0.67,DET,,1.97,0.95,R
Paul Skenes,2025-06-25 00:00:00,4,4,4,4,2,4,78,6,0.736,0,5,2,MIL,,1.97,0.95,R
Paul Skenes,2025-07-01 00:00:00,5,0,0,5,1,5,88,6,0.693,1,5,2,STL,,1.97,0.95,R
Paul Skenes,2025-07-06 00:00:00,5,0,0,5,0,10,78,5,0.74,0,4.67,1.33,SEA,,1.97,0.95,R
Paul Skenes,2025-07-11 00:00:00,5,2,2,5,0,6,78,5,0.708,0,5,0.67,MIN,,1.97,0.95,R
Paul Skenes,2025-07-21 00:00:00,6,0,0,3,1,6,86,10,0.73,1,5.33,0.67,DET,,1.97,0.95,R
Paul Skenes,2025-07-27 00:00:00,6,0,0,3,1,9,99,6,0.757,1,5.67,0.67,AZ,,1.97,0.95,R
Paul Skenes,2025-08-02 00:00:00,5,4,4,5,2,8,94,6,0.679,0,5.67,1.33,COL,,1.97,0.95,R
Paul Skenes,2025-08-07 00:00:00,6,0,0,7,0,8,97,5,0.706,1,5.67,1.33,CIN,,1.97,0.95,R
Paul Skenes,2025-08-12 00:00:00,4,4,4,6,2,4,93,5,0.736,0,5,2.67,MIL,,1.97,0.95,R
Paul Skenes,2025-08-18 00:00:00,6,2,2,5,1,8,96,6,0.761,1,5.33,2,TOR,,1.97,0.95,R
Paul Skenes,2025-08-24 00:00:00,7,0,0,3,0,7,101,6,0.679,1,5.67,2,COL,,1.97,0.95,R
Paul Skenes,2025-08-29 00:00:00,6,1,2,7,1,6,95,5,0.745,0,6.33,1,BOS,,1.97,0.95,R
Paul Skenes,2025-09-04 00:00:00,6,0,0,2,1,8,94,6,0.768,1,6.33,0.33,LAD,,1.97,0.95,R
Paul Skenes,2025-09-10 00:00:00,5,0,0,2,0,8,64,6,0.699,0,5.67,0.33,BAL,,1.97,0.95,R
Paul Skenes,2025-09-16 00:00:00,3.2,3,3,7,3,6,92,6,0.751,1,4.73,1,CHC,,1.97,0.95,R
Paul Skenes,2025-09-24 00:00:00,6,0,0,4,0,7,85,8,0.706,0,4.73,1,CIN,,1.97,0.95,R
Paxton Schultz,2025-04-20 00:00:00,4.1,0,0,2,0,8,64,5,0.74,1,4.1,0,SEA,,4.38,1.42,R
Paxton Schultz,2025-04-27 00:00:00,2.1,3,3,4,2,3,57,7,0.787,0,3.1,1.5,NYY,,4.38,1.42,R
Paxton Schultz,2025-05-24 00:00:00,1,0,0,0,0,0,12,27,0.714,0,2.4,1,TB,,4.38,1.42,R
Paxton Schultz,2025-05-25 00:00:00,3,0,4,3,1,2,46,1,0.714,0,2.03,1,TB,,4.38,1.42,R
Paxton Schultz,2025-05-28 00:00:00,2.2,0,0,1,0,4,45,3,0.684,0,2.07,0,TEX,,4.38,1.42,R
Paxton Schultz,2025-06-03 00:00:00,1.1,0,0,2,1,3,30,6,0.759,1,2.1,0,PHI,,4.38,1.42,R
Paxton Schultz,2025-06-06 00:00:00,2,3,3,4,0,1,40,3,0.708,0,1.77,1,MIN,,4.38,1.42,R
Paxton Schultz,2025-06-08 00:00:00,1,0,0,2,0,3,19,2,0.708,0,1.37,1,MIN,,4.38,1.42,R
Paxton Schultz,2025-06-19 00:00:00,2.2,2,2,2,1,1,40,11,0.757,1,1.73,1.67,AZ,,4.38,1.42,R
Paxton Schultz,2025-06-24 00:00:00,1,1,1,1,2,1,29,5,0.67,0,1.4,1,CLE,,4.38,1.42,R
Paxton Schultz,2025-06-27 00:00:00,1,0,0,0,0,0,12,3,0.745,0,1.4,1,BOS,,4.38,1.42,R
Paxton Schultz,2025-06-28 00:00:00,1.1,3,3,5,1,1,40,1,0.745,0,1.03,1.33,BOS,,4.38,1.42,R
Paxton Schultz,2025-08-24 00:00:00,1,0,0,1,0,1,14,57,0.708,0,1.03,1,MIA,,4.38,1.42,R
Payton Tolle,2025-08-29 00:00:00,5.1,2,2,3,2,8,84,5,0.655,1,5.1,2,PIT,,6.06,1.59,L
Payton Tolle,2025-09-05 00:00:00,3,5,5,5,4,2,77,7,0.757,0,4.05,3.5,AZ,,6.06,1.59,L
Payton Tolle,2025-09-10 00:00:00,2,2,2,3,0,2,33,5,0.749,0,3.37,3,ATH,,6.06,1.59,L
Payton Tolle,2025-09-18 00:00:00,3,0,1,3,0,4,50,8,0.749,1,2.67,2.33,ATH,,6.06,1.59,L
Payton Tolle,2025-09-21 00:00:00,1,1,1,2,1,1,22,3,0.714,0,2,1,TB,,6.06,1.59,L
Payton Tolle,2025-09-24 00:00:00,1,1,1,1,1,1,26,3,0.761,0,1.67,0.67,TOR,,6.06,1.59,L
Payton Tolle,2025-09-27 00:00:00,1,0,0,1,0,1,12,3,0.73,1,1,0.67,DET,,6.06,1.59,L
Payton Tolle,2025-10-01 00:00:00,0.1,0,0,0,0,0,7,4,0.787,0,0.7,0.33,NYY,,6.06,1.59,L
Pierson Ohl,2025-07-29 00:00:00,3,4,4,5,1,4,72,5,0.745,1,3,4,BOS,,5.1,1.5,R
Pierson Ohl,2025-08-02 00:00:00,3,1,1,4,1,2,52,4,0.67,0,3,2.5,CLE,,5.1,1.5,R
Pierson Ohl,2025-08-06 00:00:00,2.2,4,4,4,0,3,61,4,0.73,0,2.73,3,DET,,5.1,1.5,R
Pierson Ohl,2025-08-10 00:00:00,2.2,0,0,1,1,0,36,4,0.706,1,2.47,1.67,KC,,5.1,1.5,R
Pierson Ohl,2025-08-15 00:00:00,2.1,3,7,8,2,1,67,5,0.73,1,2.17,2.33,DET,,5.1,1.5,R
Pierson Ohl,2025-08-19 00:00:00,4,1,1,3,0,3,54,4,0.749,1,2.77,1.33,ATH,,5.1,1.5,R
Pierson Ohl,2025-08-24 00:00:00,3,0,1,3,0,3,46,5,0.675,0,3.03,1.33,CWS,,5.1,1.5,R
Pierson Ohl,2025-09-09 00:00:00,1.1,4,4,5,1,2,43,16,0.695,0,2.7,1.67,LAA,,5.1,1.5,R
Pierson Ohl,2025-09-13 00:00:00,2,0,0,2,1,2,35,4,0.757,1,2.03,1.33,AZ,,5.1,1.5,R
Pierson Ohl,2025-09-15 00:00:00,1,0,0,0,0,1,14,2,0.787,1,1.37,1.33,NYY,,5.1,1.5,R
Pierson Ohl,2025-09-17 00:00:00,1,0,0,0,0,2,13,2,0.787,1,1.33,0,NYY,,5.1,1.5,R
Pierson Ohl,2025-09-21 00:00:00,1,0,0,0,0,0,9,4,0.67,1,1,0,CLE,,5.1,1.5,R
Pierson Ohl,2025-09-25 00:00:00,1,0,0,1,0,1,20,4,0.684,0,1,0,TEX,,5.1,1.5,R
Pierson Ohl,2025-09-27 00:00:00,2,0,0,2,0,3,22,2,0.759,0,1.33,0,PHI,,5.1,1.5,R
Quinn Priester,2025-04-10 00:00:00,5,1,1,6,2,4,72,5,0.679,0,5,1,COL,,3.32,1.24,R
Quinn Priester,2025-04-15 00:00:00,5,0,0,1,3,4,84,5,0.73,1,5,0.5,DET,,3.32,1.24,R
Quinn Priester,2025-04-21 00:00:00,4,2,2,4,4,3,81,6,0.697,0,4.67,1,SF,,3.32,1.24,R
Quinn Priester,2025-04-26 00:00:00,5,5,5,8,3,2,102,5,0.693,0,4.67,2.33,STL,,3.32,1.24,R
Quinn Priester,2025-05-02 00:00:00,4.1,7,7,6,4,4,101,6,0.751,1,4.37,4.67,CHC,,3.32,1.24,R
Quinn Priester,2025-05-07 00:00:00,5,1,3,3,3,3,78,5,0.714,1,4.7,4.33,HOU,,3.32,1.24,R
Quinn Priester,2025-05-13 00:00:00,5,1,1,3,2,3,69,6,0.67,0,4.7,3,CLE,,3.32,1.24,R
Quinn Priester,2025-05-19 00:00:00,5.1,3,3,4,1,2,66,6,0.699,1,5.03,1.67,BAL,,3.32,1.24,R
Quinn Priester,2025-05-24 00:00:00,6,1,1,6,1,7,84,5,0.655,0,5.37,1.67,PIT,,3.32,1.24,R
Quinn Priester,2025-05-30 00:00:00,6,2,2,4,0,0,71,6,0.759,0,5.7,2,PHI,,3.32,1.24,R
Quinn Priester,2025-06-04 00:00:00,5,1,1,2,3,4,88,5,0.706,0,5.67,1.33,CIN,,3.32,1.24,R
Quinn Priester,2025-06-10 00:00:00,6,1,1,7,0,7,96,6,0.72,1,5.67,1.33,ATL,,3.32,1.24,R
Quinn Priester,2025-06-15 00:00:00,6,1,1,4,0,3,88,5,0.693,1,5.67,1,STL,,3.32,1.24,R
Quinn Priester,2025-06-22 00:00:00,3.1,3,3,9,0,4,76,7,0.708,0,5.03,1.67,MIN,,3.32,1.24,R
Quinn Priester,2025-06-28 00:00:00,7,0,0,1,2,11,95,6,0.679,1,5.37,1.33,COL,,3.32,1.24,R
Quinn Priester,2025-07-04 00:00:00,4.2,4,5,7,2,4,83,6,0.708,0,4.77,2.33,MIA,,3.32,1.24,R
Quinn Priester,2025-07-11 00:00:00,6,2,2,4,2,5,86,7,0.693,1,5.73,2,WSH,,3.32,1.24,R
Quinn Priester,2025-07-18 00:00:00,6,0,0,3,0,10,77,7,0.768,0,5.4,2,LAD,,3.32,1.24,R
Quinn Priester,2025-07-23 00:00:00,7,2,2,6,2,6,96,5,0.74,0,6.33,1.33,SEA,,3.32,1.24,R
Quinn Priester,2025-07-29 00:00:00,5.2,2,2,8,2,3,86,6,0.751,1,6.07,1.33,CHC,,3.32,1.24,R
Quinn Priester,2025-08-04 00:00:00,7,1,1,2,2,4,90,6,0.72,0,6.4,1.67,ATL,,3.32,1.24,R
Quinn Priester,2025-08-10 00:00:00,4.1,6,6,10,1,2,75,6,0.753,1,5.43,3,NYM,,3.32,1.24,R
Quinn Priester,2025-08-16 00:00:00,5.1,2,2,6,1,5,83,6,0.706,0,5.4,3,CIN,,3.32,1.24,R
Quinn Priester,2025-08-21 00:00:00,4.1,1,1,3,5,4,95,5,0.751,0,4.43,3,CHC,,3.32,1.24,R
Quinn Priester,2025-08-30 00:00:00,6,0,1,5,0,3,82,9,0.761,0,5.07,1,TOR,,3.32,1.24,R
Quinn Priester,2025-09-05 00:00:00,7,2,2,6,1,6,96,6,0.655,0,5.7,1,PIT,,3.32,1.24,R
Quinn Priester,2025-09-12 00:00:00,5.1,2,2,5,1,5,88,7,0.693,1,6.03,1.33,STL,,3.32,1.24,R
Quinn Priester,2025-09-18 00:00:00,5.2,2,2,3,2,10,93,6,0.695,1,5.77,2,LAA,,3.32,1.24,R
Quinn Priester,2025-09-26 00:00:00,5,3,3,9,1,4,87,8,0.706,1,5.1,2.33,CIN,,3.32,1.24,R
Quinn Priester,2025-10-08 00:00:00,0.2,4,4,3,2,1,39,12,0.751,0,3.47,3,CHC,,3.32,1.24,R
Quinn Priester,2025-10-13 00:00:00,4,0,0,3,3,1,58,5,0.768,1,3.07,2.33,LAD,,3.32,1.24,R
Reed Garrett,2025-03-28 00:00:00,1,0,0,0,1,2,18,5,0.714,0,1,0,HOU,,3.9,1.32,R
Reed Garrett,2025-04-02 00:00:00,1.1,0,0,2,0,0,14,5,0.708,0,1.05,0,MIA,,3.9,1.32,R
Reed Garrett,2025-04-04 00:00:00,0.2,0,0,0,0,2,8,2,0.761,1,0.77,0,TOR,,3.9,1.32,R
Reed Garrett,2025-04-06 00:00:00,1,0,0,0,0,1,13,2,0.761,1,0.77,0,TOR,,3.9,1.32,R
Reed Garrett,2025-04-08 00:00:00,1,0,0,0,0,1,12,2,0.708,1,0.73,0,MIA,,3.9,1.32,R
Reed Garrett,2025-04-11 00:00:00,0.2,0,0,1,2,1,21,3,0.749,0,0.73,0,ATH,,3.9,1.32,R
Reed Garrett,2025-04-14 00:00:00,1,0,0,0,0,2,15,3,0.708,0,0.73,0,MIN,,3.9,1.32,R
Reed Garrett,2025-04-16 00:00:00,0,0,1,1,0,0,3,2,0.708,0,0.4,0,MIN,,3.9,1.32,R
Reed Garrett,2025-04-17 00:00:00,1,0,0,0,1,1,29,1,0.693,1,0.67,0,STL,,3.9,1.32,R
Reed Garrett,2025-04-19 00:00:00,1.1,0,0,0,0,0,11,2,0.693,1,0.7,0,STL,,3.9,1.32,R
Reed Garrett,2025-04-21 00:00:00,0.2,0,0,1,0,1,12,2,0.759,1,0.77,0,PHI,,3.9,1.32,R
Reed Garrett,2025-04-25 00:00:00,1,0,0,1,0,1,9,4,0.693,0,0.77,0,WSH,,3.9,1.32,R
Reed Garrett,2025-04-26 00:00:00,1,0,0,2,0,0,16,1,0.693,0,0.73,0,WSH,,3.9,1.32,R
Reed Garrett,2025-05-01 00:00:00,1.2,1,1,1,0,3,26,5,0.757,1,1.07,0.33,AZ,,3.9,1.32,R
Reed Garrett,2025-05-04 00:00:00,1,0,0,0,1,1,21,3,0.693,0,1.07,0.33,STL,,3.9,1.32,R
Reed Garrett,2025-05-05 00:00:00,1,0,0,2,0,2,16,1,0.757,0,1.07,0.33,AZ,,3.9,1.32,R
Reed Garrett,2025-05-09 00:00:00,0.1,0,0,0,0,0,2,4,0.751,1,0.7,0,CHC,,3.9,1.32,R
Reed Garrett,2025-05-11 00:00:00,1,1,1,1,1,0,21,2,0.751,1,0.7,0.33,CHC,,3.9,1.32,R
Reed Garrett,2025-05-13 00:00:00,0.1,0,0,0,2,0,18,2,0.655,1,0.4,0.33,PIT,,3.9,1.32,R
Reed Garrett,2025-05-17 00:00:00,1,0,0,1,3,0,23,4,0.787,0,0.7,0.33,NYY,,3.9,1.32,R
Reed Garrett,2025-05-21 00:00:00,1,0,0,1,0,1,18,4,0.745,0,0.7,0,BOS,,3.9,1.32,R
Reed Garrett,2025-05-23 00:00:00,2,0,0,0,1,2,17,2,0.768,1,1.33,0,LAD,,3.9,1.32,R
Reed Garrett,2025-05-25 00:00:00,1,0,0,1,0,2,15,2,0.768,1,1.33,0,LAD,,3.9,1.32,R
Reed Garrett,2025-05-27 00:00:00,1.2,0,0,0,1,3,23,2,0.675,1,1.4,0,CWS,,3.9,1.32,R
Reed Garrett,2025-05-30 00:00:00,1,0,0,0,0,2,17,3,0.679,1,1.07,0,COL,,3.9,1.32,R
Reed Garrett,2025-06-01 00:00:00,1,0,0,1,0,2,17,2,0.679,1,1.07,0,COL,,3.9,1.32,R
Reed Garrett,2025-06-03 00:00:00,1,0,0,1,1,2,19,2,0.768,0,1,0,LAD,,3.9,1.32,R
Reed Garrett,2025-06-05 00:00:00,0.2,1,3,2,2,1,21,2,0.768,0,0.73,0.33,LAD,,3.9,1.32,R
Reed Garrett,2025-06-10 00:00:00,1,0,0,0,0,1,11,5,0.693,1,0.73,0.33,WSH,,3.9,1.32,R
Reed Garrett,2025-06-17 00:00:00,1,1,1,2,0,1,23,7,0.72,0,0.73,0.67,ATL,,3.9,1.32,R
Reed Garrett,2025-06-20 00:00:00,0,4,4,3,1,0,20,3,0.759,0,0.67,1.67,PHI,,3.9,1.32,R
Reed Garrett,2025-06-23 00:00:00,1,0,0,0,0,2,18,3,0.72,1,0.67,1.67,ATL,,3.9,1.32,R
Reed Garrett,2025-06-24 00:00:00,0.2,0,0,1,1,2,22,1,0.72,1,0.4,1.33,ATL,,3.9,1.32,R
Reed Garrett,2025-06-28 00:00:00,1,0,0,0,0,0,7,4,0.655,0,0.73,0,PIT,,3.9,1.32,R
Reed Garrett,2025-07-02 00:00:00,0.2,4,4,3,1,0,21,4,0.736,1,0.47,1.33,MIL,,3.9,1.32,R
Reed Garrett,2025-07-04 00:00:00,2,0,0,1,0,1,29,2,0.787,1,1.07,1.33,NYY,,3.9,1.32,R
Reed Garrett,2025-07-08 00:00:00,1,0,0,1,1,0,19,4,0.699,0,1.07,1.33,BAL,,3.9,1.32,R
Reed Garrett,2025-07-11 00:00:00,1,0,0,0,0,1,12,3,0.706,0,1.33,0,KC,,3.9,1.32,R
Reed Garrett,2025-07-12 00:00:00,1,0,0,0,0,0,17,1,0.706,0,1,0,KC,,3.9,1.32,R
Reed Garrett,2025-07-19 00:00:00,0.2,0,0,1,0,0,9,7,0.706,1,0.73,0,CIN,,3.9,1.32,R
Reed Garrett,2025-07-20 00:00:00,0.2,1,1,0,1,1,13,1,0.706,1,0.47,0.33,CIN,,3.9,1.32,R
Reed Garrett,2025-07-22 00:00:00,1.1,0,0,0,0,2,22,2,0.695,1,0.5,0.33,LAA,,3.9,1.32,R
Reed Garrett,2025-07-26 00:00:00,1,0,0,0,0,2,10,4,0.697,0,0.77,0.33,SF,,3.9,1.32,R
Reed Garrett,2025-07-27 00:00:00,0.2,0,0,1,0,2,18,1,0.697,0,0.77,0,SF,,3.9,1.32,R
Reed Garrett,2025-07-30 00:00:00,1.1,0,0,0,1,2,22,3,0.711,0,0.77,0,SD,,3.9,1.32,R
Reed Garrett,2025-08-02 00:00:00,1.1,0,0,0,0,1,21,3,0.697,1,0.8,0,SF,,3.9,1.32,R
Reed Garrett,2025-08-04 00:00:00,1,0,0,0,0,2,14,2,0.67,1,1.07,0,CLE,,3.9,1.32,R
Reed Garrett,2025-08-06 00:00:00,1,0,0,0,0,1,14,2,0.67,1,1.03,0,CLE,,3.9,1.32,R
Reed Garrett,2025-08-09 00:00:00,1,0,0,0,0,2,15,3,0.736,0,1,0,MIL,,3.9,1.32,R
Reed Garrett,2025-08-10 00:00:00,1,1,1,1,0,1,20,1,0.736,0,1,0.33,MIL,,3.9,1.32,R
Reed Garrett,2025-08-13 00:00:00,0.2,3,3,2,1,2,24,3,0.72,1,0.73,1.33,ATL,,3.9,1.32,R
Reed Garrett,2025-08-17 00:00:00,1,2,2,2,0,1,22,4,0.74,1,0.73,2,SEA,,3.9,1.32,R
Reed Garrett,2025-08-20 00:00:00,1,0,0,0,1,1,12,3,0.693,0,0.73,1.67,WSH,,3.9,1.32,R
Reed Garrett,2025-08-22 00:00:00,1,2,2,3,0,1,28,2,0.72,0,1,1.33,ATL,,3.9,1.32,R
Reed Garrett,2025-09-07 00:00:00,1,0,0,1,0,1,17,16,0.706,0,1,0.67,CIN,,3.9,1.32,R
Reed Garrett,2025-09-11 00:00:00,0.2,3,3,3,1,1,20,4,0.759,0,0.73,1.67,PHI,,3.9,1.32,R
Reed Garrett,2025-09-12 00:00:00,1,0,0,2,0,0,15,1,0.684,1,0.73,1,TEX,,3.9,1.32,R
Reed Garrett,2025-09-14 00:00:00,0.1,0,0,1,1,0,9,2,0.684,1,0.43,1,TEX,,3.9,1.32,R
Reese Olson,2025-03-29 00:00:00,4.2,4,4,4,2,5,93,5,0.768,0,4.2,4,LAD,,3.15,1.21,R
Reese Olson,2025-04-05 00:00:00,6,2,2,7,3,5,94,7,0.675,1,5.1,3,CWS,,3.15,1.21,R
Reese Olson,2025-04-11 00:00:00,4.1,4,4,6,3,3,90,6,0.708,0,4.77,3.33,MIN,,3.15,1.21,R
Reese Olson,2025-04-17 00:00:00,5,0,0,4,2,5,87,6,0.706,1,5.03,2,KC,,3.15,1.21,R
Reese Olson,2025-04-23 00:00:00,7.1,0,0,2,1,7,85,6,0.711,1,5.4,1.33,SD,,3.15,1.21,R
Reese Olson,2025-04-29 00:00:00,5.2,3,3,4,3,7,90,6,0.714,0,5.77,1,HOU,,3.15,1.21,R
Reese Olson,2025-05-04 00:00:00,5.2,0,0,3,3,8,94,5,0.695,0,5.83,1,LAA,,3.15,1.21,R
Reese Olson,2025-05-11 00:00:00,4,3,3,7,1,5,83,7,0.684,1,4.8,2,TEX,,3.15,1.21,R
Reese Olson,2025-05-17 00:00:00,6,0,0,1,1,6,85,6,0.761,0,5.07,1,TOR,,3.15,1.21,R
Reese Olson,2025-07-04 00:00:00,4.1,1,1,6,1,3,89,48,0.67,0,4.7,1.33,CLE,,3.15,1.21,R
Reese Olson,2025-07-09 00:00:00,5,2,2,6,2,1,84,5,0.714,1,5.03,1,TB,,3.15,1.21,R
Reese Olson,2025-07-18 00:00:00,5,0,0,2,1,6,90,9,0.684,0,4.7,1,TEX,,3.15,1.21,R
Reese Olson,2025-07-24 00:00:00,5.2,5,5,6,2,4,95,6,0.761,1,5.07,2.33,TOR,,3.15,1.21,R
Richard Fitts,2025-03-30 00:00:00,6,3,3,6,0,4,71,5,0.684,0,6,3,TEX,,5,1.31,R
Richard Fitts,2025-04-07 00:00:00,6,3,3,6,4,4,102,8,0.761,1,6,3,TOR,,5,1.31,R
Richard Fitts,2025-04-12 00:00:00,5,0,0,2,1,5,70,5,0.675,0,5.67,2,CWS,,5,1.31,R
Richard Fitts,2025-05-27 00:00:00,3,0,0,2,1,2,44,45,0.736,0,4.67,1,MIL,,5,1.31,R
Richard Fitts,2025-06-02 00:00:00,1,5,6,4,1,0,39,6,0.695,1,3,1.67,LAA,,5,1.31,R
Richard Fitts,2025-06-25 00:00:00,4,2,2,4,1,6,83,23,0.695,0,2.67,2.33,LAA,,5,1.31,R
Richard Fitts,2025-07-01 00:00:00,3,1,1,2,1,1,38,6,0.706,1,2.67,2.67,CIN,,5,1.31,R
Richard Fitts,2025-07-07 00:00:00,5.2,2,3,5,1,6,91,6,0.679,1,4.07,1.67,COL,,5,1.31,R
Richard Fitts,2025-07-22 00:00:00,3.1,4,4,6,0,4,65,15,0.759,0,3.77,2.33,PHI,,5,1.31,R
Richard Fitts,2025-07-28 00:00:00,4,2,2,4,3,2,58,6,0.708,0,4.1,2.67,MIN,,5,1.31,R
Richard Fitts,2025-08-25 00:00:00,4,3,3,2,3,6,67,28,0.699,0,3.7,3,BAL,,5,1.31,R
Rich Hill,2025-07-22 00:00:00,5,1,3,6,2,1,90,5,0.751,0,5,1,CHC,,5,1.89,L
Rich Hill,2025-07-28 00:00:00,4,4,4,3,6,3,81,6,0.72,1,4.5,2.5,ATL,,5,1.89,L
Rico Garcia,2025-07-06 00:00:00,2,0,0,1,0,2,31,5,0.787,1,2,0,NYY,,3.15,1.19,R
Rico Garcia,2025-07-10 00:00:00,2.2,0,0,0,0,1,35,4,0.699,0,2.1,0,BAL,,3.15,1.19,R
Rico Garcia,2025-07-18 00:00:00,2.2,3,3,3,2,2,53,8,0.72,0,2.13,1,ATL,,3.15,1.19,R
Rico Garcia,2025-07-22 00:00:00,1,0,0,1,0,2,23,4,0.695,1,1.8,1,LAA,,3.15,1.19,R
Rico Garcia,2025-07-25 00:00:00,2,0,0,0,0,3,21,3,0.697,0,1.73,1,SF,,3.15,1.19,R
Rico Garcia,2025-07-28 00:00:00,2,0,0,1,1,4,35,3,0.711,0,1.67,0,SD,,3.15,1.19,R
Rico Garcia,2025-07-30 00:00:00,1,1,1,1,1,2,13,2,0.711,0,1.67,0.33,SD,,3.15,1.19,R
Rico Garcia,2025-08-01 00:00:00,1,0,0,1,0,1,17,2,0.697,1,1.33,0.33,SF,,3.15,1.19,R
Rico Garcia,2025-08-02 00:00:00,1,2,2,2,0,1,31,1,0.697,1,1,1,SF,,3.15,1.19,R
Rico Garcia,2025-08-12 00:00:00,1,0,0,1,0,0,23,10,0.74,1,1,0.67,SEA,,3.15,1.19,R
Rico Garcia,2025-08-14 00:00:00,0.2,1,1,2,0,1,13,2,0.74,1,0.73,1,SEA,,3.15,1.19,R
Rico Garcia,2025-08-16 00:00:00,1,0,0,2,0,1,22,2,0.714,0,0.73,0.33,HOU,,3.15,1.19,R
Rico Garcia,2025-08-19 00:00:00,1,0,0,0,0,3,12,3,0.745,0,0.73,0.33,BOS,,3.15,1.19,R
Rico Garcia,2025-08-23 00:00:00,1,0,0,1,0,0,8,4,0.714,1,1,0,HOU,,3.15,1.19,R
Rico Garcia,2025-08-24 00:00:00,0.1,1,1,3,0,0,10,1,0.714,1,0.7,0.33,HOU,,3.15,1.19,R
Rico Garcia,2025-08-28 00:00:00,1,1,1,1,1,1,23,4,0.745,1,0.7,0.67,BOS,,3.15,1.19,R
Rico Garcia,2025-09-01 00:00:00,1.2,0,0,0,0,2,21,4,0.711,0,0.77,0.67,SD,,3.15,1.19,R
Rico Garcia,2025-09-02 00:00:00,0.2,0,0,0,0,1,8,1,0.711,0,0.8,0.33,SD,,3.15,1.19,R
Rico Garcia,2025-09-05 00:00:00,1,0,0,0,0,1,9,3,0.768,1,0.8,0,LAD,,3.15,1.19,R
Rico Garcia,2025-09-07 00:00:00,1,1,1,2,1,0,24,2,0.768,1,0.73,0.33,LAD,,3.15,1.19,R
Rico Garcia,2025-09-09 00:00:00,1,0,0,0,0,1,14,2,0.655,1,1,0.33,PIT,,3.15,1.19,R
Rico Garcia,2025-09-10 00:00:00,1,0,0,0,1,1,25,1,0.655,1,1,0.33,PIT,,3.15,1.19,R
Rico Garcia,2025-09-13 00:00:00,1,0,0,1,1,1,19,3,0.761,0,1,0,TOR,,3.15,1.19,R
Rico Garcia,2025-09-16 00:00:00,0.1,1,1,1,0,0,6,3,0.675,0,0.7,0.33,CWS,,3.15,1.19,R
Rico Garcia,2025-09-17 00:00:00,1,0,0,0,0,1,15,1,0.675,0,0.7,0.33,CWS,,3.15,1.19,R
Rico Garcia,2025-09-19 00:00:00,1,0,0,1,1,1,16,2,0.787,1,0.7,0.33,NYY,,3.15,1.19,R
Rico Garcia,2025-09-21 00:00:00,1,0,0,2,1,1,14,2,0.787,1,1,0,NYY,,3.15,1.19,R
Rico Garcia,2025-09-25 00:00:00,1,0,0,3,0,2,26,4,0.714,1,1,0,TB,,3.15,1.19,R
Rico Garcia,2025-09-28 00:00:00,1.1,1,1,1,0,2,20,3,0.787,0,1.03,0.33,NYY,,3.15,1.19,R
Robbie Ray,2025-03-30 00:00:00,5.1,3,3,3,1,4,78,5,0.706,0,5.1,3,CIN,,3.65,1.21,L
Robbie Ray,2025-04-05 00:00:00,6,1,1,4,5,2,88,6,0.74,1,5.55,2,SEA,,3.65,1.21,L
Robbie Ray,2025-04-11 00:00:00,4,1,1,2,4,7,98,6,0.787,0,5.03,1.67,NYY,,3.65,1.21,L
Robbie Ray,2025-04-16 00:00:00,4,4,4,6,5,8,93,5,0.759,0,4.67,2,PHI,,3.65,1.21,L
Robbie Ray,2025-04-21 00:00:00,5,2,2,5,3,4,92,5,0.736,1,4.33,2.33,MIL,,3.65,1.21,L
Robbie Ray,2025-04-26 00:00:00,7,2,2,5,1,8,97,5,0.684,1,5.33,2.67,TEX,,3.65,1.21,L
Robbie Ray,2025-05-02 00:00:00,7,0,0,2,2,8,86,6,0.679,1,6.33,1.33,COL,,3.65,1.21,L
Robbie Ray,2025-05-07 00:00:00,6,1,1,3,2,5,98,5,0.751,0,6.67,1,CHC,,3.65,1.21,L
Robbie Ray,2025-05-13 00:00:00,6,3,3,7,3,9,108,6,0.757,1,6.33,1.33,AZ,,3.65,1.21,L
Robbie Ray,2025-05-19 00:00:00,7,0,0,6,1,7,94,6,0.706,1,6.33,1.33,KC,,3.65,1.21,L
Robbie Ray,2025-05-25 00:00:00,6,1,1,3,0,7,90,6,0.693,0,6.33,1.33,WSH,,3.65,1.21,L
Robbie Ray,2025-05-31 00:00:00,7,1,1,2,3,9,98,6,0.708,0,6.67,0.67,MIA,,3.65,1.21,L
Robbie Ray,2025-06-05 00:00:00,7,2,2,4,1,9,101,5,0.711,1,6.67,1.33,SD,,3.65,1.21,L
Robbie Ray,2025-06-11 00:00:00,4,2,4,6,2,5,93,6,0.679,0,6,1.67,COL,,3.65,1.21,L
Robbie Ray,2025-06-17 00:00:00,6,3,3,5,2,5,102,6,0.67,1,5.67,2.33,CLE,,3.65,1.21,L
Robbie Ray,2025-06-22 00:00:00,5,3,4,8,1,7,88,5,0.745,1,5,2.67,BOS,,3.65,1.21,L
Robbie Ray,2025-06-28 00:00:00,6,1,1,4,2,6,101,6,0.675,0,5.67,2.33,CWS,,3.65,1.21,L
Robbie Ray,2025-07-03 00:00:00,9,2,2,3,1,7,102,5,0.757,0,6.67,2,AZ,,3.65,1.21,L
Robbie Ray,2025-07-08 00:00:00,5.2,1,1,4,3,5,99,5,0.759,1,6.73,1.33,PHI,,3.65,1.21,L
Robbie Ray,2025-07-13 00:00:00,6,2,2,3,2,6,92,5,0.768,1,6.73,1.67,LAD,,3.65,1.21,L
Robbie Ray,2025-07-20 00:00:00,4.1,5,5,5,5,3,95,7,0.761,0,5.1,2.67,TOR,,3.65,1.21,L
Robbie Ray,2025-07-26 00:00:00,5.2,2,2,5,3,3,102,6,0.753,1,5.1,3,NYM,,3.65,1.21,L
Robbie Ray,2025-08-01 00:00:00,7,1,1,4,1,6,102,6,0.753,0,5.43,2.67,NYM,,3.65,1.21,L
Robbie Ray,2025-08-06 00:00:00,6,2,2,6,2,8,104,5,0.655,0,6.07,1.67,PIT,,3.65,1.21,L
Robbie Ray,2025-08-12 00:00:00,6,4,4,7,1,4,113,6,0.711,1,6.33,2.33,SD,,3.65,1.21,L
Robbie Ray,2025-08-18 00:00:00,6.2,0,3,3,1,6,105,6,0.711,0,6.07,2,SD,,3.65,1.21,L
Robbie Ray,2025-08-24 00:00:00,5,3,3,6,4,0,80,6,0.736,0,5.73,2.33,MIL,,3.65,1.21,L
Robbie Ray,2025-08-29 00:00:00,4.1,6,6,6,3,5,94,5,0.699,1,5.1,3,BAL,,3.65,1.21,L
Robbie Ray,2025-09-03 00:00:00,4.2,4,5,7,1,8,99,5,0.679,0,4.43,4.33,COL,,3.65,1.21,L
Robbie Ray,2025-09-09 00:00:00,5,2,2,3,2,5,95,6,0.757,1,4.43,4,AZ,,3.65,1.21,L
Robbie Ray,2025-09-14 00:00:00,4,5,5,6,4,5,98,5,0.768,1,4.4,3.67,LAD,,3.65,1.21,L
Robbie Ray,2025-09-19 00:00:00,4.2,5,5,5,2,5,84,5,0.768,0,4.4,4,LAD,,3.65,1.21,L
Robert Gasser,2025-09-21 00:00:00,3,2,2,1,2,2,45,5,0.693,0,3,2,STL,,3.18,1.59,L
Robert Gasser,2025-09-27 00:00:00,2.2,0,4,4,2,3,57,6,0.706,1,2.6,1,CIN,,3.18,1.59,L
Robert Gasser,2025-10-09 00:00:00,2,2,2,5,1,0,46,12,0.751,0,2.4,1.33,CHC,,3.18,1.59,L
Robert Gasser,2025-10-14 00:00:00,0.2,0,0,1,1,2,14,5,0.768,1,1.47,0.67,LAD,,3.18,1.59,L
Rob Zastryzny,2025-05-17 00:00:00,2,0,0,2,0,3,31,5,0.708,1,2,0,MIN,,2.45,1.18,L
Rob Zastryzny,2025-05-19 00:00:00,1,0,0,0,0,2,12,2,0.699,1,1.5,0,BAL,,2.45,1.18,L
Rob Zastryzny,2025-05-21 00:00:00,0.2,0,0,2,0,1,17,2,0.699,1,1.07,0,BAL,,2.45,1.18,L
Rob Zastryzny,2025-05-22 00:00:00,0.2,0,0,0,1,0,15,1,0.655,0,0.47,0,PIT,,2.45,1.18,L
Rob Zastryzny,2025-05-27 00:00:00,0.2,0,0,0,0,1,10,5,0.745,1,0.2,0,BOS,,2.45,1.18,L
Rob Zastryzny,2025-05-31 00:00:00,1,0,0,0,0,2,12,4,0.759,0,0.47,0,PHI,,2.45,1.18,L
Rob Zastryzny,2025-06-02 00:00:00,0.2,0,0,1,0,1,12,2,0.706,0,0.47,0,CIN,,2.45,1.18,L
Rob Zastryzny,2025-06-03 00:00:00,0.2,0,0,0,1,0,10,1,0.706,0,0.47,0,CIN,,2.45,1.18,L
Rob Zastryzny,2025-06-06 00:00:00,0.1,0,0,2,0,0,10,3,0.711,1,0.17,0,SD,,2.45,1.18,L
Rob Zastryzny,2025-06-08 00:00:00,1,1,1,1,0,2,16,2,0.711,1,0.43,0.33,SD,,2.45,1.18,L
Rob Zastryzny,2025-06-14 00:00:00,1,1,1,1,0,0,16,6,0.693,1,0.7,0.67,STL,,2.45,1.18,L
Rob Zastryzny,2025-06-17 00:00:00,1,1,1,1,0,1,13,3,0.751,0,1,1,CHC,,2.45,1.18,L
Rob Zastryzny,2025-06-22 00:00:00,0.2,0,0,0,0,1,7,5,0.708,0,0.73,0.67,MIN,,2.45,1.18,L
Rob Zastryzny,2025-06-24 00:00:00,1,0,0,0,0,0,14,2,0.655,1,0.73,0.33,PIT,,2.45,1.18,L
Rob Zastryzny,2025-06-25 00:00:00,1,0,0,0,0,1,8,1,0.655,1,0.73,0,PIT,,2.45,1.18,L
Rob Zastryzny,2025-08-31 00:00:00,1,0,0,0,1,0,15,67,0.761,0,1,0,TOR,,2.45,1.18,L
Rob Zastryzny,2025-09-01 00:00:00,1,0,0,1,1,0,17,1,0.759,1,1,0,PHI,,2.45,1.18,L
Rob Zastryzny,2025-09-04 00:00:00,1.1,0,0,0,0,2,18,3,0.759,1,1.03,0,PHI,,2.45,1.18,L
Rob Zastryzny,2025-09-06 00:00:00,0.1,0,0,0,1,0,9,2,0.655,0,0.73,0,PIT,,2.45,1.18,L
Rob Zastryzny,2025-09-10 00:00:00,1,0,0,0,1,1,15,4,0.684,0,0.73,0,TEX,,2.45,1.18,L
Rob Zastryzny,2025-09-12 00:00:00,1,0,0,0,0,1,12,2,0.693,1,0.7,0,STL,,2.45,1.18,L
Rob Zastryzny,2025-09-13 00:00:00,0.2,0,0,0,1,0,15,1,0.693,1,0.73,0,STL,,2.45,1.18,L
Rob Zastryzny,2025-09-19 00:00:00,0.1,3,3,3,0,0,22,6,0.693,0,0.43,1,STL,,2.45,1.18,L
Rob Zastryzny,2025-09-21 00:00:00,0.2,0,0,1,1,1,5,2,0.693,0,0.17,1,STL,,2.45,1.18,L
Rob Zastryzny,2025-09-22 00:00:00,1,0,1,1,2,0,17,1,0.711,0,0.43,1,SD,,2.45,1.18,L
Rob Zastryzny,2025-09-27 00:00:00,0.1,0,0,0,0,0,3,5,0.706,1,0.43,0,CIN,,2.45,1.18,L
Roki Sasaki,2025-03-29 00:00:00,1.2,2,2,3,4,2,61,5,0.73,1,1.2,2,DET,,4.46,1.43,R
Roki Sasaki,2025-04-05 00:00:00,4,1,1,3,2,4,68,7,0.759,0,2.6,1.5,PHI,,4.46,1.43,R
Roki Sasaki,2025-04-12 00:00:00,5,1,1,4,2,3,81,7,0.751,1,3.4,1.33,CHC,,4.46,1.43,R
Roki Sasaki,2025-04-19 00:00:00,6,2,2,2,3,4,78,7,0.684,0,5,1.33,TEX,,4.46,1.43,R
Roki Sasaki,2025-04-26 00:00:00,5.2,3,3,5,2,4,93,7,0.655,1,5.4,2,PIT,,4.46,1.43,R
Roki Sasaki,2025-05-03 00:00:00,5,3,3,6,2,4,98,7,0.72,0,5.4,2.67,ATL,,4.46,1.43,R
Roki Sasaki,2025-05-09 00:00:00,4,5,5,5,2,0,61,6,0.757,0,4.73,3.67,AZ,,4.46,1.43,R
Roki Sasaki,2025-09-24 00:00:00,1,0,0,0,0,2,13,138,0.757,0,3.33,2.67,AZ,,4.46,1.43,R
Roki Sasaki,2025-09-26 00:00:00,1,0,0,1,0,2,12,2,0.74,0,2,1.67,SEA,,4.46,1.43,R
Roki Sasaki,2025-10-01 00:00:00,1,0,0,0,0,2,11,5,0.706,1,1,0,CIN,,4.46,1.43,R
Roki Sasaki,2025-10-04 00:00:00,1,0,0,1,0,1,11,3,0.759,0,1,0,PHI,,4.46,1.43,R
Roki Sasaki,2025-10-06 00:00:00,0.1,0,0,0,0,0,2,2,0.759,0,0.7,0,PHI,,4.46,1.43,R
Roki Sasaki,2025-10-09 00:00:00,3,0,0,0,0,2,36,3,0.759,1,1.37,0,PHI,,4.46,1.43,R
Roki Sasaki,2025-10-13 00:00:00,0.2,1,1,1,2,0,22,4,0.736,0,1.1,0.33,MIL,,4.46,1.43,R
Roki Sasaki,2025-10-16 00:00:00,1,0,0,0,0,1,13,3,0.736,1,1.4,0.33,MIL,,4.46,1.43,R
Roki Sasaki,2025-10-17 00:00:00,1,0,0,1,0,0,9,1,0.736,1,0.73,0.33,MIL,,4.46,1.43,R
Roki Sasaki,2025-10-27 00:00:00,1.2,0,0,1,2,0,29,10,0.761,1,1.07,0,TOR,,4.46,1.43,R
Roki Sasaki,2025-10-31 00:00:00,1,0,0,2,1,0,33,4,0.761,0,1.07,0,TOR,,4.46,1.43,R
Ronel Blanco,2025-03-31 00:00:00,5,3,3,3,3,6,92,5,0.697,1,5,3,SF,,4.1,1.18,R
Ronel Blanco,2025-04-06 00:00:00,1.2,4,4,5,3,3,62,6,0.708,0,3.1,3.5,MIN,,4.1,1.18,R
Ronel Blanco,2025-04-11 00:00:00,5,2,2,5,1,7,84,5,0.695,1,3.73,3,LAA,,4.1,1.18,R
Ronel Blanco,2025-04-16 00:00:00,5,3,3,5,3,1,88,5,0.693,0,3.73,3,STL,,4.1,1.18,R
Ronel Blanco,2025-04-22 00:00:00,6.2,1,1,2,2,3,93,6,0.761,1,5.4,2,TOR,,4.1,1.18,R
Ronel Blanco,2025-04-28 00:00:00,5,3,3,3,2,6,84,6,0.73,1,5.4,2.33,DET,,4.1,1.18,R
Ronel Blanco,2025-05-05 00:00:00,6,3,3,7,2,6,98,7,0.736,0,5.73,2.33,MIL,,4.1,1.18,R
Ronel Blanco,2025-05-11 00:00:00,8,0,0,2,1,11,101,6,0.706,1,6.33,2,CIN,,4.1,1.18,R
Ronel Blanco,2025-05-17 00:00:00,6,3,3,5,3,5,92,6,0.684,0,6.67,2,TEX,,4.1,1.18,R
Ryan Bergert,2025-04-26 00:00:00,1,0,0,1,0,1,16,5,0.714,1,1,0,TB,,3.66,1.26,R
Ryan Bergert,2025-05-02 00:00:00,1,0,0,0,0,0,13,6,0.655,0,1,0,PIT,,3.66,1.26,R
Ryan Bergert,2025-05-05 00:00:00,1,0,0,0,0,1,14,3,0.787,0,1,0,NYY,,3.66,1.26,R
Ryan Bergert,2025-05-06 00:00:00,1,0,0,0,0,0,8,1,0.787,0,1,0,NYY,,3.66,1.26,R
Ryan Bergert,2025-06-03 00:00:00,5,2,2,6,2,2,83,28,0.697,0,2.33,0.67,SF,,3.66,1.26,R
Ryan Bergert,2025-06-08 00:00:00,5.1,0,0,1,4,4,86,5,0.736,0,3.7,0.67,MIL,,3.66,1.26,R
Ryan Bergert,2025-06-14 00:00:00,5,3,3,3,2,8,90,6,0.757,0,5.03,1.67,AZ,,3.66,1.26,R
Ryan Bergert,2025-06-19 00:00:00,4.2,0,0,3,1,3,71,5,0.768,0,4.77,1,LAD,,3.66,1.26,R
Ryan Bergert,2025-06-24 00:00:00,3,3,3,5,3,4,69,5,0.693,1,4.07,2,WSH,,3.66,1.26,R
Ryan Bergert,2025-07-11 00:00:00,4.2,2,2,3,2,7,82,17,0.759,1,3.8,1.67,PHI,,3.66,1.26,R
Ryan Bergert,2025-07-29 00:00:00,4,1,1,2,4,4,83,18,0.753,1,3.73,2,NYM,,3.66,1.26,R
Ryan Bergert,2025-08-05 00:00:00,5.2,2,2,2,2,2,85,7,0.745,0,4.47,1.67,BOS,,3.66,1.26,R
Ryan Bergert,2025-08-10 00:00:00,5.2,2,2,4,1,8,89,5,0.708,0,4.8,1.67,MIN,,3.66,1.26,R
Ryan Bergert,2025-08-17 00:00:00,5.1,1,2,6,2,7,95,7,0.675,1,5.17,1.67,CWS,,3.66,1.26,R
Ryan Bergert,2025-08-22 00:00:00,5.2,2,2,3,1,5,90,5,0.73,0,5.17,1.67,DET,,3.66,1.26,R
Ryan Bergert,2025-08-27 00:00:00,6,1,1,6,2,3,98,5,0.675,0,5.43,1.33,CWS,,3.66,1.26,R
Ryan Bergert,2025-09-03 00:00:00,5,1,1,1,3,6,87,7,0.695,1,5.4,1.33,LAA,,3.66,1.26,R
Ryan Bergert,2025-09-08 00:00:00,3.1,8,8,11,3,3,77,5,0.67,0,4.7,3.33,CLE,,3.66,1.26,R
Ryan Bergert,2025-09-13 00:00:00,4,3,3,4,3,5,76,5,0.759,0,4.03,4,PHI,,3.66,1.26,R
Ryan Brasier,2025-05-24 00:00:00,1,0,0,1,0,1,14,5,0.706,0,1,0,CIN,,4.5,1.23,R
Ryan Brasier,2025-05-25 00:00:00,1,0,0,0,1,0,21,1,0.706,0,1,0,CIN,,4.5,1.23,R
Ryan Brasier,2025-05-27 00:00:00,0.1,0,0,0,0,0,6,2,0.679,1,0.7,0,COL,,4.5,1.23,R
Ryan Brasier,2025-05-28 00:00:00,1,0,0,1,0,0,6,1,0.679,1,0.7,0,COL,,4.5,1.23,R
Ryan Brasier,2025-06-01 00:00:00,1,1,1,1,1,1,24,4,0.706,1,0.7,0.33,CIN,,4.5,1.23,R
Ryan Brasier,2025-06-08 00:00:00,1,0,0,0,0,0,6,7,0.73,0,1,0.33,DET,,4.5,1.23,R
Ryan Brasier,2025-06-10 00:00:00,0.2,0,0,1,0,2,16,2,0.759,0,0.73,0.33,PHI,,4.5,1.23,R
Ryan Brasier,2025-06-13 00:00:00,1,0,0,1,0,1,15,3,0.655,1,0.73,0,PIT,,4.5,1.23,R
Ryan Brasier,2025-06-20 00:00:00,1.1,0,0,1,0,2,18,7,0.74,1,0.77,0,SEA,,4.5,1.23,R
Ryan Brasier,2025-06-23 00:00:00,1,0,0,0,0,1,12,3,0.693,0,1.03,0,STL,,4.5,1.23,R
Ryan Brasier,2025-06-25 00:00:00,1,0,0,0,0,0,8,2,0.693,0,1.03,0,STL,,4.5,1.23,R
Ryan Brasier,2025-06-28 00:00:00,1,0,0,1,0,0,12,3,0.714,0,1,0,HOU,,4.5,1.23,R
Ryan Brasier,2025-06-29 00:00:00,1.1,0,0,1,0,2,18,1,0.714,0,1.03,0,HOU,,4.5,1.23,R
Ryan Brasier,2025-07-03 00:00:00,0.1,0,0,0,0,0,8,4,0.67,1,0.73,0,CLE,,4.5,1.23,R
Ryan Brasier,2025-07-05 00:00:00,1,0,0,2,0,0,7,2,0.693,1,0.73,0,STL,,4.5,1.23,R
Ryan Brasier,2025-07-09 00:00:00,1.1,0,0,0,0,1,17,4,0.708,0,0.73,0,MIN,,4.5,1.23,R
Ryan Brasier,2025-07-19 00:00:00,1,0,0,1,0,2,16,10,0.745,1,1.03,0,BOS,,4.5,1.23,R
Ryan Brasier,2025-07-21 00:00:00,1,0,0,0,0,1,11,2,0.706,1,1.03,0,KC,,4.5,1.23,R
Ryan Brasier,2025-07-25 00:00:00,1,0,0,0,0,2,19,4,0.675,0,1,0,CWS,,4.5,1.23,R
Ryan Brasier,2025-07-27 00:00:00,1,3,3,3,0,0,19,2,0.675,0,1,1,CWS,,4.5,1.23,R
Ryan Brasier,2025-07-29 00:00:00,0.2,0,0,0,0,0,10,2,0.736,0,0.73,1,MIL,,4.5,1.23,R
Ryan Brasier,2025-08-02 00:00:00,0.1,2,2,1,1,0,10,4,0.699,1,0.43,1.67,BAL,,4.5,1.23,R
Ryan Brasier,2025-08-04 00:00:00,0.2,1,1,2,0,0,13,2,0.706,1,0.17,1,CIN,,4.5,1.23,R
Ryan Brasier,2025-08-08 00:00:00,1,2,2,3,0,2,22,4,0.693,0,0.43,1.67,STL,,4.5,1.23,R
Ryan Brasier,2025-08-15 00:00:00,1,1,1,2,0,0,13,7,0.655,1,0.73,1.33,PIT,,4.5,1.23,R
Ryan Brasier,2025-08-19 00:00:00,1,0,0,0,0,0,10,4,0.736,1,1,1,MIL,,4.5,1.23,R
Ryan Brasier,2025-08-21 00:00:00,1,2,2,3,1,1,23,2,0.736,1,1,1,MIL,,4.5,1.23,R
Ryan Feltner,2025-03-30 00:00:00,5,2,2,4,1,5,83,5,0.714,0,5,2,TB,,4.75,1.48,R
Ryan Feltner,2025-04-04 00:00:00,5,2,3,8,1,4,90,5,0.749,1,5,2,ATH,,4.75,1.48,R
Ryan Feltner,2025-04-10 00:00:00,6,1,1,3,2,7,86,6,0.736,1,5.33,1.67,MIL,,4.75,1.48,R
Ryan Feltner,2025-04-15 00:00:00,2.2,5,5,5,6,1,81,5,0.768,0,4.4,2.67,LAD,,4.75,1.48,R
Ryan Feltner,2025-04-22 00:00:00,7,1,1,3,1,4,87,7,0.706,0,5.07,2.33,KC,,4.75,1.48,R
Ryan Feltner,2025-04-28 00:00:00,4.2,5,5,10,1,4,95,6,0.72,1,4.47,3.67,ATL,,4.75,1.48,R
Ryan Gusto,2025-03-31 00:00:00,2,0,0,2,0,1,25,5,0.697,1,2,0,SF,,5.67,1.48,R
Ryan Gusto,2025-04-02 00:00:00,2,1,1,2,0,4,30,2,0.697,1,2,0.5,SF,,5.67,1.48,R
Ryan Gusto,2025-04-05 00:00:00,3,0,0,1,1,4,42,3,0.708,0,2.33,0.33,MIN,,5.67,1.48,R
Ryan Gusto,2025-04-08 00:00:00,1,0,0,0,1,0,15,3,0.74,0,2,0.33,SEA,,5.67,1.48,R
Ryan Gusto,2025-04-12 00:00:00,4,3,3,4,1,6,72,4,0.695,1,2.67,1,LAA,,5.67,1.48,R
Ryan Gusto,2025-04-18 00:00:00,5,2,2,9,0,2,68,6,0.711,1,3.33,1.67,SD,,5.67,1.48,R
Ryan Gusto,2025-04-23 00:00:00,5.2,1,1,3,1,6,80,5,0.761,1,4.73,2,TOR,,5.67,1.48,R
Ryan Gusto,2025-04-29 00:00:00,4.1,2,2,4,2,6,90,6,0.73,1,4.77,1.67,DET,,5.67,1.48,R
Ryan Gusto,2025-05-04 00:00:00,0.2,0,3,2,2,0,27,5,0.675,0,3.17,1,CWS,,5.67,1.48,R
Ryan Gusto,2025-05-12 00:00:00,2.1,7,7,7,3,2,68,8,0.706,1,2.13,3,KC,,5.67,1.48,R
Ryan Gusto,2025-05-17 00:00:00,1,0,0,0,2,1,30,5,0.684,0,1.1,2.33,TEX,,5.67,1.48,R
Ryan Gusto,2025-05-23 00:00:00,4.1,2,2,4,3,6,79,6,0.74,1,2.4,3,SEA,,5.67,1.48,R
Ryan Gusto,2025-05-29 00:00:00,3.2,2,2,4,3,4,83,6,0.714,1,2.77,1.33,TB,,5.67,1.48,R
Ryan Gusto,2025-06-04 00:00:00,4.1,3,3,8,2,3,83,6,0.655,0,3.8,2.33,PIT,,5.67,1.48,R
Ryan Gusto,2025-06-11 00:00:00,6,2,2,7,1,7,91,7,0.675,1,4.43,2.33,CWS,,5.67,1.48,R
Ryan Gusto,2025-06-16 00:00:00,5,1,1,3,1,8,87,5,0.749,0,5.03,2,ATH,,5.67,1.48,R
Ryan Gusto,2025-06-22 00:00:00,6,5,5,6,0,7,79,6,0.695,0,5.67,2.67,LAA,,5.67,1.48,R
Ryan Gusto,2025-06-28 00:00:00,4,4,4,7,0,4,65,6,0.751,1,5,3.33,CHC,,5.67,1.48,R
Ryan Gusto,2025-07-06 00:00:00,6,1,1,4,1,1,80,8,0.768,0,5.33,3.33,LAD,,5.67,1.48,R
Ryan Gusto,2025-07-11 00:00:00,4.1,2,2,5,2,4,72,5,0.684,1,4.7,2.33,TEX,,5.67,1.48,R
Ryan Gusto,2025-07-19 00:00:00,1,0,0,0,0,1,12,8,0.74,0,3.7,1,SEA,,5.67,1.48,R
Ryan Gusto,2025-07-20 00:00:00,1,0,0,1,0,0,16,1,0.74,0,2.03,0.67,SEA,,5.67,1.48,R
Ryan Gusto,2025-07-25 00:00:00,3.1,8,8,8,1,5,81,5,0.749,1,1.7,2.67,ATH,,5.67,1.48,R
Ryan Gusto,2025-07-30 00:00:00,6,1,1,4,1,5,102,5,0.693,1,3.37,3,WSH,,5.67,1.48,R
Ryan Gusto,2025-08-09 00:00:00,6,3,3,4,2,8,98,10,0.72,0,5.03,4,ATL,,5.67,1.48,R
Ryan Gusto,2025-08-22 00:00:00,6,5,5,8,1,0,90,13,0.761,1,6,3,TOR,,5.67,1.48,R
Ryan Gusto,2025-08-27 00:00:00,3.2,9,9,7,5,2,96,5,0.72,1,5.07,5.67,ATL,,5.67,1.48,R
Ryan Pepiot,2025-03-28 00:00:00,6,1,2,6,1,8,85,5,0.679,1,6,1,COL,,3.86,1.16,R
Ryan Pepiot,2025-04-02 00:00:00,5,2,2,5,3,3,88,5,0.655,1,5.5,1.5,PIT,,3.86,1.16,R
Ryan Pepiot,2025-04-09 00:00:00,5,3,3,6,3,5,91,7,0.695,1,5.33,2,LAA,,3.86,1.16,R
Ryan Pepiot,2025-04-15 00:00:00,6,6,6,9,2,8,102,6,0.745,1,5.33,3.67,BOS,,3.86,1.16,R
Ryan Pepiot,2025-04-20 00:00:00,6,3,3,6,1,7,96,5,0.787,1,5.67,4,NYY,,3.86,1.16,R
Ryan Pepiot,2025-04-26 00:00:00,6,1,1,3,2,3,75,6,0.711,0,6,3.33,SD,,3.86,1.16,R
Ryan Pepiot,2025-05-02 00:00:00,4.1,2,2,5,2,1,88,6,0.787,0,5.37,2,NYY,,3.86,1.16,R
Ryan Pepiot,2025-05-08 00:00:00,6,1,1,2,2,3,95,6,0.759,1,5.37,1.33,PHI,,3.86,1.16,R
Ryan Pepiot,2025-05-14 00:00:00,6,3,3,6,1,7,92,6,0.761,0,5.37,2,TOR,,3.86,1.16,R
Ryan Pepiot,2025-05-19 00:00:00,6,3,3,8,1,2,87,5,0.714,1,6,2.33,HOU,,3.86,1.16,R
Ryan Pepiot,2025-05-25 00:00:00,7,0,0,3,1,5,91,6,0.761,1,6.33,2,TOR,,3.86,1.16,R
Ryan Pepiot,2025-05-30 00:00:00,6.2,0,0,2,1,4,93,5,0.714,0,6.4,1,HOU,,3.86,1.16,R
Ryan Pepiot,2025-06-05 00:00:00,6,2,2,3,2,8,96,6,0.684,1,6.4,0.67,TEX,,3.86,1.16,R
Ryan Pepiot,2025-06-10 00:00:00,5.2,3,3,5,2,9,108,5,0.745,0,5.8,1.67,BOS,,3.86,1.16,R
Ryan Pepiot,2025-06-16 00:00:00,8,1,1,4,2,11,98,6,0.699,1,6.4,2,BAL,,3.86,1.16,R
Ryan Pepiot,2025-06-21 00:00:00,5,1,1,3,2,7,96,5,0.73,1,6.07,1.67,DET,,3.86,1.16,R
Ryan Pepiot,2025-06-27 00:00:00,1.2,4,4,5,2,1,48,6,0.699,0,4.73,2,BAL,,3.86,1.16,R
Ryan Pepiot,2025-07-02 00:00:00,6,2,2,4,3,9,100,5,0.749,1,4.07,2.33,ATH,,3.86,1.16,R
Ryan Pepiot,2025-07-08 00:00:00,6,2,2,3,3,6,93,6,0.73,0,4.4,2.67,DET,,3.86,1.16,R
Ryan Pepiot,2025-07-13 00:00:00,6,3,3,7,1,3,88,5,0.745,0,6,2.33,BOS,,3.86,1.16,R
Ryan Pepiot,2025-07-20 00:00:00,6,5,5,6,1,8,93,7,0.699,1,6,3.33,BAL,,3.86,1.16,R
Ryan Pepiot,2025-07-26 00:00:00,6,0,2,2,4,6,84,6,0.706,0,6,2.67,CIN,,3.86,1.16,R
Ryan Pepiot,2025-07-31 00:00:00,4,7,7,6,3,4,88,5,0.787,0,5.33,4,NYY,,3.86,1.16,R
Ryan Pepiot,2025-08-05 00:00:00,5.2,2,3,5,2,6,90,5,0.695,0,5.07,3,LAA,,3.86,1.16,R
Ryan Pepiot,2025-08-11 00:00:00,6.1,4,4,5,2,4,85,6,0.749,0,5.1,4.33,ATH,,3.86,1.16,R
Ryan Pepiot,2025-08-17 00:00:00,5.2,4,4,6,2,8,93,6,0.697,0,5.5,3.33,SF,,3.86,1.16,R
Ryan Pepiot,2025-08-24 00:00:00,5,0,0,1,1,3,63,7,0.693,1,5.43,2.67,STL,,3.86,1.16,R
Ryan Pepiot,2025-08-30 00:00:00,5,0,0,1,3,6,93,6,0.693,0,5.07,1.33,WSH,,3.86,1.16,R
Ryan Pepiot,2025-09-04 00:00:00,5,0,0,0,2,6,90,5,0.67,1,5,0,CLE,,3.86,1.16,R
Ryan Pepiot,2025-09-16 00:00:00,1.2,4,4,4,3,3,49,12,0.761,1,3.73,1.33,TOR,,3.86,1.16,R
Ryan Pepiot,2025-09-23 00:00:00,3,3,3,3,1,3,61,7,0.699,0,3.07,2.33,BAL,,3.86,1.16,R
Ryan Rolison,2025-05-13 00:00:00,0.1,0,0,0,1,0,9,5,0.684,0,0.1,0,TEX,,7.02,1.77,L
Ryan Rolison,2025-05-16 00:00:00,1.1,0,0,0,0,1,20,3,0.757,0,0.6,0,AZ,,7.02,1.77,L
Ryan Rolison,2025-05-18 00:00:00,2.1,0,0,1,0,0,21,2,0.757,0,1.1,0,AZ,,7.02,1.77,L
Ryan Rolison,2025-05-20 00:00:00,0.1,3,3,2,1,0,11,2,0.759,1,1.1,1,PHI,,7.02,1.77,L
Ryan Rolison,2025-05-24 00:00:00,2,2,2,6,1,3,40,4,0.787,1,1.4,1.67,NYY,,7.02,1.77,L
Ryan Rolison,2025-05-28 00:00:00,1.2,0,0,0,1,2,17,4,0.751,0,1.1,1.67,CHC,,7.02,1.77,L
Ryan Rolison,2025-05-31 00:00:00,2,0,0,1,2,2,31,3,0.753,0,1.73,0.67,NYM,,7.02,1.77,L
Ryan Rolison,2025-06-06 00:00:00,1,0,0,1,0,1,15,6,0.753,1,1.4,0,NYM,,7.02,1.77,L
Ryan Rolison,2025-06-07 00:00:00,1.1,2,2,0,2,0,25,1,0.753,1,1.37,0.67,NYM,,7.02,1.77,L
Ryan Rolison,2025-06-11 00:00:00,0.2,0,0,2,0,0,11,4,0.697,1,0.77,0.67,SF,,7.02,1.77,L
Ryan Rolison,2025-06-13 00:00:00,1,4,5,4,1,0,25,2,0.72,0,0.77,2,ATL,,7.02,1.77,L
Ryan Rolison,2025-06-15 00:00:00,1,0,0,0,1,1,14,2,0.72,0,0.73,1.33,ATL,,7.02,1.77,L
Ryan Rolison,2025-06-19 00:00:00,1,0,0,0,0,0,7,4,0.693,0,1,1.33,WSH,,7.02,1.77,L
Ryan Rolison,2025-06-20 00:00:00,1,2,2,3,0,0,20,1,0.757,1,1,0.67,AZ,,7.02,1.77,L
Ryan Rolison,2025-06-24 00:00:00,1.1,2,2,5,0,1,19,4,0.768,1,1.03,1.33,LAD,,7.02,1.77,L
Ryan Rolison,2025-06-27 00:00:00,1.1,2,2,2,0,0,21,3,0.736,0,1.07,2,MIL,,7.02,1.77,L
Ryan Rolison,2025-07-02 00:00:00,2,0,0,2,0,1,24,5,0.714,1,1.4,1.33,HOU,,7.02,1.77,L
Ryan Rolison,2025-07-05 00:00:00,2,2,2,1,1,2,33,3,0.675,1,1.7,1.33,CWS,,7.02,1.77,L
Ryan Rolison,2025-07-07 00:00:00,1.1,2,2,2,0,2,28,2,0.745,0,1.7,1.33,BOS,,7.02,1.77,L
Ryan Rolison,2025-07-09 00:00:00,1,1,1,1,1,0,15,2,0.745,0,1.37,1.67,BOS,,7.02,1.77,L
Ryan Rolison,2025-07-20 00:00:00,3,2,2,5,1,1,35,11,0.708,1,1.7,1.67,MIN,,7.02,1.77,L
Ryan Rolison,2025-07-26 00:00:00,1.2,1,2,1,2,1,33,6,0.699,0,1.73,1.33,BAL,,7.02,1.77,L
Ryan Rolison,2025-08-03 00:00:00,0.2,1,1,2,0,0,12,8,0.655,1,1.47,1.33,PIT,,7.02,1.77,L
Ryan Rolison,2025-08-04 00:00:00,3.1,2,2,4,1,0,43,1,0.761,1,1.5,1.33,TOR,,7.02,1.77,L
Ryan Rolison,2025-08-10 00:00:00,2,3,3,5,2,1,49,6,0.757,0,1.77,2,AZ,,7.02,1.77,L
Ryan Rolison,2025-08-16 00:00:00,1,0,0,0,0,2,13,6,0.757,1,2.03,1.67,AZ,,7.02,1.77,L
Ryan Rolison,2025-09-01 00:00:00,1.1,0,0,3,0,1,23,16,0.697,1,1.37,1,SF,,7.02,1.77,L
Ryan Rolison,2025-09-13 00:00:00,1,0,0,0,0,2,18,12,0.711,0,1.03,0,SD,,7.02,1.77,L
Ryan Rolison,2025-09-14 00:00:00,0.1,0,0,0,0,0,2,1,0.711,0,0.73,0,SD,,7.02,1.77,L
Ryan Rolison,2025-09-17 00:00:00,1,0,0,0,2,0,19,3,0.708,1,0.7,0,MIA,,7.02,1.77,L
Ryan Rolison,2025-09-18 00:00:00,1,2,2,2,0,1,23,1,0.708,1,0.7,0.67,MIA,,7.02,1.77,L
Ryan Weathers,2025-05-14 00:00:00,5,1,1,2,1,5,76,5,0.751,0,5,1,CHC,,3.99,1.28,L
Ryan Weathers,2025-05-20 00:00:00,5,1,1,5,0,4,80,6,0.751,1,5,1,CHC,,3.99,1.28,L
Ryan Weathers,2025-05-26 00:00:00,5.2,0,2,3,3,6,94,6,0.711,0,5.07,0.67,SD,,3.99,1.28,L
Ryan Weathers,2025-06-01 00:00:00,6,4,4,5,3,7,99,6,0.697,1,5.4,1.67,SF,,3.99,1.28,L
Ryan Weathers,2025-06-07 00:00:00,3,3,4,3,1,1,57,6,0.714,0,4.73,2.33,TB,,3.99,1.28,L
Ryan Weathers,2025-09-11 00:00:00,5,0,0,5,0,4,68,96,0.693,1,4.67,2.33,WSH,,3.99,1.28,L
Ryan Weathers,2025-09-17 00:00:00,4,3,3,8,2,2,80,6,0.679,0,4,2,COL,,3.99,1.28,L
Ryan Weathers,2025-09-24 00:00:00,4.2,5,5,6,2,8,88,7,0.759,0,4.4,2.67,PHI,,3.99,1.28,L
Ryan Yarbrough,2025-03-30 00:00:00,1,0,0,1,0,1,12,5,0.736,1,1,0,MIL,,4.36,1.2,L
Ryan Yarbrough,2025-04-03 00:00:00,0.2,4,4,2,2,0,24,4,0.757,1,0.6,2,AZ,,4.36,1.2,L
Ryan Yarbrough,2025-04-05 00:00:00,2,0,0,0,1,5,38,2,0.655,0,1.07,1.33,PIT,,4.36,1.2,L
Ryan Yarbrough,2025-04-08 00:00:00,1.2,1,1,2,0,3,27,3,0.73,0,1.13,1.67,DET,,4.36,1.2,L
Ryan Yarbrough,2025-04-11 00:00:00,2.2,0,0,1,1,3,48,3,0.697,1,1.8,0.33,SF,,4.36,1.2,L
Ryan Yarbrough,2025-04-17 00:00:00,2.2,2,2,6,1,1,56,6,0.714,0,1.87,1,TB,,4.36,1.2,L
Ryan Yarbrough,2025-04-21 00:00:00,1,0,0,0,0,0,13,4,0.67,0,1.8,0.67,CLE,,4.36,1.2,L
Ryan Yarbrough,2025-04-28 00:00:00,3.2,0,0,2,1,3,53,7,0.699,0,2.13,0.67,BAL,,4.36,1.2,L
Ryan Yarbrough,2025-05-03 00:00:00,4,1,1,1,3,2,64,5,0.714,1,2.73,0.33,TB,,4.36,1.2,L
Ryan Yarbrough,2025-05-11 00:00:00,5,2,2,6,1,2,67,8,0.749,0,4.07,1,ATH,,4.36,1.2,L
Ryan Yarbrough,2025-05-21 00:00:00,5,1,1,3,0,8,81,10,0.684,1,4.67,1.33,TEX,,4.36,1.2,L
Ryan Yarbrough,2025-05-26 00:00:00,6,1,1,2,1,7,88,5,0.695,0,5.33,1.33,LAA,,4.36,1.2,L
Ryan Yarbrough,2025-06-01 00:00:00,6,1,1,4,0,5,93,6,0.768,0,5.67,1,LAD,,4.36,1.2,L
Ryan Yarbrough,2025-06-07 00:00:00,4,8,8,9,2,3,67,6,0.745,1,5.33,3.33,BOS,,4.36,1.2,L
Ryan Yarbrough,2025-06-13 00:00:00,4.2,1,1,4,3,3,78,6,0.745,0,4.73,3.33,BOS,,4.36,1.2,L
Ryan Yarbrough,2025-06-18 00:00:00,5.1,2,2,5,1,3,69,5,0.695,1,4.43,3.67,LAA,,4.36,1.2,L
Ryan Yarbrough,2025-09-05 00:00:00,5.1,1,1,3,0,3,73,79,0.761,1,4.8,1.33,TOR,,4.36,1.2,L
Ryan Yarbrough,2025-09-11 00:00:00,3,2,2,3,2,2,49,6,0.73,1,4.4,1.67,DET,,4.36,1.2,L
Ryan Yarbrough,2025-09-16 00:00:00,0.1,4,4,4,0,1,17,5,0.708,0,2.73,2.33,MIN,,4.36,1.2,L
Ryan Zeferjahn,2025-03-30 00:00:00,0.1,0,0,1,1,1,12,5,0.675,0,0.1,0,CWS,,4.74,1.47,R
Ryan Zeferjahn,2025-03-31 00:00:00,0.1,0,0,0,0,0,2,1,0.693,0,0.1,0,STL,,4.74,1.47,R
Ryan Zeferjahn,2025-04-01 00:00:00,0.2,0,0,0,0,1,8,1,0.693,0,0.13,0,STL,,4.74,1.47,R
Ryan Zeferjahn,2025-04-04 00:00:00,0.1,1,1,0,1,0,10,3,0.67,1,0.13,0.33,CLE,,4.74,1.47,R
Ryan Zeferjahn,2025-04-06 00:00:00,1,0,0,1,0,3,16,2,0.67,1,0.43,0.33,CLE,,4.74,1.47,R
Ryan Zeferjahn,2025-04-08 00:00:00,1,0,0,0,0,2,19,2,0.714,0,0.7,0.33,TB,,4.74,1.47,R
Ryan Zeferjahn,2025-04-12 00:00:00,1,1,1,1,0,2,11,4,0.714,0,1,0.33,HOU,,4.74,1.47,R
Ryan Zeferjahn,2025-04-17 00:00:00,1,1,1,1,0,3,17,5,0.684,0,1,0.67,TEX,,4.74,1.47,R
Ryan Zeferjahn,2025-04-18 00:00:00,1,0,0,0,1,2,25,1,0.697,1,1,0.67,SF,,4.74,1.47,R
Ryan Zeferjahn,2025-04-24 00:00:00,1,0,0,1,0,2,24,6,0.655,1,1,0.33,PIT,,4.74,1.47,R
Ryan Zeferjahn,2025-04-27 00:00:00,1,1,1,2,0,2,25,3,0.708,0,1,0.33,MIN,,4.74,1.47,R
Ryan Zeferjahn,2025-05-01 00:00:00,1,1,1,1,0,1,15,4,0.73,1,1,0.67,DET,,4.74,1.47,R
Ryan Zeferjahn,2025-05-02 00:00:00,1,0,0,0,0,1,14,1,0.73,1,1,0.67,DET,,4.74,1.47,R
Ryan Zeferjahn,2025-05-07 00:00:00,1,0,0,2,0,2,20,5,0.761,1,1,0.33,TOR,,4.74,1.47,R
Ryan Zeferjahn,2025-05-10 00:00:00,1,0,0,0,0,0,6,3,0.699,1,1,0,BAL,,4.74,1.47,R
Ryan Zeferjahn,2025-05-13 00:00:00,0.2,2,2,1,3,1,27,3,0.711,0,0.73,0.67,SD,,4.74,1.47,R
Ryan Zeferjahn,2025-05-16 00:00:00,1,1,1,1,1,0,13,3,0.768,0,0.73,1,LAD,,4.74,1.47,R
Ryan Zeferjahn,2025-05-17 00:00:00,0.2,1,1,3,1,1,26,1,0.768,0,0.47,1.33,LAD,,4.74,1.47,R
Ryan Zeferjahn,2025-05-19 00:00:00,1,0,0,0,1,0,17,2,0.749,0,0.73,0.67,ATH,,4.74,1.47,R
Ryan Zeferjahn,2025-05-21 00:00:00,1,0,0,1,0,1,14,2,0.749,0,0.73,0.33,ATH,,4.74,1.47,R
Ryan Zeferjahn,2025-05-22 00:00:00,1,0,0,1,1,1,13,1,0.749,0,1,0,ATH,,4.74,1.47,R
Ryan Zeferjahn,2025-05-28 00:00:00,1,0,0,1,0,2,16,6,0.787,1,1,0,NYY,,4.74,1.47,R
Ryan Zeferjahn,2025-05-30 00:00:00,1,0,0,1,1,1,21,2,0.67,0,1,0,CLE,,4.74,1.47,R
Ryan Zeferjahn,2025-05-31 00:00:00,0.2,3,3,3,1,0,34,1,0.67,0,0.73,1,CLE,,4.74,1.47,R
Ryan Zeferjahn,2025-06-02 00:00:00,1,0,0,0,0,2,15,2,0.745,0,0.73,1,BOS,,4.74,1.47,R
Ryan Zeferjahn,2025-06-06 00:00:00,1,0,0,0,0,0,10,4,0.74,1,0.73,1,SEA,,4.74,1.47,R
Ryan Zeferjahn,2025-06-07 00:00:00,1,0,0,1,0,0,8,1,0.74,1,1,0,SEA,,4.74,1.47,R
Ryan Zeferjahn,2025-06-09 00:00:00,0.2,0,0,0,0,0,7,2,0.749,1,0.73,0,ATH,,4.74,1.47,R
Ryan Zeferjahn,2025-06-11 00:00:00,0.2,2,2,2,1,1,21,2,0.749,1,0.47,0.67,ATH,,4.74,1.47,R
Ryan Zeferjahn,2025-06-16 00:00:00,1,0,0,0,0,1,9,5,0.787,0,0.47,0.67,NYY,,4.74,1.47,R
Ryan Zeferjahn,2025-06-17 00:00:00,1,0,0,0,0,0,11,1,0.787,0,0.73,0.67,NYY,,4.74,1.47,R
Ryan Zeferjahn,2025-06-18 00:00:00,0.1,0,0,0,1,0,10,1,0.787,0,0.7,0,NYY,,4.74,1.47,R
Ryan Zeferjahn,2025-06-23 00:00:00,1,1,1,1,0,3,16,5,0.745,1,0.7,0.33,BOS,,4.74,1.47,R
Ryan Zeferjahn,2025-06-25 00:00:00,2,0,0,0,1,2,31,2,0.745,1,1.03,0.33,BOS,,4.74,1.47,R
Ryan Zeferjahn,2025-06-28 00:00:00,1,1,1,1,1,1,13,3,0.693,1,1.33,0.67,WSH,,4.74,1.47,R
Ryan Zeferjahn,2025-06-29 00:00:00,0.2,1,1,1,1,0,12,1,0.693,1,1.07,0.67,WSH,,4.74,1.47,R
Ryan Zeferjahn,2025-07-02 00:00:00,0,5,5,4,2,0,16,3,0.72,0,0.4,2.33,ATL,,4.74,1.47,R
Ryan Zeferjahn,2025-07-05 00:00:00,1.2,0,1,2,2,2,24,3,0.761,0,0.47,2,TOR,,4.74,1.47,R
Ryan Zeferjahn,2025-07-09 00:00:00,1,0,0,0,1,0,17,4,0.684,1,0.73,1.67,TEX,,4.74,1.47,R
Ryan Zeferjahn,2025-07-12 00:00:00,0.1,0,0,0,0,0,9,3,0.757,1,0.77,0,AZ,,4.74,1.47,R
Ryan Zeferjahn,2025-07-18 00:00:00,1,1,1,1,0,2,17,6,0.759,0,0.7,0.33,PHI,,4.74,1.47,R
Ryan Zeferjahn,2025-07-22 00:00:00,1,0,0,0,1,3,20,4,0.753,0,0.7,0.33,NYM,,4.74,1.47,R
Ryan Zeferjahn,2025-07-25 00:00:00,1,0,0,0,1,1,18,3,0.74,1,1,0.33,SEA,,4.74,1.47,R
Ryan Zeferjahn,2025-07-28 00:00:00,1.1,1,1,2,0,3,28,3,0.684,1,1.03,0.33,TEX,,4.74,1.47,R
Ryan Zeferjahn,2025-08-02 00:00:00,1,0,0,0,0,1,9,5,0.675,1,1.03,0.33,CWS,,4.74,1.47,R
Ryan Zeferjahn,2025-08-04 00:00:00,1,0,0,0,1,2,17,2,0.714,1,1.03,0.33,TB,,4.74,1.47,R
Ryan Zeferjahn,2025-08-06 00:00:00,1,1,1,1,0,2,11,2,0.714,1,1,0.33,TB,,4.74,1.47,R
Ryan Zeferjahn,2025-08-09 00:00:00,1,0,0,1,1,2,23,3,0.73,0,1,0.33,DET,,4.74,1.47,R
Ryan Zeferjahn,2025-08-12 00:00:00,0.1,0,0,0,1,1,14,3,0.768,1,0.7,0.33,LAD,,4.74,1.47,R
Ryan Zeferjahn,2025-08-13 00:00:00,1.1,0,0,1,1,2,36,1,0.768,1,0.73,0,LAD,,4.74,1.47,R
Ryan Zeferjahn,2025-08-16 00:00:00,2,1,1,2,1,3,37,3,0.749,0,1.07,0.33,ATH,,4.74,1.47,R
Ryan Zeferjahn,2025-08-19 00:00:00,1,0,0,0,0,2,12,3,0.706,1,1.37,0.33,CIN,,4.74,1.47,R
Ryan Zeferjahn,2025-08-23 00:00:00,1,0,0,1,0,1,11,4,0.751,1,1.33,0.33,CHC,,4.74,1.47,R
Ryan Zeferjahn,2025-08-24 00:00:00,1,0,0,0,0,1,12,1,0.751,1,1,0,CHC,,4.74,1.47,R
Ryan Zeferjahn,2025-08-26 00:00:00,1,0,0,0,0,1,17,2,0.684,0,1,0,TEX,,4.74,1.47,R
Ryan Zeferjahn,2025-08-29 00:00:00,1,1,1,1,1,0,14,3,0.714,0,1,0.33,HOU,,4.74,1.47,R
Ryan Zeferjahn,2025-09-01 00:00:00,1,0,0,0,1,2,21,3,0.714,0,1,0.33,HOU,,4.74,1.47,R
Ryan Zeferjahn,2025-09-04 00:00:00,1,1,1,1,0,1,15,3,0.706,0,1,0.67,KC,,4.74,1.47,R
Ryan Zeferjahn,2025-09-05 00:00:00,0.2,1,1,1,2,1,22,1,0.749,1,0.73,0.67,ATH,,4.74,1.47,R
Ryan Zeferjahn,2025-09-23 00:00:00,0.1,0,0,0,0,0,1,18,0.706,1,0.43,0.67,KC,,4.74,1.47,R
Ryan Zeferjahn,2025-09-25 00:00:00,1,1,1,2,1,0,21,2,0.706,1,0.43,0.67,KC,,4.74,1.47,R
Ryan Zeferjahn,2025-09-28 00:00:00,1,0,0,1,1,1,21,3,0.714,1,0.7,0.33,HOU,,4.74,1.47,R
Ryne Nelson,2025-03-27 00:00:00,1.2,4,4,5,1,3,50,5,0.751,1,1.2,4,CHC,,3.39,1.07,R
Ryne Nelson,2025-04-03 00:00:00,2.1,0,0,1,0,2,33,7,0.787,0,1.65,2,NYY,,3.39,1.07,R
Ryne Nelson,2025-04-07 00:00:00,3,0,0,0,0,2,31,4,0.699,1,2.1,1.33,BAL,,3.39,1.07,R
Ryne Nelson,2025-04-12 00:00:00,3,1,1,2,0,3,36,5,0.736,1,2.7,0.33,MIL,,3.39,1.07,R
Ryne Nelson,2025-04-18 00:00:00,0.2,5,5,5,1,2,36,6,0.751,0,2.07,2,CHC,,3.39,1.07,R
Ryne Nelson,2025-04-24 00:00:00,2.1,1,1,3,0,5,54,6,0.714,1,1.77,2.33,TB,,3.39,1.07,R
Ryne Nelson,2025-04-29 00:00:00,4,0,0,0,2,3,68,5,0.753,0,2.1,2,NYM,,3.39,1.07,R
Ryne Nelson,2025-05-05 00:00:00,4.1,2,2,3,4,2,70,6,0.753,1,3.4,1,NYM,,3.39,1.07,R
Ryne Nelson,2025-05-10 00:00:00,2,0,0,0,0,1,16,5,0.768,1,3.37,0.67,LAD,,3.39,1.07,R
Ryne Nelson,2025-05-14 00:00:00,3,2,2,3,2,5,56,4,0.697,0,3.03,1.33,SF,,3.39,1.07,R
Ryne Nelson,2025-05-20 00:00:00,5,1,1,3,1,2,71,6,0.768,0,3.33,1,LAD,,3.39,1.07,R
Ryne Nelson,2025-05-26 00:00:00,6.2,0,0,4,0,4,84,6,0.655,1,4.73,1,PIT,,3.39,1.07,R
Ryne Nelson,2025-05-31 00:00:00,4,0,0,2,0,1,62,5,0.693,1,5.07,0.33,WSH,,3.39,1.07,R
Ryne Nelson,2025-06-07 00:00:00,3,7,7,4,4,3,77,7,0.706,0,4.4,2.33,CIN,,3.39,1.07,R
Ryne Nelson,2025-06-13 00:00:00,5,0,1,6,1,3,79,6,0.711,1,4,2.33,SD,,3.39,1.07,R
Ryne Nelson,2025-06-19 00:00:00,5.2,1,1,1,2,4,83,6,0.761,0,4.4,2.67,TOR,,3.39,1.07,R
Ryne Nelson,2025-06-24 00:00:00,5,1,1,1,3,7,87,5,0.675,0,5.07,0.67,CWS,,3.39,1.07,R
Ryne Nelson,2025-06-30 00:00:00,6.2,2,2,5,0,7,88,6,0.697,1,5.47,1.33,SF,,3.39,1.07,R
Ryne Nelson,2025-07-05 00:00:00,7,1,1,4,0,5,86,5,0.706,1,6.07,1.33,KC,,3.39,1.07,R
Ryne Nelson,2025-07-11 00:00:00,4,4,4,7,4,1,87,6,0.695,0,5.73,2.33,LAA,,3.39,1.07,R
Ryne Nelson,2025-07-19 00:00:00,6,1,1,4,1,4,85,8,0.693,1,5.67,2,STL,,3.39,1.07,R
Ryne Nelson,2025-07-25 00:00:00,6,0,0,1,2,4,88,6,0.655,0,5.33,1.67,PIT,,3.39,1.07,R
Ryne Nelson,2025-07-30 00:00:00,5.1,1,4,6,0,8,92,5,0.73,0,5.7,0.67,DET,,3.39,1.07,R
Ryne Nelson,2025-08-05 00:00:00,5.2,2,2,6,2,8,100,6,0.711,1,5.43,1,SD,,3.39,1.07,R
Ryne Nelson,2025-08-11 00:00:00,5.1,5,5,7,0,6,97,6,0.684,0,5.13,2.67,TEX,,3.39,1.07,R
Ryne Nelson,2025-08-16 00:00:00,6.1,4,4,8,0,4,85,5,0.679,0,5.47,3.67,COL,,3.39,1.07,R
Ryne Nelson,2025-08-22 00:00:00,6,3,3,4,2,6,88,6,0.706,1,5.73,4,CIN,,3.39,1.07,R
Ryne Nelson,2025-08-27 00:00:00,6,1,1,6,0,3,98,5,0.736,0,6.03,2.67,MIL,,3.39,1.07,R
Ryne Nelson,2025-09-01 00:00:00,6,3,3,4,1,7,97,5,0.684,1,6,2.33,TEX,,3.39,1.07,R
Ryne Nelson,2025-09-07 00:00:00,6,1,1,3,3,3,105,6,0.745,1,6,1.67,BOS,,3.39,1.07,R
Ryne Nelson,2025-09-13 00:00:00,6,0,0,4,3,4,90,6,0.708,0,6,1.33,MIN,,3.39,1.07,R
Ryne Nelson,2025-09-19 00:00:00,5,2,2,5,2,1,95,6,0.759,1,5.67,1,PHI,,3.39,1.07,R
Ryne Nelson,2025-09-24 00:00:00,6,3,3,7,0,9,92,5,0.768,1,5.67,1.67,LAD,,3.39,1.07,R
Sam Aldegheri,2025-06-04 00:00:00,2.1,0,2,1,1,2,49,5,0.745,0,2.1,0,BOS,,7.9,2.2,L
Sam Aldegheri,2025-07-08 00:00:00,2,5,5,5,4,2,64,34,0.684,1,2.05,2.5,TEX,,7.9,2.2,L
Sam Aldegheri,2025-09-23 00:00:00,4.2,3,3,7,2,3,94,77,0.706,1,2.77,2.67,KC,,7.9,2.2,L
Sam Aldegheri,2025-09-28 00:00:00,4.2,4,4,7,3,5,96,5,0.714,1,3.47,4,HOU,,7.9,2.2,L
Sawyer Gipson-Long,2025-06-04 00:00:00,3.2,3,3,5,1,3,70,5,0.675,0,3.2,3,CWS,,7.18,1.28,R
Sawyer Gipson-Long,2025-06-10 00:00:00,4.2,1,1,3,0,5,51,6,0.699,0,3.7,2,BAL,,7.18,1.28,R
Sawyer Gipson-Long,2025-06-15 00:00:00,3,1,2,3,1,2,55,5,0.706,1,3.47,1.67,CIN,,7.18,1.28,R
Sawyer Gipson-Long,2025-06-21 00:00:00,6.1,4,4,6,0,3,68,6,0.714,0,4.43,2,TB,,7.18,1.28,R
Sawyer Gipson-Long,2025-06-27 00:00:00,5.1,3,3,4,2,5,77,6,0.708,1,4.73,2.67,MIN,,7.18,1.28,R
Sawyer Gipson-Long,2025-08-13 00:00:00,2,0,0,1,0,2,17,47,0.675,0,4.4,2.33,CWS,,7.18,1.28,R
Sawyer Gipson-Long,2025-09-02 00:00:00,4,6,6,5,2,3,70,20,0.753,1,3.7,3,NYM,,7.18,1.28,R
Sawyer Gipson-Long,2025-09-11 00:00:00,2.1,7,7,7,0,3,55,9,0.787,0,2.7,4.33,NYY,,7.18,1.28,R
Scott Barlow,2025-03-27 00:00:00,1,0,0,0,0,2,14,5,0.697,1,1,0,SF,,4.21,1.39,R
Scott Barlow,2025-03-30 00:00:00,0.1,0,0,1,1,0,10,3,0.697,1,0.55,0,SF,,4.21,1.39,R
Scott Barlow,2025-04-01 00:00:00,1,0,0,1,1,0,18,2,0.684,1,0.7,0,TEX,,4.21,1.39,R
Scott Barlow,2025-04-03 00:00:00,0.1,0,0,0,0,0,4,2,0.736,0,0.4,0,MIL,,4.21,1.39,R
Scott Barlow,2025-04-05 00:00:00,0.2,2,2,1,2,0,25,2,0.736,0,0.43,0.67,MIL,,4.21,1.39,R
Scott Barlow,2025-04-09 00:00:00,0.2,0,0,1,0,0,7,4,0.697,0,0.17,0.67,SF,,4.21,1.39,R
Scott Barlow,2025-04-12 00:00:00,0.2,1,1,1,1,1,20,3,0.655,1,0.2,1,PIT,,4.21,1.39,R
Scott Barlow,2025-04-15 00:00:00,0.1,0,0,1,1,1,15,3,0.74,1,0.17,0.33,SEA,,4.21,1.39,R
Scott Barlow,2025-04-16 00:00:00,1.1,0,0,0,0,1,12,1,0.74,1,0.47,0.33,SEA,,4.21,1.39,R
Scott Barlow,2025-04-18 00:00:00,2,2,2,2,0,3,27,2,0.699,0,1.07,0.67,BAL,,4.21,1.39,R
Scott Barlow,2025-04-20 00:00:00,1,0,0,0,0,1,11,2,0.699,0,1.37,0.67,BAL,,4.21,1.39,R
Scott Barlow,2025-04-22 00:00:00,0.2,0,0,0,1,0,4,2,0.708,0,1.07,0.67,MIA,,4.21,1.39,R
Scott Barlow,2025-04-26 00:00:00,1,0,0,0,0,1,14,4,0.679,0,0.73,0,COL,,4.21,1.39,R
Scott Barlow,2025-04-30 00:00:00,1,0,0,0,1,0,12,4,0.693,1,0.73,0,STL,,4.21,1.39,R
Scott Barlow,2025-05-02 00:00:00,1,0,0,0,1,1,17,2,0.693,1,1,0,WSH,,4.21,1.39,R
Scott Barlow,2025-05-04 00:00:00,1,0,0,1,1,1,23,2,0.693,1,1,0,WSH,,4.21,1.39,R
Scott Barlow,2025-05-05 00:00:00,1,0,0,0,1,0,22,1,0.72,0,1,0,ATL,,4.21,1.39,R
Scott Barlow,2025-05-07 00:00:00,0.1,2,2,1,1,0,14,2,0.72,0,0.7,0.67,ATL,,4.21,1.39,R
Scott Barlow,2025-05-10 00:00:00,0.1,1,1,2,1,0,20,3,0.714,0,0.4,1,HOU,,4.21,1.39,R
Scott Barlow,2025-05-11 00:00:00,1,1,2,1,1,1,25,1,0.714,0,0.4,1.33,HOU,,4.21,1.39,R
Scott Barlow,2025-05-14 00:00:00,1.2,1,1,1,0,3,28,3,0.675,1,0.77,1,CWS,,4.21,1.39,R
Scott Barlow,2025-05-18 00:00:00,1,0,0,1,0,0,19,4,0.67,1,1.07,0.67,CLE,,4.21,1.39,R
Scott Barlow,2025-05-19 00:00:00,1,0,0,0,0,1,18,1,0.655,0,1.07,0.33,PIT,,4.21,1.39,R
Scott Barlow,2025-05-23 00:00:00,1.1,0,0,0,0,3,18,4,0.751,1,1.03,0,CHC,,4.21,1.39,R
Scott Barlow,2025-05-25 00:00:00,1,1,1,0,2,1,20,2,0.751,1,1.03,0.33,CHC,,4.21,1.39,R
Scott Barlow,2025-05-28 00:00:00,1,0,0,1,1,2,23,3,0.706,0,1.03,0.33,KC,,4.21,1.39,R
Scott Barlow,2025-05-31 00:00:00,1,0,0,0,1,3,19,3,0.751,0,1,0.33,CHC,,4.21,1.39,R
Scott Barlow,2025-06-02 00:00:00,1,0,0,0,0,1,19,2,0.736,1,1,0,MIL,,4.21,1.39,R
Scott Barlow,2025-06-03 00:00:00,1,0,0,0,0,0,7,1,0.736,1,1,0,MIL,,4.21,1.39,R
Scott Barlow,2025-06-08 00:00:00,1,0,0,0,0,1,18,5,0.757,1,1,0,AZ,,4.21,1.39,R
Scott Barlow,2025-06-11 00:00:00,1,0,0,0,0,2,16,3,0.67,0,1,0,CLE,,4.21,1.39,R
Scott Barlow,2025-06-13 00:00:00,0.1,2,2,1,1,0,16,2,0.73,0,0.7,0.67,DET,,4.21,1.39,R
Scott Barlow,2025-06-15 00:00:00,1,0,0,1,0,0,18,2,0.73,0,0.7,0.67,DET,,4.21,1.39,R
Scott Barlow,2025-06-17 00:00:00,1.1,0,0,0,0,2,17,2,0.708,1,0.73,0.67,MIN,,4.21,1.39,R
Scott Barlow,2025-06-20 00:00:00,0.1,2,2,0,1,0,14,3,0.693,0,0.73,0.67,STL,,4.21,1.39,R
Scott Barlow,2025-06-21 00:00:00,1,0,0,1,1,1,9,1,0.693,0,0.73,0.67,STL,,4.21,1.39,R
Scott Barlow,2025-06-23 00:00:00,1.2,0,0,0,0,3,19,2,0.787,1,0.77,0.67,NYY,,4.21,1.39,R
Scott Barlow,2025-06-28 00:00:00,1,2,2,2,0,0,18,5,0.711,1,1.07,0.67,SD,,4.21,1.39,R
Scott Barlow,2025-06-29 00:00:00,0.2,0,0,0,1,0,16,1,0.711,1,0.8,0.67,SD,,4.21,1.39,R
Scott Barlow,2025-07-01 00:00:00,1,1,1,2,0,0,19,2,0.745,0,0.73,1,BOS,,4.21,1.39,R
Scott Barlow,2025-07-04 00:00:00,1,0,0,1,0,1,16,3,0.759,0,0.73,0.33,PHI,,4.21,1.39,R
Scott Barlow,2025-07-06 00:00:00,1,0,0,2,1,3,29,2,0.759,0,1,0.33,PHI,,4.21,1.39,R
Scott Barlow,2025-07-08 00:00:00,1,0,0,1,1,0,9,2,0.708,1,1,0,MIA,,4.21,1.39,R
Scott Barlow,2025-07-10 00:00:00,0.2,0,0,0,1,2,13,2,0.708,1,0.73,0,MIA,,4.21,1.39,R
Scott Barlow,2025-07-11 00:00:00,1,0,0,0,0,3,12,1,0.679,1,0.73,0,COL,,4.21,1.39,R
Scott Barlow,2025-07-13 00:00:00,1,0,0,0,1,1,18,2,0.679,1,0.73,0,COL,,4.21,1.39,R
Scott Barlow,2025-07-19 00:00:00,0.2,0,0,0,1,1,19,6,0.753,0,0.73,0,NYM,,4.21,1.39,R
Scott Barlow,2025-07-21 00:00:00,1,0,0,1,0,2,20,2,0.693,0,0.73,0,WSH,,4.21,1.39,R
Scott Barlow,2025-07-22 00:00:00,0.1,0,0,0,0,0,8,1,0.693,0,0.43,0,WSH,,4.21,1.39,R
Scott Barlow,2025-07-28 00:00:00,0.1,2,2,2,2,1,29,6,0.768,1,0.4,0.67,LAD,,4.21,1.39,R
Scott Barlow,2025-07-29 00:00:00,0.2,0,0,1,0,0,7,1,0.768,1,0.13,0.67,LAD,,4.21,1.39,R
Scott Barlow,2025-07-30 00:00:00,0.2,0,0,1,0,0,10,1,0.768,1,0.17,0.67,LAD,,4.21,1.39,R
Scott Barlow,2025-08-01 00:00:00,1,0,0,0,0,1,11,2,0.72,1,0.47,0,ATL,,4.21,1.39,R
Scott Barlow,2025-08-02 00:00:00,1,1,1,2,0,1,17,1,0.72,1,0.73,0.33,ATL,,4.21,1.39,R
Scott Barlow,2025-08-04 00:00:00,2,0,0,0,2,4,33,2,0.751,0,1.33,0.33,CHC,,4.21,1.39,R
Scott Barlow,2025-08-10 00:00:00,0.1,0,0,2,0,1,16,6,0.655,0,1.03,0.33,PIT,,4.21,1.39,R
Scott Barlow,2025-08-11 00:00:00,1,0,0,1,0,0,18,1,0.759,1,1.03,0,PHI,,4.21,1.39,R
Scott Barlow,2025-08-13 00:00:00,0.2,0,0,0,1,0,19,2,0.759,1,0.43,0,PHI,,4.21,1.39,R
Scott Barlow,2025-08-15 00:00:00,1.1,1,1,2,0,0,17,2,0.736,1,0.77,0.33,MIL,,4.21,1.39,R
Scott Barlow,2025-08-16 00:00:00,1,0,1,1,1,0,5,1,0.736,1,0.77,0.33,MIL,,4.21,1.39,R
Scott Barlow,2025-08-18 00:00:00,1.1,0,0,0,1,4,25,2,0.695,0,1.07,0.33,LAA,,4.21,1.39,R
Scott Barlow,2025-08-20 00:00:00,1,0,0,0,0,2,12,2,0.695,0,1.03,0,LAA,,4.21,1.39,R
Scott Barlow,2025-08-22 00:00:00,0,0,1,1,0,0,2,2,0.757,0,0.7,0,AZ,,4.21,1.39,R
Scott Barlow,2025-08-25 00:00:00,1,0,0,0,1,2,25,3,0.768,0,0.67,0,LAD,,4.21,1.39,R
Scott Barlow,2025-08-27 00:00:00,1,0,0,1,0,2,21,2,0.768,0,0.67,0,LAD,,4.21,1.39,R
Scott Barlow,2025-08-30 00:00:00,1,0,0,1,2,2,30,3,0.693,1,1,0,STL,,4.21,1.39,R
Scott Barlow,2025-09-01 00:00:00,0.2,0,0,0,0,0,8,2,0.761,1,0.73,0,TOR,,4.21,1.39,R
Scott Barlow,2025-09-02 00:00:00,1,4,4,2,3,1,34,1,0.761,1,0.73,1.33,TOR,,4.21,1.39,R
Scott Barlow,2025-09-06 00:00:00,1,1,1,1,1,1,21,4,0.753,1,0.73,1.67,NYM,,4.21,1.39,R
Scott Barlow,2025-09-08 00:00:00,0.2,3,3,2,1,1,16,2,0.711,0,0.73,2.67,SD,,4.21,1.39,R
Scott Barlow,2025-09-13 00:00:00,0.2,2,2,2,1,0,22,5,0.749,0,0.47,2,ATH,,4.21,1.39,R
Scott Barlow,2025-09-14 00:00:00,1,0,0,0,0,1,13,1,0.749,0,0.47,1.67,ATH,,4.21,1.39,R
Scott Barlow,2025-09-16 00:00:00,1.1,0,0,0,1,1,20,2,0.693,0,0.77,0.67,STL,,4.21,1.39,R
Scott Barlow,2025-09-23 00:00:00,1,0,0,0,0,0,14,7,0.655,1,1.03,0,PIT,,4.21,1.39,R
Scott Barlow,2025-09-28 00:00:00,1,0,0,0,1,1,20,5,0.736,0,1.03,0,MIL,,4.21,1.39,R
Scott Barlow,2025-09-30 00:00:00,1.2,0,0,0,0,4,30,2,0.768,0,1.07,0,LAD,,4.21,1.39,R
Scott Blewett,2025-04-07 00:00:00,2.1,0,0,1,0,2,31,5,0.706,0,2.1,0,KC,,5.48,1.42,R
Scott Blewett,2025-04-11 00:00:00,2.1,1,1,3,0,3,36,4,0.73,1,2.1,0.5,DET,,5.48,1.42,R
Scott Blewett,2025-04-15 00:00:00,1.2,0,0,1,0,2,29,4,0.67,1,1.8,0.33,CLE,,5.48,1.42,R
Scott Blewett,2025-04-18 00:00:00,2.2,0,1,4,1,4,43,3,0.706,1,1.83,0.33,CIN,,5.48,1.42,R
Scott Blewett,2025-04-22 00:00:00,3,2,2,4,2,1,48,4,0.693,1,2.13,0.67,STL,,5.48,1.42,R
Scott Blewett,2025-04-26 00:00:00,1.1,0,0,0,0,3,17,4,0.757,0,2.1,0.67,AZ,,5.48,1.42,R
Scott Blewett,2025-04-29 00:00:00,1,0,0,1,1,0,16,3,0.679,0,1.7,0.67,COL,,5.48,1.42,R
Scott Blewett,2025-05-03 00:00:00,1,3,3,1,2,2,24,4,0.768,1,1.03,1,LAD,,5.48,1.42,R
Scott Blewett,2025-05-08 00:00:00,2,0,0,0,0,1,18,5,0.706,1,1.33,1,CIN,,5.48,1.42,R
Scott Blewett,2025-05-10 00:00:00,2,0,0,1,0,1,17,2,0.655,0,1.67,1,PIT,,5.48,1.42,R
Scott Blewett,2025-05-18 00:00:00,1,0,0,1,0,1,15,8,0.745,0,1.67,0,BOS,,5.48,1.42,R
Scott Blewett,2025-05-24 00:00:00,1,0,0,0,2,0,19,6,0.711,1,1.33,0,SD,,5.48,1.42,R
Scott Blewett,2025-05-29 00:00:00,2.1,0,1,5,1,3,51,5,0.759,0,1.37,0,PHI,,5.48,1.42,R
Scott Blewett,2025-06-03 00:00:00,0.1,0,0,0,0,0,2,5,0.757,1,1.07,0,AZ,,5.48,1.42,R
Scott Blewett,2025-06-05 00:00:00,1.1,5,5,3,2,1,29,2,0.757,1,1.1,1.67,AZ,,5.48,1.42,R
Scott Blewett,2025-06-08 00:00:00,1.2,0,0,0,0,2,18,3,0.749,0,0.8,1.67,ATH,,5.48,1.42,R
Scott Blewett,2025-06-10 00:00:00,2,0,0,2,0,0,25,2,0.73,1,1.43,1.67,DET,,5.48,1.42,R
Scott Blewett,2025-06-15 00:00:00,2.2,2,2,2,0,1,38,5,0.695,1,1.8,0.67,LAA,,5.48,1.42,R
Scott Blewett,2025-06-18 00:00:00,1.2,1,1,3,0,0,32,3,0.714,0,1.8,1,TB,,5.48,1.42,R
Scott Blewett,2025-06-20 00:00:00,2,0,0,0,0,2,19,2,0.787,0,1.8,1,NYY,,5.48,1.42,R
Scott Blewett,2025-06-21 00:00:00,1,1,1,2,1,0,28,1,0.787,0,1.4,0.67,NYY,,5.48,1.42,R
Scott Blewett,2025-06-25 00:00:00,2,3,3,3,1,1,40,4,0.684,1,1.67,1.33,TEX,,5.48,1.42,R
Scott Blewett,2025-06-28 00:00:00,2.2,4,4,2,3,3,56,3,0.714,1,1.73,2.67,TB,,5.48,1.42,R
Scott Blewett,2025-07-01 00:00:00,1.1,0,0,1,0,1,17,3,0.684,0,1.77,2.33,TEX,,5.48,1.42,R
Scott Blewett,2025-07-05 00:00:00,1,1,1,1,2,1,24,4,0.72,0,1.43,1.67,ATL,,5.48,1.42,R
Scott Blewett,2025-07-12 00:00:00,1,4,4,4,0,0,19,7,0.708,1,1.03,1.67,MIA,,5.48,1.42,R
Sean Burke,2025-03-27 00:00:00,6,0,0,3,0,3,73,5,0.695,1,6,0,LAA,,4.22,1.44,R
Sean Burke,2025-04-02 00:00:00,4.1,6,6,7,0,1,77,6,0.708,1,5.05,3,MIN,,4.22,1.44,R
Sean Burke,2025-04-09 00:00:00,3,3,3,3,4,4,79,7,0.67,0,4.37,3,CLE,,4.22,1.44,R
Sean Burke,2025-04-15 00:00:00,3.1,5,5,6,2,2,69,6,0.749,1,3.4,4.67,ATH,,4.22,1.44,R
Sean Burke,2025-04-20 00:00:00,5,1,4,5,3,5,94,5,0.745,0,3.7,3,BOS,,4.22,1.44,R
Sean Burke,2025-04-25 00:00:00,5.1,3,4,5,2,5,86,5,0.749,0,4.4,3,ATH,,4.22,1.44,R
Sean Burke,2025-05-01 00:00:00,6,0,0,2,3,5,94,6,0.736,1,5.37,1.33,MIL,,4.22,1.44,R
Sean Burke,2025-05-06 00:00:00,6.1,1,1,4,3,2,78,5,0.706,0,5.73,1.33,KC,,4.22,1.44,R
Sean Burke,2025-05-11 00:00:00,4,1,1,4,5,2,91,5,0.708,1,5.37,0.67,MIA,,4.22,1.44,R
Sean Burke,2025-05-17 00:00:00,4.2,5,6,7,5,4,97,6,0.751,0,4.77,2.33,CHC,,4.22,1.44,R
Sean Burke,2025-05-23 00:00:00,6,1,1,3,3,6,89,6,0.684,1,4.73,2.33,TEX,,4.22,1.44,R
Sean Burke,2025-05-30 00:00:00,6,2,2,5,1,6,90,7,0.699,0,5.4,2.67,BAL,,4.22,1.44,R
Sean Burke,2025-06-05 00:00:00,7,2,2,7,1,5,96,6,0.73,1,6.33,1.67,DET,,4.22,1.44,R
Sean Burke,2025-06-11 00:00:00,3.2,7,7,8,1,4,73,6,0.714,0,5.4,3.67,HOU,,4.22,1.44,R
Sean Burke,2025-06-19 00:00:00,5.1,1,2,4,2,7,100,8,0.693,1,5.1,3.33,STL,,4.22,1.44,R
Sean Burke,2025-06-25 00:00:00,5,0,2,5,2,7,83,6,0.757,1,4.43,2.67,AZ,,4.22,1.44,R
Sean Burke,2025-07-02 00:00:00,6,1,1,6,1,5,88,7,0.768,0,5.37,0.67,LAD,,4.22,1.44,R
Sean Burke,2025-07-07 00:00:00,5,6,6,6,3,2,85,5,0.761,1,5.33,2.33,TOR,,4.22,1.44,R
Sean Burke,2025-07-12 00:00:00,5,2,2,3,2,5,97,5,0.67,1,5.33,3,CLE,,4.22,1.44,R
Sean Burke,2025-07-21 00:00:00,4,0,2,3,4,5,89,9,0.714,0,4.67,2.67,TB,,4.22,1.44,R
Sean Burke,2025-07-27 00:00:00,4.2,2,2,5,1,8,91,6,0.751,1,4.4,1.33,CHC,,4.22,1.44,R
Sean Burke,2025-08-03 00:00:00,5,3,3,5,2,7,84,7,0.695,0,4.4,1.67,LAA,,4.22,1.44,R
Sean Burke,2025-08-09 00:00:00,3.1,2,2,5,3,7,88,6,0.67,1,4.1,2.33,CLE,,4.22,1.44,R
Sean Burke,2025-08-16 00:00:00,3.2,2,3,5,1,3,85,7,0.706,0,3.77,2.33,KC,,4.22,1.44,R
Sean Burke,2025-09-10 00:00:00,4.1,3,3,5,4,5,68,25,0.714,1,3.47,2.33,TB,,4.22,1.44,R
Sean Burke,2025-09-15 00:00:00,4,1,1,2,4,4,89,5,0.699,1,3.77,2,BAL,,4.22,1.44,R
Sean Burke,2025-09-21 00:00:00,4,2,3,6,0,4,63,6,0.711,1,4.03,2,SD,,4.22,1.44,R
Sean Burke,2025-09-27 00:00:00,4.1,1,2,2,1,10,80,6,0.693,0,4.03,1.33,WSH,,4.22,1.44,R
Sean Guenther,2025-04-26 00:00:00,0.2,0,0,1,0,1,6,5,0.699,1,0.2,0,BAL,,5.23,1.45,L
Sean Guenther,2025-04-27 00:00:00,2,0,0,1,0,3,24,1,0.699,1,1.1,0,BAL,,5.23,1.45,L
Sean Guenther,2025-05-03 00:00:00,1,0,0,1,0,0,11,6,0.695,0,1.07,0,LAA,,5.23,1.45,L
Sean Guenther,2025-05-08 00:00:00,1,0,0,0,1,1,18,5,0.679,0,1.33,0,COL,,5.23,1.45,L
Sean Guenther,2025-05-10 00:00:00,1.1,2,2,1,2,0,28,2,0.684,1,1.03,0.67,TEX,,5.23,1.45,L
Sean Guenther,2025-05-12 00:00:00,2,0,0,1,0,1,23,2,0.745,1,1.37,0.67,BOS,,5.23,1.45,L
Sean Guenther,2025-05-19 00:00:00,0.1,1,1,3,0,0,8,7,0.693,0,1.07,1,STL,,5.23,1.45,L
Sean Guenther,2025-05-21 00:00:00,0.2,1,1,1,0,1,11,2,0.693,0,0.77,0.67,STL,,5.23,1.45,L
Sean Guenther,2025-05-22 00:00:00,1.1,2,3,1,2,1,25,1,0.67,1,0.47,1.33,CLE,,5.23,1.45,L
Sean Hjelle,2025-06-04 00:00:00,2.2,0,0,0,1,1,28,5,0.711,1,2.2,0,SD,,7.8,2,R
Sean Hjelle,2025-06-07 00:00:00,1,0,0,1,1,0,21,3,0.72,1,1.6,0,ATL,,7.8,2,R
Sean Hjelle,2025-06-12 00:00:00,0.1,2,2,2,1,0,16,5,0.679,0,1.1,0.67,COL,,7.8,2,R
Sean Hjelle,2025-06-15 00:00:00,3.2,2,2,3,2,5,54,3,0.768,0,1.43,1.33,LAD,,7.8,2,R
Sean Hjelle,2025-06-18 00:00:00,1,0,0,0,2,1,19,3,0.67,1,1.43,1.33,CLE,,7.8,2,R
Sean Hjelle,2025-06-20 00:00:00,1,1,1,2,0,0,19,2,0.745,1,1.73,1,BOS,,7.8,2,R
Sean Hjelle,2025-06-24 00:00:00,1,0,0,0,0,0,11,4,0.708,1,1,0.33,MIA,,7.8,2,R
Sean Hjelle,2025-06-25 00:00:00,0.1,0,0,0,0,0,1,1,0.708,1,0.7,0.33,MIA,,7.8,2,R
Sean Hjelle,2025-06-26 00:00:00,1,4,4,5,1,2,29,1,0.708,1,0.7,1.33,MIA,,7.8,2,R
Sean Hjelle,2025-07-22 00:00:00,1,0,0,2,0,1,19,26,0.72,0,0.7,1.33,ATL,,7.8,2,R
Sean Hjelle,2025-07-23 00:00:00,1,3,3,4,0,1,20,1,0.72,0,1,2.33,ATL,,7.8,2,R
Sean Hjelle,2025-07-27 00:00:00,1,1,1,2,1,0,17,4,0.753,1,1,1.33,NYM,,7.8,2,R
Sean Manaea,2025-07-13 00:00:00,3.1,1,1,5,0,7,65,5,0.706,0,3.1,1,KC,,5.64,1.22,L
Sean Manaea,2025-07-18 00:00:00,4,1,1,1,2,6,69,5,0.706,1,3.55,1,CIN,,5.64,1.22,L
Sean Manaea,2025-07-23 00:00:00,5,1,1,2,2,5,82,5,0.695,1,4.03,1,LAA,,5.64,1.22,L
Sean Manaea,2025-07-29 00:00:00,5,1,1,3,0,4,86,6,0.711,0,4.67,1,SD,,5.64,1.22,L
Sean Manaea,2025-08-04 00:00:00,5.2,5,5,7,0,3,85,6,0.67,1,5.07,2.33,CLE,,5.64,1.22,L
Sean Manaea,2025-08-10 00:00:00,4,4,4,6,2,5,87,6,0.736,0,4.73,3.33,MIL,,5.64,1.22,L
Sean Manaea,2025-08-15 00:00:00,5,4,4,6,1,7,86,5,0.74,1,4.73,4.33,SEA,,5.64,1.22,L
Sean Manaea,2025-08-21 00:00:00,4.2,4,4,3,1,8,91,6,0.693,0,4.4,4,WSH,,5.64,1.22,L
Sean Manaea,2025-08-26 00:00:00,4.2,2,2,6,0,8,90,5,0.759,1,4.47,3.33,PHI,,5.64,1.22,L
Sean Manaea,2025-09-01 00:00:00,3.2,5,5,8,1,6,83,6,0.73,0,3.87,3.67,DET,,5.64,1.22,L
Sean Manaea,2025-09-09 00:00:00,5,4,4,5,1,5,96,8,0.759,0,4.13,3.67,PHI,,5.64,1.22,L
Sean Manaea,2025-09-16 00:00:00,5,1,1,4,0,4,71,7,0.711,1,4.4,3.33,SD,,5.64,1.22,L
Sean Manaea,2025-09-21 00:00:00,3,3,3,4,0,3,50,5,0.693,1,4.33,2.67,WSH,,5.64,1.22,L
Sean Manaea,2025-09-24 00:00:00,1,2,2,2,0,1,16,3,0.751,0,3,2,CHC,,5.64,1.22,L
Sean Manaea,2025-09-28 00:00:00,1.2,0,0,0,2,3,38,4,0.708,0,1.73,1.67,MIA,,5.64,1.22,L
Sean Newcomb,2025-03-31 00:00:00,4,4,4,8,2,4,64,5,0.699,0,4,4,BAL,,2.73,1.35,L
Sean Newcomb,2025-04-06 00:00:00,4.2,1,1,6,3,5,94,6,0.693,1,4.1,2.5,STL,,2.73,1.35,L
Sean Newcomb,2025-04-11 00:00:00,4,2,6,6,2,6,94,5,0.675,0,4.07,2.33,CWS,,2.73,1.35,L
Sean Newcomb,2025-04-16 00:00:00,4.2,0,0,4,2,4,71,5,0.714,0,4.13,1,TB,,2.73,1.35,L
Sean Newcomb,2025-04-23 00:00:00,5,4,4,8,2,8,97,7,0.74,1,4.4,2,SEA,,2.73,1.35,L
Sean Newcomb,2025-04-27 00:00:00,1,0,0,1,0,3,16,4,0.67,0,3.4,1.33,CLE,,2.73,1.35,L
Sean Newcomb,2025-05-06 00:00:00,4,0,0,4,1,3,77,9,0.684,1,3.33,1.33,TEX,,2.73,1.35,L
Sean Newcomb,2025-05-09 00:00:00,0.1,0,1,1,0,0,6,3,0.706,0,1.7,0,KC,,2.73,1.35,L
Sean Newcomb,2025-05-12 00:00:00,5.2,2,3,9,0,4,98,3,0.73,0,3.1,0.67,DET,,2.73,1.35,L
Sean Newcomb,2025-05-18 00:00:00,4.2,3,3,6,2,4,79,6,0.72,1,3.17,1.67,ATL,,2.73,1.35,L
Sean Newcomb,2025-05-21 00:00:00,2,1,1,1,2,0,32,3,0.753,1,3.8,2,NYM,,2.73,1.35,L
Sean Newcomb,2025-05-24 00:00:00,1,1,1,1,1,0,28,3,0.699,1,2.4,1.67,BAL,,2.73,1.35,L
Sean Newcomb,2025-05-29 00:00:00,3.1,0,0,3,1,2,44,5,0.761,0,2.03,0.67,TOR,,2.73,1.35,L
Sean Newcomb,2025-06-02 00:00:00,1,1,1,2,1,1,26,4,0.708,1,1.7,0.67,MIN,,2.73,1.35,L
Sean Newcomb,2025-06-05 00:00:00,1.2,2,2,2,2,1,45,3,0.708,1,1.77,1,MIN,,2.73,1.35,L
Sean Newcomb,2025-06-08 00:00:00,3,0,0,3,0,3,41,3,0.699,1,1.73,1,BAL,,2.73,1.35,L
Sean Newcomb,2025-06-17 00:00:00,1,1,2,2,1,1,26,9,0.714,1,1.73,1,HOU,,2.73,1.35,L
Sean Newcomb,2025-06-18 00:00:00,2.1,1,1,2,0,1,26,1,0.714,1,2.03,0.67,HOU,,2.73,1.35,L
Sean Newcomb,2025-06-21 00:00:00,2,0,0,1,0,2,34,3,0.67,1,1.7,0.67,CLE,,2.73,1.35,L
Sean Newcomb,2025-06-27 00:00:00,3,0,0,1,1,2,40,6,0.787,0,2.37,0.33,NYY,,2.73,1.35,L
Sean Newcomb,2025-06-30 00:00:00,0.1,0,0,1,0,0,2,3,0.714,0,1.7,0,TB,,2.73,1.35,L
Sean Newcomb,2025-07-01 00:00:00,1.2,0,0,1,1,2,24,1,0.714,0,1.43,0,TB,,2.73,1.35,L
Sean Newcomb,2025-07-05 00:00:00,1,2,2,2,0,2,20,4,0.697,1,0.77,0.67,SF,,2.73,1.35,L
Sean Newcomb,2025-07-06 00:00:00,0.1,0,0,0,0,1,3,1,0.697,1,0.77,0.67,SF,,2.73,1.35,L
Sean Newcomb,2025-07-10 00:00:00,1,0,0,0,1,1,20,4,0.72,1,0.7,0.67,ATL,,2.73,1.35,L
Sean Newcomb,2025-07-12 00:00:00,0.2,0,0,0,0,2,12,2,0.761,1,0.43,0,TOR,,2.73,1.35,L
Sean Newcomb,2025-07-13 00:00:00,1,0,0,0,0,2,17,1,0.761,1,0.73,0,TOR,,2.73,1.35,L
Sean Newcomb,2025-07-21 00:00:00,1.2,0,0,1,0,2,24,8,0.684,0,0.8,0,TEX,,2.73,1.35,L
Sean Newcomb,2025-07-22 00:00:00,1,1,1,1,0,0,13,1,0.684,0,1.07,0.33,TEX,,2.73,1.35,L
Sean Newcomb,2025-07-26 00:00:00,2,0,0,0,1,4,20,4,0.714,0,1.4,0.33,HOU,,2.73,1.35,L
Sean Newcomb,2025-07-28 00:00:00,1,0,0,1,0,0,10,2,0.74,1,1.33,0.33,SEA,,2.73,1.35,L
Sean Newcomb,2025-07-29 00:00:00,1,0,0,1,0,3,20,1,0.74,1,1.33,0,SEA,,2.73,1.35,L
Sean Newcomb,2025-08-01 00:00:00,1,0,0,0,1,1,11,3,0.757,1,1,0,AZ,,2.73,1.35,L
Sean Newcomb,2025-08-03 00:00:00,1,0,0,0,0,2,12,2,0.757,1,1,0,AZ,,2.73,1.35,L
Sean Newcomb,2025-08-06 00:00:00,2,0,0,1,0,2,22,3,0.693,0,1.33,0,WSH,,2.73,1.35,L
Sean Newcomb,2025-08-10 00:00:00,1,0,0,1,1,0,15,4,0.699,0,1.33,0,BAL,,2.73,1.35,L
Sean Newcomb,2025-08-13 00:00:00,1,0,0,2,0,1,17,3,0.714,1,1.33,0,TB,,2.73,1.35,L
Sean Newcomb,2025-08-16 00:00:00,1.2,0,1,2,0,3,32,3,0.695,1,1.07,0,LAA,,2.73,1.35,L
Sean Newcomb,2025-08-17 00:00:00,1,0,0,0,0,1,19,1,0.695,1,1.07,0,LAA,,2.73,1.35,L
Sean Newcomb,2025-08-20 00:00:00,2,0,0,1,0,0,24,3,0.708,0,1.4,0,MIN,,2.73,1.35,L
Sean Newcomb,2025-08-23 00:00:00,1.1,0,0,0,0,1,15,3,0.74,0,1.37,0,SEA,,2.73,1.35,L
Sean Newcomb,2025-08-25 00:00:00,1.1,0,0,2,2,2,33,2,0.73,1,1.4,0,DET,,2.73,1.35,L
Sean Newcomb,2025-08-30 00:00:00,0.2,2,2,3,0,1,21,5,0.684,1,0.8,0.67,TEX,,2.73,1.35,L
Sean Newcomb,2025-09-02 00:00:00,2,0,0,1,0,1,26,3,0.693,0,1.1,0.67,STL,,2.73,1.35,L
Sean Newcomb,2025-09-07 00:00:00,1,0,0,1,1,0,17,5,0.695,0,1.07,0.67,LAA,,2.73,1.35,L
Sean Newcomb,2025-09-10 00:00:00,2.1,0,0,0,0,0,29,3,0.745,1,1.7,0,BOS,,2.73,1.35,L
Sean Newcomb,2025-09-12 00:00:00,1,0,0,0,0,3,18,2,0.706,1,1.37,0,CIN,,2.73,1.35,L
Sean Newcomb,2025-09-14 00:00:00,1,0,0,1,0,0,13,2,0.706,1,1.37,0,CIN,,2.73,1.35,L
Sean Reynolds,2025-05-09 00:00:00,0.2,4,4,4,0,1,25,5,0.679,0,0.2,4,COL,,5.33,1.37,R
Sean Reynolds,2025-05-11 00:00:00,1,1,1,1,0,2,16,2,0.679,0,0.6,2.5,COL,,5.33,1.37,R
Sean Reynolds,2025-05-16 00:00:00,2.2,0,0,0,2,4,42,5,0.74,1,1.13,1.67,SEA,,5.33,1.37,R
Sean Reynolds,2025-05-18 00:00:00,1.2,0,0,0,0,2,19,2,0.74,1,1.47,0.33,SEA,,5.33,1.37,R
Sean Reynolds,2025-05-22 00:00:00,1,0,0,0,1,0,16,4,0.761,0,1.47,0,TOR,,5.33,1.37,R
Sean Reynolds,2025-05-24 00:00:00,2.2,3,3,6,0,1,57,2,0.72,0,1.47,1,ATL,,5.33,1.37,R
Sean Reynolds,2025-05-27 00:00:00,1.1,0,0,2,0,0,12,3,0.708,1,1.43,1,MIA,,5.33,1.37,R
Sean Reynolds,2025-05-31 00:00:00,1.2,0,0,0,0,2,25,4,0.655,1,1.5,1,PIT,,5.33,1.37,R
Sean Reynolds,2025-06-03 00:00:00,3,0,0,1,1,2,45,3,0.697,0,1.77,0,SF,,5.33,1.37,R
Sean Reynolds,2025-06-08 00:00:00,0.2,0,0,0,1,1,11,5,0.736,0,1.47,0,MIL,,5.33,1.37,R
Sean Reynolds,2025-06-09 00:00:00,1,0,0,0,0,0,18,1,0.768,1,1.4,0,LAD,,5.33,1.37,R
Sean Reynolds,2025-06-13 00:00:00,1.2,0,0,0,0,1,21,4,0.757,0,0.8,0,AZ,,5.33,1.37,R
Sean Reynolds,2025-06-15 00:00:00,1,0,0,0,0,2,12,2,0.757,0,1.07,0,AZ,,5.33,1.37,R
Sean Reynolds,2025-06-17 00:00:00,0.1,0,0,1,1,0,16,2,0.768,0,0.77,0,LAD,,5.33,1.37,R
Sean Reynolds,2025-06-19 00:00:00,0.1,2,2,0,2,0,11,2,0.768,0,0.4,0.67,LAD,,5.33,1.37,R
Sean Reynolds,2025-06-20 00:00:00,1,0,0,1,0,1,21,1,0.706,1,0.4,0.67,KC,,5.33,1.37,R
Sean Reynolds,2025-06-27 00:00:00,1,0,0,0,0,3,19,7,0.706,0,0.7,0.67,CIN,,5.33,1.37,R
Sean Reynolds,2025-08-08 00:00:00,1.2,5,5,3,5,0,52,42,0.745,1,1.07,1.67,BOS,,5.33,1.37,R
Sean Reynolds,2025-09-03 00:00:00,2.2,1,1,1,4,3,56,26,0.699,1,1.47,2,BAL,,5.33,1.37,R
Seth Lugo,2025-03-29 00:00:00,5,3,3,4,3,4,86,5,0.67,1,5,3,CLE,,4.15,1.29,R
Seth Lugo,2025-04-04 00:00:00,6,1,2,5,1,2,85,6,0.699,1,5.5,2,BAL,,4.15,1.29,R
Seth Lugo,2025-04-09 00:00:00,5.2,2,2,5,3,6,109,5,0.708,1,5.4,2,MIN,,4.15,1.29,R
Seth Lugo,2025-04-14 00:00:00,6.2,4,4,7,2,4,98,5,0.787,0,5.8,2.33,NYY,,4.15,1.29,R
Seth Lugo,2025-04-19 00:00:00,6.2,3,3,5,2,5,105,5,0.73,0,5.87,3,DET,,4.15,1.29,R
Seth Lugo,2025-04-25 00:00:00,8,0,0,3,1,8,94,6,0.714,1,6.8,2.33,HOU,,4.15,1.29,R
Seth Lugo,2025-05-01 00:00:00,6,2,2,5,0,5,93,6,0.714,0,6.73,1.67,TB,,4.15,1.29,R
Seth Lugo,2025-05-06 00:00:00,6.2,1,2,7,3,3,98,5,0.675,1,6.73,1,CWS,,4.15,1.29,R
Seth Lugo,2025-05-11 00:00:00,6,3,3,6,0,5,96,5,0.745,1,6.07,2,BOS,,4.15,1.29,R
Seth Lugo,2025-05-30 00:00:00,3.1,4,4,5,2,3,69,19,0.73,1,5.1,2.67,DET,,4.15,1.29,R
Seth Lugo,2025-06-06 00:00:00,5,2,2,5,2,5,97,7,0.675,0,4.7,3,CWS,,4.15,1.29,R
Seth Lugo,2025-06-12 00:00:00,5.2,0,0,2,3,2,73,6,0.787,1,4.43,2,NYY,,4.15,1.29,R
Seth Lugo,2025-06-17 00:00:00,6,1,1,3,1,9,96,5,0.684,0,5.4,1,TEX,,4.15,1.29,R
Seth Lugo,2025-06-22 00:00:00,6.1,1,1,2,0,7,90,5,0.711,0,5.77,0.67,SD,,4.15,1.29,R
Seth Lugo,2025-06-28 00:00:00,5.2,0,0,4,5,8,107,6,0.768,1,5.77,0.67,LAD,,4.15,1.29,R
Seth Lugo,2025-07-03 00:00:00,6.1,1,1,6,2,7,101,5,0.74,0,5.8,0.67,SEA,,4.15,1.29,R
Seth Lugo,2025-07-08 00:00:00,6,2,2,4,1,5,82,5,0.655,1,5.77,1,PIT,,4.15,1.29,R
Seth Lugo,2025-07-18 00:00:00,6,5,5,8,0,5,83,10,0.708,0,6.03,2.67,MIA,,4.15,1.29,R
Seth Lugo,2025-07-23 00:00:00,6,2,2,4,2,6,95,5,0.751,0,6,3,CHC,,4.15,1.29,R
Seth Lugo,2025-07-29 00:00:00,5.2,3,3,7,4,5,92,6,0.72,1,5.73,3.33,ATL,,4.15,1.29,R
Seth Lugo,2025-08-03 00:00:00,4.2,2,2,4,4,3,91,5,0.761,0,5.13,2.33,TOR,,4.15,1.29,R
Seth Lugo,2025-08-08 00:00:00,4,7,7,9,2,1,82,5,0.708,0,4.47,4,MIN,,4.15,1.29,R
Seth Lugo,2025-08-13 00:00:00,4,6,7,6,4,2,92,5,0.693,1,4.07,5,WSH,,4.15,1.29,R
Seth Lugo,2025-08-19 00:00:00,6.1,2,2,3,2,5,102,6,0.684,1,4.7,5,TEX,,4.15,1.29,R
Seth Lugo,2025-08-24 00:00:00,4.1,6,6,6,2,5,79,5,0.73,0,4.73,4.67,DET,,4.15,1.29,R
Seth Lugo,2025-08-29 00:00:00,3.1,4,4,8,4,5,85,5,0.73,1,4.43,4,DET,,4.15,1.29,R
Shane Baz,2025-04-01 00:00:00,6,0,0,7,0,10,96,5,0.655,1,6,0,PIT,,4.87,1.33,R
Shane Baz,2025-04-08 00:00:00,7,2,2,3,4,6,96,7,0.695,1,6.5,1,LAA,,4.87,1.33,R
Shane Baz,2025-04-14 00:00:00,6,1,1,2,0,11,98,6,0.745,1,6.33,1,BOS,,4.87,1.33,R
Shane Baz,2025-04-19 00:00:00,3.1,5,5,4,4,3,83,5,0.787,1,5.37,2.67,NYY,,4.87,1.33,R
Shane Baz,2025-04-25 00:00:00,7,0,0,4,1,6,97,6,0.711,0,5.37,2,SD,,4.87,1.33,R
Shane Baz,2025-05-01 00:00:00,5.2,7,7,9,3,1,93,6,0.706,1,5.1,4,KC,,4.87,1.33,R
Shane Baz,2025-05-07 00:00:00,3.1,6,6,8,2,3,83,6,0.759,1,5.1,4.33,PHI,,4.87,1.33,R
Shane Baz,2025-05-13 00:00:00,4.2,3,3,4,2,6,86,6,0.761,0,4.17,5.33,TOR,,4.87,1.33,R
Shane Baz,2025-05-18 00:00:00,6,5,5,9,3,2,96,5,0.708,0,4.43,4.67,MIA,,4.87,1.33,R
Shane Baz,2025-05-24 00:00:00,5.2,1,1,4,3,4,82,6,0.761,1,5.13,3,TOR,,4.87,1.33,R
Shane Baz,2025-05-29 00:00:00,5.2,3,3,7,0,3,86,5,0.714,0,5.47,3,HOU,,4.87,1.33,R
Shane Baz,2025-06-04 00:00:00,5,3,3,5,1,5,85,6,0.684,1,5.13,2.33,TEX,,4.87,1.33,R
Shane Baz,2025-06-09 00:00:00,5.1,3,3,3,3,5,76,5,0.745,0,5.1,3,BOS,,4.87,1.33,R
Shane Baz,2025-06-15 00:00:00,6.2,0,0,3,4,6,106,6,0.753,0,5.43,2,NYM,,4.87,1.33,R
Shane Baz,2025-06-20 00:00:00,5.1,5,5,4,4,6,105,5,0.73,1,5.47,2.67,DET,,4.87,1.33,R
Shane Baz,2025-06-26 00:00:00,8,0,0,3,1,9,97,6,0.706,0,6.43,1.67,KC,,4.87,1.33,R
Shane Baz,2025-07-01 00:00:00,7,3,3,7,1,11,90,5,0.749,1,6.7,2.67,ATH,,4.87,1.33,R
Shane Baz,2025-07-07 00:00:00,6,3,3,7,2,7,94,6,0.73,0,7,2,DET,,4.87,1.33,R
Shane Baz,2025-07-12 00:00:00,6.1,1,1,5,2,3,98,5,0.745,0,6.37,2.33,BOS,,4.87,1.33,R
Shane Baz,2025-07-21 00:00:00,4,8,8,8,2,4,87,9,0.675,1,5.37,4,CWS,,4.87,1.33,R
Shane Baz,2025-07-27 00:00:00,5,2,2,5,2,5,100,6,0.706,0,5.03,3.67,CIN,,4.87,1.33,R
Shane Baz,2025-08-01 00:00:00,5,5,5,8,2,8,98,5,0.768,1,4.67,5,LAD,,4.87,1.33,R
Shane Baz,2025-08-06 00:00:00,4,4,4,5,2,9,81,5,0.695,0,4.67,3.67,LAA,,4.87,1.33,R
Shane Baz,2025-08-12 00:00:00,7,4,5,6,2,7,93,6,0.749,0,5.33,4.33,ATH,,4.87,1.33,R
Shane Baz,2025-08-19 00:00:00,3,6,6,7,2,3,65,7,0.787,1,4.67,4.67,NYY,,4.87,1.33,R
Shane Baz,2025-08-26 00:00:00,6,3,3,3,2,7,92,7,0.67,0,5.33,4.33,CLE,,4.87,1.33,R
Shane Baz,2025-09-01 00:00:00,6,0,0,5,2,6,83,6,0.74,1,5,3,SEA,,4.87,1.33,R
Shane Baz,2025-09-06 00:00:00,5,2,2,5,1,8,82,5,0.67,1,5.67,1.67,CLE,,4.87,1.33,R
Shane Baz,2025-09-12 00:00:00,2.1,5,5,6,3,5,67,6,0.751,0,4.37,2.33,CHC,,4.87,1.33,R
Shane Baz,2025-09-18 00:00:00,5,0,0,2,1,4,74,6,0.761,1,4.03,2.33,TOR,,4.87,1.33,R
Shane Baz,2025-09-24 00:00:00,4,0,0,0,3,3,49,6,0.699,0,3.7,1.67,BAL,,4.87,1.33,R
Shane Bieber,2025-08-22 00:00:00,6,1,1,2,0,9,87,5,0.708,0,6,1,MIA,,3.57,1.02,R
Shane Bieber,2025-08-29 00:00:00,5.1,2,2,5,0,6,92,7,0.736,1,5.55,1.5,MIL,,3.57,1.02,R
Shane Bieber,2025-09-03 00:00:00,6,5,5,5,2,6,98,5,0.706,0,5.7,2.67,CIN,,3.57,1.02,R
Shane Bieber,2025-09-09 00:00:00,5.2,3,3,9,1,4,94,6,0.714,1,5.43,3.33,HOU,,3.57,1.02,R
Shane Bieber,2025-09-14 00:00:00,6,1,1,4,1,5,97,5,0.699,1,5.73,3,BAL,,3.57,1.02,R
Shane Bieber,2025-09-20 00:00:00,6.1,2,2,4,1,4,87,6,0.706,0,5.77,2,KC,,3.57,1.02,R
Shane Bieber,2025-09-26 00:00:00,5,2,2,5,2,3,90,6,0.714,1,5.7,1.67,TB,,3.57,1.02,R
Shane Bieber,2025-10-07 00:00:00,2.2,2,3,5,1,2,54,11,0.787,0,4.43,2,NYY,,3.57,1.02,R
Shane Bieber,2025-10-15 00:00:00,6,2,2,4,1,8,88,8,0.74,0,4.4,2,SEA,,3.57,1.02,R
Shane Bieber,2025-10-20 00:00:00,3.2,2,2,7,1,5,74,5,0.74,1,3.8,2,SEA,,3.57,1.02,R
Shane Bieber,2025-10-28 00:00:00,5.1,1,1,4,3,3,81,8,0.768,0,4.77,1.67,LAD,,3.57,1.02,R
Shane Bieber,2025-11-01 00:00:00,1,1,1,1,0,0,13,4,0.768,1,3.1,1.33,LAD,,3.57,1.02,R
Shane Smith,2025-04-01 00:00:00,5.2,2,2,2,4,3,73,5,0.708,1,5.2,2,MIN,,3.81,1.2,R
Shane Smith,2025-04-08 00:00:00,6,0,0,2,1,6,83,7,0.67,0,5.6,1,CLE,,3.81,1.2,R
Shane Smith,2025-04-13 00:00:00,6,2,2,5,2,3,79,5,0.745,1,5.73,1.33,BOS,,3.81,1.2,R
Shane Smith,2025-04-19 00:00:00,4.2,3,3,4,1,3,73,6,0.745,0,5.4,1.67,BOS,,3.81,1.2,R
Shane Smith,2025-04-24 00:00:00,5,0,0,4,1,7,82,5,0.708,0,5.07,1.67,MIN,,3.81,1.2,R
Shane Smith,2025-04-30 00:00:00,5,1,3,6,3,4,80,6,0.736,1,4.73,1.33,MIL,,3.81,1.2,R
Shane Smith,2025-05-05 00:00:00,5,2,2,5,3,5,91,5,0.706,0,5,1,KC,,3.81,1.2,R
Shane Smith,2025-05-10 00:00:00,6,0,0,4,0,7,87,5,0.708,1,5.33,1,MIA,,3.81,1.2,R
Shane Smith,2025-05-16 00:00:00,5,1,6,7,1,5,89,6,0.751,0,5.33,1,CHC,,3.81,1.2,R
Shane Smith,2025-05-21 00:00:00,5,3,3,2,2,6,87,5,0.74,1,5.33,1.33,SEA,,3.81,1.2,R
Shane Smith,2025-05-28 00:00:00,3.2,3,3,2,5,5,86,7,0.753,0,4.4,2.33,NYM,,3.81,1.2,R
Shane Smith,2025-06-03 00:00:00,5.1,0,0,3,2,6,85,6,0.73,1,4.43,2,DET,,3.81,1.2,R
Shane Smith,2025-06-10 00:00:00,6,1,1,7,2,4,89,7,0.714,0,4.77,1.33,HOU,,3.81,1.2,R
Shane Smith,2025-06-17 00:00:00,4.1,5,6,6,3,2,87,7,0.693,1,5.07,2,STL,,3.81,1.2,R
Shane Smith,2025-06-23 00:00:00,2,5,5,4,2,2,64,6,0.757,1,4.03,3.67,AZ,,3.81,1.2,R
Shane Smith,2025-07-01 00:00:00,4.2,6,6,6,3,6,97,8,0.768,0,3.43,5.33,LAD,,3.81,1.2,R
Shane Smith,2025-07-06 00:00:00,4.1,5,5,5,2,2,71,5,0.679,0,3.43,5.33,COL,,3.81,1.2,R
Shane Smith,2025-07-11 00:00:00,3,2,2,2,0,5,46,5,0.67,1,3.77,4.33,CLE,,3.81,1.2,R
Shane Smith,2025-08-01 00:00:00,4.1,2,2,2,4,4,79,21,0.695,0,3.73,3,LAA,,3.81,1.2,R
Shane Smith,2025-08-07 00:00:00,5,2,2,4,1,8,78,6,0.74,0,4.03,2,SEA,,3.81,1.2,R
Shane Smith,2025-08-13 00:00:00,5,0,0,2,3,5,92,6,0.73,1,4.7,1.33,DET,,3.81,1.2,R
Shane Smith,2025-08-19 00:00:00,6,4,4,7,2,4,101,6,0.72,0,5.33,2,ATL,,3.81,1.2,R
Shane Smith,2025-08-25 00:00:00,7,0,0,1,1,3,80,6,0.706,1,6,1.33,KC,,3.81,1.2,R
Shane Smith,2025-08-30 00:00:00,6.1,2,2,3,2,7,97,5,0.787,1,6.37,2,NYY,,3.81,1.2,R
Shane Smith,2025-09-05 00:00:00,5,4,4,3,2,6,91,6,0.73,0,6.03,2,DET,,3.81,1.2,R
Shane Smith,2025-09-11 00:00:00,5.2,0,0,4,1,4,98,6,0.714,1,5.43,2,TB,,3.81,1.2,R
Shane Smith,2025-09-16 00:00:00,4.1,6,6,9,1,7,88,5,0.699,1,4.77,3.33,BAL,,3.81,1.2,R
Shane Smith,2025-09-23 00:00:00,5,1,1,5,4,8,93,7,0.787,0,4.77,2.33,NYY,,3.81,1.2,R
Shane Smith,2025-09-28 00:00:00,6,0,0,1,0,8,73,5,0.693,0,5.03,2.33,WSH,,3.81,1.2,R
Shawn Armstrong,2025-03-27 00:00:00,0.2,0,0,0,0,1,5,5,0.745,1,0.2,0,BOS,,2.31,0.81,R
Shawn Armstrong,2025-03-28 00:00:00,1,0,0,1,0,2,14,1,0.745,1,0.6,0,BOS,,2.31,0.81,R
Shawn Armstrong,2025-03-30 00:00:00,1,1,2,1,1,1,28,2,0.745,1,0.73,0.33,BOS,,2.31,0.81,R
Shawn Armstrong,2025-04-04 00:00:00,1.1,2,2,3,0,2,27,5,0.714,1,1.03,1,TB,,2.31,0.81,R
Shawn Armstrong,2025-04-08 00:00:00,1,0,0,0,1,1,15,4,0.751,0,1.03,1,CHC,,2.31,0.81,R
Shawn Armstrong,2025-04-12 00:00:00,1,0,0,1,0,2,16,4,0.74,0,1.03,0.67,SEA,,2.31,0.81,R
Shawn Armstrong,2025-04-16 00:00:00,1.1,0,0,1,0,2,29,4,0.695,1,1.03,0,LAA,,2.31,0.81,R
Shawn Armstrong,2025-04-18 00:00:00,0.2,0,0,1,1,0,19,2,0.768,1,0.77,0,LAD,,2.31,0.81,R
Shawn Armstrong,2025-04-22 00:00:00,0.2,0,0,0,1,1,11,4,0.749,0,0.5,0,ATH,,2.31,0.81,R
Shawn Armstrong,2025-04-26 00:00:00,1.2,0,0,1,0,2,23,4,0.697,0,0.53,0,SF,,2.31,0.81,R
Shawn Armstrong,2025-04-28 00:00:00,2,0,0,0,2,1,34,2,0.749,1,1.13,0,ATH,,2.31,0.81,R
Shawn Armstrong,2025-04-30 00:00:00,0.2,1,1,1,0,1,7,2,0.749,1,1.13,0.33,ATH,,2.31,0.81,R
Shawn Armstrong,2025-05-01 00:00:00,1,1,1,1,2,0,24,1,0.749,1,1.07,0.67,ATH,,2.31,0.81,R
Shawn Armstrong,2025-05-06 00:00:00,1.1,0,0,0,0,1,14,5,0.745,0,0.77,0.67,BOS,,2.31,0.81,R
Shawn Armstrong,2025-05-10 00:00:00,1.1,1,1,1,0,0,13,4,0.73,0,1.07,0.67,DET,,2.31,0.81,R
Shawn Armstrong,2025-05-13 00:00:00,1,0,0,0,0,3,17,3,0.679,1,1.07,0.33,COL,,2.31,0.81,R
Shawn Armstrong,2025-05-15 00:00:00,1,0,0,0,1,0,13,2,0.714,1,1.03,0.33,HOU,,2.31,0.81,R
Shawn Armstrong,2025-05-16 00:00:00,0,4,4,2,2,0,18,1,0.714,1,0.67,1.33,HOU,,2.31,0.81,R
Shawn Armstrong,2025-05-22 00:00:00,1,0,0,0,0,1,11,6,0.787,0,0.67,1.33,NYY,,2.31,0.81,R
Shawn Armstrong,2025-05-25 00:00:00,1.1,0,0,0,0,3,20,3,0.675,0,0.7,1.33,CWS,,2.31,0.81,R
Shawn Armstrong,2025-05-27 00:00:00,1.2,0,0,0,2,0,25,2,0.761,1,1.1,0,TOR,,2.31,0.81,R
Shawn Armstrong,2025-05-30 00:00:00,0.1,0,0,0,0,0,3,3,0.693,1,0.8,0,STL,,2.31,0.81,R
Shawn Armstrong,2025-06-01 00:00:00,0.2,0,0,1,0,0,10,2,0.693,1,0.5,0,STL,,2.31,0.81,R
Shawn Armstrong,2025-06-04 00:00:00,1,0,0,0,0,2,16,3,0.714,0,0.43,0,TB,,2.31,0.81,R
Shawn Armstrong,2025-06-05 00:00:00,0.1,0,0,0,0,1,5,1,0.714,0,0.43,0,TB,,2.31,0.81,R
Shawn Armstrong,2025-06-08 00:00:00,0.2,0,0,1,0,1,11,3,0.693,0,0.43,0,WSH,,2.31,0.81,R
Shawn Armstrong,2025-06-10 00:00:00,1.1,0,0,1,0,1,19,2,0.708,0,0.47,0,MIN,,2.31,0.81,R
Shawn Armstrong,2025-06-13 00:00:00,3,0,0,0,0,5,32,3,0.675,1,1.43,0,CWS,,2.31,0.81,R
Shawn Armstrong,2025-06-18 00:00:00,1,0,0,0,0,1,12,5,0.706,1,1.7,0,KC,,2.31,0.81,R
Shawn Armstrong,2025-06-19 00:00:00,1,2,2,1,1,1,25,1,0.706,1,1.67,0.67,KC,,2.31,0.81,R
Shawn Armstrong,2025-06-21 00:00:00,1,0,0,0,0,0,10,2,0.655,0,1,0.67,PIT,,2.31,0.81,R
Shawn Armstrong,2025-06-27 00:00:00,1,0,1,1,0,0,12,6,0.74,1,1,0.67,SEA,,2.31,0.81,R
Shawn Armstrong,2025-06-28 00:00:00,1,0,0,0,0,2,13,1,0.74,1,1,0,SEA,,2.31,0.81,R
Shawn Armstrong,2025-06-30 00:00:00,1,1,1,1,0,1,17,2,0.699,1,1,0.33,BAL,,2.31,0.81,R
Shawn Armstrong,2025-07-04 00:00:00,1,0,0,0,0,1,11,4,0.711,0,1,0.33,SD,,2.31,0.81,R
Shawn Armstrong,2025-07-05 00:00:00,0.1,0,0,0,0,0,3,1,0.711,0,0.7,0.33,SD,,2.31,0.81,R
Shawn Armstrong,2025-07-07 00:00:00,1,2,2,3,0,0,14,2,0.695,0,0.7,0.67,LAA,,2.31,0.81,R
Shawn Armstrong,2025-07-09 00:00:00,1.2,0,0,0,0,0,15,2,0.695,0,0.77,0.67,LAA,,2.31,0.81,R
Shawn Armstrong,2025-07-11 00:00:00,0.2,0,0,0,0,1,8,2,0.714,0,0.8,0.67,HOU,,2.31,0.81,R
Shawn Armstrong,2025-07-13 00:00:00,1.1,0,0,1,0,1,21,2,0.714,0,0.83,0,HOU,,2.31,0.81,R
Shawn Armstrong,2025-07-18 00:00:00,1.1,0,0,0,1,0,17,5,0.73,1,0.8,0,DET,,2.31,0.81,R
Shawn Armstrong,2025-07-21 00:00:00,1,0,0,1,0,1,7,3,0.749,1,1.07,0,ATH,,2.31,0.81,R
Shawn Armstrong,2025-07-22 00:00:00,1,0,0,1,0,3,17,1,0.749,1,1.03,0,ATH,,2.31,0.81,R
Shawn Armstrong,2025-07-25 00:00:00,0.1,0,0,0,0,0,2,3,0.72,1,0.7,0,ATL,,2.31,0.81,R
Shawn Armstrong,2025-07-26 00:00:00,2,1,1,1,0,2,35,1,0.72,1,1.03,0.33,ATL,,2.31,0.81,R
Shawn Armstrong,2025-07-29 00:00:00,0.2,0,0,0,0,1,16,3,0.695,0,0.77,0.33,LAA,,2.31,0.81,R
Shawn Armstrong,2025-07-30 00:00:00,0.2,0,0,0,0,1,16,1,0.695,0,0.8,0.33,LAA,,2.31,0.81,R
Shawn Armstrong,2025-08-02 00:00:00,0.1,0,0,0,0,1,6,3,0.74,0,0.17,0,SEA,,2.31,0.81,R
Shawn Armstrong,2025-08-06 00:00:00,0.1,0,0,1,1,0,16,4,0.787,1,0.13,0,NYY,,2.31,0.81,R
Shawn Armstrong,2025-08-09 00:00:00,1.2,0,0,0,0,2,22,3,0.759,1,0.47,0,PHI,,2.31,0.81,R
Shawn Armstrong,2025-08-11 00:00:00,1,0,0,1,0,2,13,2,0.757,1,0.77,0,AZ,,2.31,0.81,R
Shawn Armstrong,2025-08-12 00:00:00,1,0,0,0,0,2,11,1,0.757,1,1.07,0,AZ,,2.31,0.81,R
Shawn Armstrong,2025-08-15 00:00:00,0.2,0,0,0,0,0,4,3,0.761,0,0.73,0,TOR,,2.31,0.81,R
Shawn Armstrong,2025-08-17 00:00:00,1.1,0,0,0,0,1,16,2,0.761,0,0.77,0,TOR,,2.31,0.81,R
Shawn Armstrong,2025-08-20 00:00:00,1.1,0,0,2,1,3,31,3,0.706,0,0.8,0,KC,,2.31,0.81,R
Shawn Armstrong,2025-08-27 00:00:00,1,0,0,0,0,0,14,7,0.695,1,1.07,0,LAA,,2.31,0.81,R
Shawn Armstrong,2025-08-29 00:00:00,1.2,0,0,0,1,0,18,2,0.749,0,1.1,0,ATH,,2.31,0.81,R
Shawn Armstrong,2025-08-31 00:00:00,0.2,1,1,2,0,0,12,2,0.749,0,0.8,0.33,ATH,,2.31,0.81,R
Shawn Armstrong,2025-09-01 00:00:00,1,0,0,0,0,2,16,1,0.757,0,0.8,0.33,AZ,,2.31,0.81,R
Shawn Armstrong,2025-09-05 00:00:00,1.1,0,0,0,0,0,12,4,0.714,1,0.77,0.33,HOU,,2.31,0.81,R
Shawn Armstrong,2025-09-07 00:00:00,1.1,0,0,0,0,1,13,2,0.714,1,1.07,0,HOU,,2.31,0.81,R
Shawn Armstrong,2025-09-09 00:00:00,1,1,1,2,0,0,16,2,0.736,1,1.07,0.33,MIL,,2.31,0.81,R
Shawn Armstrong,2025-09-10 00:00:00,1.1,0,0,0,1,2,19,1,0.736,1,1.07,0.33,MIL,,2.31,0.81,R
Shawn Armstrong,2025-09-13 00:00:00,0.2,0,0,1,0,2,15,3,0.753,0,0.77,0.33,NYM,,2.31,0.81,R
Shawn Armstrong,2025-09-14 00:00:00,1,0,0,1,0,2,16,1,0.753,0,0.77,0,NYM,,2.31,0.81,R
Shawn Armstrong,2025-09-17 00:00:00,1.2,0,0,0,0,2,19,3,0.714,0,0.8,0,HOU,,2.31,0.81,R
Shawn Armstrong,2025-09-19 00:00:00,1,0,0,0,0,0,11,2,0.708,1,1.07,0,MIA,,2.31,0.81,R
Shawn Armstrong,2025-09-21 00:00:00,0.2,0,0,1,0,1,14,2,0.708,1,0.8,0,MIA,,2.31,0.81,R
Shawn Armstrong,2025-09-24 00:00:00,1,1,1,2,0,1,15,3,0.708,1,0.73,0.33,MIN,,2.31,0.81,R
Shawn Armstrong,2025-09-26 00:00:00,1,0,0,0,0,0,13,2,0.67,0,0.73,0.33,CLE,,2.31,0.81,R
Shawn Armstrong,2025-09-27 00:00:00,1,0,0,0,1,0,26,1,0.67,0,1,0.33,CLE,,2.31,0.81,R
Shinnosuke Ogasawara,2025-07-06 00:00:00,2.2,4,4,7,0,2,55,5,0.745,1,2.2,4,BOS,,6.98,1.55,L
Shinnosuke Ogasawara,2025-07-12 00:00:00,4,3,3,4,1,2,56,6,0.736,0,3.1,3.5,MIL,,6.98,1.55,L
Shinnosuke Ogasawara,2025-08-02 00:00:00,3,2,2,5,1,2,60,21,0.736,1,3.07,3,MIL,,6.98,1.55,L
Shinnosuke Ogasawara,2025-08-06 00:00:00,1.1,0,0,0,1,1,17,4,0.749,1,2.7,1.67,ATH,,6.98,1.55,L
Shinnosuke Ogasawara,2025-08-08 00:00:00,2.1,1,1,2,2,1,50,2,0.697,0,2.07,1,SF,,6.98,1.55,L
Shinnosuke Ogasawara,2025-08-11 00:00:00,0.2,0,0,0,1,1,13,3,0.706,0,1.13,0.33,KC,,6.98,1.55,L
Shinnosuke Ogasawara,2025-08-14 00:00:00,0.1,0,0,0,0,1,4,3,0.759,1,0.8,0.33,PHI,,6.98,1.55,L
Shinnosuke Ogasawara,2025-08-17 00:00:00,2.2,1,1,1,0,1,32,3,0.759,1,0.83,0.33,PHI,,6.98,1.55,L
Shinnosuke Ogasawara,2025-08-20 00:00:00,1,0,0,0,0,1,10,3,0.753,1,1.1,0.33,NYM,,6.98,1.55,L
Shinnosuke Ogasawara,2025-08-22 00:00:00,0.2,1,1,1,0,2,17,2,0.759,0,1.13,0.67,PHI,,6.98,1.55,L
Shinnosuke Ogasawara,2025-08-24 00:00:00,2.2,0,0,0,2,2,47,2,0.759,0,1.13,0.33,PHI,,6.98,1.55,L
Shinnosuke Ogasawara,2025-08-27 00:00:00,1.2,3,3,4,2,3,64,3,0.787,0,1.2,1.33,NYY,,6.98,1.55,L
Shinnosuke Ogasawara,2025-08-31 00:00:00,1,0,0,0,0,2,10,4,0.714,1,1.47,1,TB,,6.98,1.55,L
Shinnosuke Ogasawara,2025-09-03 00:00:00,1,0,0,0,0,2,13,3,0.708,1,1.07,1,MIA,,6.98,1.55,L
Shinnosuke Ogasawara,2025-09-05 00:00:00,2,2,2,1,1,0,29,2,0.751,0,1.33,0.67,CHC,,6.98,1.55,L
Shinnosuke Ogasawara,2025-09-08 00:00:00,2,5,5,4,2,1,38,3,0.708,0,1.67,2.33,MIA,,6.98,1.55,L
Shinnosuke Ogasawara,2025-09-13 00:00:00,1,1,1,1,2,0,28,5,0.655,1,1.67,2.67,PIT,,6.98,1.55,L
Shinnosuke Ogasawara,2025-09-15 00:00:00,2,2,2,3,1,2,36,2,0.72,1,1.67,2.67,ATL,,6.98,1.55,L
Shinnosuke Ogasawara,2025-09-16 00:00:00,1,0,0,1,0,0,14,1,0.72,1,1.33,1,ATL,,6.98,1.55,L
Shinnosuke Ogasawara,2025-09-17 00:00:00,1,3,3,5,0,1,18,1,0.72,1,1.33,1.67,ATL,,6.98,1.55,L
Shinnosuke Ogasawara,2025-09-22 00:00:00,2.1,0,0,1,0,1,29,5,0.72,0,1.37,1,ATL,,6.98,1.55,L
Shinnosuke Ogasawara,2025-09-26 00:00:00,2,0,0,0,0,1,17,4,0.675,1,1.7,1,CWS,,6.98,1.55,L
Shinnosuke Ogasawara,2025-09-28 00:00:00,0.1,2,2,3,1,1,17,2,0.675,1,1.4,0.67,CWS,,6.98,1.55,L
Shohei Ohtani,2025-06-16 00:00:00,1,1,1,2,0,0,28,5,0.711,1,1,1,SD,,2.87,1.04,R
Shohei Ohtani,2025-06-22 00:00:00,1,0,0,0,0,2,18,6,0.693,1,1,0.5,WSH,,2.87,1.04,R
Shohei Ohtani,2025-06-28 00:00:00,2,0,0,1,1,1,27,6,0.706,0,1.33,0.33,KC,,2.87,1.04,R
Shohei Ohtani,2025-07-05 00:00:00,2,0,0,1,0,3,31,7,0.714,1,1.67,0,HOU,,2.87,1.04,R
Shohei Ohtani,2025-07-12 00:00:00,3,0,0,1,1,4,36,7,0.697,0,2.33,0,SF,,2.87,1.04,R
Shohei Ohtani,2025-07-21 00:00:00,3,1,1,4,1,3,46,9,0.708,1,2.67,0.33,MIN,,2.87,1.04,R
Shohei Ohtani,2025-07-30 00:00:00,3,2,2,5,2,4,53,9,0.706,0,3,1,CIN,,2.87,1.04,R
Shohei Ohtani,2025-08-06 00:00:00,4,1,1,2,0,8,54,7,0.693,1,3.33,1.33,STL,,2.87,1.04,R
Shohei Ohtani,2025-08-13 00:00:00,4.1,4,4,5,0,7,80,7,0.695,0,3.7,2.33,LAA,,2.87,1.04,R
Shohei Ohtani,2025-08-20 00:00:00,4,5,5,9,0,3,66,7,0.679,0,4.03,3.33,COL,,2.87,1.04,R
Shohei Ohtani,2025-08-27 00:00:00,5,1,1,2,2,9,87,7,0.706,1,4.37,3.33,CIN,,2.87,1.04,R
Shohei Ohtani,2025-09-05 00:00:00,3.2,0,0,3,1,5,70,9,0.699,0,4.07,2,BAL,,2.87,1.04,R
Shohei Ohtani,2025-09-16 00:00:00,5,0,0,0,1,5,68,11,0.759,1,4.4,0.33,PHI,,2.87,1.04,R
Shohei Ohtani,2025-09-23 00:00:00,6,0,0,5,0,8,91,7,0.757,0,4.73,0,AZ,,2.87,1.04,R
Shohei Ohtani,2025-10-04 00:00:00,6,3,3,3,1,9,89,11,0.759,0,5.67,1,PHI,,2.87,1.04,R
Shohei Ohtani,2025-10-17 00:00:00,6,0,0,2,3,10,100,13,0.736,1,6,1,MIL,,2.87,1.04,R
Shohei Ohtani,2025-10-28 00:00:00,6,4,4,6,1,6,93,11,0.761,1,6,2.33,TOR,,2.87,1.04,R
Shohei Ohtani,2025-11-01 00:00:00,2.1,3,3,5,2,3,51,4,0.761,0,4.7,2.33,TOR,,2.87,1.04,R
Shota Imanaga,2025-03-29 00:00:00,7,1,1,3,2,4,91,5,0.757,0,7,1,AZ,,3.73,0.99,L
Shota Imanaga,2025-04-04 00:00:00,7.1,1,1,4,0,4,91,6,0.711,1,7.05,1,SD,,3.73,0.99,L
Shota Imanaga,2025-04-09 00:00:00,5,5,5,7,1,4,76,5,0.684,1,6.37,2.33,TEX,,3.73,0.99,L
Shota Imanaga,2025-04-15 00:00:00,5,0,1,4,3,7,93,6,0.711,0,5.7,2,SD,,3.73,0.99,L
Shota Imanaga,2025-04-22 00:00:00,5.2,5,5,7,2,6,101,7,0.768,1,5.07,3.33,LAD,,3.73,0.99,L
Shota Imanaga,2025-04-29 00:00:00,5,0,0,6,1,3,87,7,0.655,0,5.07,1.67,PIT,,3.73,0.99,L
Shota Imanaga,2025-05-04 00:00:00,5.2,2,2,4,1,4,84,5,0.736,0,5.13,2.33,MIL,,3.73,0.99,L
Shota Imanaga,2025-06-26 00:00:00,5,0,0,1,1,3,77,53,0.693,0,5.07,0.67,STL,,3.73,0.99,L
Shota Imanaga,2025-07-02 00:00:00,5.1,3,3,4,0,4,81,6,0.67,1,5.1,1.67,CLE,,3.73,0.99,L
Shota Imanaga,2025-07-08 00:00:00,6,2,2,5,0,1,83,6,0.708,0,5.37,1.67,MIN,,3.73,0.99,L
Shota Imanaga,2025-07-13 00:00:00,7,1,1,2,1,6,91,5,0.787,0,6.03,2,NYY,,3.73,0.99,L
Shota Imanaga,2025-07-19 00:00:00,7,0,0,5,1,5,96,6,0.745,1,6.67,1,BOS,,3.73,0.99,L
Shota Imanaga,2025-07-25 00:00:00,3,7,7,12,0,2,85,6,0.675,0,5.67,2.67,CWS,,3.73,0.99,L
Shota Imanaga,2025-07-30 00:00:00,5,3,3,5,0,8,89,5,0.736,0,5,3.33,MIL,,3.73,0.99,L
Shota Imanaga,2025-08-05 00:00:00,6.1,1,1,3,0,7,92,6,0.706,1,4.7,3.67,CIN,,3.73,0.99,L
Shota Imanaga,2025-08-10 00:00:00,6.2,3,3,4,0,9,92,5,0.693,0,5.77,2.33,STL,,3.73,0.99,L
Shota Imanaga,2025-08-16 00:00:00,7,1,1,3,2,6,85,6,0.655,1,6.43,1.67,PIT,,3.73,0.99,L
Shota Imanaga,2025-08-21 00:00:00,7,2,2,3,2,5,98,5,0.736,1,6.73,2,MIL,,3.73,0.99,L
Shota Imanaga,2025-08-28 00:00:00,7,3,3,5,1,5,92,7,0.697,0,7,2,SF,,3.73,0.99,L
Shota Imanaga,2025-09-02 00:00:00,6,3,3,5,1,2,78,5,0.72,1,6.67,2.67,ATL,,3.73,0.99,L
Shota Imanaga,2025-09-08 00:00:00,6,3,3,5,0,4,80,6,0.72,0,6.33,3,ATL,,3.73,0.99,L
Shota Imanaga,2025-09-14 00:00:00,5,3,3,7,0,9,91,6,0.714,1,5.67,3,TB,,3.73,0.99,L
Shota Imanaga,2025-09-19 00:00:00,5,3,4,4,2,4,83,5,0.706,0,5.33,3,CIN,,3.73,0.99,L
Shota Imanaga,2025-09-25 00:00:00,5.2,8,8,9,1,3,91,6,0.753,1,5.07,4.67,NYM,,3.73,0.99,L
Shota Imanaga,2025-10-01 00:00:00,4,2,2,3,2,3,67,6,0.711,1,4.73,4.33,SD,,3.73,0.99,L
Shota Imanaga,2025-10-06 00:00:00,2.2,4,4,5,0,3,46,5,0.736,0,3.8,4.67,MIL,,3.73,0.99,L
Simeon Woods Richardson,2025-04-01 00:00:00,4,2,2,5,1,5,82,5,0.675,0,4,2,CWS,,4.04,1.28,R
Simeon Woods Richardson,2025-04-07 00:00:00,5.2,4,4,8,4,6,107,6,0.706,0,4.6,3,KC,,4.04,1.28,R
Simeon Woods Richardson,2025-04-13 00:00:00,5,1,1,5,0,5,78,6,0.73,1,4.73,2.33,DET,,4.04,1.28,R
Simeon Woods Richardson,2025-04-19 00:00:00,4.1,3,3,7,1,3,85,6,0.72,0,4.77,2.67,ATL,,4.04,1.28,R
Simeon Woods Richardson,2025-04-26 00:00:00,5.1,1,1,4,0,7,86,7,0.695,1,4.73,1.67,LAA,,4.04,1.28,R
Simeon Woods Richardson,2025-05-01 00:00:00,4.2,2,2,2,5,4,98,5,0.67,0,4.47,2,CLE,,4.04,1.28,R
Simeon Woods Richardson,2025-05-07 00:00:00,4.2,2,2,5,1,1,61,6,0.699,1,4.5,1.67,BAL,,4.04,1.28,R
Simeon Woods Richardson,2025-05-14 00:00:00,4,6,6,8,2,4,87,7,0.699,0,4.13,3.33,BAL,,4.04,1.28,R
Simeon Woods Richardson,2025-06-10 00:00:00,4.2,6,7,8,3,4,98,27,0.684,1,4.13,4.67,TEX,,4.04,1.28,R
Simeon Woods Richardson,2025-06-15 00:00:00,5,0,0,1,1,4,53,5,0.714,0,4.4,4,HOU,,4.04,1.28,R
Simeon Woods Richardson,2025-06-21 00:00:00,6,3,4,4,3,3,95,6,0.736,1,5.07,3,MIL,,4.04,1.28,R
Simeon Woods Richardson,2025-06-26 00:00:00,5,0,0,2,1,6,82,5,0.74,1,5.33,1,SEA,,4.04,1.28,R
Simeon Woods Richardson,2025-07-02 00:00:00,5,1,1,2,2,3,76,6,0.708,0,5.33,1.33,MIA,,4.04,1.28,R
Simeon Woods Richardson,2025-07-08 00:00:00,5,0,0,2,3,4,61,6,0.751,1,5,0.33,CHC,,4.04,1.28,R
Simeon Woods Richardson,2025-07-13 00:00:00,4.2,1,1,6,1,3,77,5,0.655,1,4.73,0.67,PIT,,4.04,1.28,R
Simeon Woods Richardson,2025-07-22 00:00:00,3,3,3,2,5,2,58,9,0.768,0,4.07,1.33,LAD,,4.04,1.28,R
Simeon Woods Richardson,2025-07-28 00:00:00,4.2,3,3,7,2,5,99,6,0.745,1,3.8,2.33,BOS,,4.04,1.28,R
Simeon Woods Richardson,2025-08-27 00:00:00,3.2,5,5,5,2,2,69,30,0.761,0,3.47,3.67,TOR,,4.04,1.28,R
Simeon Woods Richardson,2025-09-02 00:00:00,5,2,3,2,3,7,85,6,0.675,1,4.13,3.33,CWS,,4.04,1.28,R
Simeon Woods Richardson,2025-09-08 00:00:00,5,3,3,5,1,6,89,6,0.695,0,4.4,3.33,LAA,,4.04,1.28,R
Simeon Woods Richardson,2025-09-15 00:00:00,6,0,0,2,3,11,92,7,0.787,1,5.33,1.67,NYY,,4.04,1.28,R
Simeon Woods Richardson,2025-09-21 00:00:00,5,2,2,3,2,3,80,6,0.67,1,5.33,1.67,CLE,,4.04,1.28,R
Simeon Woods Richardson,2025-09-28 00:00:00,6,0,0,1,0,9,82,7,0.759,0,5.67,0.67,PHI,,4.04,1.28,R
Slade Cecconi,2025-05-17 00:00:00,5,3,3,5,0,8,77,5,0.706,0,5,3,CIN,,4.3,1.19,R
Slade Cecconi,2025-05-23 00:00:00,6,1,1,5,2,6,84,6,0.73,0,5.5,2,DET,,4.3,1.19,R
Slade Cecconi,2025-05-31 00:00:00,4.1,5,5,7,3,3,95,8,0.695,1,5.03,3,LAA,,4.3,1.19,R
Slade Cecconi,2025-06-05 00:00:00,5,2,2,5,2,3,73,5,0.787,0,5.03,2.67,NYY,,4.3,1.19,R
Slade Cecconi,2025-06-10 00:00:00,5,1,1,4,1,8,85,5,0.706,1,4.7,2.67,CIN,,4.3,1.19,R
Slade Cecconi,2025-06-17 00:00:00,5,2,2,4,3,6,82,7,0.697,0,5,1.67,SF,,4.3,1.19,R
Slade Cecconi,2025-06-22 00:00:00,7,0,0,6,1,3,79,5,0.749,0,5.67,1,ATH,,4.3,1.19,R
Slade Cecconi,2025-06-28 00:00:00,4.2,3,3,5,2,5,88,6,0.693,1,5.4,1.67,STL,,4.3,1.19,R
Slade Cecconi,2025-07-04 00:00:00,6,2,2,6,2,5,106,6,0.73,1,5.73,1.67,DET,,4.3,1.19,R
Slade Cecconi,2025-07-09 00:00:00,7,2,2,5,2,9,98,5,0.714,0,5.73,2.33,HOU,,4.3,1.19,R
Slade Cecconi,2025-07-18 00:00:00,8.1,6,6,8,0,2,107,9,0.749,1,7.03,3.33,ATH,,4.3,1.19,R
Slade Cecconi,2025-07-23 00:00:00,6,2,2,5,2,2,85,5,0.699,1,7.03,3.33,BAL,,4.3,1.19,R
Slade Cecconi,2025-07-28 00:00:00,7,3,3,6,2,3,98,5,0.679,1,7.03,3.67,COL,,4.3,1.19,R
Slade Cecconi,2025-08-04 00:00:00,6,2,3,4,1,6,99,7,0.753,0,6.33,2.33,NYM,,4.3,1.19,R
Slade Cecconi,2025-08-10 00:00:00,3,5,5,8,1,4,68,6,0.675,0,5.33,3.33,CWS,,4.3,1.19,R
Slade Cecconi,2025-08-16 00:00:00,4.2,6,8,10,2,3,103,6,0.72,1,4.4,4.33,ATL,,4.3,1.19,R
Slade Cecconi,2025-08-22 00:00:00,6,2,2,4,0,3,90,6,0.684,0,4.4,4.33,TEX,,4.3,1.19,R
Slade Cecconi,2025-08-27 00:00:00,6,3,3,6,0,4,99,5,0.714,1,5.4,3.67,TB,,4.3,1.19,R
Slade Cecconi,2025-09-02 00:00:00,5.1,7,7,11,0,8,82,6,0.745,0,5.7,4,BOS,,4.3,1.19,R
Slade Cecconi,2025-09-08 00:00:00,8,0,0,1,3,3,100,6,0.706,1,6.37,3.33,KC,,4.3,1.19,R
Slade Cecconi,2025-09-14 00:00:00,5.2,2,2,3,1,4,93,6,0.675,1,6.1,3,CWS,,4.3,1.19,R
Slade Cecconi,2025-09-20 00:00:00,7,0,0,2,1,8,98,6,0.708,0,6.73,0.67,MIN,,4.3,1.19,R
Slade Cecconi,2025-09-26 00:00:00,4,4,4,5,1,3,75,6,0.684,1,5.4,2,TEX,,4.3,1.19,R
Slade Cecconi,2025-10-02 00:00:00,2.1,1,1,2,1,3,47,6,0.73,1,4.37,1.67,DET,,4.3,1.19,R
Sonny Gray,2025-03-27 00:00:00,5,2,2,4,2,6,77,5,0.708,1,5,2,MIN,,4.28,1.23,R
Sonny Gray,2025-04-02 00:00:00,6,5,5,5,0,9,88,6,0.695,1,5.5,3.5,LAA,,4.28,1.23,R
Sonny Gray,2025-04-08 00:00:00,5,1,1,3,0,4,71,6,0.655,0,5.33,2.67,PIT,,4.28,1.23,R
Sonny Gray,2025-04-14 00:00:00,7,0,0,3,1,4,92,6,0.714,1,6,2,HOU,,4.28,1.23,R
Sonny Gray,2025-04-20 00:00:00,6,3,3,6,1,6,102,6,0.753,0,6,1.33,NYM,,4.28,1.23,R
Sonny Gray,2025-04-26 00:00:00,6,3,3,7,3,4,91,6,0.736,1,6.33,2,MIL,,4.28,1.23,R
Sonny Gray,2025-05-02 00:00:00,4.1,4,6,9,3,6,96,6,0.753,1,5.37,3.33,NYM,,4.28,1.23,R
Sonny Gray,2025-05-07 00:00:00,7,0,0,2,1,8,89,5,0.655,1,5.7,2.33,PIT,,4.28,1.23,R
Sonny Gray,2025-05-14 00:00:00,3.2,7,7,8,1,4,77,7,0.759,0,4.77,3.67,PHI,,4.28,1.23,R
Sonny Gray,2025-05-19 00:00:00,6,0,0,3,1,10,90,5,0.73,1,5.4,2.33,DET,,4.28,1.23,R
Sonny Gray,2025-05-25 00:00:00,6,3,3,9,0,5,89,6,0.757,1,5.07,3.33,AZ,,4.28,1.23,R
Sonny Gray,2025-05-31 00:00:00,7,0,0,4,1,10,91,6,0.684,0,6.33,1,TEX,,4.28,1.23,R
Sonny Gray,2025-06-06 00:00:00,6.1,0,0,8,0,5,90,6,0.768,1,6.37,1,LAD,,4.28,1.23,R
Sonny Gray,2025-06-12 00:00:00,4.1,6,6,8,1,4,77,6,0.736,0,5.73,2,MIL,,4.28,1.23,R
Sonny Gray,2025-06-21 00:00:00,5,1,1,5,2,5,79,9,0.706,1,5.07,2.33,CIN,,4.28,1.23,R
Sonny Gray,2025-06-27 00:00:00,9,0,0,1,0,11,89,6,0.67,0,6.03,2.33,CLE,,4.28,1.23,R
Sonny Gray,2025-07-02 00:00:00,6.1,4,4,5,1,6,78,5,0.655,0,6.7,1.67,PIT,,4.28,1.23,R
Sonny Gray,2025-07-08 00:00:00,5,2,2,5,1,6,70,6,0.693,1,6.7,2,WSH,,4.28,1.23,R
Sonny Gray,2025-07-13 00:00:00,3,1,1,3,0,5,36,5,0.72,1,4.7,2.33,ATL,,4.28,1.23,R
Sonny Gray,2025-07-19 00:00:00,3.1,8,9,11,0,5,66,6,0.757,0,3.7,3.67,AZ,,4.28,1.23,R
Sonny Gray,2025-07-24 00:00:00,5,6,7,11,0,5,84,5,0.711,1,3.7,5,SD,,4.28,1.23,R
Sonny Gray,2025-07-29 00:00:00,5,3,3,8,1,5,91,5,0.708,1,4.37,5.67,MIA,,4.28,1.23,R
Sonny Gray,2025-08-04 00:00:00,7,1,1,1,1,8,90,6,0.768,0,5.67,3.33,LAD,,4.28,1.23,R
Sonny Gray,2025-08-10 00:00:00,7,1,2,5,1,7,92,6,0.751,1,6.33,1.67,CHC,,4.28,1.23,R
Sonny Gray,2025-08-16 00:00:00,5,6,6,9,2,7,88,6,0.787,1,6.33,2.67,NYY,,4.28,1.23,R
Sonny Gray,2025-08-21 00:00:00,5,3,3,6,1,6,92,5,0.714,0,5.67,3.33,TB,,4.28,1.23,R
Sonny Gray,2025-08-27 00:00:00,7,1,2,3,3,7,87,6,0.655,1,5.67,3.33,PIT,,4.28,1.23,R
Sonny Gray,2025-09-01 00:00:00,6,7,7,11,3,5,82,5,0.749,1,6,3.67,ATH,,4.28,1.23,R
Sonny Gray,2025-09-07 00:00:00,5.1,3,3,2,4,6,91,6,0.697,1,6.03,3.67,SF,,4.28,1.23,R
Sonny Gray,2025-09-13 00:00:00,5,2,2,4,1,8,95,6,0.736,0,5.37,4,MIL,,4.28,1.23,R
Sonny Gray,2025-09-19 00:00:00,6,1,1,9,0,7,91,6,0.736,1,5.37,2,MIL,,4.28,1.23,R
Sonny Gray,2025-09-24 00:00:00,6,2,3,7,2,7,99,5,0.697,0,5.67,1.67,SF,,4.28,1.23,R
Spencer Arrighetti,2025-03-29 00:00:00,6,1,1,1,2,5,87,5,0.753,1,6,1,NYM,,5.35,1.42,R
Spencer Arrighetti,2025-04-05 00:00:00,3.2,5,5,3,3,3,70,7,0.708,0,4.6,3,MIN,,5.35,1.42,R
Spencer Arrighetti,2025-08-06 00:00:00,3.2,5,5,11,1,5,86,123,0.708,0,4.13,3.67,MIA,,5.35,1.42,R
Spencer Arrighetti,2025-08-12 00:00:00,5,2,2,1,5,3,88,6,0.745,1,3.8,4,BOS,,5.35,1.42,R
Spencer Arrighetti,2025-08-18 00:00:00,5,5,5,7,4,5,90,6,0.73,0,4.4,4,DET,,5.35,1.42,R
Spencer Arrighetti,2025-08-24 00:00:00,5.2,2,2,6,0,2,97,6,0.699,0,5.07,3,BAL,,5.35,1.42,R
Spencer Arrighetti,2025-08-30 00:00:00,6.1,1,1,1,5,8,100,6,0.695,1,5.43,2.67,LAA,,5.35,1.42,R
Spencer Schwellenbach,2025-03-29 00:00:00,6,0,0,1,1,4,90,5,0.711,0,6,0,SD,,3.09,0.97,R
Spencer Schwellenbach,2025-04-04 00:00:00,8,0,0,2,0,10,99,6,0.708,1,7,0,MIA,,3.09,0.97,R
Spencer Schwellenbach,2025-04-10 00:00:00,6,1,1,7,2,5,81,6,0.759,1,6.67,0.33,PHI,,3.09,0.97,R
Spencer Schwellenbach,2025-04-15 00:00:00,4.2,6,6,6,2,3,86,5,0.761,0,6.07,2.33,TOR,,3.09,0.97,R
Spencer Schwellenbach,2025-04-21 00:00:00,7,2,3,8,0,5,92,6,0.693,1,5.73,3,STL,,3.09,0.97,R
Spencer Schwellenbach,2025-04-27 00:00:00,6,3,4,7,1,6,88,6,0.757,0,5.73,3.67,AZ,,3.09,0.97,R
Spencer Schwellenbach,2025-05-03 00:00:00,3.2,6,6,8,1,4,91,6,0.768,1,5.4,3.67,LAD,,3.09,0.97,R
Spencer Schwellenbach,2025-05-08 00:00:00,6,0,1,4,2,6,93,5,0.706,1,5.07,3,CIN,,3.09,0.97,R
Spencer Schwellenbach,2025-05-13 00:00:00,7,2,2,4,2,3,97,5,0.693,1,5.4,2.67,WSH,,3.09,0.97,R
Spencer Schwellenbach,2025-05-18 00:00:00,7,4,4,6,1,3,81,5,0.745,0,6.67,2,BOS,,3.09,0.97,R
Spencer Schwellenbach,2025-05-25 00:00:00,7,2,4,7,0,11,101,7,0.711,1,7,2.67,SD,,3.09,0.97,R
Spencer Schwellenbach,2025-05-31 00:00:00,6.1,0,0,5,0,11,99,6,0.745,1,6.7,2,BOS,,3.09,0.97,R
Spencer Schwellenbach,2025-06-06 00:00:00,6,3,4,6,2,4,94,6,0.697,0,6.37,1.67,SF,,3.09,0.97,R
Spencer Schwellenbach,2025-06-11 00:00:00,9,2,2,5,0,9,105,5,0.736,0,7.03,1.67,MIL,,3.09,0.97,R
Spencer Schwellenbach,2025-06-17 00:00:00,7,4,4,6,2,8,97,6,0.753,1,7.33,3,NYM,,3.09,0.97,R
Spencer Schwellenbach,2025-06-23 00:00:00,7,2,2,4,1,4,89,6,0.753,0,7.67,2.67,NYM,,3.09,0.97,R
Spencer Schwellenbach,2025-06-28 00:00:00,7,1,1,3,1,12,90,5,0.759,1,7,2.33,PHI,,3.09,0.97,R
Spencer Strider,2025-04-16 00:00:00,5,2,2,5,1,5,97,5,0.761,0,5,2,TOR,,4.45,1.4,R
Spencer Strider,2025-05-20 00:00:00,4.1,4,4,6,1,3,75,34,0.693,0,4.55,3,WSH,,4.45,1.4,R
Spencer Strider,2025-05-27 00:00:00,4.2,1,1,1,4,7,90,7,0.759,0,4.43,2.33,PHI,,4.45,1.4,R
Spencer Strider,2025-06-03 00:00:00,5,5,5,6,2,4,85,7,0.757,1,4.43,3.33,AZ,,4.45,1.4,R
Spencer Strider,2025-06-08 00:00:00,6,3,4,3,3,5,90,5,0.697,0,5.07,3,SF,,4.45,1.4,R
Spencer Strider,2025-06-14 00:00:00,6,0,0,3,1,13,87,6,0.679,1,5.67,2.67,COL,,4.45,1.4,R
Spencer Strider,2025-06-19 00:00:00,6,1,1,5,1,8,97,5,0.753,1,6,1.33,NYM,,4.45,1.4,R
Spencer Strider,2025-06-24 00:00:00,5,3,3,2,4,8,91,5,0.753,0,5.67,1.33,NYM,,4.45,1.4,R
Spencer Strider,2025-06-29 00:00:00,7,2,2,5,3,4,95,5,0.759,1,6,2,PHI,,4.45,1.4,R
Spencer Strider,2025-07-04 00:00:00,6,3,3,7,1,6,100,5,0.699,1,6,2.67,BAL,,4.45,1.4,R
Spencer Strider,2025-07-10 00:00:00,6.2,3,3,5,3,11,101,6,0.749,0,6.4,2.67,ATH,,4.45,1.4,R
Spencer Strider,2025-07-18 00:00:00,6,0,0,3,3,8,96,8,0.787,1,6.07,2,NYY,,4.45,1.4,R
Spencer Strider,2025-07-23 00:00:00,5,3,3,5,3,7,104,5,0.697,1,5.73,2,SF,,4.45,1.4,R
Spencer Strider,2025-07-28 00:00:00,5,2,2,7,2,3,96,5,0.706,0,5.33,1.67,KC,,4.45,1.4,R
Spencer Strider,2025-08-06 00:00:00,4.2,5,5,11,1,6,94,9,0.736,1,4.73,3.33,MIL,,4.45,1.4,R
Spencer Strider,2025-08-12 00:00:00,4,8,8,8,2,2,82,6,0.753,0,4.4,5,NYM,,4.45,1.4,R
Spencer Strider,2025-08-18 00:00:00,3,7,7,10,1,2,68,6,0.675,1,3.73,6.67,CWS,,4.45,1.4,R
Spencer Strider,2025-08-25 00:00:00,7,1,1,3,2,3,95,7,0.708,0,4.67,5.33,MIA,,4.45,1.4,R
Spencer Strider,2025-09-01 00:00:00,5,3,3,5,3,1,88,7,0.751,0,5,3.67,CHC,,4.45,1.4,R
Spencer Strider,2025-09-09 00:00:00,6,2,2,6,3,8,97,8,0.751,1,6,2,CHC,,4.45,1.4,R
Spencer Strider,2025-09-15 00:00:00,7,1,1,4,2,6,96,6,0.693,0,6,2,WSH,,4.45,1.4,R
Spencer Strider,2025-09-21 00:00:00,5,0,0,6,3,6,101,6,0.73,0,6,1,DET,,4.45,1.4,R
Spencer Strider,2025-09-27 00:00:00,6,3,3,8,2,5,85,6,0.655,1,6,1.33,PIT,,4.45,1.4,R
Spencer Turnbull,2025-06-11 00:00:00,2,0,0,2,0,2,29,5,0.693,0,2,0,STL,,7.11,2.53,R
Spencer Turnbull,2025-06-15 00:00:00,2.1,1,1,5,2,0,51,4,0.759,0,2.05,0.5,PHI,,7.11,2.53,R
Spencer Turnbull,2025-06-20 00:00:00,2,4,4,5,2,2,45,5,0.675,1,2.03,1.67,CWS,,7.11,2.53,R
Stephen Kolek,2025-05-04 00:00:00,5.1,0,0,4,2,4,84,5,0.655,0,5.1,0,PIT,,3.51,1.14,R
Stephen Kolek,2025-05-10 00:00:00,9,0,0,5,2,7,104,6,0.679,0,7.05,0,COL,,3.51,1.14,R
Stephen Kolek,2025-05-16 00:00:00,5,5,5,8,1,4,83,6,0.74,1,6.37,1.67,SEA,,3.51,1.14,R
Stephen Kolek,2025-05-22 00:00:00,6,3,4,7,3,6,92,6,0.761,0,6.67,2.67,TOR,,3.51,1.14,R
Stephen Kolek,2025-05-27 00:00:00,5.1,6,6,6,2,3,93,5,0.708,1,5.37,4.67,MIA,,3.51,1.14,R
Stephen Kolek,2025-06-02 00:00:00,5.2,0,0,3,2,3,98,6,0.697,0,5.43,3,SF,,3.51,1.14,R
Stephen Kolek,2025-06-07 00:00:00,5.2,0,0,3,4,2,88,5,0.736,0,5.17,2,MIL,,3.51,1.14,R
Stephen Kolek,2025-06-13 00:00:00,4.1,4,5,7,2,5,82,6,0.757,0,4.83,1.33,AZ,,3.51,1.14,R
Stephen Kolek,2025-06-18 00:00:00,6.1,3,3,6,1,3,97,5,0.768,0,5.13,2.33,LAD,,3.51,1.14,R
Stephen Kolek,2025-06-23 00:00:00,4.1,4,5,5,1,5,80,5,0.693,1,4.77,3.67,WSH,,3.51,1.14,R
Stephen Kolek,2025-06-29 00:00:00,5.2,1,1,3,1,5,71,6,0.706,0,5.13,2.67,CIN,,3.51,1.14,R
Stephen Kolek,2025-07-05 00:00:00,5.1,6,6,9,1,2,83,6,0.684,1,4.8,3.67,TEX,,3.51,1.14,R
Stephen Kolek,2025-07-22 00:00:00,5.2,3,3,8,1,5,80,17,0.708,0,5.17,3.33,MIA,,3.51,1.14,R
Stephen Kolek,2025-07-27 00:00:00,6,2,2,4,3,2,98,5,0.693,0,5.43,3.67,STL,,3.51,1.14,R
Stephen Kolek,2025-08-30 00:00:00,6,1,1,4,0,3,71,34,0.73,1,5.73,2,DET,,3.51,1.14,R
Stephen Kolek,2025-09-06 00:00:00,7,2,2,6,1,4,95,7,0.708,1,6.33,1.67,MIN,,3.51,1.14,R
Stephen Kolek,2025-09-11 00:00:00,6.2,1,1,3,1,4,97,5,0.67,0,6.4,1.33,CLE,,3.51,1.14,R
Stephen Kolek,2025-09-18 00:00:00,7.1,1,2,2,1,8,99,7,0.74,1,6.77,1.33,SEA,,3.51,1.14,R
Stephen Kolek,2025-09-24 00:00:00,6,2,3,5,2,2,94,6,0.695,0,6.43,1.33,LAA,,3.51,1.14,R
Steven Matz,2025-03-30 00:00:00,4,0,0,1,0,2,51,5,0.708,1,4,0,MIN,,3.05,1.1,L
Steven Matz,2025-04-04 00:00:00,3,2,2,4,1,1,53,5,0.745,0,3.5,1,BOS,,3.05,1.1,L
Steven Matz,2025-04-08 00:00:00,1.1,0,0,0,0,1,16,4,0.655,0,2.7,0.67,PIT,,3.05,1.1,L
Steven Matz,2025-04-09 00:00:00,1,0,1,1,0,1,11,1,0.655,0,1.7,0.67,PIT,,3.05,1.1,L
Steven Matz,2025-04-12 00:00:00,2.1,1,1,5,1,1,46,3,0.759,1,1.4,0.33,PHI,,3.05,1.1,L
Steven Matz,2025-04-16 00:00:00,5,1,1,2,0,5,71,4,0.714,1,2.7,0.67,HOU,,3.05,1.1,L
Steven Matz,2025-04-22 00:00:00,2.2,0,0,1,1,2,39,6,0.72,0,3.1,0.67,ATL,,3.05,1.1,L
Steven Matz,2025-04-26 00:00:00,0.2,0,0,1,0,1,13,4,0.736,1,2.47,0.33,MIL,,3.05,1.1,L
Steven Matz,2025-04-30 00:00:00,4,0,0,5,0,6,73,4,0.706,0,2.13,0,CIN,,3.05,1.1,L
Steven Matz,2025-05-06 00:00:00,1,0,0,1,0,1,18,6,0.655,1,1.73,0,PIT,,3.05,1.1,L
Steven Matz,2025-05-11 00:00:00,1.2,0,0,0,0,1,20,5,0.693,0,2.07,0,WSH,,3.05,1.1,L
Steven Matz,2025-05-14 00:00:00,1.2,2,2,4,0,1,40,3,0.759,0,1.13,0.67,PHI,,3.05,1.1,L
Steven Matz,2025-05-20 00:00:00,2.2,0,0,0,0,2,34,6,0.73,1,1.53,0.67,DET,,3.05,1.1,L
Steven Matz,2025-05-24 00:00:00,0.2,1,1,2,0,1,20,4,0.757,1,1.2,1,AZ,,3.05,1.1,L
Steven Matz,2025-05-27 00:00:00,1.1,0,0,1,0,1,24,3,0.699,0,1.17,0.33,BAL,,3.05,1.1,L
Steven Matz,2025-06-01 00:00:00,0.1,1,3,2,0,0,11,5,0.684,0,0.47,0.67,TEX,,3.05,1.1,L
Steven Matz,2025-06-03 00:00:00,1.1,2,2,3,0,2,23,2,0.706,1,0.77,1,KC,,3.05,1.1,L
Steven Matz,2025-06-06 00:00:00,1,0,0,0,0,2,11,3,0.768,1,0.73,1,LAD,,3.05,1.1,L
Steven Matz,2025-06-07 00:00:00,1.2,0,0,2,0,1,18,1,0.768,1,1.1,0.67,LAD,,3.05,1.1,L
Steven Matz,2025-06-13 00:00:00,1.2,0,0,1,0,2,28,6,0.736,0,1.13,0,MIL,,3.05,1.1,L
Steven Matz,2025-06-19 00:00:00,1.2,2,2,3,1,4,34,6,0.675,0,1.2,0.67,CWS,,3.05,1.1,L
Steven Matz,2025-06-21 00:00:00,1.2,3,3,2,2,1,39,2,0.706,1,1.2,1.67,CIN,,3.05,1.1,L
Steven Matz,2025-06-24 00:00:00,1.1,2,2,2,0,1,19,3,0.751,1,1.17,2.33,CHC,,3.05,1.1,L
Steven Matz,2025-06-28 00:00:00,1.2,0,0,1,0,0,17,4,0.67,0,1.17,1.67,CLE,,3.05,1.1,L
Steven Matz,2025-07-05 00:00:00,1.2,1,1,1,2,3,31,7,0.751,0,1.17,1,CHC,,3.05,1.1,L
Steven Matz,2025-07-08 00:00:00,1,0,0,1,1,0,22,3,0.693,1,1.13,0.33,WSH,,3.05,1.1,L
Steven Matz,2025-07-10 00:00:00,1.1,0,0,0,0,0,11,2,0.693,1,1.1,0.33,WSH,,3.05,1.1,L
Steven Matz,2025-07-13 00:00:00,1.2,1,2,3,0,2,39,3,0.72,1,1.1,0.33,ATL,,3.05,1.1,L
Steven Matz,2025-07-20 00:00:00,1,0,0,1,0,1,12,7,0.757,0,1.1,0.33,AZ,,3.05,1.1,L
Steven Matz,2025-07-25 00:00:00,1,0,0,2,0,0,11,5,0.711,1,1.07,0.33,SD,,3.05,1.1,L
Steven Matz,2025-07-28 00:00:00,1,0,0,1,0,1,15,3,0.708,1,1,0,MIA,,3.05,1.1,L
Steven Matz,2025-07-29 00:00:00,1,2,2,3,0,0,24,1,0.708,1,1,0.67,MIA,,3.05,1.1,L
Steven Matz,2025-08-02 00:00:00,1,0,0,0,1,1,11,4,0.714,1,1,0.67,HOU,,3.05,1.1,L
Steven Matz,2025-08-04 00:00:00,1,0,0,0,1,1,17,2,0.706,1,1,0.67,KC,,3.05,1.1,L
Steven Matz,2025-08-09 00:00:00,1.2,0,0,1,0,1,22,5,0.711,0,1.07,0,SD,,3.05,1.1,L
Steven Matz,2025-08-13 00:00:00,1,0,0,0,0,0,9,4,0.714,0,1.07,0,HOU,,3.05,1.1,L
Steven Matz,2025-08-16 00:00:00,1,0,0,0,0,0,8,3,0.708,1,1.07,0,MIA,,3.05,1.1,L
Steven Matz,2025-08-17 00:00:00,0.2,1,1,1,0,0,11,1,0.708,1,0.73,0.33,MIA,,3.05,1.1,L
Steven Matz,2025-08-19 00:00:00,1.1,0,0,0,0,2,15,2,0.699,1,0.77,0.33,BAL,,3.05,1.1,L
Steven Matz,2025-08-21 00:00:00,0.2,0,0,1,0,1,13,2,0.787,0,0.5,0.33,NYY,,3.05,1.1,L
Steven Matz,2025-08-25 00:00:00,2,0,0,2,0,2,18,4,0.699,0,1.1,0,BAL,,3.05,1.1,L
Steven Matz,2025-08-28 00:00:00,1,0,0,1,0,0,12,3,0.699,0,1.07,0,BAL,,3.05,1.1,L
Steven Matz,2025-08-30 00:00:00,1,0,0,0,0,0,8,2,0.655,1,1.33,0,PIT,,3.05,1.1,L
Steven Matz,2025-09-01 00:00:00,1.2,1,1,2,0,1,23,2,0.67,1,1.07,0.33,CLE,,3.05,1.1,L
Steven Matz,2025-09-03 00:00:00,1,1,2,2,0,0,14,2,0.67,1,1.07,0.67,CLE,,3.05,1.1,L
Steven Matz,2025-09-09 00:00:00,1,0,0,1,0,0,11,6,0.749,0,1.07,0.67,ATH,,3.05,1.1,L
Steven Matz,2025-09-10 00:00:00,0.2,0,0,1,0,0,2,1,0.749,0,0.73,0.33,ATH,,3.05,1.1,L
Steven Matz,2025-09-14 00:00:00,1,1,1,1,0,0,16,4,0.787,1,0.73,0.33,NYY,,3.05,1.1,L
Steven Matz,2025-09-16 00:00:00,1,0,0,1,0,0,16,2,0.749,1,0.73,0.33,ATH,,3.05,1.1,L
Steven Matz,2025-09-17 00:00:00,0.2,0,0,1,0,1,11,1,0.749,1,0.73,0.33,ATH,,3.05,1.1,L
Steven Matz,2025-09-21 00:00:00,1,1,1,1,0,1,13,4,0.714,0,0.73,0.33,TB,,3.05,1.1,L
Steven Matz,2025-09-26 00:00:00,1,0,0,1,0,1,11,5,0.73,1,0.73,0.33,DET,,3.05,1.1,L
Steven Matz,2025-09-28 00:00:00,0.1,0,0,0,0,0,6,2,0.73,1,0.7,0.33,DET,,3.05,1.1,L
Steven Matz,2025-10-01 00:00:00,1,0,0,2,0,1,24,3,0.787,0,0.7,0,NYY,,3.05,1.1,L
Steven Matz,2025-10-02 00:00:00,1,0,0,1,0,1,13,1,0.787,0,0.7,0,NYY,,3.05,1.1,L
Steven Okert,2025-03-28 00:00:00,1,0,0,0,0,2,12,5,0.753,1,1,0,NYM,,3.01,0.89,L
Steven Okert,2025-04-01 00:00:00,1.2,0,0,1,0,2,20,4,0.697,1,1.1,0,SF,,3.01,0.89,L
Steven Okert,2025-04-05 00:00:00,1,0,0,0,0,3,16,4,0.708,0,1.07,0,MIN,,3.01,0.89,L
Steven Okert,2025-04-08 00:00:00,1,0,0,0,0,2,15,3,0.74,0,1.07,0,SEA,,3.01,0.89,L
Steven Okert,2025-04-09 00:00:00,1,1,1,1,0,1,19,1,0.74,0,1,0.33,SEA,,3.01,0.89,L
Steven Okert,2025-04-12 00:00:00,2,0,0,1,0,1,22,3,0.695,1,1.33,0.33,LAA,,3.01,0.89,L
Steven Okert,2025-04-16 00:00:00,1.1,0,0,0,0,1,19,4,0.693,0,1.37,0.33,STL,,3.01,0.89,L
Steven Okert,2025-04-18 00:00:00,1,0,0,1,0,2,14,2,0.711,1,1.37,0,SD,,3.01,0.89,L
Steven Okert,2025-04-20 00:00:00,1,0,0,1,0,1,13,2,0.711,1,1.03,0,SD,,3.01,0.89,L
Steven Okert,2025-04-25 00:00:00,1,0,0,0,0,0,13,5,0.706,0,1,0,KC,,3.01,0.89,L
Steven Okert,2025-04-27 00:00:00,1,0,0,0,0,0,11,2,0.706,0,1,0,KC,,3.01,0.89,L
Steven Okert,2025-04-28 00:00:00,1,0,0,0,0,1,9,1,0.73,1,1,0,DET,,3.01,0.89,L
Steven Okert,2025-04-30 00:00:00,1,0,0,0,0,1,12,2,0.73,1,1,0,DET,,3.01,0.89,L
Steven Okert,2025-05-04 00:00:00,1,2,2,2,1,1,26,4,0.675,0,1,0.67,CWS,,3.01,0.89,L
Steven Okert,2025-05-06 00:00:00,2,0,0,0,1,3,30,2,0.736,0,1.33,0.67,MIL,,3.01,0.89,L
Steven Okert,2025-05-10 00:00:00,2,0,0,1,1,3,31,4,0.706,1,1.67,0.67,CIN,,3.01,0.89,L
Steven Okert,2025-05-12 00:00:00,2,0,0,1,0,0,25,2,0.706,1,2,0,KC,,3.01,0.89,L
Steven Okert,2025-05-20 00:00:00,0.1,2,2,2,0,0,14,8,0.714,0,1.37,0.67,TB,,3.01,0.89,L
Steven Okert,2025-05-21 00:00:00,0.1,0,0,0,0,0,6,1,0.714,0,0.73,0.67,TB,,3.01,0.89,L
Steven Okert,2025-05-22 00:00:00,1,0,0,0,0,3,15,1,0.74,1,0.4,0.67,SEA,,3.01,0.89,L
Steven Okert,2025-05-27 00:00:00,1,0,0,0,0,1,6,5,0.749,1,0.7,0,ATH,,3.01,0.89,L
Steven Okert,2025-05-29 00:00:00,1,0,0,0,0,2,10,2,0.714,1,1,0,TB,,3.01,0.89,L
Steven Okert,2025-05-31 00:00:00,0.2,1,1,1,0,2,14,2,0.714,1,0.73,0.33,TB,,3.01,0.89,L
Steven Okert,2025-06-04 00:00:00,1.2,0,0,0,0,1,14,4,0.655,0,0.8,0.33,PIT,,3.01,0.89,L
Steven Okert,2025-06-07 00:00:00,0.2,1,1,0,1,2,11,3,0.67,0,0.53,0.67,CLE,,3.01,0.89,L
Steven Okert,2025-06-08 00:00:00,1,1,2,2,1,2,21,1,0.67,0,0.8,0.67,CLE,,3.01,0.89,L
Steven Okert,2025-06-11 00:00:00,2,0,0,0,0,4,21,3,0.675,1,1.07,0.67,CWS,,3.01,0.89,L
Steven Okert,2025-06-13 00:00:00,1,1,1,2,0,0,12,2,0.708,1,1.33,0.67,MIN,,3.01,0.89,L
Steven Okert,2025-06-16 00:00:00,1,0,0,0,0,1,15,3,0.749,0,1.33,0.33,ATH,,3.01,0.89,L
Steven Okert,2025-06-19 00:00:00,1,1,1,1,1,2,21,3,0.749,0,1,0.67,ATH,,3.01,0.89,L
Steven Okert,2025-06-25 00:00:00,1,0,0,0,0,3,14,6,0.759,1,1,0.33,PHI,,3.01,0.89,L
Steven Okert,2025-06-27 00:00:00,0.2,0,0,0,0,1,6,2,0.751,1,0.73,0.33,CHC,,3.01,0.89,L
Steven Okert,2025-06-28 00:00:00,0.2,0,0,1,0,0,5,1,0.751,1,0.47,0,CHC,,3.01,0.89,L
Steven Okert,2025-07-01 00:00:00,0.1,0,0,0,0,0,5,3,0.679,0,0.17,0,COL,,3.01,0.89,L
Steven Okert,2025-07-02 00:00:00,1,0,0,1,0,1,15,1,0.679,0,0.43,0,COL,,3.01,0.89,L
Steven Okert,2025-07-07 00:00:00,1.1,1,1,1,1,0,14,5,0.67,1,0.73,0.33,CLE,,3.01,0.89,L
Steven Okert,2025-07-08 00:00:00,1,0,0,0,0,0,11,1,0.67,1,1.03,0.33,CLE,,3.01,0.89,L
Steven Okert,2025-07-11 00:00:00,0.2,0,0,1,0,1,10,3,0.684,1,0.77,0.33,TEX,,3.01,0.89,L
Steven Okert,2025-07-13 00:00:00,1.1,0,0,1,0,0,5,2,0.684,1,0.77,0,TEX,,3.01,0.89,L
Steven Okert,2025-07-18 00:00:00,0.1,2,2,1,1,0,11,5,0.74,0,0.47,0.67,SEA,,3.01,0.89,L
Steven Okert,2025-07-19 00:00:00,1.1,0,0,0,0,3,28,1,0.74,0,0.77,0.67,SEA,,3.01,0.89,L
Steven Okert,2025-07-21 00:00:00,1,0,0,1,2,0,19,2,0.757,0,0.73,0.67,AZ,,3.01,0.89,L
Steven Okert,2025-07-24 00:00:00,1,0,0,0,1,0,16,3,0.749,1,1.03,0,ATH,,3.01,0.89,L
Steven Okert,2025-07-27 00:00:00,1,3,3,5,0,1,29,3,0.749,1,1,1,ATH,,3.01,0.89,L
Steven Okert,2025-07-30 00:00:00,1,0,0,0,0,2,14,3,0.693,1,1,1,WSH,,3.01,0.89,L
Steven Okert,2025-08-02 00:00:00,1.1,0,0,0,0,3,14,3,0.745,0,1.03,1,BOS,,3.01,0.89,L
Steven Okert,2025-08-05 00:00:00,1.2,1,1,1,0,2,26,3,0.708,0,1.1,0.33,MIA,,3.01,0.89,L
Steven Okert,2025-08-11 00:00:00,1,1,1,3,0,0,19,6,0.745,1,1.1,0.67,BOS,,3.01,0.89,L
Steven Okert,2025-08-12 00:00:00,0.2,1,1,1,0,0,12,1,0.745,1,0.8,1,BOS,,3.01,0.89,L
Steven Okert,2025-08-16 00:00:00,1,0,0,0,1,2,16,4,0.699,1,0.73,0.67,BAL,,3.01,0.89,L
Steven Okert,2025-08-17 00:00:00,2,0,0,0,0,1,24,1,0.699,1,1.07,0.33,BAL,,3.01,0.89,L
Steven Okert,2025-08-21 00:00:00,1.2,0,0,0,0,2,14,4,0.699,0,1.4,0,BAL,,3.01,0.89,L
Steven Okert,2025-08-22 00:00:00,0.1,0,0,0,0,1,3,1,0.699,0,1.1,0,BAL,,3.01,0.89,L
Steven Okert,2025-08-26 00:00:00,1.1,0,0,0,0,1,12,4,0.679,1,0.8,0,COL,,3.01,0.89,L
Steven Okert,2025-08-28 00:00:00,0.1,0,0,0,2,0,17,2,0.679,1,0.43,0,COL,,3.01,0.89,L
Steven Okert,2025-08-30 00:00:00,0.2,0,0,1,0,2,15,2,0.695,1,0.47,0,LAA,,3.01,0.89,L
Steven Okert,2025-09-02 00:00:00,1,1,1,1,1,1,23,3,0.787,1,0.43,0.33,NYY,,3.01,0.89,L
Steven Okert,2025-09-03 00:00:00,1,1,1,2,0,2,16,1,0.787,1,0.73,0.67,NYY,,3.01,0.89,L
Steven Okert,2025-09-05 00:00:00,1.1,0,0,0,0,2,16,2,0.684,0,1.03,0.67,TEX,,3.01,0.89,L
Steven Okert,2025-09-09 00:00:00,1,0,0,1,0,1,17,4,0.761,0,1.03,0.33,TOR,,3.01,0.89,L
Steven Okert,2025-09-10 00:00:00,0.1,2,2,3,0,1,12,1,0.761,0,0.73,0.67,TOR,,3.01,0.89,L
Steven Okert,2025-09-14 00:00:00,1,1,1,1,1,1,21,4,0.72,0,0.7,1,ATL,,3.01,0.89,L
Steven Okert,2025-09-15 00:00:00,1.1,0,0,0,0,3,17,1,0.684,1,0.73,1,TEX,,3.01,0.89,L
Steven Okert,2025-09-17 00:00:00,0.2,0,0,1,2,0,17,2,0.684,1,0.77,0.33,TEX,,3.01,0.89,L
Steven Okert,2025-09-20 00:00:00,1,0,0,0,0,1,11,3,0.74,1,0.77,0,SEA,,3.01,0.89,L
Steven Okert,2025-09-23 00:00:00,1,0,0,1,0,1,11,3,0.749,0,0.73,0,ATH,,3.01,0.89,L
Steven Okert,2025-09-24 00:00:00,1,0,0,0,0,1,12,1,0.749,0,1,0,ATH,,3.01,0.89,L
Steven Okert,2025-09-26 00:00:00,0.2,0,0,0,1,0,19,2,0.695,0,0.73,0,LAA,,3.01,0.89,L
Taijuan Walker,2025-04-03 00:00:00,6,0,0,3,1,4,74,5,0.679,1,6,0,COL,,4.08,1.41,R
Taijuan Walker,2025-04-09 00:00:00,4.2,0,0,5,3,5,94,6,0.72,0,5.1,0,ATL,,4.08,1.41,R
Taijuan Walker,2025-04-14 00:00:00,5,4,6,6,1,5,99,5,0.697,1,5.07,1.33,SF,,4.08,1.41,R
Taijuan Walker,2025-04-19 00:00:00,4,1,1,1,3,2,56,5,0.708,1,4.4,1.67,MIA,,4.08,1.41,R
Taijuan Walker,2025-04-25 00:00:00,3,2,2,6,2,4,86,6,0.751,0,4,2.33,CHC,,4.08,1.41,R
Taijuan Walker,2025-05-01 00:00:00,5.2,1,4,4,3,2,85,6,0.693,1,4.07,1.33,WSH,,4.08,1.41,R
Taijuan Walker,2025-05-07 00:00:00,3,0,0,1,0,7,45,6,0.714,0,3.73,1,TB,,4.08,1.41,R
Taijuan Walker,2025-05-14 00:00:00,3,2,3,3,1,2,59,7,0.693,1,3.73,1,STL,,4.08,1.41,R
Taijuan Walker,2025-05-21 00:00:00,5,3,3,6,2,2,68,7,0.679,0,3.67,1.67,COL,,4.08,1.41,R
Taijuan Walker,2025-05-30 00:00:00,4,4,4,7,1,6,89,9,0.736,1,4,3,MIL,,4.08,1.41,R
Taijuan Walker,2025-06-05 00:00:00,1,0,0,0,0,1,15,6,0.761,0,3.33,2.33,TOR,,4.08,1.41,R
Taijuan Walker,2025-06-07 00:00:00,1,0,0,0,2,0,27,2,0.655,0,2,1.33,PIT,,4.08,1.41,R
Taijuan Walker,2025-06-10 00:00:00,1,2,2,2,0,1,13,3,0.751,1,1,0.67,CHC,,4.08,1.41,R
Taijuan Walker,2025-06-13 00:00:00,1,0,0,1,0,1,11,3,0.761,1,1,0.67,TOR,,4.08,1.41,R
Taijuan Walker,2025-06-16 00:00:00,1,0,0,0,0,1,9,3,0.708,0,1,0.67,MIA,,4.08,1.41,R
Taijuan Walker,2025-06-20 00:00:00,0.1,2,2,3,0,0,14,4,0.753,1,0.7,0.67,NYM,,4.08,1.41,R
Taijuan Walker,2025-06-21 00:00:00,1,1,1,1,0,1,18,1,0.753,1,0.7,1,NYM,,4.08,1.41,R
Taijuan Walker,2025-06-27 00:00:00,2,0,0,1,2,1,43,6,0.72,0,1.03,1,ATL,,4.08,1.41,R
Taijuan Walker,2025-07-02 00:00:00,2.2,0,0,0,1,1,33,5,0.711,1,1.73,0.33,SD,,4.08,1.41,R
Taijuan Walker,2025-07-08 00:00:00,4,1,1,2,2,3,63,6,0.697,0,2.73,0.33,SF,,4.08,1.41,R
Taijuan Walker,2025-07-19 00:00:00,4,3,3,9,1,4,70,11,0.695,1,3.4,1.33,LAA,,4.08,1.41,R
Taijuan Walker,2025-07-25 00:00:00,5.2,3,3,6,0,3,83,6,0.787,0,4.4,2.33,NYY,,4.08,1.41,R
Taijuan Walker,2025-07-30 00:00:00,5,2,2,7,0,0,80,5,0.675,0,4.73,2.67,CWS,,4.08,1.41,R
Taijuan Walker,2025-08-05 00:00:00,6,0,0,4,0,4,83,6,0.699,1,5.4,1.67,BAL,,4.08,1.41,R
Taijuan Walker,2025-08-11 00:00:00,6,1,1,6,1,2,93,6,0.706,0,5.67,1,CIN,,4.08,1.41,R
Taijuan Walker,2025-08-16 00:00:00,6.2,2,2,6,2,3,94,5,0.693,0,6.07,1,WSH,,4.08,1.41,R
Taijuan Walker,2025-08-22 00:00:00,5,3,3,3,3,5,79,6,0.693,1,5.73,2,WSH,,4.08,1.41,R
Taijuan Walker,2025-08-27 00:00:00,5,4,4,10,1,3,102,5,0.753,0,5.4,3,NYM,,4.08,1.41,R
Taijuan Walker,2025-09-01 00:00:00,4,5,5,7,2,2,85,5,0.736,0,4.67,4,MIL,,4.08,1.41,R
Taijuan Walker,2025-09-07 00:00:00,6,4,4,8,2,1,87,6,0.708,0,5,4.33,MIA,,4.08,1.41,R
Taijuan Walker,2025-09-13 00:00:00,5,4,4,7,1,3,83,6,0.706,1,5,4.33,KC,,4.08,1.41,R
Taijuan Walker,2025-09-19 00:00:00,4,2,2,5,1,2,59,6,0.757,0,5,3.33,AZ,,4.08,1.41,R
Taijuan Walker,2025-09-25 00:00:00,2,0,0,1,2,3,35,6,0.708,1,3.67,2,MIA,,4.08,1.41,R
Taijuan Walker,2025-09-28 00:00:00,1,0,0,1,2,2,27,3,0.708,1,2.33,0.67,MIN,,4.08,1.41,R
Taijuan Walker,2025-10-08 00:00:00,0.2,1,1,2,1,1,18,10,0.768,0,1.07,0.33,LAD,,4.08,1.41,R
Taj Bradley,2025-03-30 00:00:00,6,2,2,5,0,7,78,5,0.679,1,6,2,COL,,5.05,1.31,R
Taj Bradley,2025-04-05 00:00:00,5,4,4,2,4,7,82,6,0.684,0,5.5,3,TEX,,5.05,1.31,R
Taj Bradley,2025-04-11 00:00:00,6,1,1,5,2,7,93,6,0.72,1,5.67,2.33,ATL,,5.05,1.31,R
Taj Bradley,2025-04-17 00:00:00,5.1,6,6,9,4,3,90,6,0.787,1,5.37,3.67,NYY,,5.05,1.31,R
Taj Bradley,2025-04-23 00:00:00,6,3,3,6,2,3,103,6,0.757,0,5.7,3.33,AZ,,5.05,1.31,R
Taj Bradley,2025-04-29 00:00:00,7,2,2,5,3,2,101,6,0.706,1,6.03,3.67,KC,,5.05,1.31,R
Taj Bradley,2025-05-04 00:00:00,5.1,2,2,4,3,1,88,5,0.787,0,6.03,2.33,NYY,,5.05,1.31,R
Taj Bradley,2025-05-10 00:00:00,6,2,2,4,1,5,84,6,0.736,1,6.03,2,MIL,,5.05,1.31,R
Taj Bradley,2025-05-16 00:00:00,4,5,5,6,3,6,82,6,0.708,0,5.03,3,MIA,,5.05,1.31,R
Taj Bradley,2025-05-21 00:00:00,6,2,2,4,2,7,84,5,0.714,1,5.33,3,HOU,,5.05,1.31,R
Taj Bradley,2025-05-27 00:00:00,7,2,3,5,1,6,91,6,0.708,1,5.67,3,MIN,,5.05,1.31,R
Taj Bradley,2025-06-01 00:00:00,7,0,1,3,2,10,104,5,0.714,0,6.67,1.33,HOU,,5.05,1.31,R
Taj Bradley,2025-06-07 00:00:00,4,7,7,6,2,2,77,6,0.708,1,6,3,MIA,,5.05,1.31,R
Taj Bradley,2025-06-13 00:00:00,4,0,5,4,4,5,84,6,0.753,0,5,2.33,NYM,,5.05,1.31,R
Taj Bradley,2025-06-18 00:00:00,1.1,6,7,6,1,2,47,5,0.699,1,3.03,4.33,BAL,,5.05,1.31,R
Taj Bradley,2025-06-24 00:00:00,6.2,0,0,2,1,4,87,6,0.706,0,3.77,2,KC,,5.05,1.31,R
Taj Bradley,2025-06-29 00:00:00,5.1,5,5,8,1,2,95,5,0.699,0,4.13,3.67,BAL,,5.05,1.31,R
Taj Bradley,2025-07-05 00:00:00,5.2,3,3,6,1,5,88,6,0.708,0,5.5,2.67,MIN,,5.05,1.31,R
Taj Bradley,2025-07-10 00:00:00,6,1,1,2,3,5,88,5,0.745,0,5.43,3,BOS,,5.05,1.31,R
Taj Bradley,2025-07-18 00:00:00,6,0,0,3,1,6,87,8,0.699,1,5.73,1.33,BAL,,5.05,1.31,R
Taj Bradley,2025-07-23 00:00:00,1.2,4,4,4,3,0,55,5,0.675,1,4.4,1.67,CWS,,5.05,1.31,R
Taj Bradley,2025-08-24 00:00:00,5,7,7,9,1,1,88,32,0.675,0,4.07,3.67,CWS,,5.05,1.31,R
Taj Bradley,2025-08-30 00:00:00,5,1,1,1,3,6,83,6,0.711,1,3.73,4,SD,,5.05,1.31,R
Taj Bradley,2025-09-04 00:00:00,5,4,4,8,1,7,91,5,0.675,1,5,4,CWS,,5.05,1.31,R
Taj Bradley,2025-09-10 00:00:00,6.1,3,3,4,2,5,98,6,0.695,0,5.37,2.67,LAA,,5.05,1.31,R
Taj Bradley,2025-09-17 00:00:00,4,7,7,8,3,4,89,7,0.787,1,5.03,4.67,NYY,,5.05,1.31,R
Taj Bradley,2025-09-24 00:00:00,6,1,1,2,2,9,90,7,0.684,0,5.37,3.67,TEX,,5.05,1.31,R
Tanner Banks,2025-03-29 00:00:00,1,0,0,1,0,2,15,5,0.693,0,1,0,WSH,,3.07,1.01,L
Tanner Banks,2025-03-30 00:00:00,1,0,0,1,0,0,14,1,0.693,0,1,0,WSH,,3.07,1.01,L
Tanner Banks,2025-04-05 00:00:00,1,0,0,0,1,0,18,6,0.768,1,1,0,LAD,,3.07,1.01,L
Tanner Banks,2025-04-08 00:00:00,1,1,1,2,1,0,21,3,0.72,0,1,0.33,ATL,,3.07,1.01,L
Tanner Banks,2025-04-10 00:00:00,1,0,0,0,0,0,14,2,0.72,0,1,0.33,ATL,,3.07,1.01,L
Tanner Banks,2025-04-11 00:00:00,1,0,0,2,0,1,13,1,0.693,0,1,0.33,STL,,3.07,1.01,L
Tanner Banks,2025-04-14 00:00:00,2,2,2,2,1,4,45,3,0.697,1,1.33,0.67,SF,,3.07,1.01,L
Tanner Banks,2025-04-18 00:00:00,1,0,0,0,1,1,12,4,0.708,1,1.33,0.67,MIA,,3.07,1.01,L
Tanner Banks,2025-04-21 00:00:00,1,0,0,0,0,3,16,3,0.753,0,1.33,0.67,NYM,,3.07,1.01,L
Tanner Banks,2025-04-22 00:00:00,0.2,1,1,1,0,0,9,1,0.753,0,0.73,0.33,NYM,,3.07,1.01,L
Tanner Banks,2025-04-25 00:00:00,1,1,1,2,0,1,24,3,0.751,0,0.73,0.67,CHC,,3.07,1.01,L
Tanner Banks,2025-04-30 00:00:00,1.2,0,0,0,0,4,27,5,0.693,1,0.8,0.67,WSH,,3.07,1.01,L
Tanner Banks,2025-05-02 00:00:00,1,0,0,0,0,1,12,2,0.757,1,1.07,0.33,AZ,,3.07,1.01,L
Tanner Banks,2025-05-03 00:00:00,1,0,0,0,0,1,10,1,0.757,1,1.07,0,AZ,,3.07,1.01,L
Tanner Banks,2025-05-08 00:00:00,1,3,3,3,0,1,27,5,0.714,0,1,1,TB,,3.07,1.01,L
Tanner Banks,2025-05-09 00:00:00,1,0,0,0,0,1,9,1,0.67,0,1,1,CLE,,3.07,1.01,L
Tanner Banks,2025-05-12 00:00:00,1,0,0,0,0,0,11,3,0.693,1,1,1,STL,,3.07,1.01,L
Tanner Banks,2025-05-14 00:00:00,1.1,0,0,1,0,1,18,2,0.693,1,1.03,0,STL,,3.07,1.01,L
Tanner Banks,2025-05-17 00:00:00,1,2,2,1,1,2,25,3,0.655,1,1.03,0.67,PIT,,3.07,1.01,L
Tanner Banks,2025-05-19 00:00:00,1,0,0,0,0,1,14,2,0.679,0,1.03,0.67,COL,,3.07,1.01,L
Tanner Banks,2025-05-21 00:00:00,1,0,0,0,0,1,13,2,0.679,0,1,0.67,COL,,3.07,1.01,L
Tanner Banks,2025-05-23 00:00:00,0.1,0,0,0,0,1,4,2,0.749,0,0.7,0,ATH,,3.07,1.01,L
Tanner Banks,2025-05-24 00:00:00,1,0,0,0,0,2,16,1,0.749,0,0.7,0,ATH,,3.07,1.01,L
Tanner Banks,2025-05-30 00:00:00,1,1,1,2,0,1,21,6,0.736,1,0.7,0.33,MIL,,3.07,1.01,L
Tanner Banks,2025-05-31 00:00:00,1,0,0,2,0,2,26,1,0.736,1,1,0.33,MIL,,3.07,1.01,L
Tanner Banks,2025-06-04 00:00:00,1,0,0,0,0,0,15,4,0.761,0,1,0.33,TOR,,3.07,1.01,L
Tanner Banks,2025-06-06 00:00:00,1,1,1,1,0,1,16,2,0.655,0,1,0.33,PIT,,3.07,1.01,L
Tanner Banks,2025-06-09 00:00:00,1,0,0,0,0,0,13,3,0.751,1,1,0.33,CHC,,3.07,1.01,L
Tanner Banks,2025-06-10 00:00:00,1,0,0,1,0,0,19,1,0.751,1,1,0.33,CHC,,3.07,1.01,L
Tanner Banks,2025-06-15 00:00:00,1,2,2,4,0,0,16,5,0.761,1,1,0.67,TOR,,3.07,1.01,L
Tanner Banks,2025-06-17 00:00:00,1,0,1,1,0,1,18,2,0.708,0,1,0.67,MIA,,3.07,1.01,L
Tanner Banks,2025-06-20 00:00:00,1.2,0,0,0,0,1,26,3,0.753,1,1.07,0.67,NYM,,3.07,1.01,L
Tanner Banks,2025-06-21 00:00:00,0.1,0,0,1,0,0,6,1,0.753,1,0.77,0,NYM,,3.07,1.01,L
Tanner Banks,2025-06-27 00:00:00,2,0,0,2,0,2,33,6,0.72,0,1.1,0,ATL,,3.07,1.01,L
Tanner Banks,2025-06-30 00:00:00,1,0,0,1,0,0,9,3,0.711,1,1.03,0,SD,,3.07,1.01,L
Tanner Banks,2025-07-04 00:00:00,1.1,0,0,0,0,3,17,4,0.706,1,1.37,0,CIN,,3.07,1.01,L
Tanner Banks,2025-07-05 00:00:00,1,0,0,0,0,0,12,1,0.706,1,1.03,0,CIN,,3.07,1.01,L
Tanner Banks,2025-07-08 00:00:00,1,0,0,2,0,1,15,3,0.697,0,1.03,0,SF,,3.07,1.01,L
Tanner Banks,2025-07-11 00:00:00,0.1,0,0,0,0,0,2,3,0.711,0,0.7,0,SD,,3.07,1.01,L
Tanner Banks,2025-07-12 00:00:00,0.1,1,1,2,0,1,11,1,0.711,0,0.4,0.33,SD,,3.07,1.01,L
Tanner Banks,2025-07-18 00:00:00,1,2,2,1,1,1,19,6,0.695,1,0.4,1,LAA,,3.07,1.01,L
Tanner Banks,2025-07-19 00:00:00,1,0,0,0,0,1,9,1,0.695,1,0.7,1,LAA,,3.07,1.01,L
Tanner Banks,2025-07-21 00:00:00,1,0,0,0,1,2,16,2,0.745,1,1,0.67,BOS,,3.07,1.01,L
Tanner Banks,2025-07-23 00:00:00,0.2,0,0,0,0,1,9,2,0.745,1,0.73,0,BOS,,3.07,1.01,L
Tanner Banks,2025-07-25 00:00:00,0.1,0,0,1,0,1,8,2,0.787,0,0.43,0,NYY,,3.07,1.01,L
Tanner Banks,2025-07-27 00:00:00,1.1,0,0,0,1,0,20,2,0.787,0,0.47,0,NYY,,3.07,1.01,L
Tanner Banks,2025-07-30 00:00:00,1,0,0,1,0,0,13,3,0.675,0,0.73,0,CWS,,3.07,1.01,L
Tanner Banks,2025-08-02 00:00:00,1,1,1,2,0,0,23,3,0.73,1,1.03,0.33,DET,,3.07,1.01,L
Tanner Banks,2025-08-04 00:00:00,1,0,0,0,0,1,15,2,0.699,1,1,0.33,BAL,,3.07,1.01,L
Tanner Banks,2025-08-09 00:00:00,1,0,0,1,0,0,15,5,0.684,0,1,0.33,TEX,,3.07,1.01,L
Tanner Banks,2025-08-10 00:00:00,1,0,0,1,0,2,15,1,0.684,0,1,0,TEX,,3.07,1.01,L
Tanner Banks,2025-08-15 00:00:00,1,0,0,0,0,0,11,5,0.693,0,1,0,WSH,,3.07,1.01,L
Tanner Banks,2025-08-17 00:00:00,1.2,0,0,1,0,2,20,2,0.693,0,1.07,0,WSH,,3.07,1.01,L
Tanner Banks,2025-08-20 00:00:00,0.1,0,0,0,0,1,4,3,0.74,1,0.77,0,SEA,,3.07,1.01,L
Tanner Banks,2025-08-22 00:00:00,1,0,0,1,1,0,21,2,0.693,1,0.77,0,WSH,,3.07,1.01,L
Tanner Banks,2025-08-24 00:00:00,1,0,0,0,0,0,8,2,0.693,1,0.7,0,WSH,,3.07,1.01,L
Tanner Banks,2025-08-26 00:00:00,1,0,0,0,0,0,18,2,0.753,0,1,0,NYM,,3.07,1.01,L
Tanner Banks,2025-08-27 00:00:00,1,2,2,2,0,1,17,1,0.753,0,1,0.67,NYM,,3.07,1.01,L
Tanner Banks,2025-08-30 00:00:00,1,0,0,1,0,0,15,3,0.72,1,1,0.67,ATL,,3.07,1.01,L
Tanner Banks,2025-08-31 00:00:00,1,0,0,0,1,1,12,1,0.72,1,1,0.67,ATL,,3.07,1.01,L
Tanner Banks,2025-09-05 00:00:00,1,2,2,2,0,1,15,5,0.708,0,1,0.67,MIA,,3.07,1.01,L
Tanner Banks,2025-09-09 00:00:00,1,1,1,3,0,0,19,4,0.753,1,1,1,NYM,,3.07,1.01,L
Tanner Banks,2025-09-12 00:00:00,1,0,0,0,0,1,18,3,0.706,1,1,1,KC,,3.07,1.01,L
Tanner Banks,2025-09-13 00:00:00,1,0,0,0,0,0,15,1,0.706,1,1,0.33,KC,,3.07,1.01,L
Tanner Banks,2025-09-16 00:00:00,0.2,0,0,1,1,0,17,3,0.768,0,0.73,0,LAD,,3.07,1.01,L
Tanner Banks,2025-09-19 00:00:00,0.1,0,0,0,0,0,2,3,0.757,0,0.43,0,AZ,,3.07,1.01,L
Tanner Banks,2025-09-20 00:00:00,0.2,0,0,2,1,2,28,1,0.757,0,0.17,0,AZ,,3.07,1.01,L
Tanner Banks,2025-09-23 00:00:00,0.1,0,0,0,0,1,5,3,0.708,1,0.13,0,MIA,,3.07,1.01,L
Tanner Banks,2025-09-28 00:00:00,1,0,0,1,0,1,15,5,0.708,1,0.43,0,MIN,,3.07,1.01,L
Tanner Banks,2025-10-06 00:00:00,1,0,0,1,0,0,8,8,0.768,1,0.7,0,LAD,,3.07,1.01,L
Tanner Banks,2025-10-08 00:00:00,0.1,0,0,0,0,0,1,2,0.768,0,0.7,0,LAD,,3.07,1.01,L
Tanner Bibee,2025-03-30 00:00:00,5.2,0,0,2,2,2,84,5,0.706,0,5.2,0,KC,,4.24,1.23,R
Tanner Bibee,2025-04-05 00:00:00,4,7,7,9,1,4,89,6,0.695,0,4.6,3.5,LAA,,4.24,1.23,R
Tanner Bibee,2025-04-11 00:00:00,4.2,0,0,3,4,4,96,6,0.706,1,4.47,2.33,KC,,4.24,1.23,R
Tanner Bibee,2025-04-17 00:00:00,5.2,6,6,5,4,5,99,6,0.699,0,4.47,4.33,BAL,,4.24,1.23,R
Tanner Bibee,2025-04-22 00:00:00,6,2,2,5,3,5,106,5,0.787,1,5.13,2.67,NYY,,4.24,1.23,R
Tanner Bibee,2025-04-29 00:00:00,7,1,1,5,0,5,92,7,0.708,1,6.07,3,MIN,,4.24,1.23,R
Tanner Bibee,2025-05-04 00:00:00,5,2,3,5,2,3,86,5,0.761,0,6,1.67,TOR,,4.24,1.23,R
Tanner Bibee,2025-05-10 00:00:00,7,1,1,5,0,3,96,6,0.759,1,6.33,1.33,PHI,,4.24,1.23,R
Tanner Bibee,2025-05-16 00:00:00,6,4,5,10,1,4,105,6,0.706,0,6,2.33,CIN,,4.24,1.23,R
Tanner Bibee,2025-05-22 00:00:00,7,0,0,3,1,8,96,6,0.73,0,6.67,1.67,DET,,4.24,1.23,R
Tanner Bibee,2025-05-27 00:00:00,5,4,4,7,3,7,95,5,0.768,1,6,2.67,LAD,,4.24,1.23,R
Tanner Bibee,2025-06-03 00:00:00,6.1,3,3,4,2,6,107,7,0.787,0,6.03,2.33,NYY,,4.24,1.23,R
Tanner Bibee,2025-06-08 00:00:00,6.1,2,2,5,0,6,88,5,0.714,1,5.73,3,HOU,,4.24,1.23,R
Tanner Bibee,2025-06-14 00:00:00,5,2,2,4,3,3,104,6,0.74,0,5.73,2.33,SEA,,4.24,1.23,R
Tanner Bibee,2025-06-20 00:00:00,8,5,5,11,0,10,106,6,0.749,0,6.37,3,ATH,,4.24,1.23,R
Tanner Bibee,2025-06-26 00:00:00,6,2,3,3,0,7,96,6,0.761,1,6.33,3,TOR,,4.24,1.23,R
Tanner Bibee,2025-07-02 00:00:00,4,5,5,6,4,5,96,6,0.751,0,6,4,CHC,,4.24,1.23,R
Tanner Bibee,2025-07-07 00:00:00,4.2,4,4,4,1,3,86,5,0.714,0,4.73,3.67,HOU,,4.24,1.23,R
Tanner Bibee,2025-07-12 00:00:00,5.2,2,2,6,2,5,91,5,0.675,0,4.47,3.67,CWS,,4.24,1.23,R
Tanner Bibee,2025-07-21 00:00:00,7,3,5,6,0,4,86,9,0.699,1,5.47,3,BAL,,4.24,1.23,R
Tanner Bibee,2025-07-26 00:00:00,5,4,4,7,0,8,93,5,0.706,0,5.73,3,KC,,4.24,1.23,R
Tanner Bibee,2025-08-02 00:00:00,4.2,4,4,8,2,5,93,7,0.708,1,5.4,3.67,MIN,,4.24,1.23,R
Tanner Bibee,2025-08-08 00:00:00,5.1,4,4,5,4,7,98,6,0.675,0,4.77,4,CWS,,4.24,1.23,R
Tanner Bibee,2025-08-14 00:00:00,5.2,2,4,5,4,5,102,6,0.708,1,4.83,3.33,MIA,,4.24,1.23,R
Tanner Bibee,2025-08-19 00:00:00,5.2,4,4,7,1,5,92,5,0.757,0,5.17,3.33,AZ,,4.24,1.23,R
Tanner Bibee,2025-08-25 00:00:00,6,5,5,8,3,3,98,6,0.714,1,5.47,3.67,TB,,4.24,1.23,R
Tanner Bibee,2025-08-31 00:00:00,6.1,4,4,6,2,4,91,6,0.74,1,5.77,4.33,SEA,,4.24,1.23,R
Tanner Bibee,2025-09-06 00:00:00,6.2,2,2,5,1,3,92,6,0.714,0,6.1,3.67,TB,,4.24,1.23,R
Tanner Bibee,2025-09-12 00:00:00,9,0,0,2,0,10,103,6,0.675,1,7.1,2,CWS,,4.24,1.23,R
Tanner Bibee,2025-09-18 00:00:00,6,1,1,4,2,8,100,6,0.73,0,7.07,1,DET,,4.24,1.23,R
Tanner Bibee,2025-09-24 00:00:00,6,1,1,5,2,5,105,6,0.73,1,7,0.67,DET,,4.24,1.23,R
Tanner Bibee,2025-10-01 00:00:00,4.2,1,1,5,3,6,87,7,0.73,1,5.4,1,DET,,4.24,1.23,R
Tanner Gordon,2025-05-08 00:00:00,6.1,4,7,9,1,4,89,5,0.73,1,6.1,4,DET,,6.33,1.5,R
Tanner Gordon,2025-05-23 00:00:00,6,2,2,5,2,5,75,15,0.787,1,6.05,3,NYY,,6.33,1.5,R
Tanner Gordon,2025-05-28 00:00:00,4.2,2,2,6,0,1,79,5,0.751,0,5.43,2.67,CHC,,6.33,1.5,R
Tanner Gordon,2025-07-23 00:00:00,6,0,0,4,3,3,96,56,0.693,1,5.4,1.33,STL,,6.33,1.5,R
Tanner Gordon,2025-07-29 00:00:00,3,6,7,8,2,2,71,6,0.67,0,4.4,2.67,CLE,,6.33,1.5,R
Tanner Gordon,2025-08-04 00:00:00,2.2,7,7,11,0,1,67,6,0.761,1,3.73,4.33,TOR,,6.33,1.5,R
Tanner Gordon,2025-08-10 00:00:00,4.2,10,10,12,0,6,77,6,0.757,0,3.13,7.67,AZ,,6.33,1.5,R
Tanner Gordon,2025-08-15 00:00:00,5,3,3,5,1,2,78,5,0.757,1,3.8,6.67,AZ,,6.33,1.5,R
Tanner Gordon,2025-08-20 00:00:00,6,1,1,4,1,3,92,5,0.768,1,5.07,4.67,LAD,,6.33,1.5,R
Tanner Gordon,2025-08-26 00:00:00,6,1,1,6,3,5,93,6,0.714,0,5.67,1.67,HOU,,6.33,1.5,R
Tanner Gordon,2025-08-31 00:00:00,6,2,2,5,1,9,81,5,0.751,1,6,1.33,CHC,,6.33,1.5,R
Tanner Gordon,2025-09-07 00:00:00,3.2,6,6,6,1,5,91,7,0.711,1,5.07,3,SD,,6.33,1.5,R
Tanner Gordon,2025-09-12 00:00:00,6,1,1,2,1,9,88,5,0.711,0,5.07,3,SD,,6.33,1.5,R
Tanner Gordon,2025-09-18 00:00:00,6,3,4,5,1,4,97,6,0.708,1,5.07,3.33,MIA,,6.33,1.5,R
Tanner Gordon,2025-09-24 00:00:00,3.1,5,7,8,0,3,70,6,0.74,0,5.03,3,SEA,,6.33,1.5,R
Tanner Houck,2025-03-28 00:00:00,5.2,4,4,7,3,2,89,5,0.684,0,5.2,4,TEX,,8.04,1.69,R
Tanner Houck,2025-04-03 00:00:00,4,3,3,5,2,6,82,6,0.699,0,4.6,3.5,BAL,,8.04,1.69,R
Tanner Houck,2025-04-09 00:00:00,6.2,1,1,5,2,2,90,6,0.761,1,5.13,2.67,TOR,,8.04,1.69,R
Tanner Houck,2025-04-14 00:00:00,2.1,11,12,10,2,1,61,5,0.714,0,4.1,5,TB,,8.04,1.69,R
Tanner Houck,2025-04-20 00:00:00,6,2,2,3,2,7,89,6,0.675,1,4.77,4.67,CWS,,8.04,1.69,R
Tanner Houck,2025-04-26 00:00:00,5,4,4,8,1,6,94,6,0.67,0,4.37,5.67,CLE,,8.04,1.69,R
Tanner Houck,2025-05-01 00:00:00,7,1,1,4,0,6,86,5,0.761,0,6,2.33,TOR,,8.04,1.69,R
Tanner Houck,2025-05-07 00:00:00,4.2,2,3,6,2,2,89,6,0.684,1,5.4,2.33,TEX,,8.04,1.69,R
Tanner Houck,2025-05-12 00:00:00,2.1,11,11,9,3,0,69,5,0.73,0,4.43,4.67,DET,,8.04,1.69,R
Tarik Skubal,2025-03-27 00:00:00,5,4,4,6,1,2,80,5,0.768,0,5,4,LAD,,2.21,0.89,L
Tarik Skubal,2025-04-02 00:00:00,5.2,3,3,6,3,8,93,6,0.74,0,5.1,3.5,SEA,,2.21,0.89,L
Tarik Skubal,2025-04-08 00:00:00,6,0,0,4,0,6,87,6,0.787,1,5.4,2.33,NYY,,2.21,0.89,L
Tarik Skubal,2025-04-14 00:00:00,7,0,0,4,0,9,91,6,0.736,0,6.07,1,MIL,,2.21,0.89,L
Tarik Skubal,2025-04-20 00:00:00,5,2,2,7,1,4,91,6,0.706,1,6,0.67,KC,,2.21,0.89,L
Tarik Skubal,2025-04-27 00:00:00,6,0,0,4,0,11,91,7,0.699,1,6,0.67,BAL,,2.21,0.89,L
Tarik Skubal,2025-05-02 00:00:00,6,1,1,4,0,8,73,5,0.695,0,5.67,1,LAA,,2.21,0.89,L
Tarik Skubal,2025-05-09 00:00:00,7,1,1,2,0,12,96,7,0.684,1,6.33,0.67,TEX,,2.21,0.89,L
Tarik Skubal,2025-05-14 00:00:00,6.1,5,5,7,1,11,95,5,0.745,1,6.37,2.33,BOS,,2.21,0.89,L
Tarik Skubal,2025-05-20 00:00:00,5.2,3,3,5,1,8,94,6,0.693,0,6.1,3,STL,,2.21,0.89,L
Tarik Skubal,2025-05-25 00:00:00,9,0,0,2,0,13,94,5,0.67,1,6.77,2.67,CLE,,2.21,0.89,L
Tarik Skubal,2025-05-31 00:00:00,7,0,0,2,0,7,90,6,0.706,0,7.07,1,KC,,2.21,0.89,L
Tarik Skubal,2025-06-06 00:00:00,7.2,1,1,8,0,6,94,6,0.751,1,7.73,0.33,CHC,,2.21,0.89,L
Tarik Skubal,2025-06-12 00:00:00,7,0,0,3,2,6,98,6,0.699,0,7.07,0.33,BAL,,2.21,0.89,L
Tarik Skubal,2025-06-19 00:00:00,5.2,2,2,6,3,6,103,7,0.655,1,6.47,1,PIT,,2.21,0.89,L
Tarik Skubal,2025-06-24 00:00:00,6,4,4,6,1,8,97,5,0.749,1,6.07,2,ATH,,2.21,0.89,L
Tarik Skubal,2025-06-29 00:00:00,7,0,0,1,1,13,93,5,0.708,1,6.07,2,MIN,,2.21,0.89,L
Tarik Skubal,2025-07-06 00:00:00,7,0,0,3,0,10,93,7,0.67,0,6.67,1.33,CLE,,2.21,0.89,L
Tarik Skubal,2025-07-11 00:00:00,5,4,4,4,2,5,87,5,0.74,1,6.33,1.33,SEA,,2.21,0.89,L
Tarik Skubal,2025-07-20 00:00:00,6.2,1,1,4,0,11,105,9,0.684,0,6.07,1.67,TEX,,2.21,0.89,L
Tarik Skubal,2025-07-26 00:00:00,6,0,0,5,3,7,96,6,0.761,1,5.73,1.67,TOR,,2.21,0.89,L
Tarik Skubal,2025-08-02 00:00:00,7,3,3,5,0,10,98,7,0.759,0,6.4,1.33,PHI,,2.21,0.89,L
Tarik Skubal,2025-08-08 00:00:00,4.2,4,4,6,2,6,92,6,0.695,1,5.73,2.33,LAA,,2.21,0.89,L
Tarik Skubal,2025-08-14 00:00:00,7,3,3,6,2,3,99,6,0.708,0,6.07,3.33,MIN,,2.21,0.89,L
Tarik Skubal,2025-08-19 00:00:00,7,0,0,3,2,10,95,5,0.714,1,6.07,2.33,HOU,,2.21,0.89,L
Tarik Skubal,2025-08-25 00:00:00,6.2,1,6,7,0,12,99,6,0.749,0,6.73,1.33,ATH,,2.21,0.89,L
Tarik Skubal,2025-08-31 00:00:00,7,0,0,4,2,4,93,6,0.706,0,6.73,0.33,KC,,2.21,0.89,L
Tarik Skubal,2025-09-06 00:00:00,7,0,0,2,1,6,90,6,0.675,1,6.73,0.33,CWS,,2.21,0.89,L
Tarik Skubal,2025-09-12 00:00:00,3.1,4,4,4,0,2,45,6,0.708,0,5.7,1.33,MIA,,2.21,0.89,L
Tarik Skubal,2025-09-18 00:00:00,6,1,1,7,2,9,102,6,0.67,1,5.37,1.67,CLE,,2.21,0.89,L
Tarik Skubal,2025-09-23 00:00:00,6,1,3,4,3,8,95,5,0.67,0,5.03,2,CLE,,2.21,0.89,L
Tarik Skubal,2025-09-30 00:00:00,7.2,1,1,3,3,14,107,7,0.67,0,6.4,1,CLE,,2.21,0.89,L
Tarik Skubal,2025-10-05 00:00:00,7,2,2,5,1,9,97,5,0.74,0,6.73,1.33,SEA,,2.21,0.89,L
Tarik Skubal,2025-10-10 00:00:00,6,1,1,2,0,13,99,5,0.74,0,6.73,1.33,SEA,,2.21,0.89,L
Thomas Hatch,2025-08-01 00:00:00,1,2,2,2,0,1,19,5,0.761,0,1,2,TOR,,5.82,1.68,R
Thomas Hatch,2025-08-06 00:00:00,4.1,0,0,2,1,3,56,5,0.73,0,2.55,1,DET,,5.82,1.68,R
Thomas Hatch,2025-08-12 00:00:00,4.1,4,4,5,7,2,99,6,0.787,0,3.07,2,NYY,,5.82,1.68,R
Thomas Hatch,2025-08-17 00:00:00,5,1,1,3,3,4,81,5,0.73,1,4.4,1.67,DET,,5.82,1.68,R
Thomas Hatch,2025-08-23 00:00:00,5,1,1,3,0,5,54,6,0.675,0,4.7,2,CWS,,5.82,1.68,R
Thomas Hatch,2025-08-27 00:00:00,1.1,1,1,1,1,1,26,4,0.761,0,3.7,1,TOR,,5.82,1.68,R
Thomas Hatch,2025-09-02 00:00:00,2,5,6,8,1,3,64,6,0.675,1,2.7,2.33,CWS,,5.82,1.68,R
Thomas Hatch,2025-09-06 00:00:00,3,4,4,6,1,0,66,4,0.706,0,2.03,3.33,KC,,5.82,1.68,R
Thomas Hatch,2025-09-09 00:00:00,1,3,3,3,0,0,24,3,0.695,0,2,4,LAA,,5.82,1.68,R
Thomas Hatch,2025-09-14 00:00:00,1,0,0,2,1,1,17,5,0.757,1,1.67,2.33,AZ,,5.82,1.68,R
Thomas Hatch,2025-09-16 00:00:00,2,0,0,1,1,0,28,2,0.787,1,1.33,1,NYY,,5.82,1.68,R
Thomas Hatch,2025-09-20 00:00:00,4,1,1,4,1,2,52,4,0.67,1,2.33,0.33,CLE,,5.82,1.68,R
Tobias Myers,2025-04-24 00:00:00,4,2,2,4,4,2,82,5,0.697,0,4,2,SF,,3.55,1.36,R
Tobias Myers,2025-04-30 00:00:00,2,2,2,2,3,3,49,6,0.675,0,3,2,CWS,,3.55,1.36,R
Tobias Myers,2025-05-02 00:00:00,1,0,0,0,0,1,11,2,0.751,1,2.33,1.33,CHC,,3.55,1.36,R
Tobias Myers,2025-05-05 00:00:00,5.1,1,1,6,0,2,80,3,0.714,1,2.7,1,HOU,,3.55,1.36,R
Tobias Myers,2025-05-10 00:00:00,4,2,2,3,3,3,75,5,0.714,0,3.37,1,TB,,3.55,1.36,R
Tobias Myers,2025-05-17 00:00:00,3.2,4,4,11,0,4,71,7,0.708,1,4.1,2.33,MIN,,3.55,1.36,R
Tobias Myers,2025-07-23 00:00:00,2,0,0,1,0,3,34,67,0.74,0,3.07,2,SEA,,3.55,1.36,R
Tobias Myers,2025-07-25 00:00:00,1,0,0,0,0,1,10,2,0.708,1,2.07,1.33,MIA,,3.55,1.36,R
Tobias Myers,2025-08-09 00:00:00,3.1,3,3,5,2,4,66,15,0.753,1,2.03,1,NYM,,3.55,1.36,R
Tobias Myers,2025-08-13 00:00:00,2,0,0,2,0,1,28,4,0.655,1,2.03,1,PIT,,3.55,1.36,R
Tobias Myers,2025-08-17 00:00:00,2,0,1,0,0,2,24,4,0.706,0,2.37,1,CIN,,3.55,1.36,R
Tobias Myers,2025-08-19 00:00:00,2,0,0,2,0,2,19,2,0.751,0,2,0,CHC,,3.55,1.36,R
Tobias Myers,2025-08-26 00:00:00,1.2,3,3,4,0,1,30,7,0.757,1,1.73,1,AZ,,3.55,1.36,R
Tobias Myers,2025-08-28 00:00:00,3.1,0,0,3,0,1,47,2,0.757,1,2.1,1,AZ,,3.55,1.36,R
Tobias Myers,2025-08-31 00:00:00,2.2,0,0,3,0,1,36,3,0.761,0,2.17,1,TOR,,3.55,1.36,R
Tobias Myers,2025-09-04 00:00:00,0.2,1,1,2,0,1,20,4,0.759,1,1.83,0.33,PHI,,3.55,1.36,R
Tobias Myers,2025-09-06 00:00:00,0.1,0,0,1,1,0,13,2,0.655,0,0.83,0.33,PIT,,3.55,1.36,R
Tobias Myers,2025-09-09 00:00:00,1,0,0,0,0,2,14,3,0.684,0,0.43,0.33,TEX,,3.55,1.36,R
Tobias Myers,2025-09-13 00:00:00,1.2,1,1,2,0,1,26,4,0.693,1,0.77,0.33,STL,,3.55,1.36,R
Tobias Myers,2025-09-19 00:00:00,2,0,0,2,1,1,28,6,0.693,0,1.4,0.33,STL,,3.55,1.36,R
Tobias Myers,2025-09-23 00:00:00,2,1,1,1,0,0,27,4,0.711,0,1.73,0.67,SD,,3.55,1.36,R
Tobias Myers,2025-09-26 00:00:00,3,0,0,0,1,2,36,3,0.706,1,2.33,0.33,CIN,,3.55,1.36,R
Tobias Myers,2025-10-14 00:00:00,0.2,1,1,2,2,0,27,18,0.768,1,1.73,0.67,LAD,,3.55,1.36,R
Tomoyuki Sugano,2025-03-30 00:00:00,4,2,2,4,2,1,73,5,0.761,0,4,2,TOR,,4.64,1.33,R
Tomoyuki Sugano,2025-04-05 00:00:00,5.1,1,1,5,1,4,89,6,0.706,0,4.55,1.5,KC,,4.64,1.33,R
Tomoyuki Sugano,2025-04-12 00:00:00,4.2,3,3,8,2,0,73,7,0.761,1,4.43,2,TOR,,4.64,1.33,R
Tomoyuki Sugano,2025-04-17 00:00:00,7,2,2,5,0,3,87,5,0.67,1,5.43,2,CLE,,4.64,1.33,R
Tomoyuki Sugano,2025-04-23 00:00:00,7,3,3,5,0,1,94,6,0.693,0,6.07,2.67,WSH,,4.64,1.33,R
Tomoyuki Sugano,2025-04-28 00:00:00,5,0,0,5,1,8,95,5,0.787,1,6.33,1.67,NYY,,4.64,1.33,R
Tomoyuki Sugano,2025-05-03 00:00:00,6,2,2,4,2,4,79,5,0.706,1,6,1.67,KC,,4.64,1.33,R
Tomoyuki Sugano,2025-05-09 00:00:00,7.1,1,1,3,0,5,93,6,0.695,0,6.03,1,LAA,,4.64,1.33,R
Tomoyuki Sugano,2025-05-15 00:00:00,6.1,4,4,6,1,3,103,6,0.708,1,6.4,2.33,MIN,,4.64,1.33,R
Tomoyuki Sugano,2025-05-21 00:00:00,6,2,2,5,1,3,88,6,0.736,0,6.4,2.33,MIL,,4.64,1.33,R
Tomoyuki Sugano,2025-05-27 00:00:00,5.1,3,3,8,0,3,91,6,0.693,1,5.73,3,STL,,4.64,1.33,R
Tomoyuki Sugano,2025-06-03 00:00:00,7,1,1,5,1,5,90,7,0.74,0,6.03,2,SEA,,4.64,1.33,R
Tomoyuki Sugano,2025-06-08 00:00:00,4.1,3,4,8,1,2,87,5,0.749,0,5.4,2.33,ATH,,4.64,1.33,R
Tomoyuki Sugano,2025-06-14 00:00:00,4.2,3,3,6,2,4,80,6,0.695,1,5.1,2.33,LAA,,4.64,1.33,R
Tomoyuki Sugano,2025-06-20 00:00:00,3.2,3,3,7,3,4,89,6,0.787,0,3.83,3,NYY,,4.64,1.33,R
Tomoyuki Sugano,2025-06-27 00:00:00,5,7,7,9,1,2,86,7,0.714,1,4.13,4.33,TB,,4.64,1.33,R
Tomoyuki Sugano,2025-07-02 00:00:00,4.2,6,6,10,1,5,79,5,0.684,0,4.13,5.33,TEX,,4.64,1.33,R
Tomoyuki Sugano,2025-07-10 00:00:00,6,3,3,4,3,2,99,8,0.753,1,5.07,5.33,NYM,,4.64,1.33,R
Tomoyuki Sugano,2025-07-21 00:00:00,3.2,3,4,6,4,4,90,11,0.67,0,4.47,4,CLE,,4.64,1.33,R
Tomoyuki Sugano,2025-07-27 00:00:00,6,1,1,4,2,8,91,6,0.679,1,5.07,2.33,COL,,4.64,1.33,R
Tomoyuki Sugano,2025-08-02 00:00:00,5,3,3,5,1,5,95,6,0.751,0,4.73,2.33,CHC,,4.64,1.33,R
Tomoyuki Sugano,2025-08-08 00:00:00,7,1,1,5,2,4,91,6,0.749,1,6,1.67,ATH,,4.64,1.33,R
Tomoyuki Sugano,2025-08-14 00:00:00,5.1,1,1,3,1,2,80,6,0.74,1,5.7,1.67,SEA,,4.64,1.33,R
Tomoyuki Sugano,2025-08-19 00:00:00,5,0,1,5,0,3,85,5,0.745,0,5.7,0.67,BOS,,4.64,1.33,R
Tomoyuki Sugano,2025-08-25 00:00:00,6,4,4,6,2,6,87,6,0.745,1,5.37,1.67,BOS,,4.64,1.33,R
Tomoyuki Sugano,2025-08-31 00:00:00,3.1,7,7,10,1,4,80,6,0.697,0,4.7,3.67,SF,,4.64,1.33,R
Tomoyuki Sugano,2025-09-07 00:00:00,3,3,4,7,0,1,67,7,0.768,1,4.03,4.67,LAD,,4.64,1.33,R
Tomoyuki Sugano,2025-09-13 00:00:00,6,1,1,4,0,4,63,6,0.761,0,4.03,3.67,TOR,,4.64,1.33,R
Tomoyuki Sugano,2025-09-20 00:00:00,3,4,4,6,1,3,87,7,0.787,1,4,2.67,NYY,,4.64,1.33,R
Tomoyuki Sugano,2025-09-27 00:00:00,4.1,4,4,5,0,3,73,7,0.787,0,4.37,3,NYY,,4.64,1.33,R
Tom Harrington,2025-04-01 00:00:00,4,6,6,7,4,2,90,5,0.714,0,4,6,TB,,15.58,2.88,R
Tom Harrington,2025-04-07 00:00:00,4,3,3,4,1,5,60,6,0.693,1,4,4.5,STL,,15.58,2.88,R
Tom Harrington,2025-08-01 00:00:00,0.2,6,6,7,2,0,50,116,0.679,0,2.73,5,COL,,15.58,2.88,R
Tony Gonsolin,2025-04-30 00:00:00,6,3,3,6,0,9,77,5,0.708,1,6,3,MIA,,5,1.42,R
Tony Gonsolin,2025-05-06 00:00:00,5,2,2,4,2,8,82,6,0.708,0,5.5,2.5,MIA,,5,1.42,R
Tony Gonsolin,2025-05-11 00:00:00,5,0,0,3,2,4,84,5,0.757,0,5.33,1.67,AZ,,5,1.42,R
Tony Gonsolin,2025-05-18 00:00:00,4,4,4,4,5,3,97,7,0.695,1,4.67,2,LAA,,5,1.42,R
Tony Gonsolin,2025-05-24 00:00:00,5,4,4,7,3,4,88,6,0.753,0,4.67,2.67,NYM,,5,1.42,R
Tony Gonsolin,2025-05-30 00:00:00,6,5,5,6,3,4,91,6,0.787,1,5,4.33,NYY,,5,1.42,R
Tony Gonsolin,2025-06-04 00:00:00,5,2,3,3,3,6,90,5,0.753,1,5.33,3.67,NYM,,5,1.42,R
Travis Adams,2025-07-05 00:00:00,4,5,5,9,0,1,68,5,0.714,1,4,5,TB,,7.49,1.66,R
Travis Adams,2025-07-12 00:00:00,4,1,2,2,1,3,67,7,0.655,1,4,3,PIT,,7.49,1.66,R
Travis Adams,2025-07-18 00:00:00,1,0,0,1,0,2,18,6,0.679,0,3,2,COL,,7.49,1.66,R
Travis Adams,2025-07-27 00:00:00,3.1,5,5,5,2,3,83,9,0.693,1,2.7,2,WSH,,7.49,1.66,R
Travis Adams,2025-08-04 00:00:00,5,2,2,4,0,7,63,8,0.73,0,3.03,2.33,DET,,7.49,1.66,R
Travis Adams,2025-08-08 00:00:00,2.1,2,2,3,1,2,43,4,0.706,1,3.4,3,KC,,7.49,1.66,R
Travis Adams,2025-08-12 00:00:00,2.1,4,4,4,4,2,70,4,0.787,0,3.07,2.67,NYY,,7.49,1.66,R
Travis Adams,2025-08-16 00:00:00,1.1,1,1,2,4,1,47,4,0.73,1,1.77,2.33,DET,,7.49,1.66,R
Travis Adams,2025-09-01 00:00:00,1,0,0,0,0,0,6,16,0.675,1,1.4,1.67,CWS,,7.49,1.66,R
Travis Adams,2025-09-04 00:00:00,1,4,4,3,0,2,31,3,0.675,1,1.03,1.67,CWS,,7.49,1.66,R
Travis Adams,2025-09-08 00:00:00,1.2,0,0,0,2,4,38,4,0.695,0,1.07,1.33,LAA,,7.49,1.66,R
Travis Adams,2025-09-12 00:00:00,1,0,0,1,0,0,17,4,0.757,1,1.07,1.33,AZ,,7.49,1.66,R
Travis Adams,2025-09-15 00:00:00,1,0,0,0,2,1,29,3,0.787,1,1.07,0,NYY,,7.49,1.66,R
Travis Adams,2025-09-17 00:00:00,1,0,0,0,0,1,14,2,0.787,1,1,0,NYY,,7.49,1.66,R
Travis Adams,2025-09-21 00:00:00,1,0,0,0,0,1,14,4,0.67,1,1,0,CLE,,7.49,1.66,R
Travis Adams,2025-09-24 00:00:00,0.2,3,3,3,0,0,16,3,0.684,0,0.73,1,TEX,,7.49,1.66,R
Travis Adams,2025-09-26 00:00:00,1.1,1,1,2,1,1,30,2,0.759,0,0.77,1.33,PHI,,7.49,1.66,R
Travis Adams,2025-09-28 00:00:00,0.2,0,0,0,0,0,9,2,0.759,0,0.5,1.33,PHI,,7.49,1.66,R
Trevor McDonald,2025-09-16 00:00:00,2,2,2,3,1,1,34,5,0.757,0,2,2,AZ,,1.8,1,R
Trevor McDonald,2025-09-21 00:00:00,6,1,1,6,1,3,89,5,0.768,0,4,1.5,LAD,,1.8,1,R
Trevor McDonald,2025-09-26 00:00:00,7,0,3,4,0,10,89,5,0.679,1,5,1,COL,,1.8,1,R
Trevor Rogers,2025-05-24 00:00:00,6.1,0,0,2,0,5,87,5,0.745,0,6.1,0,BOS,,1.81,0.9,L
Trevor Rogers,2025-06-18 00:00:00,2.1,3,3,5,3,4,71,25,0.714,0,4.1,1.5,TB,,1.81,0.9,L
Trevor Rogers,2025-06-23 00:00:00,8,0,0,3,0,4,101,5,0.684,1,5.4,1,TEX,,1.81,0.9,L
Trevor Rogers,2025-06-30 00:00:00,5.1,2,2,3,3,5,91,7,0.684,0,5.07,1.67,TEX,,1.81,0.9,L
Trevor Rogers,2025-07-06 00:00:00,6.2,0,0,4,2,6,88,6,0.72,0,6.43,0.67,ATL,,1.81,0.9,L
Trevor Rogers,2025-07-12 00:00:00,6.2,1,1,2,2,8,99,6,0.708,1,5.83,1,MIA,,1.81,0.9,L
Trevor Rogers,2025-07-20 00:00:00,6,2,2,5,2,3,91,8,0.714,0,6.13,1,TB,,1.81,0.9,L
Trevor Rogers,2025-07-26 00:00:00,7,0,0,1,1,5,96,6,0.679,1,6.4,1,COL,,1.81,0.9,L
Trevor Rogers,2025-08-01 00:00:00,8,1,1,4,0,8,88,6,0.751,0,7,1,CHC,,1.81,0.9,L
Trevor Rogers,2025-08-06 00:00:00,6,1,1,8,2,6,104,5,0.759,0,7,0.67,PHI,,1.81,0.9,L
Trevor Rogers,2025-08-13 00:00:00,7,1,1,4,0,6,95,7,0.74,1,7,1,SEA,,1.81,0.9,L
Trevor Rogers,2025-08-18 00:00:00,7,1,1,4,1,7,98,5,0.745,0,6.67,1,BOS,,1.81,0.9,L
Trevor Rogers,2025-08-24 00:00:00,7,1,1,5,3,9,93,6,0.714,1,7,1,HOU,,1.81,0.9,L
Trevor Rogers,2025-08-30 00:00:00,7,1,1,5,0,5,92,6,0.697,0,7,1,SF,,1.81,0.9,L
Trevor Rogers,2025-09-06 00:00:00,5.1,2,2,8,1,6,96,7,0.768,1,6.37,1.33,LAD,,1.81,0.9,L
Trevor Rogers,2025-09-12 00:00:00,5,0,1,3,4,6,79,6,0.761,0,5.7,1,TOR,,1.81,0.9,L
Trevor Rogers,2025-09-19 00:00:00,6,0,0,1,2,7,106,7,0.787,1,5.37,0.67,NYY,,1.81,0.9,L
Trevor Rogers,2025-09-26 00:00:00,3,6,6,3,3,3,52,7,0.787,0,4.67,2,NYY,,1.81,0.9,L
Trevor Williams,2025-04-01 00:00:00,5,3,3,10,0,3,84,5,0.761,0,5,3,TOR,,6.21,1.54,R
Trevor Williams,2025-04-06 00:00:00,5,3,3,5,2,6,96,5,0.757,1,5,3,AZ,,6.21,1.54,R
Trevor Williams,2025-04-12 00:00:00,4.2,6,6,8,1,2,81,6,0.708,0,4.73,4,MIA,,6.21,1.54,R
Trevor Williams,2025-04-17 00:00:00,5,1,1,3,3,5,90,5,0.655,0,4.73,3.33,PIT,,6.21,1.54,R
Trevor Williams,2025-04-23 00:00:00,5,1,1,6,1,5,99,6,0.699,1,4.73,2.67,BAL,,6.21,1.54,R
Trevor Williams,2025-04-28 00:00:00,5.1,5,5,5,2,5,99,5,0.753,1,5.03,2.33,NYM,,6.21,1.54,R
Trevor Williams,2025-05-03 00:00:00,5.1,4,4,9,2,4,87,5,0.706,0,5.07,3.33,CIN,,6.21,1.54,R
Trevor Williams,2025-05-10 00:00:00,6,4,4,7,1,4,96,7,0.693,1,5.4,4.33,STL,,6.21,1.54,R
Trevor Williams,2025-05-15 00:00:00,4.1,3,4,5,0,4,77,5,0.72,0,5.07,3.67,ATL,,6.21,1.54,R
Trevor Williams,2025-05-22 00:00:00,3.2,5,5,4,3,3,82,7,0.72,1,4.43,4,ATL,,6.21,1.54,R
Trevor Williams,2025-05-28 00:00:00,6,0,0,3,0,2,77,6,0.74,0,4.43,2.67,SEA,,6.21,1.54,R
Trevor Williams,2025-06-03 00:00:00,4.1,5,5,5,1,4,76,6,0.751,1,4.43,3.33,CHC,,6.21,1.54,R
Trevor Williams,2025-06-08 00:00:00,4.1,2,3,6,0,2,81,5,0.684,1,4.73,2.33,TEX,,6.21,1.54,R
Trevor Williams,2025-06-14 00:00:00,5.1,2,2,6,1,3,80,6,0.708,1,4.43,3,MIA,,6.21,1.54,R
Trevor Williams,2025-06-19 00:00:00,5.1,2,2,8,1,6,87,5,0.679,1,4.77,2,COL,,6.21,1.54,R
Trevor Williams,2025-06-24 00:00:00,5,4,4,7,2,3,70,5,0.711,0,5.07,2.67,SD,,6.21,1.54,R
Trevor Williams,2025-07-02 00:00:00,3,7,7,9,1,4,86,8,0.73,1,4.37,4.33,DET,,6.21,1.54,R
Trey Yesavage,2025-09-15 00:00:00,5,1,1,3,2,9,69,5,0.714,0,5,1,TB,,3.21,1.43,R
Trey Yesavage,2025-09-21 00:00:00,4,4,4,5,3,2,76,6,0.706,0,4.5,2.5,KC,,3.21,1.43,R
Trey Yesavage,2025-09-27 00:00:00,5,0,0,5,2,5,94,6,0.714,1,4.67,1.67,TB,,3.21,1.43,R
Trey Yesavage,2025-10-05 00:00:00,5.1,0,0,0,1,11,78,8,0.787,1,4.7,1.33,NYY,,3.21,1.43,R
Trey Yesavage,2025-10-13 00:00:00,4,5,5,4,3,4,70,8,0.74,1,4.7,1.67,SEA,,3.21,1.43,R
Trey Yesavage,2025-10-19 00:00:00,5.2,2,2,6,3,7,87,6,0.74,1,4.77,2.33,SEA,,3.21,1.43,R
Trey Yesavage,2025-10-24 00:00:00,4,2,2,4,3,5,80,5,0.768,1,4.4,3,LAD,,3.21,1.43,R
Trey Yesavage,2025-10-29 00:00:00,7,1,1,3,0,12,104,5,0.768,0,5.4,1.67,LAD,,3.21,1.43,R
Trey Yesavage,2025-11-01 00:00:00,1.2,1,1,1,1,0,21,3,0.768,1,4.07,1.33,LAD,,3.21,1.43,R
Tristan Beck,2025-05-24 00:00:00,3,1,1,2,0,2,38,5,0.693,0,3,1,WSH,,4.61,1.11,R
Tristan Beck,2025-05-27 00:00:00,2,0,0,0,0,3,23,3,0.73,0,2.5,0.5,DET,,4.61,1.11,R
Tristan Beck,2025-05-30 00:00:00,0.2,0,0,0,2,1,22,3,0.708,0,1.73,0.33,MIA,,4.61,1.11,R
Tristan Beck,2025-06-06 00:00:00,1.1,0,0,1,1,0,20,7,0.72,1,1.1,0,ATL,,4.61,1.11,R
Tristan Beck,2025-06-11 00:00:00,3,2,2,3,0,1,34,5,0.679,0,1.43,0.67,COL,,4.61,1.11,R
Tristan Beck,2025-06-14 00:00:00,2,3,3,3,3,0,48,3,0.768,0,2.03,1.67,LAD,,4.61,1.11,R
Tristan Beck,2025-07-08 00:00:00,1,0,0,2,0,0,15,24,0.759,1,2,1.67,PHI,,4.61,1.11,R
Tristan Beck,2025-07-09 00:00:00,0.1,6,6,5,1,0,23,1,0.759,1,1.03,3,PHI,,4.61,1.11,R
Tristan Beck,2025-07-18 00:00:00,4.1,0,0,1,0,2,46,9,0.761,0,1.73,2,TOR,,4.61,1.11,R
Tristan Beck,2025-07-21 00:00:00,1.1,0,0,0,0,2,19,3,0.72,0,1.77,2,ATL,,4.61,1.11,R
Tristan Beck,2025-07-25 00:00:00,2,0,0,0,1,2,30,4,0.753,1,2.4,0,NYM,,4.61,1.11,R
Tristan Beck,2025-07-27 00:00:00,1,0,0,1,0,0,12,2,0.753,1,1.37,0,NYM,,4.61,1.11,R
Tristan Beck,2025-07-29 00:00:00,1,0,0,0,0,1,9,2,0.655,1,1.33,0,PIT,,4.61,1.11,R
Tristan Beck,2025-07-30 00:00:00,1.1,0,0,0,1,0,17,1,0.655,1,1.03,0,PIT,,4.61,1.11,R
Tristan Beck,2025-08-02 00:00:00,2,5,5,4,1,1,44,3,0.753,0,1.37,1.67,NYM,,4.61,1.11,R
Tristan Beck,2025-08-05 00:00:00,1,0,0,0,0,1,8,3,0.655,0,1.37,1.67,PIT,,4.61,1.11,R
Tristan Beck,2025-08-08 00:00:00,1,0,0,0,0,0,8,3,0.693,1,1.33,1.67,WSH,,4.61,1.11,R
Tristan Beck,2025-08-11 00:00:00,1,0,0,1,0,1,19,3,0.711,1,1,0,SD,,4.61,1.11,R
Tristan Beck,2025-08-13 00:00:00,2,1,1,3,0,1,32,2,0.711,1,1.33,0.33,SD,,4.61,1.11,R
Tristan Beck,2025-08-17 00:00:00,1,1,1,2,1,0,21,4,0.714,1,1.33,0.67,TB,,4.61,1.11,R
Tristan Beck,2025-08-20 00:00:00,4,1,1,2,1,4,53,3,0.711,0,2.33,1,SD,,4.61,1.11,R
Tristan Beck,2025-08-27 00:00:00,1,0,0,0,0,2,15,7,0.751,1,2,0.67,CHC,,4.61,1.11,R
Tristan Beck,2025-08-30 00:00:00,3.2,4,4,5,1,6,63,3,0.699,1,2.73,1.67,BAL,,4.61,1.11,R
Tristan Beck,2025-09-05 00:00:00,3,1,1,2,0,3,42,6,0.693,0,2.4,1.67,STL,,4.61,1.11,R
Tristan Beck,2025-09-08 00:00:00,2,1,1,2,0,2,21,3,0.757,1,2.73,2,AZ,,4.61,1.11,R
Tristan Beck,2025-09-13 00:00:00,2,0,0,0,1,1,28,5,0.768,1,2.33,0.67,LAD,,4.61,1.11,R
Tristan Beck,2025-09-16 00:00:00,3,3,3,5,0,1,42,3,0.757,0,2.33,1.33,AZ,,4.61,1.11,R
Tristan Beck,2025-09-22 00:00:00,2.2,0,0,1,1,3,33,6,0.693,1,2.4,1,STL,,4.61,1.11,R
Tristan Beck,2025-09-24 00:00:00,1,0,0,1,0,0,11,2,0.693,1,2.07,1,STL,,4.61,1.11,R
Tristan Beck,2025-09-27 00:00:00,1,0,0,0,0,0,7,3,0.679,1,1.4,0,COL,,4.61,1.11,R
Tristan Beck,2025-09-28 00:00:00,1,0,0,1,1,1,14,1,0.679,1,1,0,COL,,4.61,1.11,R
Troy Melton,2025-07-23 00:00:00,5,6,6,7,2,7,90,5,0.655,0,5,6,PIT,,2.76,1.01,R
Troy Melton,2025-07-28 00:00:00,7,0,0,5,0,5,87,5,0.757,1,6,3,AZ,,2.76,1.01,R
Troy Melton,2025-08-05 00:00:00,2,0,0,0,2,1,37,8,0.708,1,4.67,2,MIN,,2.76,1.01,R
Troy Melton,2025-08-08 00:00:00,3.1,1,1,2,0,2,46,3,0.695,1,4.03,0.33,LAA,,2.76,1.01,R
Troy Melton,2025-08-13 00:00:00,5,0,0,1,0,6,56,5,0.675,0,3.37,0.33,CWS,,2.76,1.01,R
Troy Melton,2025-08-18 00:00:00,1,0,0,0,0,1,9,5,0.714,1,3.03,0.33,HOU,,2.76,1.01,R
Troy Melton,2025-08-23 00:00:00,1.1,1,1,2,1,1,28,5,0.706,1,2.37,0.33,KC,,2.76,1.01,R
Troy Melton,2025-08-26 00:00:00,3,0,0,1,0,1,29,3,0.749,0,1.7,0.33,ATH,,2.76,1.01,R
Troy Melton,2025-08-29 00:00:00,1.2,0,0,3,0,1,24,3,0.706,0,1.77,0.33,KC,,2.76,1.01,R
Troy Melton,2025-09-01 00:00:00,2.2,0,1,1,2,3,46,3,0.753,1,2.13,0,NYM,,2.76,1.01,R
Troy Melton,2025-09-07 00:00:00,2,1,1,1,4,1,44,6,0.675,1,1.8,0.33,CWS,,2.76,1.01,R
Troy Melton,2025-09-10 00:00:00,2,1,1,2,1,4,31,3,0.787,0,2.07,0.67,NYY,,2.76,1.01,R
Troy Melton,2025-09-13 00:00:00,3,1,1,2,0,1,32,3,0.708,0,2.33,1,MIA,,2.76,1.01,R
Troy Melton,2025-09-18 00:00:00,1.2,2,2,2,1,1,27,5,0.67,1,2.07,1.33,CLE,,2.76,1.01,R
Troy Melton,2025-09-20 00:00:00,1.1,0,0,0,0,0,21,2,0.72,1,1.77,1,ATL,,2.76,1.01,R
Troy Melton,2025-09-25 00:00:00,3.2,1,1,2,2,1,49,5,0.67,0,1.83,1,CLE,,2.76,1.01,R
Troy Melton,2025-10-01 00:00:00,0.1,4,4,3,1,0,14,6,0.67,0,1.47,1.67,CLE,,2.76,1.01,R
Troy Melton,2025-10-04 00:00:00,4,1,1,2,1,4,57,3,0.74,0,2.43,2,SEA,,2.76,1.01,R
Troy Melton,2025-10-08 00:00:00,3,0,0,2,1,3,35,4,0.74,1,2.37,1.67,SEA,,2.76,1.01,R
Troy Melton,2025-10-10 00:00:00,1,0,0,1,1,1,17,2,0.74,0,2.67,0.33,SEA,,2.76,1.01,R
Tyler Alexander,2025-03-27 00:00:00,1,0,0,1,0,1,16,5,0.787,0,1,0,NYY,,4.98,1.4,L
Tyler Alexander,2025-03-30 00:00:00,2.1,2,2,1,2,2,47,3,0.787,0,1.55,1,NYY,,4.98,1.4,L
Tyler Alexander,2025-04-04 00:00:00,5.2,0,0,0,3,6,83,5,0.706,1,2.77,0.67,CIN,,4.98,1.4,L
Tyler Alexander,2025-04-09 00:00:00,3.2,2,2,6,2,3,79,5,0.679,0,3.5,1.33,COL,,4.98,1.4,L
Tyler Alexander,2025-04-14 00:00:00,4,4,8,6,3,2,81,5,0.73,1,4.13,2,DET,,4.98,1.4,L
Tyler Alexander,2025-04-20 00:00:00,3,0,0,1,0,5,42,6,0.749,1,3.4,2,ATH,,4.98,1.4,L
Tyler Alexander,2025-04-24 00:00:00,0.1,2,2,1,1,0,22,4,0.697,0,2.37,2,SF,,4.98,1.4,L
Tyler Alexander,2025-04-25 00:00:00,1,1,1,3,0,0,14,1,0.693,0,1.37,1,STL,,4.98,1.4,L
Tyler Alexander,2025-04-30 00:00:00,2.2,1,1,1,0,1,29,5,0.675,0,1.1,1.33,CWS,,4.98,1.4,L
Tyler Alexander,2025-05-02 00:00:00,0.2,2,2,3,0,1,19,2,0.751,1,1.13,1.33,CHC,,4.98,1.4,L
Tyler Alexander,2025-05-07 00:00:00,0.2,0,0,0,0,0,3,5,0.714,1,0.87,1,HOU,,4.98,1.4,L
Tyler Alexander,2025-05-10 00:00:00,1,0,0,0,1,1,13,3,0.714,0,0.47,0.67,TB,,4.98,1.4,L
Tyler Alexander,2025-05-11 00:00:00,1.2,0,0,0,0,0,14,1,0.714,0,0.8,0,TB,,4.98,1.4,L
Tyler Alexander,2025-05-13 00:00:00,0.1,0,0,2,0,1,8,2,0.67,0,0.77,0,CLE,,4.98,1.4,L
Tyler Alexander,2025-05-16 00:00:00,2,0,0,0,0,2,27,3,0.708,1,1.1,0,MIN,,4.98,1.4,L
Tyler Alexander,2025-05-17 00:00:00,1,1,1,3,0,1,24,1,0.708,1,1.03,0.33,MIN,,4.98,1.4,L
Tyler Alexander,2025-05-20 00:00:00,1.2,1,1,3,0,2,33,3,0.699,1,1.4,0.67,BAL,,4.98,1.4,L
Tyler Alexander,2025-05-21 00:00:00,1,3,4,3,0,0,18,1,0.699,1,1.07,1.67,BAL,,4.98,1.4,L
Tyler Alexander,2025-05-24 00:00:00,0.2,1,1,2,0,0,13,3,0.655,0,0.8,1.67,PIT,,4.98,1.4,L
Tyler Alexander,2025-05-28 00:00:00,1,0,1,1,0,2,21,4,0.745,1,0.73,1.33,BOS,,4.98,1.4,L
Tyler Alexander,2025-05-31 00:00:00,1,5,5,5,0,0,19,3,0.759,0,0.73,2,PHI,,4.98,1.4,L
Tyler Alexander,2025-06-08 00:00:00,3,1,1,5,1,2,45,8,0.706,1,1.67,2,KC,,4.98,1.4,L
Tyler Alexander,2025-06-14 00:00:00,3,0,1,2,3,3,56,6,0.684,0,2.33,2,TEX,,4.98,1.4,L
Tyler Alexander,2025-06-17 00:00:00,1.2,2,2,3,0,0,17,3,0.693,1,2.4,1,STL,,4.98,1.4,L
Tyler Alexander,2025-06-20 00:00:00,4,0,0,4,0,2,49,3,0.761,0,2.73,0.67,TOR,,4.98,1.4,L
Tyler Alexander,2025-06-25 00:00:00,1,0,0,1,1,0,15,5,0.757,1,2.07,0.67,AZ,,4.98,1.4,L
Tyler Alexander,2025-06-27 00:00:00,3,2,2,3,2,2,54,2,0.697,1,2.67,0.67,SF,,4.98,1.4,L
Tyler Alexander,2025-07-01 00:00:00,2.1,0,0,0,0,3,29,4,0.768,0,2.03,0.67,LAD,,4.98,1.4,L
Tyler Alexander,2025-07-07 00:00:00,3,0,0,0,0,2,36,6,0.761,1,2.7,0.67,TOR,,4.98,1.4,L
Tyler Alexander,2025-07-11 00:00:00,3.1,2,2,2,0,3,50,4,0.67,1,2.73,0.67,CLE,,4.98,1.4,L
Tyler Alexander,2025-07-18 00:00:00,1,0,0,0,1,1,15,7,0.655,0,2.37,0.67,PIT,,4.98,1.4,L
Tyler Alexander,2025-07-22 00:00:00,2,0,0,2,0,4,32,4,0.714,0,2.03,0.67,TB,,4.98,1.4,L
Tyler Alexander,2025-07-26 00:00:00,1,0,0,1,0,1,13,4,0.751,1,1.33,0,CHC,,4.98,1.4,L
Tyler Alexander,2025-07-27 00:00:00,1.1,0,0,0,1,1,19,1,0.751,1,1.37,0,CHC,,4.98,1.4,L
Tyler Alexander,2025-07-30 00:00:00,3.1,2,2,3,1,3,49,3,0.759,1,1.73,0.67,PHI,,4.98,1.4,L
Tyler Alexander,2025-08-03 00:00:00,0,3,3,2,1,0,11,4,0.695,0,1.4,1.67,LAA,,4.98,1.4,L
Tyler Alexander,2025-08-06 00:00:00,4.1,0,0,1,1,5,67,3,0.74,0,2.4,1.67,SEA,,4.98,1.4,L
Tyler Alexander,2025-08-11 00:00:00,4.1,0,0,2,1,5,65,5,0.73,1,2.73,1,DET,,4.98,1.4,L
Tyler Alexander,2025-08-16 00:00:00,2.1,3,3,5,1,4,51,5,0.706,0,3.43,1,KC,,4.98,1.4,L
Tyler Alexander,2025-08-19 00:00:00,0.2,2,2,2,2,0,16,3,0.72,0,2.13,1.67,ATL,,4.98,1.4,L
Tyler Alexander,2025-08-23 00:00:00,3,1,1,2,0,0,34,4,0.708,1,1.77,2,MIN,,4.98,1.4,L
Tyler Alexander,2025-08-26 00:00:00,0,0,0,2,0,0,7,3,0.706,1,1.07,1,KC,,4.98,1.4,L
Tyler Alexander,2025-08-28 00:00:00,2.1,2,2,4,0,2,32,2,0.787,1,1.7,1,NYY,,4.98,1.4,L
Tyler Alexander,2025-08-30 00:00:00,1,2,3,3,1,0,11,2,0.787,1,1.03,1.33,NYY,,4.98,1.4,L
Tyler Alexander,2025-09-01 00:00:00,1.2,1,1,2,0,1,20,2,0.708,0,1.43,1.67,MIN,,4.98,1.4,L
Tyler Alexander,2025-09-04 00:00:00,2,2,2,5,0,1,41,3,0.708,0,1.4,1.67,MIN,,4.98,1.4,L
Tyler Alexander,2025-09-09 00:00:00,1.1,1,1,1,0,2,18,5,0.714,1,1.43,1.33,TB,,4.98,1.4,L
Tyler Alexander,2025-09-11 00:00:00,1,1,1,2,1,1,27,2,0.714,1,1.37,1.33,TB,,4.98,1.4,L
Tyler Alexander,2025-09-15 00:00:00,0.1,2,2,3,0,0,23,4,0.699,1,0.73,1.33,BAL,,4.98,1.4,L
Tyler Alexander,2025-09-16 00:00:00,1,0,0,1,0,1,12,1,0.699,1,0.7,1,BAL,,4.98,1.4,L
Tyler Alexander,2025-09-24 00:00:00,2,0,0,2,0,2,29,8,0.787,0,1.03,0.67,NYY,,4.98,1.4,L
Tyler Alexander,2025-09-28 00:00:00,1,0,0,0,0,1,17,4,0.693,0,1.33,0,WSH,,4.98,1.4,L
Tyler Anderson,2025-03-31 00:00:00,5,3,3,6,2,4,91,5,0.693,0,5,3,STL,,4.56,1.41,L
Tyler Anderson,2025-04-06 00:00:00,5,2,2,1,4,5,81,6,0.67,1,5,2.5,CLE,,4.56,1.41,L
Tyler Anderson,2025-04-12 00:00:00,5.2,0,0,1,4,6,95,6,0.714,0,5.07,1.67,HOU,,4.56,1.41,L
Tyler Anderson,2025-04-18 00:00:00,6,0,0,3,2,6,96,6,0.697,1,5.4,0.67,SF,,4.56,1.41,L
Tyler Anderson,2025-04-24 00:00:00,6,3,3,6,0,1,89,6,0.655,1,5.73,1,PIT,,4.56,1.41,L
Tyler Anderson,2025-04-30 00:00:00,6,2,3,4,2,5,96,6,0.74,0,6,1.67,SEA,,4.56,1.41,L
Tyler Anderson,2025-05-06 00:00:00,6.2,2,2,6,1,7,93,6,0.761,1,6.07,2.33,TOR,,4.56,1.41,L
Tyler Anderson,2025-05-11 00:00:00,5,1,3,4,2,5,94,5,0.699,1,5.73,1.67,BAL,,4.56,1.41,L
Tyler Anderson,2025-05-17 00:00:00,5,4,4,7,0,4,104,6,0.768,0,5.4,2.33,LAD,,4.56,1.41,L
Tyler Anderson,2025-05-22 00:00:00,4.2,5,5,7,6,0,99,5,0.749,0,4.73,3.33,ATH,,4.56,1.41,L
Tyler Anderson,2025-05-27 00:00:00,6,1,2,5,1,3,97,5,0.787,1,5.07,3.33,NYY,,4.56,1.41,L
Tyler Anderson,2025-06-02 00:00:00,4.1,5,5,7,2,5,93,6,0.745,0,4.77,3.67,BOS,,4.56,1.41,L
Tyler Anderson,2025-06-08 00:00:00,4.2,3,3,8,1,6,94,6,0.74,1,4.77,3,SEA,,4.56,1.41,L
Tyler Anderson,2025-06-14 00:00:00,5,6,6,9,2,4,91,6,0.699,0,4.43,4.67,BAL,,4.56,1.41,L
Tyler Anderson,2025-06-19 00:00:00,6,4,4,8,2,4,97,5,0.787,0,5.07,4.33,NYY,,4.56,1.41,L
Tyler Anderson,2025-06-24 00:00:00,4.2,1,1,2,2,5,82,5,0.745,1,5.07,3.67,BOS,,4.56,1.41,L
Tyler Anderson,2025-07-01 00:00:00,6,0,0,4,2,7,87,7,0.72,0,5.4,1.67,ATL,,4.56,1.41,L
Tyler Anderson,2025-07-06 00:00:00,5,3,3,8,2,2,91,5,0.761,0,5.07,1.33,TOR,,4.56,1.41,L
Tyler Anderson,2025-07-11 00:00:00,5,4,4,8,2,3,84,5,0.757,1,5.33,2.33,AZ,,4.56,1.41,L
Tyler Anderson,2025-07-21 00:00:00,6,4,4,4,5,4,87,10,0.753,0,5.33,3.67,NYM,,4.56,1.41,L
Tyler Anderson,2025-07-26 00:00:00,4.2,2,2,6,0,1,88,5,0.74,1,5.07,3.33,SEA,,4.56,1.41,L
Tyler Anderson,2025-08-01 00:00:00,6,4,4,5,2,5,88,6,0.675,1,5.4,3.33,CWS,,4.56,1.41,L
Tyler Anderson,2025-08-06 00:00:00,4,4,4,5,1,5,69,5,0.714,1,4.73,3.33,TB,,4.56,1.41,L
Tyler Anderson,2025-08-16 00:00:00,4,4,4,3,5,1,85,10,0.749,0,4.67,4,ATH,,4.56,1.41,L
Tyler Anderson,2025-08-22 00:00:00,5,2,2,3,2,5,82,6,0.751,1,4.33,3.33,CHC,,4.56,1.41,L
Tyler Anderson,2025-08-29 00:00:00,5,0,0,5,3,1,86,7,0.714,0,4.67,2,HOU,,4.56,1.41,L
Tyler Gilbert,2025-04-08 00:00:00,1.2,0,0,0,1,3,28,5,0.67,0,1.2,0,CLE,,3.88,1.25,L
Tyler Gilbert,2025-04-12 00:00:00,0.1,0,0,0,0,0,2,4,0.745,1,0.65,0,BOS,,3.88,1.25,L
Tyler Gilbert,2025-04-13 00:00:00,0.1,0,0,0,0,0,3,1,0.745,1,0.47,0,BOS,,3.88,1.25,L
Tyler Gilbert,2025-04-16 00:00:00,1,2,2,2,0,0,17,3,0.749,1,0.4,0.67,ATH,,3.88,1.25,L
Tyler Gilbert,2025-04-18 00:00:00,1.1,3,3,1,2,2,29,2,0.745,0,0.73,1.67,BOS,,3.88,1.25,L
Tyler Gilbert,2025-04-21 00:00:00,1,0,0,2,0,3,23,3,0.745,0,1.03,1.67,BOS,,3.88,1.25,L
Tyler Gilbert,2025-04-25 00:00:00,1,0,0,1,0,2,13,4,0.749,0,1.03,1,ATH,,3.88,1.25,L
Tyler Gilbert,2025-04-26 00:00:00,1,0,0,0,1,1,17,1,0.749,0,1,0,ATH,,3.88,1.25,L
Tyler Gilbert,2025-04-29 00:00:00,2,1,1,1,1,3,36,3,0.736,1,1.33,0.33,MIL,,3.88,1.25,L
Tyler Gilbert,2025-05-07 00:00:00,1.1,0,0,0,0,1,13,8,0.706,0,1.37,0.33,KC,,3.88,1.25,L
Tyler Gilbert,2025-05-10 00:00:00,0.2,0,0,0,2,0,22,3,0.708,1,1.1,0.33,MIA,,3.88,1.25,L
Tyler Gilbert,2025-05-11 00:00:00,1,0,0,0,0,0,12,1,0.708,1,0.77,0,MIA,,3.88,1.25,L
Tyler Gilbert,2025-05-16 00:00:00,0.1,1,1,1,0,1,11,5,0.751,0,0.43,0.33,CHC,,3.88,1.25,L
Tyler Gilbert,2025-06-13 00:00:00,2,0,0,1,0,1,32,28,0.684,0,1.03,0.33,TEX,,3.88,1.25,L
Tyler Gilbert,2025-06-19 00:00:00,1.1,0,0,1,0,1,20,6,0.693,1,1.07,0.33,STL,,3.88,1.25,L
Tyler Gilbert,2025-06-20 00:00:00,1,0,0,1,0,1,13,1,0.761,0,1.37,0,TOR,,3.88,1.25,L
Tyler Gilbert,2025-06-23 00:00:00,2,0,0,1,1,1,24,3,0.757,1,1.37,0,AZ,,3.88,1.25,L
Tyler Gilbert,2025-06-27 00:00:00,1,0,0,0,0,1,13,4,0.697,1,1.33,0,SF,,3.88,1.25,L
Tyler Gilbert,2025-06-29 00:00:00,1,0,0,1,1,2,22,2,0.697,1,1.33,0,SF,,3.88,1.25,L
Tyler Gilbert,2025-07-03 00:00:00,1.2,1,1,2,0,2,23,4,0.768,0,1.07,0.33,LAD,,3.88,1.25,L
Tyler Gilbert,2025-07-08 00:00:00,2,1,1,3,2,1,34,5,0.761,1,1.4,0.67,TOR,,3.88,1.25,L
Tyler Gilbert,2025-07-11 00:00:00,0.1,0,0,0,0,0,8,3,0.67,1,1.1,0.67,CLE,,3.88,1.25,L
Tyler Gilbert,2025-07-12 00:00:00,2,1,1,1,1,1,29,1,0.67,1,1.37,0.67,CLE,,3.88,1.25,L
Tyler Gilbert,2025-07-19 00:00:00,0.2,0,0,0,1,1,6,7,0.655,0,0.77,0.33,PIT,,3.88,1.25,L
Tyler Gilbert,2025-07-21 00:00:00,0.2,0,0,0,1,2,11,2,0.714,0,0.8,0.33,TB,,3.88,1.25,L
Tyler Gilbert,2025-07-23 00:00:00,0.2,0,0,0,1,0,10,2,0.714,0,0.2,0,TB,,3.88,1.25,L
Tyler Gilbert,2025-07-25 00:00:00,1.1,0,0,0,0,0,15,2,0.751,1,0.5,0,CHC,,3.88,1.25,L
Tyler Gilbert,2025-07-26 00:00:00,1,1,1,1,0,0,13,1,0.751,1,0.77,0.33,CHC,,3.88,1.25,L
Tyler Gilbert,2025-07-29 00:00:00,1,0,0,1,1,1,20,3,0.759,1,1.03,0.33,PHI,,3.88,1.25,L
Tyler Gilbert,2025-08-05 00:00:00,1,0,0,0,1,0,15,7,0.74,0,1,0.33,SEA,,3.88,1.25,L
Tyler Gilbert,2025-08-07 00:00:00,1,0,1,0,0,1,17,2,0.74,0,1,0,SEA,,3.88,1.25,L
Tyler Gilbert,2025-08-09 00:00:00,1.2,0,0,0,2,0,26,2,0.67,1,1.07,0,CLE,,3.88,1.25,L
Tyler Gilbert,2025-08-12 00:00:00,1,2,2,3,0,1,29,3,0.73,1,1.07,0.67,DET,,3.88,1.25,L
Tyler Gilbert,2025-08-19 00:00:00,0.1,2,3,2,0,0,10,7,0.72,0,0.77,1.33,ATL,,3.88,1.25,L
Tyler Gilbert,2025-08-22 00:00:00,1,0,0,1,0,1,14,3,0.708,1,0.7,1.33,MIN,,3.88,1.25,L
Tyler Gilbert,2025-08-25 00:00:00,2,0,0,1,0,1,22,3,0.706,1,1.03,0.67,KC,,3.88,1.25,L
Tyler Gilbert,2025-08-27 00:00:00,0.1,6,6,6,1,0,22,2,0.706,1,1.03,2,KC,,3.88,1.25,L
Tyler Gilbert,2025-09-05 00:00:00,1.2,0,0,2,1,3,42,9,0.73,0,1.1,2,DET,,3.88,1.25,L
Tyler Gilbert,2025-09-10 00:00:00,0.1,0,0,0,0,1,6,5,0.714,1,0.47,2,TB,,3.88,1.25,L
Tyler Gilbert,2025-09-11 00:00:00,0.1,0,0,0,0,1,4,1,0.714,1,0.47,0,TB,,3.88,1.25,L
Tyler Gilbert,2025-09-13 00:00:00,2,0,0,0,0,2,23,2,0.67,0,0.73,0,CLE,,3.88,1.25,L
Tyler Gilbert,2025-09-15 00:00:00,1,0,0,0,0,1,10,2,0.699,1,1.03,0,BAL,,3.88,1.25,L
Tyler Gilbert,2025-09-17 00:00:00,0.1,0,0,0,0,1,4,2,0.699,1,1.03,0,BAL,,3.88,1.25,L
Tyler Gilbert,2025-09-23 00:00:00,1,0,0,1,0,2,9,6,0.787,0,0.7,0,NYY,,3.88,1.25,L
Tyler Gilbert,2025-09-25 00:00:00,1.2,1,1,1,3,2,39,2,0.787,0,0.77,0.33,NYY,,3.88,1.25,L
Tyler Gilbert,2025-09-27 00:00:00,1.2,0,0,2,0,1,27,2,0.693,0,1.13,0.33,WSH,,3.88,1.25,L
Tyler Glasnow,2025-03-31 00:00:00,5,0,0,2,3,8,79,5,0.72,1,5,0,ATL,,3.19,1.1,R
Tyler Glasnow,2025-04-06 00:00:00,2,5,5,2,5,2,60,6,0.759,0,3.5,2.5,PHI,,3.19,1.1,R
Tyler Glasnow,2025-04-13 00:00:00,6,2,2,3,1,7,98,7,0.751,1,4.33,2.33,CHC,,3.19,1.1,R
Tyler Glasnow,2025-04-20 00:00:00,4,0,0,3,1,6,51,7,0.684,0,4,2.33,TEX,,3.19,1.1,R
Tyler Glasnow,2025-04-27 00:00:00,1,2,2,2,1,0,17,7,0.655,1,3.67,1.33,PIT,,3.19,1.1,R
Tyler Glasnow,2025-07-09 00:00:00,5,0,1,2,3,5,85,73,0.736,0,3.33,0.67,MIL,,3.19,1.1,R
Tyler Glasnow,2025-07-18 00:00:00,6,1,1,4,1,6,88,9,0.736,1,4,1,MIL,,3.19,1.1,R
Tyler Glasnow,2025-07-23 00:00:00,7,1,1,3,1,12,106,5,0.708,1,6,0.67,MIN,,3.19,1.1,R
Tyler Glasnow,2025-07-29 00:00:00,4,4,4,4,5,3,84,6,0.706,0,5.67,2,CIN,,3.19,1.1,R
Tyler Glasnow,2025-08-04 00:00:00,7,1,1,3,2,7,101,6,0.693,1,6,2,STL,,3.19,1.1,R
Tyler Glasnow,2025-08-10 00:00:00,5.2,2,2,4,4,8,86,6,0.761,1,5.4,2.33,TOR,,3.19,1.1,R
Tyler Glasnow,2025-08-17 00:00:00,5,2,2,6,1,8,91,7,0.711,1,5.73,1.67,SD,,3.19,1.1,R
Tyler Glasnow,2025-08-23 00:00:00,4,3,3,2,4,3,83,6,0.711,0,4.73,2.33,SD,,3.19,1.1,R
Tyler Glasnow,2025-08-30 00:00:00,7,3,3,4,0,6,100,7,0.757,1,5.33,2.67,AZ,,3.19,1.1,R
Tyler Glasnow,2025-09-08 00:00:00,7,1,1,0,2,11,105,9,0.679,1,6,2.33,COL,,3.19,1.1,R
Tyler Glasnow,2025-09-14 00:00:00,6.2,1,1,3,4,4,108,6,0.697,0,6.73,1.67,SF,,3.19,1.1,R
Tyler Glasnow,2025-09-20 00:00:00,5,4,4,6,4,7,101,6,0.697,1,6.07,2,SF,,3.19,1.1,R
Tyler Glasnow,2025-09-27 00:00:00,3,0,0,3,1,3,36,7,0.74,0,4.73,1.67,SEA,,3.19,1.1,R
Tyler Glasnow,2025-10-04 00:00:00,1.2,0,0,2,2,2,34,7,0.759,0,3.07,1.33,PHI,,3.19,1.1,R
Tyler Glasnow,2025-10-09 00:00:00,6,0,0,2,3,8,83,5,0.759,1,3.4,0,PHI,,3.19,1.1,R
Tyler Glasnow,2025-10-16 00:00:00,5.2,1,1,3,3,8,99,7,0.736,1,4.13,0.33,MIL,,3.19,1.1,R
Tyler Glasnow,2025-10-27 00:00:00,4.2,2,4,5,3,5,85,11,0.761,1,5.13,1,TOR,,3.19,1.1,R
Tyler Glasnow,2025-10-31 00:00:00,1,0,0,0,0,0,3,4,0.761,0,3.47,1,TOR,,3.19,1.1,R
Tyler Glasnow,2025-11-01 00:00:00,2.1,1,1,3,0,2,38,1,0.761,0,2.43,1,TOR,,3.19,1.1,R
Tyler Holton,2025-03-28 00:00:00,1.1,0,0,0,0,1,16,5,0.768,0,1.1,0,LAD,,3.66,1.04,L
Tyler Holton,2025-03-31 00:00:00,1,0,0,0,2,1,25,3,0.74,0,1.05,0,SEA,,3.66,1.04,L
Tyler Holton,2025-04-04 00:00:00,1.1,0,0,0,0,2,16,4,0.675,1,1.07,0,CWS,,3.66,1.04,L
Tyler Holton,2025-04-07 00:00:00,1,0,0,1,0,0,13,3,0.787,1,1.03,0,NYY,,3.66,1.04,L
Tyler Holton,2025-04-09 00:00:00,1.2,2,2,3,0,2,31,2,0.787,1,1.1,0.67,NYY,,3.66,1.04,L
Tyler Holton,2025-04-12 00:00:00,1,0,0,1,0,1,18,3,0.708,0,1.07,0.67,MIN,,3.66,1.04,L
Tyler Holton,2025-04-15 00:00:00,1,0,0,1,0,1,20,3,0.736,0,1.07,0.67,MIL,,3.66,1.04,L
Tyler Holton,2025-04-17 00:00:00,1,0,0,1,1,1,15,2,0.706,1,1,0,KC,,3.66,1.04,L
Tyler Holton,2025-04-18 00:00:00,0.1,0,0,0,0,0,3,1,0.706,1,0.7,0,KC,,3.66,1.04,L
Tyler Holton,2025-04-20 00:00:00,2,0,1,0,0,3,28,2,0.706,1,1.03,0,KC,,3.66,1.04,L
Tyler Holton,2025-04-26 00:00:00,1,2,2,3,1,2,29,6,0.699,1,1.03,0.67,BAL,,3.66,1.04,L
Tyler Holton,2025-04-28 00:00:00,1,0,0,1,0,0,9,2,0.714,0,1.33,0.67,HOU,,3.66,1.04,L
Tyler Holton,2025-04-30 00:00:00,1.2,1,1,3,1,1,35,2,0.714,0,1.07,1,HOU,,3.66,1.04,L
Tyler Holton,2025-05-02 00:00:00,1,0,0,0,0,1,13,2,0.695,0,1.07,0.33,LAA,,3.66,1.04,L
Tyler Holton,2025-05-10 00:00:00,1,1,1,2,0,1,20,8,0.684,1,1.07,0.67,TEX,,3.66,1.04,L
Tyler Holton,2025-05-13 00:00:00,1.2,1,1,1,0,2,22,3,0.745,1,1.07,0.67,BOS,,3.66,1.04,L
Tyler Holton,2025-05-14 00:00:00,0,0,0,2,1,0,16,1,0.745,1,0.73,0.67,BOS,,3.66,1.04,L
Tyler Holton,2025-05-17 00:00:00,1,1,1,0,1,0,11,3,0.761,0,0.73,0.67,TOR,,3.66,1.04,L
Tyler Holton,2025-05-20 00:00:00,1,1,1,1,0,0,9,3,0.693,0,0.67,0.67,STL,,3.66,1.04,L
Tyler Holton,2025-05-21 00:00:00,0.2,0,0,1,0,1,11,1,0.693,0,0.73,0.67,STL,,3.66,1.04,L
Tyler Holton,2025-05-23 00:00:00,1.2,0,0,1,0,2,19,2,0.67,1,0.8,0.33,CLE,,3.66,1.04,L
Tyler Holton,2025-05-26 00:00:00,0.1,1,1,2,0,0,6,3,0.697,1,0.5,0.33,SF,,3.66,1.04,L
Tyler Holton,2025-05-28 00:00:00,1,0,0,1,1,1,20,2,0.697,1,0.77,0.33,SF,,3.66,1.04,L
Tyler Holton,2025-06-01 00:00:00,1,0,0,1,0,1,16,4,0.706,0,0.7,0.33,KC,,3.66,1.04,L
Tyler Holton,2025-06-03 00:00:00,1,3,3,3,0,0,17,2,0.675,0,1,1,CWS,,3.66,1.04,L
Tyler Holton,2025-06-04 00:00:00,1.2,0,0,0,0,1,18,1,0.675,0,1.07,1,CWS,,3.66,1.04,L
Tyler Holton,2025-06-07 00:00:00,1.1,1,1,1,0,2,21,3,0.751,1,1.1,1.33,CHC,,3.66,1.04,L
Tyler Holton,2025-06-11 00:00:00,1.1,1,1,3,0,1,15,4,0.699,0,1.13,0.67,BAL,,3.66,1.04,L
Tyler Holton,2025-06-13 00:00:00,1,0,0,0,0,0,14,2,0.706,1,1.07,0.67,CIN,,3.66,1.04,L
Tyler Holton,2025-06-15 00:00:00,1,0,0,0,0,1,11,2,0.706,1,1.03,0.33,CIN,,3.66,1.04,L
Tyler Holton,2025-06-19 00:00:00,1.1,3,3,4,0,1,20,4,0.655,1,1.03,1,PIT,,3.66,1.04,L
Tyler Holton,2025-06-22 00:00:00,1,0,0,1,0,0,12,3,0.714,0,1.03,1,TB,,3.66,1.04,L
Tyler Holton,2025-06-24 00:00:00,1,0,0,0,0,0,7,2,0.749,1,1.03,1,ATH,,3.66,1.04,L
Tyler Holton,2025-06-26 00:00:00,1,0,0,1,0,0,7,2,0.749,1,1,0,ATH,,3.66,1.04,L
Tyler Holton,2025-07-02 00:00:00,2,0,0,1,0,3,28,6,0.693,0,1.33,0,WSH,,3.66,1.04,L
Tyler Holton,2025-07-04 00:00:00,2.2,0,0,1,0,4,42,2,0.67,0,1.73,0,CLE,,3.66,1.04,L
Tyler Holton,2025-07-07 00:00:00,1,0,0,0,0,0,7,3,0.714,1,1.73,0,TB,,3.66,1.04,L
Tyler Holton,2025-07-08 00:00:00,1,0,0,0,0,0,13,1,0.714,1,1.4,0,TB,,3.66,1.04,L
Tyler Holton,2025-07-11 00:00:00,1.1,1,1,1,0,1,17,3,0.74,1,1.03,0.33,SEA,,3.66,1.04,L
Tyler Holton,2025-07-13 00:00:00,2,1,1,2,0,2,28,2,0.74,1,1.37,0.67,SEA,,3.66,1.04,L
Tyler Holton,2025-07-18 00:00:00,1.2,0,0,0,0,2,19,5,0.684,0,1.43,0.67,TEX,,3.66,1.04,L
Tyler Holton,2025-07-20 00:00:00,1,0,0,0,0,2,16,2,0.684,0,1.4,0.33,TEX,,3.66,1.04,L
Tyler Holton,2025-07-22 00:00:00,0.1,0,0,0,0,0,5,2,0.655,0,0.77,0,PIT,,3.66,1.04,L
Tyler Holton,2025-07-25 00:00:00,1,0,0,2,0,0,14,3,0.761,1,0.7,0,TOR,,3.66,1.04,L
Tyler Holton,2025-07-27 00:00:00,0.2,0,0,1,1,0,19,2,0.761,1,0.43,0,TOR,,3.66,1.04,L
Tyler Holton,2025-07-29 00:00:00,1,0,0,0,0,2,15,2,0.757,1,0.73,0,AZ,,3.66,1.04,L
Tyler Holton,2025-08-01 00:00:00,0.2,2,2,1,1,0,16,3,0.759,0,0.47,0.67,PHI,,3.66,1.04,L
Tyler Holton,2025-08-03 00:00:00,2,1,1,1,0,1,21,2,0.759,0,1.07,1,PHI,,3.66,1.04,L
Tyler Holton,2025-08-06 00:00:00,1,2,2,2,0,0,18,3,0.708,1,1.07,1.67,MIN,,3.66,1.04,L
Tyler Holton,2025-08-09 00:00:00,1.1,0,0,0,0,0,13,3,0.695,1,1.37,1,LAA,,3.66,1.04,L
Tyler Holton,2025-08-11 00:00:00,1.1,0,0,1,0,1,21,2,0.675,0,1.07,0.67,CWS,,3.66,1.04,L
Tyler Holton,2025-08-14 00:00:00,1.1,0,0,1,0,1,21,3,0.708,0,1.1,0,MIN,,3.66,1.04,L
Tyler Holton,2025-08-16 00:00:00,0.1,0,1,1,1,0,19,2,0.708,0,0.77,0,MIN,,3.66,1.04,L
Tyler Holton,2025-08-20 00:00:00,0.2,0,0,1,0,0,6,4,0.714,1,0.47,0,HOU,,3.66,1.04,L
Tyler Holton,2025-08-23 00:00:00,1.1,0,0,1,0,1,10,3,0.706,1,0.47,0,KC,,3.66,1.04,L
Tyler Holton,2025-08-24 00:00:00,1,1,1,1,1,1,11,1,0.706,1,0.77,0.33,KC,,3.66,1.04,L
Tyler Holton,2025-08-29 00:00:00,1,0,0,0,2,1,18,5,0.706,0,1.03,0.33,KC,,3.66,1.04,L
Tyler Holton,2025-08-30 00:00:00,0.2,2,2,1,1,0,15,1,0.706,0,0.73,1,KC,,3.66,1.04,L
Tyler Holton,2025-09-03 00:00:00,0.1,1,1,1,1,0,15,4,0.753,1,0.43,1,NYM,,3.66,1.04,L
Tyler Holton,2025-09-05 00:00:00,0.1,0,0,0,0,0,3,2,0.675,1,0.13,1,CWS,,3.66,1.04,L
Tyler Holton,2025-09-07 00:00:00,1.1,0,0,1,0,2,19,2,0.675,1,0.43,0.33,CWS,,3.66,1.04,L
Tyler Holton,2025-09-10 00:00:00,1,0,0,1,0,1,14,3,0.787,0,0.73,0,NYY,,3.66,1.04,L
Tyler Holton,2025-09-11 00:00:00,1,2,2,2,0,2,23,1,0.787,0,1.03,0.67,NYY,,3.66,1.04,L
Tyler Holton,2025-09-16 00:00:00,1.2,0,0,0,0,1,18,5,0.67,1,1.07,0.67,CLE,,3.66,1.04,L
Tyler Holton,2025-09-18 00:00:00,1.1,0,0,1,0,1,24,2,0.67,1,1.1,0.67,CLE,,3.66,1.04,L
Tyler Holton,2025-09-20 00:00:00,1,0,0,0,0,0,7,2,0.72,1,1.1,0,ATL,,3.66,1.04,L
Tyler Holton,2025-09-21 00:00:00,1,0,0,0,1,0,17,1,0.72,1,1.03,0,ATL,,3.66,1.04,L
Tyler Holton,2025-09-24 00:00:00,1.2,0,0,0,0,2,21,3,0.67,0,1.07,0,CLE,,3.66,1.04,L
Tyler Holton,2025-09-25 00:00:00,1,1,1,1,0,1,9,1,0.67,0,1.07,0.33,CLE,,3.66,1.04,L
Tyler Holton,2025-09-27 00:00:00,1.1,0,0,0,0,2,15,2,0.745,0,1.1,0.33,BOS,,3.66,1.04,L
Tyler Holton,2025-10-01 00:00:00,2.1,0,0,1,0,1,31,4,0.67,0,1.4,0.33,CLE,,3.66,1.04,L
Tyler Holton,2025-10-02 00:00:00,1,0,0,1,0,1,7,1,0.67,0,1.4,0,CLE,,3.66,1.04,L
Tyler Holton,2025-10-04 00:00:00,1,0,0,0,0,0,9,2,0.74,0,1.37,0,SEA,,3.66,1.04,L
Tyler Holton,2025-10-08 00:00:00,0,1,1,2,1,0,15,4,0.74,1,0.67,0.33,SEA,,3.66,1.04,L
Tyler Holton,2025-10-10 00:00:00,0.1,0,0,1,0,0,3,2,0.74,0,0.37,0.33,SEA,,3.66,1.04,L
Tyler Mahle,2025-03-29 00:00:00,1.2,1,1,2,4,3,61,5,0.745,1,1.2,1,BOS,,2.18,1.13,R
Tyler Mahle,2025-04-04 00:00:00,5,0,0,1,2,5,83,6,0.714,1,3.1,0.5,TB,,2.18,1.13,R
Tyler Mahle,2025-04-09 00:00:00,7,1,1,2,1,4,94,5,0.751,0,4.4,0.67,CHC,,2.18,1.13,R
Tyler Mahle,2025-04-15 00:00:00,6,0,0,3,2,9,93,6,0.695,1,6,0.33,LAA,,2.18,1.13,R
Tyler Mahle,2025-04-20 00:00:00,7,0,0,2,3,4,91,5,0.768,1,6.67,0.33,LAD,,2.18,1.13,R
Tyler Mahle,2025-04-26 00:00:00,5,2,2,8,1,1,87,6,0.697,0,6,0.67,SF,,2.18,1.13,R
Tyler Mahle,2025-05-01 00:00:00,6,1,1,5,1,6,90,5,0.749,1,6,1,ATH,,2.18,1.13,R
Tyler Mahle,2025-05-07 00:00:00,5,2,2,4,1,0,88,6,0.745,0,5.33,1.67,BOS,,2.18,1.13,R
Tyler Mahle,2025-05-12 00:00:00,6.1,1,1,4,1,5,88,5,0.679,1,5.7,1.33,COL,,2.18,1.13,R
Tyler Mahle,2025-05-17 00:00:00,6,1,1,5,2,3,96,5,0.714,1,5.7,1.33,HOU,,2.18,1.13,R
Tyler Mahle,2025-05-23 00:00:00,5,3,3,5,3,3,96,6,0.675,0,5.7,1.67,CWS,,2.18,1.13,R
Tyler Mahle,2025-05-28 00:00:00,6,0,0,4,3,5,92,5,0.761,1,5.67,1.33,TOR,,2.18,1.13,R
Tyler Mahle,2025-06-03 00:00:00,5.1,4,4,5,2,5,85,6,0.714,0,5.37,2.33,TB,,2.18,1.13,R
Tyler Mahle,2025-06-10 00:00:00,5.2,4,4,10,1,3,91,7,0.708,0,5.43,2.67,MIN,,2.18,1.13,R
Tyler Mahle,2025-09-19 00:00:00,4.2,0,0,4,1,6,68,101,0.708,1,4.83,2.67,MIA,,2.18,1.13,R
Tyler Mahle,2025-09-25 00:00:00,5,1,1,5,1,4,78,6,0.708,1,4.8,1.67,MIN,,2.18,1.13,R
Tyler Phillips,2025-03-28 00:00:00,3,0,0,3,1,1,23,5,0.655,1,3,0,PIT,,2.78,1.15,R
Tyler Phillips,2025-04-02 00:00:00,2,0,0,1,0,1,31,5,0.753,1,2.5,0,NYM,,2.78,1.15,R
Tyler Phillips,2025-04-07 00:00:00,1.1,0,0,1,1,0,15,5,0.753,0,2.03,0,NYM,,2.78,1.15,R
Tyler Phillips,2025-04-13 00:00:00,1,1,1,1,1,2,23,6,0.693,1,1.37,0.33,WSH,,2.78,1.15,R
Tyler Phillips,2025-04-16 00:00:00,1.2,3,3,3,1,1,47,3,0.757,1,1.1,1.33,AZ,,2.78,1.15,R
Tyler Phillips,2025-04-18 00:00:00,1,0,0,0,2,1,22,2,0.759,0,1.07,1.33,PHI,,2.78,1.15,R
Tyler Phillips,2025-04-21 00:00:00,1,3,3,2,1,0,30,3,0.706,1,1.07,2,CIN,,2.78,1.15,R
Tyler Phillips,2025-04-26 00:00:00,1,1,1,3,0,1,21,5,0.74,0,1,1.33,SEA,,2.78,1.15,R
Tyler Phillips,2025-04-27 00:00:00,1,0,0,1,0,0,16,1,0.74,0,1,1.33,SEA,,2.78,1.15,R
Tyler Phillips,2025-04-29 00:00:00,2.1,0,0,0,1,1,26,2,0.768,0,1.37,0.33,LAD,,2.78,1.15,R
Tyler Phillips,2025-05-02 00:00:00,3,0,0,1,0,2,40,3,0.749,1,2.03,0,ATH,,2.78,1.15,R
Tyler Phillips,2025-05-05 00:00:00,2,2,2,6,0,2,43,3,0.768,1,2.37,0.67,LAD,,2.78,1.15,R
Tyler Phillips,2025-05-07 00:00:00,1,3,3,3,0,1,18,2,0.768,1,2,1.67,LAD,,2.78,1.15,R
Tyler Phillips,2025-05-11 00:00:00,1,0,0,0,0,2,10,4,0.675,0,1.33,1.67,CWS,,2.78,1.15,R
Tyler Phillips,2025-05-16 00:00:00,2,0,0,0,0,0,24,5,0.714,1,1.33,1,TB,,2.78,1.15,R
Tyler Phillips,2025-05-21 00:00:00,1,0,0,2,0,0,12,5,0.751,1,1.33,0,CHC,,2.78,1.15,R
Tyler Phillips,2025-05-26 00:00:00,2,0,0,0,1,0,24,5,0.711,0,1.67,0,SD,,2.78,1.15,R
Tyler Phillips,2025-06-01 00:00:00,1,0,0,2,0,1,14,6,0.697,1,1.33,0,SF,,2.78,1.15,R
Tyler Phillips,2025-06-03 00:00:00,1,0,0,1,0,0,13,2,0.679,1,1.33,0,COL,,2.78,1.15,R
Tyler Phillips,2025-06-06 00:00:00,1,0,0,1,0,1,9,3,0.714,0,1,0,TB,,2.78,1.15,R
Tyler Phillips,2025-06-07 00:00:00,1.1,3,3,3,0,1,18,1,0.714,0,1.03,1,TB,,2.78,1.15,R
Tyler Phillips,2025-06-09 00:00:00,1,1,1,2,0,0,15,2,0.655,0,1.03,1.33,PIT,,2.78,1.15,R
Tyler Phillips,2025-06-13 00:00:00,0.2,0,0,0,0,1,10,4,0.693,0,0.77,1.33,WSH,,2.78,1.15,R
Tyler Phillips,2025-06-15 00:00:00,2,0,0,1,1,1,24,2,0.693,0,1.07,0.33,WSH,,2.78,1.15,R
Tyler Phillips,2025-06-17 00:00:00,1,0,0,0,0,1,11,2,0.759,1,1.07,0,PHI,,2.78,1.15,R
Tyler Phillips,2025-06-18 00:00:00,1,0,0,2,0,1,20,1,0.759,1,1.33,0,PHI,,2.78,1.15,R
Tyler Phillips,2025-06-20 00:00:00,1,0,0,1,0,0,8,2,0.72,1,1,0,ATL,,2.78,1.15,R
Tyler Phillips,2025-06-25 00:00:00,1,0,1,1,0,0,8,5,0.697,0,1,0,SF,,2.78,1.15,R
Tyler Phillips,2025-06-27 00:00:00,1,2,3,3,1,1,26,2,0.757,0,1,0.67,AZ,,2.78,1.15,R
Tyler Phillips,2025-07-04 00:00:00,1.1,0,0,1,0,4,18,7,0.736,1,1.03,0.67,MIL,,2.78,1.15,R
Tyler Phillips,2025-07-05 00:00:00,0.2,0,0,0,0,0,9,1,0.736,1,0.77,0.67,MIL,,2.78,1.15,R
Tyler Phillips,2025-07-08 00:00:00,2,0,0,2,2,2,33,3,0.706,0,1.1,0,CIN,,2.78,1.15,R
Tyler Phillips,2025-07-11 00:00:00,2,0,0,1,1,0,20,3,0.699,0,1.4,0,BAL,,2.78,1.15,R
Tyler Phillips,2025-07-19 00:00:00,1,0,0,0,1,0,9,8,0.706,1,1.67,0,KC,,2.78,1.15,R
Tyler Phillips,2025-07-21 00:00:00,2,0,0,0,0,1,18,2,0.711,1,1.67,0,SD,,2.78,1.15,R
Tyler Phillips,2025-07-26 00:00:00,4,1,1,3,0,4,45,5,0.736,0,2.33,0.33,MIL,,2.78,1.15,R
Tyler Phillips,2025-07-30 00:00:00,2.1,0,0,2,1,3,34,4,0.693,0,2.7,0.33,STL,,2.78,1.15,R
Tyler Phillips,2025-08-02 00:00:00,1,0,0,0,0,0,10,3,0.787,1,2.37,0.33,NYY,,2.78,1.15,R
Tyler Phillips,2025-08-10 00:00:00,1.2,2,2,2,3,3,51,8,0.72,0,1.43,0.67,ATL,,2.78,1.15,R
Tyler Phillips,2025-08-13 00:00:00,2,0,0,1,0,1,26,3,0.67,0,1.4,0.67,CLE,,2.78,1.15,R
Tyler Phillips,2025-08-17 00:00:00,1,0,0,0,0,0,8,4,0.745,0,1.4,0.67,BOS,,2.78,1.15,R
Tyler Phillips,2025-08-23 00:00:00,1,1,1,3,0,0,32,6,0.761,1,1.33,0.33,TOR,,2.78,1.15,R
Tyler Phillips,2025-08-24 00:00:00,1,0,0,0,0,0,6,1,0.761,1,1,0.33,TOR,,2.78,1.15,R
Tyler Phillips,2025-08-26 00:00:00,0.1,0,0,1,0,0,10,2,0.72,1,0.7,0.33,ATL,,2.78,1.15,R
Tyler Phillips,2025-08-30 00:00:00,1,0,0,1,1,1,15,4,0.753,0,0.7,0,NYM,,2.78,1.15,R
Tyler Phillips,2025-09-03 00:00:00,1,0,0,0,1,1,17,4,0.693,0,0.7,0,WSH,,2.78,1.15,R
Tyler Phillips,2025-09-07 00:00:00,2.2,1,1,1,1,3,41,4,0.759,1,1.4,0.33,PHI,,2.78,1.15,R
Tyler Phillips,2025-09-11 00:00:00,2,0,0,1,0,1,30,4,0.693,1,1.73,0.33,WSH,,2.78,1.15,R
Tyler Phillips,2025-09-16 00:00:00,2,0,0,0,1,1,16,5,0.679,0,2.07,0.33,COL,,2.78,1.15,R
Tyler Phillips,2025-09-18 00:00:00,1.1,0,0,1,0,1,14,2,0.679,0,1.7,0,COL,,2.78,1.15,R
Tyler Phillips,2025-09-20 00:00:00,0.2,0,0,1,0,0,11,2,0.684,0,1.1,0,TEX,,2.78,1.15,R
Tyler Phillips,2025-09-23 00:00:00,1,0,0,0,0,3,14,3,0.759,0,0.77,0,PHI,,2.78,1.15,R
Tyler Phillips,2025-09-26 00:00:00,1.1,0,0,0,0,0,17,3,0.753,1,0.77,0,NYM,,2.78,1.15,R
Tyler Phillips,2025-09-28 00:00:00,1,0,0,0,1,0,9,2,0.753,1,1.03,0,NYM,,2.78,1.15,R
Tyler Wells,2025-09-02 00:00:00,5,2,2,5,0,4,85,5,0.711,0,5,2,SD,,2.91,0.88,R
Tyler Wells,2025-09-10 00:00:00,6.2,1,1,1,1,6,89,8,0.655,1,5.6,1.5,PIT,,2.91,0.88,R
Tyler Wells,2025-09-17 00:00:00,6,1,1,4,0,4,89,7,0.675,0,5.73,1.33,CWS,,2.91,0.88,R
Tyler Wells,2025-09-24 00:00:00,4,3,3,7,1,4,79,7,0.714,1,5.4,1.67,TB,,2.91,0.88,R
Tylor Megill,2025-03-28 00:00:00,5,1,1,3,1,6,77,5,0.714,0,5,1,HOU,,3.95,1.36,R
Tylor Megill,2025-04-04 00:00:00,5.1,0,0,2,3,4,82,7,0.761,1,5.05,0.5,TOR,,3.95,1.36,R
Tylor Megill,2025-04-09 00:00:00,4,0,2,6,3,7,90,5,0.708,1,4.7,0.33,MIA,,3.95,1.36,R
Tylor Megill,2025-04-15 00:00:00,5,2,4,8,0,3,95,6,0.708,0,4.7,0.67,MIN,,3.95,1.36,R
Tylor Megill,2025-04-21 00:00:00,5.1,0,0,1,4,10,92,6,0.759,1,4.7,0.67,PHI,,3.95,1.36,R
Tylor Megill,2025-04-27 00:00:00,6.1,3,3,3,1,9,105,6,0.693,0,5.4,1.67,WSH,,3.95,1.36,R
Tylor Megill,2025-05-04 00:00:00,5,4,4,4,3,6,90,7,0.693,0,5.4,2.33,STL,,3.95,1.36,R
Tylor Megill,2025-05-10 00:00:00,4.2,4,4,7,2,7,77,6,0.751,1,5.1,3.67,CHC,,3.95,1.36,R
Tylor Megill,2025-05-16 00:00:00,2.2,4,4,4,5,4,72,6,0.787,0,3.8,4,NYY,,3.95,1.36,R
Tylor Megill,2025-05-21 00:00:00,4.2,1,1,4,1,10,85,5,0.745,0,3.53,3,BOS,,3.95,1.36,R
Tylor Megill,2025-05-27 00:00:00,5.2,2,2,4,4,6,100,6,0.675,1,3.87,2.33,CWS,,3.95,1.36,R
Tylor Megill,2025-06-03 00:00:00,6,4,4,4,1,7,105,7,0.768,0,5.13,2.33,LAD,,3.95,1.36,R
Tylor Megill,2025-06-08 00:00:00,5,2,2,3,3,5,82,5,0.679,0,5.4,2.67,COL,,3.95,1.36,R
Tylor Megill,2025-06-14 00:00:00,3.2,3,6,7,2,5,82,6,0.714,1,4.73,3,TB,,3.95,1.36,R
Valente Bellozo,2025-03-29 00:00:00,4.1,1,1,4,2,4,71,5,0.655,1,4.1,1,PIT,,4.65,1.33,R
Valente Bellozo,2025-04-07 00:00:00,3.2,1,1,5,2,2,76,9,0.753,0,3.65,1,NYM,,4.65,1.33,R
Valente Bellozo,2025-05-02 00:00:00,4.2,5,5,4,4,1,87,25,0.749,1,3.83,2.33,ATH,,4.65,1.33,R
Valente Bellozo,2025-05-07 00:00:00,5.1,0,0,1,2,7,76,5,0.768,1,4.17,2,LAD,,4.65,1.33,R
Valente Bellozo,2025-05-13 00:00:00,4,1,2,4,1,2,74,6,0.751,0,4.43,2,CHC,,4.65,1.33,R
Valente Bellozo,2025-05-19 00:00:00,3,0,0,2,1,1,42,6,0.751,1,4.03,0.33,CHC,,4.65,1.33,R
Valente Bellozo,2025-05-27 00:00:00,3,1,1,3,1,4,59,8,0.711,0,3.33,0.67,SD,,4.65,1.33,R
Valente Bellozo,2025-06-02 00:00:00,3,1,1,2,0,4,46,6,0.679,1,3,0.67,COL,,4.65,1.33,R
Valente Bellozo,2025-06-08 00:00:00,3.1,3,3,2,1,3,55,6,0.714,0,3.03,1.67,TB,,4.65,1.33,R
Valente Bellozo,2025-06-13 00:00:00,1.1,4,4,5,0,1,31,5,0.693,0,2.4,2.67,WSH,,4.65,1.33,R
Valente Bellozo,2025-06-16 00:00:00,3,1,1,3,0,1,40,3,0.759,1,2.4,2.67,PHI,,4.65,1.33,R
Valente Bellozo,2025-06-19 00:00:00,1,0,0,2,0,1,16,3,0.759,1,1.7,1.67,PHI,,4.65,1.33,R
Valente Bellozo,2025-06-26 00:00:00,2,0,0,3,0,1,29,7,0.697,0,2,0.33,SF,,4.65,1.33,R
Valente Bellozo,2025-06-28 00:00:00,2,0,0,0,0,1,24,2,0.757,0,1.67,0,AZ,,4.65,1.33,R
Valente Bellozo,2025-07-02 00:00:00,2,0,0,2,0,1,21,4,0.708,1,2,0,MIN,,4.65,1.33,R
Valente Bellozo,2025-07-06 00:00:00,2,1,1,4,0,0,27,4,0.736,1,2,0.33,MIL,,4.65,1.33,R
Valente Bellozo,2025-07-09 00:00:00,3,1,1,2,1,1,39,3,0.706,0,2.33,0.67,CIN,,4.65,1.33,R
Valente Bellozo,2025-07-20 00:00:00,3,1,1,2,1,2,48,11,0.706,1,2.67,1,KC,,4.65,1.33,R
Valente Bellozo,2025-07-27 00:00:00,1,0,0,2,0,0,9,7,0.736,0,2.33,0.67,MIL,,4.65,1.33,R
Valente Bellozo,2025-07-29 00:00:00,2,0,0,0,1,3,28,2,0.693,0,2,0.33,STL,,4.65,1.33,R
Valente Bellozo,2025-08-01 00:00:00,2,3,3,5,0,2,44,3,0.787,1,1.67,1,NYY,,4.65,1.33,R
Valente Bellozo,2025-08-05 00:00:00,3.2,0,0,2,0,0,44,4,0.714,1,2.4,1,HOU,,4.65,1.33,R
Valente Bellozo,2025-08-09 00:00:00,2,3,3,4,2,0,40,4,0.72,0,2.4,2,ATL,,4.65,1.33,R
Valente Bellozo,2025-08-14 00:00:00,2,4,4,3,0,1,45,5,0.67,0,2.4,2.33,CLE,,4.65,1.33,R
Valente Bellozo,2025-08-18 00:00:00,1,0,0,0,0,2,12,4,0.693,1,1.67,2.33,STL,,4.65,1.33,R
Valente Bellozo,2025-08-22 00:00:00,2,0,0,0,2,1,27,4,0.761,1,1.67,1.33,TOR,,4.65,1.33,R
Valente Bellozo,2025-08-29 00:00:00,4.1,1,1,4,2,3,65,7,0.753,0,2.37,0.33,NYM,,4.65,1.33,R
Valente Bellozo,2025-09-05 00:00:00,3,2,2,4,0,2,48,7,0.759,1,3.03,1,PHI,,4.65,1.33,R
Valente Bellozo,2025-09-09 00:00:00,2,0,0,2,0,1,35,4,0.693,1,3.03,1,WSH,,4.65,1.33,R
Valente Bellozo,2025-09-18 00:00:00,0.2,4,4,4,0,0,20,9,0.679,0,1.73,2,COL,,4.65,1.33,R
Valente Bellozo,2025-09-23 00:00:00,1,0,0,1,0,1,17,5,0.759,0,1.07,1.33,PHI,,4.65,1.33,R
Valente Bellozo,2025-09-24 00:00:00,1,4,5,4,0,1,27,1,0.759,0,0.73,2.67,PHI,,4.65,1.33,R
Victor Mederos,2025-04-25 00:00:00,3,2,2,2,3,2,56,5,0.708,0,3,2,MIN,,7.41,1.76,R
Victor Mederos,2025-07-07 00:00:00,1,0,0,0,1,2,23,73,0.684,1,2,1,TEX,,7.41,1.76,R
Victor Mederos,2025-08-12 00:00:00,4,3,3,3,3,3,72,36,0.768,1,2.67,1.67,LAD,,7.41,1.76,R
Victor Mederos,2025-08-18 00:00:00,5,3,3,9,3,3,95,6,0.706,1,3.33,2,CIN,,7.41,1.76,R
Victor Mederos,2025-08-23 00:00:00,4,6,6,4,2,4,68,5,0.751,1,4.33,4,CHC,,7.41,1.76,R
Wade Miley,2025-06-04 00:00:00,2,4,4,6,0,0,38,5,0.736,1,2,4,MIL,,6.75,1.75,L
Wade Miley,2025-06-09 00:00:00,5,3,3,5,4,2,78,5,0.67,0,3.5,3.5,CLE,,6.75,1.75,L
Wade Miley,2025-06-15 00:00:00,5,2,2,4,2,5,89,6,0.73,0,4,3,DET,,6.75,1.75,L
Walker Buehler,2025-03-29 00:00:00,4.1,4,4,7,0,3,80,5,0.684,0,4.1,4,TEX,,4.93,1.52,R
Walker Buehler,2025-04-04 00:00:00,5,5,5,7,1,4,83,6,0.693,1,4.55,4.5,STL,,4.93,1.52,R
Walker Buehler,2025-04-10 00:00:00,6.1,1,1,4,1,7,89,6,0.761,1,5.07,3.33,TOR,,4.93,1.52,R
Walker Buehler,2025-04-15 00:00:00,5,2,2,3,3,3,89,5,0.714,0,5.37,2.67,TB,,4.93,1.52,R
Walker Buehler,2025-04-21 00:00:00,7,1,1,4,3,9,100,6,0.675,1,6.03,1.33,CWS,,4.93,1.52,R
Walker Buehler,2025-04-26 00:00:00,6,3,3,7,1,3,88,5,0.67,0,6,2,CLE,,4.93,1.52,R
Walker Buehler,2025-05-20 00:00:00,2.1,0,0,0,2,4,54,24,0.753,1,5.03,1.33,NYM,,4.93,1.52,R
Walker Buehler,2025-05-25 00:00:00,5,2,2,4,2,3,85,5,0.699,1,4.37,1.67,BAL,,4.93,1.52,R
Walker Buehler,2025-05-31 00:00:00,5.2,5,5,10,2,6,106,6,0.72,0,4.1,2.33,ATL,,4.93,1.52,R
Walker Buehler,2025-06-06 00:00:00,2,5,7,7,2,2,67,6,0.787,0,4.07,4,NYY,,4.93,1.52,R
Walker Buehler,2025-06-11 00:00:00,7,3,3,6,1,7,97,5,0.714,1,4.73,4.33,TB,,4.93,1.52,R
Walker Buehler,2025-06-17 00:00:00,3.1,8,8,8,4,2,93,6,0.74,0,4.03,5.33,SEA,,4.93,1.52,R
Walker Buehler,2025-06-23 00:00:00,4,5,5,3,7,3,94,6,0.695,0,4.7,5.33,LAA,,4.93,1.52,R
Walker Buehler,2025-06-29 00:00:00,4,4,4,4,3,3,72,6,0.761,1,3.7,5.67,TOR,,4.93,1.52,R
Walker Buehler,2025-07-05 00:00:00,5,2,3,8,0,2,100,6,0.693,0,4.33,3.67,WSH,,4.93,1.52,R
Walker Buehler,2025-07-10 00:00:00,6,3,3,5,3,2,92,5,0.714,1,5,3,TB,,4.93,1.52,R
Walker Buehler,2025-07-21 00:00:00,7,1,2,6,1,4,89,11,0.759,0,6,2,PHI,,4.93,1.52,R
Walker Buehler,2025-07-27 00:00:00,4.2,3,3,4,5,4,104,6,0.768,1,5.73,2.33,LAD,,4.93,1.52,R
Walker Buehler,2025-08-02 00:00:00,4.1,3,3,9,3,0,84,6,0.714,1,5.1,2.33,HOU,,4.93,1.52,R
Walker Buehler,2025-08-08 00:00:00,6,0,0,4,2,4,96,6,0.711,0,4.77,2,SD,,4.93,1.52,R
Walker Buehler,2025-08-13 00:00:00,6,4,4,4,4,3,96,5,0.714,0,5.37,2.33,HOU,,4.93,1.52,R
Walker Buehler,2025-08-19 00:00:00,4,2,2,4,4,4,75,6,0.699,1,5.33,2,BAL,,4.93,1.52,R
Walker Buehler,2025-08-24 00:00:00,2.1,2,2,2,1,2,35,5,0.787,0,4.03,2.67,NYY,,4.93,1.52,R
Walker Buehler,2025-09-12 00:00:00,5,1,1,5,1,3,90,19,0.706,1,3.7,1.67,KC,,4.93,1.52,R
Walker Buehler,2025-09-19 00:00:00,3.2,0,0,2,2,3,60,7,0.757,0,3.43,1,AZ,,4.93,1.52,R
Walker Buehler,2025-09-25 00:00:00,5,0,0,3,3,2,74,6,0.708,1,4.4,0.33,MIA,,4.93,1.52,R
Wandy Peralta,2025-03-27 00:00:00,0.1,0,0,0,0,0,1,5,0.72,1,0.1,0,ATL,,3.14,1.34,L
Wandy Peralta,2025-03-29 00:00:00,1.1,0,0,0,0,1,10,2,0.72,1,0.6,0,ATL,,3.14,1.34,L
Wandy Peralta,2025-03-31 00:00:00,1,0,0,0,0,0,7,2,0.67,1,0.73,0,CLE,,3.14,1.34,L
Wandy Peralta,2025-04-02 00:00:00,0.2,0,0,1,0,1,8,2,0.67,1,0.77,0,CLE,,3.14,1.34,L
Wandy Peralta,2025-04-04 00:00:00,1,0,0,0,1,1,13,2,0.751,0,0.73,0,CHC,,3.14,1.34,L
Wandy Peralta,2025-04-05 00:00:00,1,0,0,0,0,0,10,1,0.751,0,0.73,0,CHC,,3.14,1.34,L
Wandy Peralta,2025-04-08 00:00:00,1,0,0,0,0,1,9,3,0.749,0,1,0,ATH,,3.14,1.34,L
Wandy Peralta,2025-04-14 00:00:00,1,0,0,1,1,1,20,6,0.751,1,1,0,CHC,,3.14,1.34,L
Wandy Peralta,2025-04-16 00:00:00,1,1,1,2,0,1,17,2,0.751,1,1,0.33,CHC,,3.14,1.34,L
Wandy Peralta,2025-04-21 00:00:00,1.1,0,0,0,1,0,13,5,0.73,0,1.03,0.33,DET,,3.14,1.34,L
Wandy Peralta,2025-04-25 00:00:00,1,0,0,0,0,2,13,4,0.714,1,1.03,0.33,TB,,3.14,1.34,L
Wandy Peralta,2025-04-26 00:00:00,1,0,0,1,0,1,17,1,0.714,1,1.03,0,TB,,3.14,1.34,L
Wandy Peralta,2025-05-02 00:00:00,0.2,1,1,1,1,1,16,6,0.655,0,0.73,0.33,PIT,,3.14,1.34,L
Wandy Peralta,2025-05-04 00:00:00,1,0,0,0,0,1,9,2,0.655,0,0.73,0.33,PIT,,3.14,1.34,L
Wandy Peralta,2025-05-06 00:00:00,0.2,6,6,4,2,0,26,2,0.787,0,0.47,2.33,NYY,,3.14,1.34,L
Wandy Peralta,2025-05-09 00:00:00,0.1,1,2,3,0,0,13,3,0.679,0,0.43,2.33,COL,,3.14,1.34,L
Wandy Peralta,2025-05-11 00:00:00,1,2,2,3,1,0,15,2,0.679,0,0.43,3,COL,,3.14,1.34,L
Wandy Peralta,2025-05-16 00:00:00,1.1,0,0,2,0,1,20,5,0.74,1,0.73,1,SEA,,3.14,1.34,L
Wandy Peralta,2025-05-18 00:00:00,1,0,0,1,1,2,22,2,0.74,1,1.03,0.67,SEA,,3.14,1.34,L
Wandy Peralta,2025-05-20 00:00:00,1,0,0,0,1,1,18,2,0.761,0,1.03,0,TOR,,3.14,1.34,L
Wandy Peralta,2025-05-24 00:00:00,2,0,0,3,1,2,37,4,0.72,0,1.33,0,ATL,,3.14,1.34,L
Wandy Peralta,2025-05-26 00:00:00,1,0,0,0,1,1,21,2,0.708,1,1.33,0,MIA,,3.14,1.34,L
Wandy Peralta,2025-05-28 00:00:00,2,1,1,2,1,1,19,2,0.708,1,1.67,0.33,MIA,,3.14,1.34,L
Wandy Peralta,2025-05-31 00:00:00,1,0,0,1,0,1,14,3,0.655,1,1.33,0.33,PIT,,3.14,1.34,L
Wandy Peralta,2025-06-01 00:00:00,1.2,0,0,0,1,2,35,1,0.655,1,1.4,0.33,PIT,,3.14,1.34,L
Wandy Peralta,2025-06-04 00:00:00,1,0,0,0,0,0,12,3,0.697,0,1.07,0,SF,,3.14,1.34,L
Wandy Peralta,2025-06-06 00:00:00,0.2,0,0,0,1,2,14,2,0.736,0,0.8,0,MIL,,3.14,1.34,L
Wandy Peralta,2025-06-08 00:00:00,0.1,0,0,0,0,0,1,2,0.736,0,0.43,0,MIL,,3.14,1.34,L
Wandy Peralta,2025-06-09 00:00:00,1,1,2,2,0,0,19,1,0.768,1,0.43,0.33,LAD,,3.14,1.34,L
Wandy Peralta,2025-06-11 00:00:00,0.2,1,1,2,1,0,18,2,0.768,1,0.43,0.67,LAD,,3.14,1.34,L
Wandy Peralta,2025-06-13 00:00:00,1,0,0,0,0,1,15,2,0.757,0,0.73,0.67,AZ,,3.14,1.34,L
Wandy Peralta,2025-06-16 00:00:00,1,0,0,1,0,1,19,3,0.768,0,0.73,0.33,LAD,,3.14,1.34,L
Wandy Peralta,2025-06-18 00:00:00,0.2,0,0,0,1,1,20,2,0.768,0,0.73,0,LAD,,3.14,1.34,L
Wandy Peralta,2025-06-20 00:00:00,1.1,0,0,0,0,0,14,2,0.706,1,0.77,0,KC,,3.14,1.34,L
Wandy Peralta,2025-06-23 00:00:00,1.1,1,1,5,1,4,38,3,0.693,1,0.8,0.33,WSH,,3.14,1.34,L
Wandy Peralta,2025-06-30 00:00:00,1.1,0,0,0,0,2,11,7,0.759,0,1.1,0.33,PHI,,3.14,1.34,L
Wandy Peralta,2025-07-02 00:00:00,1,0,0,1,1,1,12,2,0.759,0,1.07,0.33,PHI,,3.14,1.34,L
Wandy Peralta,2025-07-05 00:00:00,1.1,0,0,0,0,1,15,3,0.684,1,1.07,0,TEX,,3.14,1.34,L
Wandy Peralta,2025-07-07 00:00:00,1.1,2,2,1,2,1,26,2,0.757,1,1.07,0.67,AZ,,3.14,1.34,L
Wandy Peralta,2025-07-09 00:00:00,1,0,0,1,1,3,28,2,0.757,1,1.07,0.67,AZ,,3.14,1.34,L
Wandy Peralta,2025-07-12 00:00:00,0.2,0,0,1,1,0,12,3,0.759,1,0.77,0.67,PHI,,3.14,1.34,L
Wandy Peralta,2025-07-13 00:00:00,0.1,0,0,0,0,1,6,1,0.759,1,0.43,0,PHI,,3.14,1.34,L
Wandy Peralta,2025-07-18 00:00:00,1.1,0,0,1,0,0,14,5,0.693,0,0.47,0,WSH,,3.14,1.34,L
Wandy Peralta,2025-07-19 00:00:00,0.2,0,0,0,1,0,11,1,0.693,0,0.47,0,WSH,,3.14,1.34,L
Wandy Peralta,2025-07-22 00:00:00,1,0,0,1,0,1,19,3,0.708,0,0.77,0,MIA,,3.14,1.34,L
Wandy Peralta,2025-07-24 00:00:00,1.1,1,1,1,0,1,21,2,0.693,0,0.77,0.33,STL,,3.14,1.34,L
Wandy Peralta,2025-07-25 00:00:00,0.2,0,0,0,0,0,6,1,0.693,0,0.77,0.33,STL,,3.14,1.34,L
Wandy Peralta,2025-07-27 00:00:00,0.2,0,0,1,0,0,10,2,0.693,0,0.5,0.33,STL,,3.14,1.34,L
Wandy Peralta,2025-07-29 00:00:00,1,0,0,1,0,0,16,2,0.753,1,0.47,0,NYM,,3.14,1.34,L
Wandy Peralta,2025-08-02 00:00:00,1,0,0,0,0,2,9,4,0.693,1,0.73,0,STL,,3.14,1.34,L
Wandy Peralta,2025-08-04 00:00:00,2,0,0,1,0,0,18,2,0.757,0,1.33,0,AZ,,3.14,1.34,L
Wandy Peralta,2025-08-05 00:00:00,0.1,0,0,1,0,0,10,1,0.757,0,1.03,0,AZ,,3.14,1.34,L
Wandy Peralta,2025-08-09 00:00:00,2,1,1,1,2,1,32,4,0.745,1,1.37,0.33,BOS,,3.14,1.34,L
Wandy Peralta,2025-08-13 00:00:00,0.1,0,0,1,0,0,3,4,0.697,0,0.73,0.33,SF,,3.14,1.34,L
Wandy Peralta,2025-08-15 00:00:00,1.1,0,0,0,0,2,19,2,0.768,0,1.07,0.33,LAD,,3.14,1.34,L
Wandy Peralta,2025-08-18 00:00:00,1,0,0,0,1,1,17,3,0.697,1,0.73,0,SF,,3.14,1.34,L
Wandy Peralta,2025-08-20 00:00:00,1,0,0,0,0,2,14,2,0.697,1,1.03,0,SF,,3.14,1.34,L
Wandy Peralta,2025-08-24 00:00:00,1.1,1,1,2,0,1,26,4,0.768,1,1.03,0.33,LAD,,3.14,1.34,L
Wandy Peralta,2025-08-25 00:00:00,1.1,0,0,3,0,2,19,1,0.74,0,1.07,0.33,SEA,,3.14,1.34,L
Wandy Peralta,2025-08-27 00:00:00,0.2,0,0,2,1,1,22,2,0.74,0,0.8,0.33,SEA,,3.14,1.34,L
Wandy Peralta,2025-08-29 00:00:00,0.1,1,2,2,0,0,9,2,0.708,0,0.47,0.33,MIN,,3.14,1.34,L
Wandy Peralta,2025-08-31 00:00:00,1,3,3,3,1,1,26,2,0.708,0,0.43,1.33,MIN,,3.14,1.34,L
Wandy Peralta,2025-09-02 00:00:00,0.2,0,1,1,0,1,14,2,0.699,1,0.43,1.33,BAL,,3.14,1.34,L
Wandy Peralta,2025-09-08 00:00:00,0.1,0,0,0,0,0,4,6,0.706,1,0.43,1,CIN,,3.14,1.34,L
Wandy Peralta,2025-09-09 00:00:00,0.2,0,0,0,0,0,8,1,0.706,1,0.17,0,CIN,,3.14,1.34,L
Wandy Peralta,2025-09-12 00:00:00,1.2,0,0,1,0,2,16,3,0.679,1,0.5,0,COL,,3.14,1.34,L
Wandy Peralta,2025-09-18 00:00:00,1.2,1,1,1,1,1,29,6,0.753,0,0.87,0.33,NYM,,3.14,1.34,L
Wandy Peralta,2025-09-19 00:00:00,1,0,0,0,0,0,9,1,0.675,0,1.13,0.33,CWS,,3.14,1.34,L
Wandy Peralta,2025-09-21 00:00:00,1,0,0,0,1,1,17,2,0.675,0,1.07,0.33,CWS,,3.14,1.34,L
Wandy Peralta,2025-09-23 00:00:00,1,0,0,2,0,2,18,2,0.736,1,1,0,MIL,,3.14,1.34,L
Wandy Peralta,2025-09-26 00:00:00,1,0,0,1,0,1,21,3,0.757,1,1,0,AZ,,3.14,1.34,L
Wandy Peralta,2025-09-30 00:00:00,0.1,0,0,0,0,1,6,4,0.751,0,0.7,0,CHC,,3.14,1.34,L
Wandy Peralta,2025-10-02 00:00:00,1,0,0,2,0,0,16,2,0.751,0,0.7,0,CHC,,3.14,1.34,L
Will Warren,2025-04-01 00:00:00,5,2,2,1,4,4,85,5,0.757,1,5,2,AZ,,4.44,1.37,R
Will Warren,2025-04-06 00:00:00,4,4,4,6,1,5,87,5,0.655,0,4.5,3,PIT,,4.44,1.37,R
Will Warren,2025-04-12 00:00:00,5,2,2,2,2,6,91,6,0.697,1,4.67,2.67,SF,,4.44,1.37,R
Will Warren,2025-04-17 00:00:00,1.2,1,1,4,2,1,53,5,0.714,0,3.4,2.33,TB,,4.44,1.37,R
Will Warren,2025-04-22 00:00:00,5,2,2,3,1,5,82,5,0.67,0,3.73,1.67,CLE,,4.44,1.37,R
Will Warren,2025-04-28 00:00:00,3.1,4,4,6,2,5,72,6,0.699,0,3.1,2.33,BAL,,4.44,1.37,R
Will Warren,2025-05-04 00:00:00,4.2,3,5,7,3,8,102,6,0.714,1,4.1,3,TB,,4.44,1.37,R
Will Warren,2025-05-09 00:00:00,7.1,1,1,4,1,7,87,5,0.749,0,4.8,2.67,ATH,,4.44,1.37,R
Will Warren,2025-05-14 00:00:00,5,2,2,4,1,9,92,5,0.74,0,5.43,2,SEA,,4.44,1.37,R
Will Warren,2025-05-20 00:00:00,5.2,0,0,5,1,10,101,6,0.684,1,5.77,1,TEX,,4.44,1.37,R
Will Warren,2025-05-25 00:00:00,4,2,2,2,2,7,57,5,0.679,0,4.73,1.33,COL,,4.44,1.37,R
Will Warren,2025-05-31 00:00:00,1.1,7,7,6,4,2,58,6,0.768,0,3.43,3,LAD,,4.44,1.37,R
Will Warren,2025-06-06 00:00:00,5.1,4,4,3,4,6,84,6,0.745,1,3.4,4.33,BOS,,4.44,1.37,R
Will Warren,2025-06-12 00:00:00,5.2,0,0,4,1,4,77,6,0.706,0,3.8,3.67,KC,,4.44,1.37,R
Will Warren,2025-06-17 00:00:00,6,3,3,6,0,11,93,5,0.695,1,5.43,2.33,LAA,,4.44,1.37,R
Will Warren,2025-06-22 00:00:00,6.1,2,2,6,2,6,86,5,0.699,1,5.77,1.67,BAL,,4.44,1.37,R
Will Warren,2025-06-27 00:00:00,5,0,0,2,4,7,100,5,0.749,1,5.7,1.67,ATH,,4.44,1.37,R
Will Warren,2025-07-02 00:00:00,4,8,8,10,4,4,99,5,0.761,0,5.03,3.33,TOR,,4.44,1.37,R
Will Warren,2025-07-08 00:00:00,5.2,0,0,4,2,4,85,6,0.74,1,4.73,2.67,SEA,,4.44,1.37,R
Will Warren,2025-07-13 00:00:00,5.1,2,2,6,3,1,88,5,0.751,1,4.77,3.33,CHC,,4.44,1.37,R
Will Warren,2025-07-19 00:00:00,3.2,5,5,5,3,5,78,6,0.72,0,4.5,2.33,ATL,,4.44,1.37,R
Will Warren,2025-07-25 00:00:00,5.2,2,2,5,3,7,89,6,0.759,1,4.5,3,PHI,,4.44,1.37,R
Will Warren,2025-07-30 00:00:00,6,1,1,6,1,4,102,5,0.714,1,4.8,2.67,TB,,4.44,1.37,R
Will Warren,2025-08-05 00:00:00,5,0,0,3,3,5,98,6,0.684,0,5.4,1,TEX,,4.44,1.37,R
Will Warren,2025-08-11 00:00:00,6.2,2,2,3,0,7,85,6,0.708,1,5.73,1,MIN,,4.44,1.37,R
Will Warren,2025-08-17 00:00:00,4.2,1,3,6,1,3,95,6,0.693,0,5.13,1,STL,,4.44,1.37,R
Will Warren,2025-08-23 00:00:00,4,5,5,7,3,3,69,6,0.745,1,4.8,2.67,BOS,,4.44,1.37,R
Will Warren,2025-08-28 00:00:00,5,0,4,5,2,3,93,5,0.675,0,4.4,2,CWS,,4.44,1.37,R
Will Warren,2025-09-03 00:00:00,5,2,2,5,0,4,67,6,0.714,0,4.67,2.33,HOU,,4.44,1.37,R
Will Warren,2025-09-09 00:00:00,6,2,2,2,1,5,91,6,0.73,1,5.33,1.33,DET,,4.44,1.37,R
Will Warren,2025-09-14 00:00:00,5,6,6,10,1,2,89,5,0.745,0,5.33,3.33,BOS,,4.44,1.37,R
Will Warren,2025-09-19 00:00:00,5.1,1,3,4,2,4,87,5,0.699,0,5.37,3,BAL,,4.44,1.37,R
Will Warren,2025-09-26 00:00:00,5,4,4,6,1,7,81,7,0.699,1,5.03,3.67,BAL,,4.44,1.37,R
Will Warren,2025-10-05 00:00:00,4.2,6,6,7,1,4,84,9,0.761,0,4.77,3.67,TOR,,4.44,1.37,R
Yoshinobu Yamamoto,2025-03-28 00:00:00,5,2,2,5,2,10,91,5,0.73,1,5,2,DET,,2.49,0.99,R
Yoshinobu Yamamoto,2025-04-04 00:00:00,6,0,1,3,3,5,97,7,0.759,0,5.5,1,PHI,,2.49,0.99,R
Yoshinobu Yamamoto,2025-04-11 00:00:00,6,0,0,2,1,9,103,7,0.751,1,5.67,0.67,CHC,,2.49,0.99,R
Yoshinobu Yamamoto,2025-04-18 00:00:00,7,0,0,5,0,10,102,7,0.684,0,6.33,0,TEX,,2.49,0.99,R
Yoshinobu Yamamoto,2025-04-25 00:00:00,5,1,3,5,4,5,94,7,0.655,1,6,0.33,PIT,,2.49,0.99,R
Yoshinobu Yamamoto,2025-05-02 00:00:00,6,0,0,1,2,6,91,7,0.72,0,6,0.33,ATL,,2.49,0.99,R
Yoshinobu Yamamoto,2025-05-08 00:00:00,5,5,5,6,1,4,88,6,0.757,0,5.33,2,AZ,,2.49,0.99,R
Yoshinobu Yamamoto,2025-05-14 00:00:00,6,3,3,4,2,6,88,6,0.749,1,5.67,2.67,ATH,,2.49,0.99,R
Yoshinobu Yamamoto,2025-05-20 00:00:00,7,0,0,1,2,9,110,6,0.757,1,6,2.67,AZ,,2.49,0.99,R
Yoshinobu Yamamoto,2025-05-26 00:00:00,6,2,2,3,2,7,88,6,0.67,0,6.33,1.67,CLE,,2.49,0.99,R
Yoshinobu Yamamoto,2025-06-01 00:00:00,3.2,4,4,7,3,2,96,6,0.787,1,5.4,2,NYY,,2.49,0.99,R
Yoshinobu Yamamoto,2025-06-07 00:00:00,6,0,0,4,2,9,94,6,0.693,0,5.07,2,STL,,2.49,0.99,R
Yoshinobu Yamamoto,2025-06-13 00:00:00,4.2,5,5,6,5,4,102,6,0.697,1,4.47,3,SF,,2.49,0.99,R
Yoshinobu Yamamoto,2025-06-19 00:00:00,6.1,3,3,7,0,5,100,6,0.711,1,5.43,2.67,SD,,2.49,0.99,R
Yoshinobu Yamamoto,2025-06-25 00:00:00,5,0,0,1,1,6,56,6,0.679,0,5.1,2.67,COL,,2.49,0.99,R
Yoshinobu Yamamoto,2025-07-01 00:00:00,7,1,1,3,1,8,98,6,0.675,1,6.03,1.33,CWS,,2.49,0.99,R
Yoshinobu Yamamoto,2025-07-07 00:00:00,0.2,3,5,4,2,0,41,6,0.736,0,4.07,1.33,MIL,,2.49,0.99,R
Yoshinobu Yamamoto,2025-07-13 00:00:00,7,0,0,3,2,7,91,6,0.697,0,4.73,1.33,SF,,2.49,0.99,R
Yoshinobu Yamamoto,2025-07-22 00:00:00,5,3,3,6,1,8,101,9,0.708,1,4.07,2,MIN,,2.49,0.99,R
Yoshinobu Yamamoto,2025-07-28 00:00:00,7,1,1,4,2,9,101,6,0.706,0,6.33,1.33,CIN,,2.49,0.99,R
Yoshinobu Yamamoto,2025-08-03 00:00:00,5.2,0,0,5,0,6,88,6,0.714,0,5.73,1.33,TB,,2.49,0.99,R
Yoshinobu Yamamoto,2025-08-11 00:00:00,4.2,6,6,6,5,6,100,8,0.695,0,5.47,2.33,LAA,,2.49,0.99,R
Yoshinobu Yamamoto,2025-08-18 00:00:00,7,3,3,4,2,6,103,7,0.679,0,5.47,3,COL,,2.49,0.99,R
Yoshinobu Yamamoto,2025-08-24 00:00:00,6,2,2,4,2,6,92,6,0.711,0,5.73,3.67,SD,,2.49,0.99,R
Yoshinobu Yamamoto,2025-08-31 00:00:00,7,1,1,4,0,10,98,7,0.757,1,6.67,2,AZ,,2.49,0.99,R
Yoshinobu Yamamoto,2025-09-06 00:00:00,8.2,1,1,1,2,10,112,6,0.699,0,7.07,1.33,BAL,,2.49,0.99,R
Yoshinobu Yamamoto,2025-09-12 00:00:00,7,1,1,1,1,10,91,6,0.697,0,7.4,1,SF,,2.49,0.99,R
Yoshinobu Yamamoto,2025-09-18 00:00:00,5.1,0,0,1,6,7,108,6,0.697,1,6.77,0.67,SF,,2.49,0.99,R
Yoshinobu Yamamoto,2025-09-25 00:00:00,6,0,0,4,2,7,94,7,0.757,0,6.03,0.33,AZ,,2.49,0.99,R
Yoshinobu Yamamoto,2025-10-01 00:00:00,6.2,0,2,4,2,9,113,6,0.706,1,5.77,0,CIN,,2.49,0.99,R
Yoshinobu Yamamoto,2025-10-08 00:00:00,4,3,3,6,1,2,67,7,0.759,1,5.4,1,PHI,,2.49,0.99,R
Yoshinobu Yamamoto,2025-10-14 00:00:00,9,1,1,3,1,7,111,6,0.736,0,6.4,1.33,MIL,,2.49,0.99,R
Yoshinobu Yamamoto,2025-10-25 00:00:00,9,1,1,4,0,8,105,11,0.761,0,7.33,1.67,TOR,,2.49,0.99,R
Yoshinobu Yamamoto,2025-10-31 00:00:00,6,1,1,5,1,6,96,6,0.761,0,8,1,TOR,,2.49,0.99,R
Yoshinobu Yamamoto,2025-11-01 00:00:00,2.2,0,0,1,1,1,34,1,0.761,0,5.73,0.67,TOR,,2.49,0.99,R
Yusei Kikuchi,2025-03-27 00:00:00,6,3,3,5,0,5,87,5,0.675,0,6,3,CWS,,3.99,1.42,L
Yusei Kikuchi,2025-04-02 00:00:00,6,3,3,4,5,6,104,6,0.693,0,6,3,STL,,3.99,1.42,L
Yusei Kikuchi,2025-04-09 00:00:00,6,4,4,6,3,5,104,7,0.714,0,6,3.33,TB,,3.99,1.42,L
Yusei Kikuchi,2025-04-15 00:00:00,6,1,1,3,2,6,79,6,0.684,0,6,2.67,TEX,,3.99,1.42,L
Yusei Kikuchi,2025-04-20 00:00:00,5.1,0,1,5,4,6,102,5,0.697,1,5.7,1.67,SF,,3.99,1.42,L
Yusei Kikuchi,2025-04-26 00:00:00,2,4,4,9,4,0,66,6,0.708,0,4.37,1.67,MIN,,3.99,1.42,L
Yusei Kikuchi,2025-05-01 00:00:00,5,2,2,5,1,5,93,5,0.73,1,4.03,2,DET,,3.99,1.42,L
Yusei Kikuchi,2025-05-07 00:00:00,6,1,1,5,1,6,91,6,0.761,1,4.33,2.33,TOR,,3.99,1.42,L
Yusei Kikuchi,2025-05-12 00:00:00,6,2,4,7,2,4,98,5,0.711,0,5.67,1.67,SD,,3.99,1.42,L
Yusei Kikuchi,2025-05-18 00:00:00,5.2,1,1,3,4,7,98,6,0.768,0,5.73,1.33,LAD,,3.99,1.42,L
Yusei Kikuchi,2025-05-23 00:00:00,5.2,0,0,7,4,4,110,5,0.708,1,5.47,1,MIA,,3.99,1.42,L
Yusei Kikuchi,2025-05-28 00:00:00,5,1,1,4,5,4,93,5,0.787,1,5.13,0.67,NYY,,3.99,1.42,L
Yusei Kikuchi,2025-06-03 00:00:00,5,3,3,8,5,5,99,6,0.745,0,5.07,1.33,BOS,,3.99,1.42,L
Yusei Kikuchi,2025-06-09 00:00:00,7.1,0,0,1,1,5,104,6,0.749,1,5.7,1.33,ATH,,3.99,1.42,L
Yusei Kikuchi,2025-06-15 00:00:00,5.2,3,5,7,2,10,92,6,0.699,0,5.77,2,BAL,,3.99,1.42,L
Yusei Kikuchi,2025-06-20 00:00:00,7,2,2,6,0,9,103,5,0.714,1,6.43,1.67,HOU,,3.99,1.42,L
Yusei Kikuchi,2025-06-25 00:00:00,7,0,2,3,1,12,105,5,0.745,1,6.4,1.67,BOS,,3.99,1.42,L
Yusei Kikuchi,2025-07-02 00:00:00,5.2,2,2,6,2,7,100,7,0.72,0,6.4,1.33,ATL,,3.99,1.42,L
Yusei Kikuchi,2025-07-07 00:00:00,5,4,4,6,2,4,97,5,0.684,1,5.73,2,TEX,,3.99,1.42,L
Yusei Kikuchi,2025-07-12 00:00:00,5.2,3,3,6,1,5,93,5,0.757,1,5.13,3,AZ,,3.99,1.42,L
Yusei Kikuchi,2025-07-19 00:00:00,5,2,2,5,3,8,91,7,0.759,0,5.07,3,PHI,,3.99,1.42,L
Yusei Kikuchi,2025-07-24 00:00:00,4.2,3,3,7,2,4,96,5,0.74,1,4.8,2.67,SEA,,3.99,1.42,L
Yusei Kikuchi,2025-07-29 00:00:00,5.1,3,4,10,0,5,105,5,0.684,1,4.77,2.67,TEX,,3.99,1.42,L
Yusei Kikuchi,2025-08-04 00:00:00,6,1,1,4,2,7,105,6,0.714,1,5.1,2.33,TB,,3.99,1.42,L
Yusei Kikuchi,2025-08-09 00:00:00,5,4,4,8,2,7,102,5,0.73,0,5.37,2.67,DET,,3.99,1.42,L
Yusei Kikuchi,2025-08-15 00:00:00,4,4,4,5,3,3,94,6,0.749,0,5,3,ATH,,3.99,1.42,L
Yusei Kikuchi,2025-08-20 00:00:00,7,1,1,7,0,4,88,5,0.706,1,5.33,3,CIN,,3.99,1.42,L
Yusei Kikuchi,2025-08-26 00:00:00,4,6,6,4,3,3,81,6,0.684,0,5,3.67,TEX,,3.99,1.42,L
Yusei Kikuchi,2025-09-01 00:00:00,5.2,5,5,8,2,6,97,6,0.714,0,5.4,4,HOU,,3.99,1.42,L
Yusei Kikuchi,2025-09-06 00:00:00,2,7,7,6,3,1,61,5,0.749,1,3.73,6,ATH,,3.99,1.42,L
Yusei Kikuchi,2025-09-12 00:00:00,6,1,1,4,1,3,98,6,0.74,0,4.4,4.33,SEA,,3.99,1.42,L
Yusei Kikuchi,2025-09-18 00:00:00,5.2,2,2,5,3,2,92,6,0.736,0,4.4,3.33,MIL,,3.99,1.42,L
Yusei Kikuchi,2025-09-24 00:00:00,5,1,1,1,1,6,66,6,0.706,1,5.4,1.33,KC,,3.99,1.42,L
Yu Darvish,2025-07-07 00:00:00,3.2,2,2,3,3,5,63,5,0.757,1,3.2,2,AZ,,5.38,1.18,R
Yu Darvish,2025-07-12 00:00:00,4.2,4,4,5,3,2,83,5,0.759,1,3.7,3,PHI,,5.38,1.18,R
Yu Darvish,2025-07-19 00:00:00,5,3,3,5,1,1,70,7,0.693,0,4.13,3,WSH,,5.38,1.18,R
Yu Darvish,2025-07-24 00:00:00,3.1,8,8,8,2,3,69,5,0.693,0,4.1,5,STL,,5.38,1.18,R
Yu Darvish,2025-07-30 00:00:00,7,0,0,2,0,7,76,6,0.753,1,5.03,3.67,NYM,,5.38,1.18,R
Yu Darvish,2025-08-05 00:00:00,4,3,3,3,2,5,72,6,0.757,0,4.7,3.67,AZ,,5.38,1.18,R
Yu Darvish,2025-08-11 00:00:00,6,1,1,4,0,6,84,6,0.697,0,5.67,1.33,SF,,5.38,1.18,R
Yu Darvish,2025-08-17 00:00:00,4,4,4,3,2,5,82,6,0.768,0,4.67,2.67,LAD,,5.38,1.18,R
Yu Darvish,2025-08-22 00:00:00,6,1,1,1,1,5,74,5,0.768,1,5.33,2,LAD,,5.38,1.18,R
Yu Darvish,2025-08-27 00:00:00,4,4,4,4,1,3,69,5,0.74,0,4.67,3,SEA,,5.38,1.18,R
Yu Darvish,2025-09-02 00:00:00,4,3,4,6,2,6,87,6,0.699,1,4.67,2.67,BAL,,5.38,1.18,R
Yu Darvish,2025-09-08 00:00:00,5.2,3,3,6,0,7,91,6,0.706,1,4.4,3.33,CIN,,5.38,1.18,R
Yu Darvish,2025-09-14 00:00:00,5,3,3,4,0,5,82,6,0.679,1,4.73,3,COL,,5.38,1.18,R
Yu Darvish,2025-09-20 00:00:00,4.2,2,2,6,0,4,78,6,0.675,0,4.8,2.67,CWS,,5.38,1.18,R
Yu Darvish,2025-09-26 00:00:00,5,2,2,6,2,4,79,6,0.757,1,4.73,2.33,AZ,,5.38,1.18,R
Yu Darvish,2025-10-02 00:00:00,1,2,2,4,0,1,21,6,0.751,0,3.4,2,CHC,,5.38,1.18,R
Zach Eflin,2025-03-27 00:00:00,6,2,2,2,1,2,78,5,0.761,0,6,2,TOR,,5.93,1.42,R
Zach Eflin,2025-04-02 00:00:00,6,3,3,8,0,5,87,6,0.745,1,6,2.5,BOS,,5.93,1.42,R
Zach Eflin,2025-04-07 00:00:00,6,1,1,4,0,1,73,5,0.757,0,6,2,AZ,,5.93,1.42,R
Zach Eflin,2025-05-11 00:00:00,5,2,2,5,2,5,83,34,0.695,0,5.67,2,LAA,,5.93,1.42,R
Zach Eflin,2025-05-18 00:00:00,5.1,8,8,10,0,4,93,7,0.693,1,5.37,3.67,WSH,,5.93,1.42,R
Zach Eflin,2025-05-24 00:00:00,5,4,5,5,2,1,83,6,0.745,0,5.03,4.67,BOS,,5.93,1.42,R
Zach Eflin,2025-05-30 00:00:00,7,0,0,4,1,6,99,6,0.675,1,5.7,4,CWS,,5.93,1.42,R
Zach Eflin,2025-06-05 00:00:00,6,3,3,8,0,7,88,6,0.74,0,6,2.33,SEA,,5.93,1.42,R
Zach Eflin,2025-06-11 00:00:00,6.2,1,1,5,1,5,86,6,0.73,1,6.4,1.33,DET,,5.93,1.42,R
Zach Eflin,2025-06-16 00:00:00,5,7,7,12,2,2,76,5,0.714,0,5.73,3.67,TB,,5.93,1.42,R
Zach Eflin,2025-06-21 00:00:00,3,6,6,10,2,4,90,5,0.787,0,4.73,4.67,NYY,,5.93,1.42,R
Zach Eflin,2025-06-28 00:00:00,1,4,4,5,0,0,28,7,0.714,1,3,5.67,TB,,5.93,1.42,R
Zach Eflin,2025-07-23 00:00:00,5,2,2,2,1,5,84,25,0.67,0,3,4,CLE,,5.93,1.42,R
Zach Eflin,2025-07-28 00:00:00,4.1,4,4,8,1,3,79,5,0.761,1,3.37,3.33,TOR,,5.93,1.42,R
Zack Littell,2025-03-29 00:00:00,6,1,1,4,0,7,87,5,0.679,1,6,1,COL,,3.81,1.1,R
Zack Littell,2025-04-04 00:00:00,7,5,5,6,2,3,82,6,0.684,0,6.5,3,TEX,,3.81,1.1,R
Zack Littell,2025-04-10 00:00:00,4,7,7,8,1,4,78,6,0.695,1,5.67,4.33,LAA,,3.81,1.1,R
Zack Littell,2025-04-16 00:00:00,6,1,1,5,3,5,90,6,0.745,1,5.67,4.33,BOS,,3.81,1.1,R
Zack Littell,2025-04-22 00:00:00,6,3,3,6,1,2,99,6,0.757,0,5.33,3.67,AZ,,3.81,1.1,R
Zack Littell,2025-04-27 00:00:00,5,2,2,5,1,1,73,5,0.711,0,5.67,2,SD,,3.81,1.1,R
Zack Littell,2025-05-03 00:00:00,7,2,2,3,0,3,81,6,0.787,0,6,2.33,NYY,,3.81,1.1,R
Zack Littell,2025-05-09 00:00:00,6,2,2,6,1,5,90,6,0.736,1,6,2,MIL,,3.81,1.1,R
Zack Littell,2025-05-15 00:00:00,7.1,3,3,8,1,2,87,6,0.761,0,6.7,2.33,TOR,,3.81,1.1,R
Zack Littell,2025-05-20 00:00:00,5,2,2,7,0,6,103,5,0.714,1,6.03,2.33,HOU,,3.81,1.1,R
Zack Littell,2025-05-26 00:00:00,6.1,1,1,3,0,4,72,6,0.708,1,6.07,2,MIN,,3.81,1.1,R
Zack Littell,2025-05-31 00:00:00,9,3,3,10,1,6,117,5,0.714,0,6.7,2,HOU,,3.81,1.1,R
Zack Littell,2025-06-06 00:00:00,6,1,1,6,0,4,72,6,0.708,1,7.03,1.67,MIA,,3.81,1.1,R
Zack Littell,2025-06-11 00:00:00,6,4,4,8,0,6,92,5,0.745,0,7,2.67,BOS,,3.81,1.1,R
Zack Littell,2025-06-17 00:00:00,6,3,3,7,0,3,91,6,0.699,1,6,2.67,BAL,,3.81,1.1,R
Zack Littell,2025-06-22 00:00:00,5,1,1,4,0,5,69,5,0.73,1,5.67,2.67,DET,,3.81,1.1,R
Zack Littell,2025-06-28 00:00:00,7,1,1,3,2,5,94,6,0.699,0,6,1.67,BAL,,3.81,1.1,R
Zack Littell,2025-07-04 00:00:00,6,1,1,4,2,5,83,6,0.708,0,6,1,MIN,,3.81,1.1,R
Zack Littell,2025-07-09 00:00:00,5.2,3,3,6,2,4,87,5,0.73,0,6.07,1.67,DET,,3.81,1.1,R
Zack Littell,2025-07-19 00:00:00,6,2,2,7,0,3,89,10,0.699,1,5.73,2,BAL,,3.81,1.1,R
Zack Littell,2025-07-25 00:00:00,6,5,5,10,0,2,97,6,0.706,0,5.73,3.33,CIN,,3.81,1.1,R
Zack Littell,2025-07-30 00:00:00,5,0,0,2,4,4,94,5,0.787,0,5.67,2.33,NYY,,3.81,1.1,R
Zack Littell,2025-08-05 00:00:00,7,1,1,3,2,8,92,6,0.751,0,6,2,CHC,,3.81,1.1,R
Zack Littell,2025-08-10 00:00:00,4.2,4,4,9,0,3,83,5,0.655,0,5.4,1.67,PIT,,3.81,1.1,R
Zack Littell,2025-08-16 00:00:00,6,1,1,4,1,3,87,6,0.736,1,5.73,2,MIL,,3.81,1.1,R
Zack Littell,2025-08-22 00:00:00,3,3,4,4,3,3,77,6,0.757,0,4.4,2.67,AZ,,3.81,1.1,R
Zack Littell,2025-08-29 00:00:00,7,3,4,6,0,4,97,7,0.693,1,5.33,2.33,STL,,3.81,1.1,R
Zack Littell,2025-09-03 00:00:00,4.1,5,5,7,1,6,88,5,0.761,1,4.7,3.67,TOR,,3.81,1.1,R
Zack Littell,2025-09-09 00:00:00,6,2,2,2,1,4,94,6,0.711,0,5.7,3.33,SD,,3.81,1.1,R
Zack Littell,2025-09-15 00:00:00,5.2,4,4,5,0,3,86,6,0.693,0,5.1,3.67,STL,,3.81,1.1,R
Zack Littell,2025-09-20 00:00:00,5,2,2,3,1,4,73,5,0.751,1,5.4,2.67,CHC,,3.81,1.1,R
Zack Littell,2025-09-26 00:00:00,4.2,1,1,3,2,3,85,6,0.736,0,4.8,2.33,MIL,,3.81,1.1,R
Zack Littell,2025-10-01 00:00:00,3.1,3,3,6,0,2,52,5,0.768,0,4.1,2,LAD,,3.81,1.1,R
Zack Wheeler,2025-03-27 00:00:00,6,1,1,2,2,8,97,5,0.693,0,6,1,WSH,,2.71,0.94,R
Zack Wheeler,2025-04-02 00:00:00,7,1,1,3,0,10,105,6,0.679,1,6.5,1,COL,,2.71,0.94,R
Zack Wheeler,2025-04-08 00:00:00,5.1,5,5,8,3,7,104,6,0.72,0,6.03,2.33,ATL,,2.71,0.94,R
Zack Wheeler,2025-04-13 00:00:00,6,4,4,7,1,3,89,5,0.693,0,6.03,3.33,STL,,2.71,0.94,R
Zack Wheeler,2025-04-18 00:00:00,7,2,2,5,0,13,96,5,0.708,1,6.03,3.67,MIA,,2.71,0.94,R
Zack Wheeler,2025-04-23 00:00:00,6,2,2,5,2,9,107,5,0.753,0,6.33,2.67,NYM,,2.71,0.94,R
Zack Wheeler,2025-04-29 00:00:00,6.2,2,2,5,1,7,106,6,0.693,1,6.4,2,WSH,,2.71,0.94,R
Zack Wheeler,2025-05-06 00:00:00,7,2,2,4,0,9,84,7,0.714,0,6.4,2,TB,,2.71,0.94,R
Zack Wheeler,2025-05-11 00:00:00,7,0,0,3,2,8,93,5,0.67,0,6.73,1.33,CLE,,2.71,0.94,R
Zack Wheeler,2025-05-17 00:00:00,6,0,0,3,1,6,97,6,0.655,1,6.67,0.67,PIT,,2.71,0.94,R
Zack Wheeler,2025-05-23 00:00:00,6.2,0,0,3,2,8,108,6,0.749,0,6.4,0,ATH,,2.71,0.94,R
Zack Wheeler,2025-05-29 00:00:00,5.1,6,6,4,4,6,107,6,0.72,1,5.77,2,ATL,,2.71,0.94,R
Zack Wheeler,2025-06-09 00:00:00,6,1,1,3,1,7,103,11,0.751,1,5.77,2.33,CHC,,2.71,0.94,R
Zack Wheeler,2025-06-15 00:00:00,6,1,2,4,0,9,94,6,0.761,1,5.7,2.67,TOR,,2.71,0.94,R
Zack Wheeler,2025-06-20 00:00:00,5,0,0,4,3,8,98,5,0.753,1,5.67,0.67,NYM,,2.71,0.94,R
Zack Wheeler,2025-06-25 00:00:00,6,0,1,3,3,8,100,5,0.714,0,5.67,0.33,HOU,,2.71,0.94,R
Zack Wheeler,2025-06-30 00:00:00,8,0,0,6,0,10,107,5,0.711,1,6.33,0,SD,,2.71,0.94,R
Zack Wheeler,2025-07-06 00:00:00,9,1,1,1,0,12,108,6,0.706,1,7.67,0.33,CIN,,2.71,0.94,R
Zack Wheeler,2025-07-12 00:00:00,6,4,4,6,1,6,105,6,0.711,0,7.67,1.67,SD,,2.71,0.94,R
Zack Wheeler,2025-07-21 00:00:00,6,2,2,7,0,10,105,9,0.745,1,7,2.33,BOS,,2.71,0.94,R
Zack Wheeler,2025-07-27 00:00:00,5.2,4,4,5,2,8,103,6,0.787,0,5.73,3.33,NYY,,2.71,0.94,R
Zack Wheeler,2025-08-02 00:00:00,6,3,4,9,0,10,98,6,0.73,1,5.73,3,DET,,2.71,0.94,R
Zack Wheeler,2025-08-10 00:00:00,5,2,2,3,3,7,83,8,0.684,0,5.4,3,TEX,,2.71,0.94,R
Zack Wheeler,2025-08-15 00:00:00,5,2,2,4,2,6,97,5,0.693,0,5.33,2.33,WSH,,2.71,0.94,R
Zac Gallen,2025-03-27 00:00:00,4,4,4,4,4,4,83,5,0.751,1,4,4,CHC,,4.83,1.26,R
Zac Gallen,2025-04-02 00:00:00,6.2,0,0,3,0,13,101,6,0.787,0,5.1,2,NYY,,4.83,1.26,R
Zac Gallen,2025-04-07 00:00:00,4.2,5,5,7,4,2,96,5,0.699,1,4.8,3,BAL,,4.83,1.26,R
Zac Gallen,2025-04-13 00:00:00,6,2,2,5,3,5,89,6,0.736,1,5.47,2.33,MIL,,4.83,1.26,R
Zac Gallen,2025-04-19 00:00:00,6,6,6,7,2,5,103,6,0.751,0,5.4,4.33,CHC,,4.83,1.26,R
Zac Gallen,2025-04-25 00:00:00,5,3,3,4,2,6,103,6,0.72,1,5.67,3.67,ATL,,4.83,1.26,R
Zac Gallen,2025-05-01 00:00:00,6,1,1,2,3,8,90,6,0.753,0,5.67,3.33,NYM,,4.83,1.26,R
Zac Gallen,2025-05-06 00:00:00,7,1,1,2,3,6,101,5,0.753,1,6,1.67,NYM,,4.83,1.26,R
Zac Gallen,2025-05-11 00:00:00,5.2,4,4,10,2,5,97,5,0.768,1,6.07,2,LAD,,4.83,1.26,R
Zac Gallen,2025-05-17 00:00:00,5,6,6,8,2,5,90,6,0.679,1,5.73,3.67,COL,,4.83,1.26,R
Zac Gallen,2025-05-23 00:00:00,5.2,4,4,3,4,4,100,6,0.693,0,5.13,4.67,STL,,4.83,1.26,R
Zac Gallen,2025-05-28 00:00:00,5,5,6,6,3,3,92,5,0.655,1,5.07,5,PIT,,4.83,1.26,R
Zac Gallen,2025-06-03 00:00:00,7,1,3,4,1,4,89,6,0.72,0,5.73,3.33,ATL,,4.83,1.26,R
Zac Gallen,2025-06-08 00:00:00,6.2,4,4,6,3,5,94,5,0.706,0,6.07,3.33,CIN,,4.83,1.26,R
Zac Gallen,2025-06-14 00:00:00,6.1,4,4,6,4,6,96,6,0.711,1,6.43,3,SD,,4.83,1.26,R
Zac Gallen,2025-06-20 00:00:00,5,7,7,10,1,5,91,6,0.679,0,5.77,5,COL,,4.83,1.26,R
Zac Gallen,2025-06-25 00:00:00,5.1,5,5,8,1,2,87,5,0.675,0,5.4,5.33,CWS,,4.83,1.26,R
Zac Gallen,2025-07-01 00:00:00,7,1,2,5,0,10,101,6,0.697,1,5.7,4.33,SF,,4.83,1.26,R
Zac Gallen,2025-07-07 00:00:00,6,0,1,5,1,9,103,6,0.711,0,6.03,2,SD,,4.83,1.26,R
Zac Gallen,2025-07-12 00:00:00,5,6,6,8,2,3,88,5,0.695,0,6,2.33,LAA,,4.83,1.26,R
Zac Gallen,2025-07-21 00:00:00,6,6,6,7,1,6,87,9,0.714,1,5.67,4,HOU,,4.83,1.26,R
Zac Gallen,2025-07-27 00:00:00,6,4,4,5,1,5,85,6,0.655,0,5.67,5.33,PIT,,4.83,1.26,R
Zac Gallen,2025-08-02 00:00:00,6,2,2,9,0,3,89,6,0.749,0,6,4,ATH,,4.83,1.26,R
Zac Gallen,2025-08-08 00:00:00,6,1,1,4,3,6,98,6,0.679,1,6,2.33,COL,,4.83,1.26,R
Zac Gallen,2025-08-13 00:00:00,5,3,3,5,2,1,98,5,0.684,0,5.67,2,TEX,,4.83,1.26,R
Zac Gallen,2025-08-18 00:00:00,6,3,3,5,0,3,91,5,0.67,1,5.67,2.33,CLE,,4.83,1.26,R
Zac Gallen,2025-08-24 00:00:00,6,1,1,4,1,7,95,6,0.706,1,5.67,2.33,CIN,,4.83,1.26,R
Zac Gallen,2025-08-29 00:00:00,6,0,0,2,3,8,96,5,0.768,0,6,1.33,LAD,,4.83,1.26,R
Zac Gallen,2025-09-03 00:00:00,6,0,0,4,1,5,97,5,0.684,1,6,0.33,TEX,,4.83,1.26,R
Zac Gallen,2025-09-09 00:00:00,6.2,5,5,5,3,3,103,6,0.697,0,6.07,1.67,SF,,4.83,1.26,R
Zac Gallen,2025-09-15 00:00:00,6,1,1,2,1,6,96,6,0.697,1,6.07,2,SF,,4.83,1.26,R
Zac Gallen,2025-09-20 00:00:00,7,3,3,4,2,9,103,5,0.759,1,6.4,3,PHI,,4.83,1.26,R
Zac Gallen,2025-09-26 00:00:00,4.1,5,6,7,3,3,103,6,0.711,0,5.7,3,SD,,4.83,1.26,R
Zebby Matthews,2025-05-18 00:00:00,3,4,4,5,3,5,71,5,0.736,0,3,4,MIL,,5.56,1.49,R
Zebby Matthews,2025-05-24 00:00:00,4,2,2,5,1,9,81,6,0.706,1,3.5,3,KC,,5.56,1.49,R
Zebby Matthews,2025-05-30 00:00:00,7,4,4,6,1,7,94,6,0.74,0,4.67,3.33,SEA,,5.56,1.49,R
Zebby Matthews,2025-06-04 00:00:00,5,1,1,4,3,4,77,5,0.749,0,5.33,2.33,ATH,,5.56,1.49,R
Zebby Matthews,2025-07-19 00:00:00,4,5,5,8,1,6,77,45,0.679,0,5.33,3.33,COL,,5.56,1.49,R
Zebby Matthews,2025-07-25 00:00:00,6,0,0,2,0,7,81,6,0.693,1,5,2,WSH,,5.56,1.49,R
Zebby Matthews,2025-07-30 00:00:00,4.1,5,5,8,0,4,74,5,0.745,1,4.7,3.33,BOS,,5.56,1.49,R
Zebby Matthews,2025-08-05 00:00:00,5,1,1,5,1,6,86,6,0.73,0,5.03,2,DET,,5.56,1.49,R
Zebby Matthews,2025-08-11 00:00:00,5.2,3,3,6,1,9,99,6,0.787,0,4.77,3,NYY,,5.56,1.49,R
Zebby Matthews,2025-08-16 00:00:00,4,2,2,5,4,6,92,5,0.73,1,4.73,2,DET,,5.56,1.49,R
Zebby Matthews,2025-08-22 00:00:00,4.2,4,4,8,3,4,93,6,0.675,0,4.47,3,CWS,,5.56,1.49,R
Zebby Matthews,2025-08-29 00:00:00,6,2,3,7,0,3,96,7,0.711,1,4.73,2.67,SD,,5.56,1.49,R
Zebby Matthews,2025-09-03 00:00:00,6,1,1,3,2,5,84,5,0.675,1,5.4,2.33,CWS,,5.56,1.49,R
Zebby Matthews,2025-09-09 00:00:00,4.2,5,5,7,2,5,97,6,0.695,0,5.4,2.67,LAA,,5.56,1.49,R
Zebby Matthews,2025-09-16 00:00:00,3,9,9,11,2,2,61,7,0.787,1,4.4,5,NYY,,5.56,1.49,R
Zebby Matthews,2025-09-23 00:00:00,7,1,1,4,0,6,90,7,0.684,0,4.73,5,TEX,,5.56,1.49,R
